"group","clip_code","n_copies","folder","file","size_bytes","n_data_rows"
1,"E1SA06-01",2,"Chinese Fake Smiles","Participant 100_Participant 70 chi sad 6 C00_Analysis 1_video_20260707_161638_detailed.txt",24256,84
1,"E1SA06-01",2,"European Fake Smiles","Participant 100_Participant 70 chi sad 6 C00_Analysis 1_video_20260707_161638_detailed.txt",24256,84
2,"E01SA01-01",2,"Chinese Fake Smiles","Participant 107_Participant 77 chi sad 1 C01_Analysis 1_video_20260707_164701_detailed.txt",10607,33
2,"E01SA01-01",2,"European Fake Smiles","Participant 107_Participant 77 chi sad 1 C01_Analysis 1_video_20260707_164701_detailed.txt",10607,33
3,"E01SA03-01",2,"Chinese Fake Smiles","Participant 108_Participant 78 chi sad 2 C01_Analysis 1_video_20260707_164738_detailed.txt",13419,43
3,"E01SA03-01",2,"European Fake Smiles","Participant 108_Participant 78 chi sad 2 C01_Analysis 1_video_20260707_164738_detailed.txt",13419,43
4,"E01SA04-01",2,"Chinese Fake Smiles","Participant 109_Participant 79 chi sad 3 C01_Analysis 3_video_20260707_164924_detailed.txt",9979,31
4,"E01SA04-01",2,"European Fake Smiles","Participant 109_Participant 79 chi sad 3 C01_Analysis 3_video_20260707_164924_detailed.txt",9979,31
5,"E01SA05-01",2,"Chinese Fake Smiles","Participant 110_Participant 80 chi sad 4 C01_Analysis 1_video_20260707_165000_detailed.txt",5219,15
5,"E01SA05-01",2,"European Fake Smiles","Participant 110_Participant 80 chi sad 4 C01_Analysis 1_video_20260707_165000_detailed.txt",5219,15
6,"E01SA06-01",2,"Chinese Fake Smiles","Participant 111_Participant 81 chi sad 5 C01_Analysis 1_video_20260707_165033_detailed.txt",9461,30
6,"E01SA06-01",2,"European Fake Smiles","Participant 111_Participant 81 chi sad 5 C01_Analysis 1_video_20260707_165033_detailed.txt",9461,30
7,"E01SA07-01",2,"Chinese Fake Smiles","Participant 112_Participant 82 chi sad 6 C01_Analysis 1_video_20260707_165131_detailed.txt",15317,50
7,"E01SA07-01",2,"European Fake Smiles","Participant 112_Participant 82 chi sad 6 C01_Analysis 1_video_20260707_165131_detailed.txt",15317,50
8,"E04SA01-01",2,"Chinese Fake Smiles","Participant 119_Participant 89  chi sad 1 C04_Analysis 1_video_20260707_170057_detailed.txt",9617,32
8,"E04SA01-01",2,"European Fake Smiles","Participant 119_Participant 89  chi sad 1 C04_Analysis 1_video_20260707_170057_detailed.txt",9617,32
9,"E04SA02-01",2,"Chinese Fake Smiles","Participant 120_Participant 90  chi sad 2 C04_Analysis 1_video_20260707_170125_detailed.txt",15393,52
9,"E04SA02-01",2,"European Fake Smiles","Participant 120_Participant 90  chi sad 2 C04_Analysis 1_video_20260707_170125_detailed.txt",15393,52
10,"E04SA03-05",2,"Chinese Fake Smiles","Participant 121_Participant 91  chi sad 3 C04_Analysis 1_video_20260707_170150_detailed.txt",12693,42
10,"E04SA03-05",2,"European Fake Smiles","Participant 121_Participant 91  chi sad 3 C04_Analysis 1_video_20260707_170150_detailed.txt",12693,42
11,"E04SA04-04",2,"Chinese Fake Smiles","Participant 122_Participant 92  chi sad 4 C04_Analysis 1_video_20260707_170232_detailed.txt",9237,30
11,"E04SA04-04",2,"European Fake Smiles","Participant 122_Participant 92  chi sad 4 C04_Analysis 1_video_20260707_170232_detailed.txt",9237,30
12,"E04SA05-01",2,"Chinese Fake Smiles","Participant 123_Participant 93  chi sad 5 C04_Analysis 1_video_20260707_170524_detailed.txt",15979,55
12,"E04SA05-01",2,"European Fake Smiles","Participant 123_Participant 93  chi sad 5 C04_Analysis 1_video_20260707_170524_detailed.txt",15979,55
13,"E04SA07-03",2,"Chinese Fake Smiles","Participant 124_Participant 94  chi sad 6 C04_Analysis 1_video_20260707_170601_detailed.txt",10143,33
13,"E04SA07-03",2,"European Fake Smiles","Participant 124_Participant 94  chi sad 6 C04_Analysis 1_video_20260707_170601_detailed.txt",10143,33
14,"E06SA01-05",2,"Chinese Fake Smiles","Participant 131_Participant 101 chi sad 1 C06_Analysis 1_video_20260707_171213_detailed.txt",9215,29
14,"E06SA01-05",2,"European Fake Smiles","Participant 131_Participant 101 chi sad 1 C06_Analysis 1_video_20260707_171213_detailed.txt",9215,29
15,"E06SA02-04",2,"Chinese Fake Smiles","Participant 132_Participant 102 chi sad 2 C06_Analysis 1_video_20260707_171312_detailed.txt",8979,27
15,"E06SA02-04",2,"European Fake Smiles","Participant 132_Participant 102 chi sad 2 C06_Analysis 1_video_20260707_171312_detailed.txt",8979,27
16,"E06SA03-01",2,"Chinese Fake Smiles","Participant 133_Participant 103 chi sad 3 C06_Analysis 1_video_20260707_171343_detailed.txt",10321,32
16,"E06SA03-01",2,"European Fake Smiles","Participant 133_Participant 103 chi sad 3 C06_Analysis 1_video_20260707_171343_detailed.txt",10321,32
17,"E06SA03-06",2,"Chinese Fake Smiles","Participant 134_Participant 104 chi sad 4 C06_Analysis 1_video_20260707_171418_detailed.txt",11505,36
17,"E06SA03-06",2,"European Fake Smiles","Participant 134_Participant 104 chi sad 4 C06_Analysis 1_video_20260707_171418_detailed.txt",11505,36
18,"E06SA04-04",2,"Chinese Fake Smiles","Participant 135_Participant 105 chi sad 5 C06_Analysis 1_video_20260707_171443_detailed.txt",12133,38
18,"E06SA04-04",2,"European Fake Smiles","Participant 135_Participant 105 chi sad 5 C06_Analysis 1_video_20260707_171443_detailed.txt",12133,38
19,"E06SA05-03",2,"Chinese Fake Smiles","Participant 136_Participant 106 chi sad 6 C06_Analysis 1_video_20260707_171510_detailed.txt",9089,28
19,"E06SA05-03",2,"European Fake Smiles","Participant 136_Participant 106 chi sad 6 C06_Analysis 1_video_20260707_171510_detailed.txt",9089,28
20,"E07HA02-03",2,"Chinese Fake Smiles","Participant 143_Participant 113 chi sad 1 C07_Analysis 1_video_20260707_172233_detailed.txt",19365,70
20,"E07HA02-03",2,"European Fake Smiles","Participant 143_Participant 113 chi sad 1 C07_Analysis 1_video_20260707_172233_detailed.txt",19365,70
21,"E07SA03-01",2,"Chinese Fake Smiles","Participant 144_Participant 114 chi sad 2 C07_Analysis 1_video_20260707_172333_detailed.txt",10497,36
21,"E07SA03-01",2,"European Fake Smiles","Participant 144_Participant 114 chi sad 2 C07_Analysis 1_video_20260707_172333_detailed.txt",10497,36
22,"E07SA03-02",2,"Chinese Fake Smiles","Participant 145_Participant 115 chi sad 3 C07_Analysis 1_video_20260707_172406_detailed.txt",10155,35
22,"E07SA03-02",2,"European Fake Smiles","Participant 145_Participant 115 chi sad 3 C07_Analysis 1_video_20260707_172406_detailed.txt",10155,35
23,"E07SA04-02",2,"Chinese Fake Smiles","Participant 146_Participant 116 chi sad 4 C07_Analysis 1_video_20260707_172436_detailed.txt",10941,38
23,"E07SA04-02",2,"European Fake Smiles","Participant 146_Participant 116 chi sad 4 C07_Analysis 1_video_20260707_172436_detailed.txt",10941,38
24,"E07SA05-01",2,"Chinese Fake Smiles","Participant 147_Participant 117 chi sad 5 C07_Analysis 1_video_20260707_172508_detailed.txt",15111,53
24,"E07SA05-01",2,"European Fake Smiles","Participant 147_Participant 117 chi sad 5 C07_Analysis 1_video_20260707_172508_detailed.txt",15111,53
25,"E07SA05-03",2,"Chinese Fake Smiles","Participant 148_Participant 118 chi sad 6 C07_Analysis 1_video_20260707_172540_detailed.txt",17737,64
25,"E07SA05-03",2,"European Fake Smiles","Participant 148_Participant 118 chi sad 6 C07_Analysis 1_video_20260707_172540_detailed.txt",17737,64
26,"E09SA01-01",2,"Chinese Fake Smiles","Participant 155_Participant 125  chi sad 1 C09_Analysis 1_video_20260707_174430_detailed.txt",13093,46
26,"E09SA01-01",2,"European Fake Smiles","Participant 155_Participant 125  chi sad 1 C09_Analysis 1_video_20260707_174430_detailed.txt",13093,46
27,"E09SA02-02",2,"Chinese Fake Smiles","Participant 156_Participant 126  chi sad 2 C09_Analysis 1_video_20260707_174453_detailed.txt",12961,44
27,"E09SA02-02",2,"European Fake Smiles","Participant 156_Participant 126  chi sad 2 C09_Analysis 1_video_20260707_174453_detailed.txt",12961,44
28,"E09SA02-03",2,"Chinese Fake Smiles","Participant 157_Participant 127  chi sad 3 C09_Analysis 1_video_20260707_174527_detailed.txt",10603,35
28,"E09SA02-03",2,"European Fake Smiles","Participant 157_Participant 127  chi sad 3 C09_Analysis 1_video_20260707_174527_detailed.txt",10603,35
29,"E09SA03-02",2,"Chinese Fake Smiles","Participant 158_Participant 128  chi sad 4 C09_Analysis 1_video_20260707_174556_detailed.txt",10437,34
29,"E09SA03-02",2,"European Fake Smiles","Participant 158_Participant 128  chi sad 4 C09_Analysis 1_video_20260707_174556_detailed.txt",10437,34
30,"E09SA04-01",2,"Chinese Fake Smiles","Participant 159_Participant 129  chi sad 5 C09_Analysis 1_video_20260707_174633_detailed.txt",10945,36
30,"E09SA04-01",2,"European Fake Smiles","Participant 159_Participant 129  chi sad 5 C09_Analysis 1_video_20260707_174633_detailed.txt",10945,36
31,"E09SA06-01",2,"Chinese Fake Smiles","Participant 160_Participant 130 chi sad 6 C09_Analysis 1_video_20260707_174701_detailed.txt",12975,45
31,"E09SA06-01",2,"European Fake Smiles","Participant 160_Participant 130 chi sad 6 C09_Analysis 1_video_20260707_174701_detailed.txt",12975,45
32,"E10SA02-02",2,"Chinese Fake Smiles","Participant 167_Participant 137 chi sad 1 C010_Analysis 1_video_20260707_175137_detailed.txt",11059,35
32,"E10SA02-02",2,"European Fake Smiles","Participant 167_Participant 137 chi sad 1 C010_Analysis 1_video_20260707_175137_detailed.txt",11059,35
33,"E10SA04-01",2,"Chinese Fake Smiles","Participant 168_Participant 138  chi sad 2 C010_Analysis 1_video_20260707_175207_detailed.txt",8863,29
33,"E10SA04-01",2,"European Fake Smiles","Participant 168_Participant 138  chi sad 2 C010_Analysis 1_video_20260707_175207_detailed.txt",8863,29
34,"E10SA04-03",2,"Chinese Fake Smiles","Participant 169_Participant 139  chi sad 3 C010_Analysis 1_video_20260707_175240_detailed.txt",16693,58
34,"E10SA04-03",2,"European Fake Smiles","Participant 169_Participant 139  chi sad 3 C010_Analysis 1_video_20260707_175240_detailed.txt",16693,58
35,"E10SA06-04",2,"Chinese Fake Smiles","Participant 170_Participant 140  chi sad 4 C010_Analysis 1_video_20260707_175324_detailed.txt",19337,68
35,"E10SA06-04",2,"European Fake Smiles","Participant 170_Participant 140  chi sad 4 C010_Analysis 1_video_20260707_175324_detailed.txt",19337,68
36,"E10SA07-01",2,"Chinese Fake Smiles","Participant 171_Participant 141  chi sad 5 C010_Analysis 1_video_20260707_175353_detailed.txt",11097,36
36,"E10SA07-01",2,"European Fake Smiles","Participant 171_Participant 141  chi sad 5 C010_Analysis 1_video_20260707_175353_detailed.txt",11097,36
37,"E10SA07-04",2,"Chinese Fake Smiles","Participant 172_Participant 142  chi sad 6 C010_Analysis 1_video_20260707_175425_detailed.txt",16779,55
37,"E10SA07-04",2,"European Fake Smiles","Participant 172_Participant 142  chi sad 6 C010_Analysis 1_video_20260707_175425_detailed.txt",16779,55
38,"E11SA02-03",2,"Chinese Fake Smiles","Participant 179_Participant 149 chi sad 1 C011_Analysis 1_video_20260707_180646_detailed.txt",18137,60
38,"E11SA02-03",2,"European Fake Smiles","Participant 179_Participant 149 chi sad 1 C011_Analysis 1_video_20260707_180646_detailed.txt",18137,60
39,"E11SA02-04",2,"Chinese Fake Smiles","Participant 180_Participant 150 chi sad 2 C011_Analysis 1_video_20260707_180728_detailed.txt",10027,31
39,"E11SA02-04",2,"European Fake Smiles","Participant 180_Participant 150 chi sad 2 C011_Analysis 1_video_20260707_180728_detailed.txt",10027,31
40,"E11SA03-03",2,"Chinese Fake Smiles","Participant 181_Participant 151 chi sad 3 C011_Analysis 1_video_20260707_180805_detailed.txt",7531,23
40,"E11SA03-03",2,"European Fake Smiles","Participant 181_Participant 151 chi sad 3 C011_Analysis 1_video_20260707_180805_detailed.txt",7531,23
41,"E11SA05-02",2,"Chinese Fake Smiles","Participant 182_Participant 152 chi sad 4 C011_Analysis 1_video_20260707_180834_detailed.txt",14771,47
41,"E11SA05-02",2,"European Fake Smiles","Participant 182_Participant 152 chi sad 4 C011_Analysis 1_video_20260707_180834_detailed.txt",14771,47
42,"E11SA05-04",2,"Chinese Fake Smiles","Participant 183_Participant 153 chi sad 5 C011_Analysis 1_video_20260707_180916_detailed.txt",7445,22
42,"E11SA05-04",2,"European Fake Smiles","Participant 183_Participant 153 chi sad 5 C011_Analysis 1_video_20260707_180916_detailed.txt",7445,22
43,"E11SA07-01",2,"Chinese Fake Smiles","Participant 184_Participant 154 chi sad 6 C011_Analysis 1_video_20260707_180953_detailed.txt",13579,43
43,"E11SA07-01",2,"European Fake Smiles","Participant 184_Participant 154 chi sad 6 C011_Analysis 1_video_20260707_180953_detailed.txt",13579,43
44,"E13SA01-02",2,"Chinese Fake Smiles","Participant 191_Participant 161 chi sad 1 C013_Analysis 1_video_20260707_181447_detailed.txt",14685,50
44,"E13SA01-02",2,"European Fake Smiles","Participant 191_Participant 161 chi sad 1 C013_Analysis 1_video_20260707_181447_detailed.txt",14685,50
45,"E13SA03-02",2,"Chinese Fake Smiles","Participant 192_Participant 162  chi sad 2 C013_Analysis 1_video_20260707_181531_detailed.txt",10587,35
45,"E13SA03-02",2,"European Fake Smiles","Participant 192_Participant 162  chi sad 2 C013_Analysis 1_video_20260707_181531_detailed.txt",10587,35
46,"E13SA04-01",2,"Chinese Fake Smiles","Participant 193_Participant 163  chi sad 3 C013_Analysis 1_video_20260707_182915_detailed.txt",20769,68
46,"E13SA04-01",2,"European Fake Smiles","Participant 193_Participant 163  chi sad 3 C013_Analysis 1_video_20260707_182915_detailed.txt",20769,68
47,"E13SA05-03",2,"Chinese Fake Smiles","Participant 194_Participant 164  chi sad 4 C013_Analysis 1_video_20260707_182958_detailed.txt",12689,40
47,"E13SA05-03",2,"European Fake Smiles","Participant 194_Participant 164  chi sad 4 C013_Analysis 1_video_20260707_182958_detailed.txt",12689,40
48,"E13SA06-02",2,"Chinese Fake Smiles","Participant 195_Participant 165  chi sad 5 C013_Analysis 1_video_20260707_183028_detailed.txt",15731,51
48,"E13SA06-02",2,"European Fake Smiles","Participant 195_Participant 165  chi sad 5 C013_Analysis 1_video_20260707_183028_detailed.txt",15731,51
49,"E13SA07-01",2,"Chinese Fake Smiles","Participant 196_Participant 166  chi sad 6 C013_Analysis 1_video_20260707_183100_detailed.txt",18449,60
49,"E13SA07-01",2,"European Fake Smiles","Participant 196_Participant 166  chi sad 6 C013_Analysis 1_video_20260707_183100_detailed.txt",18449,60
50,"E14SA01-04",2,"Chinese Fake Smiles","Participant 203_Participant 173  chi sad 1 C014_Analysis 1_video_20260707_183702_detailed.txt",9689,32
50,"E14SA01-04",2,"European Fake Smiles","Participant 203_Participant 173  chi sad 1 C014_Analysis 1_video_20260707_183702_detailed.txt",9689,32
51,"E14SA02-01",2,"Chinese Fake Smiles","Participant 204_Participant 174  chi sad 2 C014_Analysis 1_video_20260707_183739_detailed.txt",13087,45
51,"E14SA02-01",2,"European Fake Smiles","Participant 204_Participant 174  chi sad 2 C014_Analysis 1_video_20260707_183739_detailed.txt",13087,45
52,"E14SA03-03",2,"Chinese Fake Smiles","Participant 205_Participant 175  chi sad 3 C014_Analysis 1_video_20260707_183811_detailed.txt",9251,31
52,"E14SA03-03",2,"European Fake Smiles","Participant 205_Participant 175  chi sad 3 C014_Analysis 1_video_20260707_183811_detailed.txt",9251,31
53,"E14SA04-03",2,"Chinese Fake Smiles","Participant 206_Participant 176  chi sad 4 C014_Analysis 1_video_20260707_183838_detailed.txt",11215,37
53,"E14SA04-03",2,"European Fake Smiles","Participant 206_Participant 176  chi sad 4 C014_Analysis 1_video_20260707_183838_detailed.txt",11215,37
54,"E14SA05-07",2,"Chinese Fake Smiles","Participant 207_Participant 177  chi sad 5 C014_Analysis 1_video_20260707_183907_detailed.txt",10403,35
54,"E14SA05-07",2,"European Fake Smiles","Participant 207_Participant 177  chi sad 5 C014_Analysis 1_video_20260707_183907_detailed.txt",10403,35
55,"E14SA06-04",2,"Chinese Fake Smiles","Participant 208_Participant 178  chi sad 6 C014_Analysis 1_video_20260707_183945_detailed.txt",13091,43
55,"E14SA06-04",2,"European Fake Smiles","Participant 208_Participant 178  chi sad 6 C014_Analysis 1_video_20260707_183945_detailed.txt",13091,43
56,"E15SA01-02",2,"Chinese Fake Smiles","Participant 215_Participant 185 chi sad 1 C015_Analysis 1_video_20260707_185424_detailed.txt",16589,54
56,"E15SA01-02",2,"European Fake Smiles","Participant 215_Participant 185 chi sad 1 C015_Analysis 1_video_20260707_185424_detailed.txt",16589,54
57,"E15SA03-01",2,"Chinese Fake Smiles","Participant 216_Participant 186 chi sad 2 C015_Analysis 1_video_20260707_185508_detailed.txt",10123,31
57,"E15SA03-01",2,"European Fake Smiles","Participant 216_Participant 186 chi sad 2 C015_Analysis 1_video_20260707_185508_detailed.txt",10123,31
58,"E15SA03-04",2,"Chinese Fake Smiles","Participant 217_Participant 187 chi sad 3 C015_Analysis 1_video_20260707_185539_detailed.txt",7239,21
58,"E15SA03-04",2,"European Fake Smiles","Participant 217_Participant 187 chi sad 3 C015_Analysis 1_video_20260707_185539_detailed.txt",7239,21
59,"E15SA06-01",2,"Chinese Fake Smiles","Participant 218_Participant 188 chi sad 4 C015_Analysis 1_video_20260707_185617_detailed.txt",8001,24
59,"E15SA06-01",2,"European Fake Smiles","Participant 218_Participant 188 chi sad 4 C015_Analysis 1_video_20260707_185617_detailed.txt",8001,24
60,"E15SA07-01",2,"Chinese Fake Smiles","Participant 219_Participant 189 chi sad 5 C015_Analysis 1_video_20260707_185655_detailed.txt",13823,45
60,"E15SA07-01",2,"European Fake Smiles","Participant 219_Participant 189 chi sad 5 C015_Analysis 1_video_20260707_185655_detailed.txt",13823,45
61,"E15SA07-02",2,"Chinese Fake Smiles","Participant 220_Participant 190 chi sad 6 C015_Analysis 1_video_20260707_185726_detailed.txt",11663,37
61,"E15SA07-02",2,"European Fake Smiles","Participant 220_Participant 190 chi sad 6 C015_Analysis 1_video_20260707_185726_detailed.txt",11663,37
62,"E17SA01-01",2,"Chinese Fake Smiles","Participant 227_Participant 197 chi sad 1 C017_Analysis 1_video_20260707_190255_detailed.txt",17023,53
62,"E17SA01-01",2,"European Fake Smiles","Participant 227_Participant 197 chi sad 1 C017_Analysis 1_video_20260707_190255_detailed.txt",17023,53
63,"E17SA02-01",2,"Chinese Fake Smiles","Participant 228_Participant 198 chi sad 2 C017_Analysis 1_video_20260707_190325_detailed.txt",21863,69
63,"E17SA02-01",2,"European Fake Smiles","Participant 228_Participant 198 chi sad 2 C017_Analysis 1_video_20260707_190325_detailed.txt",21863,69
64,"E17SA02-02",2,"Chinese Fake Smiles","Participant 229_Participant 199 chi sad 3 C017_Analysis 1_video_20260707_190354_detailed.txt",12897,40
64,"E17SA02-02",2,"European Fake Smiles","Participant 229_Participant 199 chi sad 3 C017_Analysis 1_video_20260707_190354_detailed.txt",12897,40
65,"E17SA05-01",2,"Chinese Fake Smiles","Participant 230_Participant 200 chi sad 4 C017_Analysis 1_video_20260707_190429_detailed.txt",23047,73
65,"E17SA05-01",2,"European Fake Smiles","Participant 230_Participant 200 chi sad 4 C017_Analysis 1_video_20260707_190429_detailed.txt",23047,73
66,"E17SA07-01",2,"Chinese Fake Smiles","Participant 231_Participant 201 chi sad 5 C017_Analysis 1_video_20260707_190522_detailed.txt",11767,37
66,"E17SA07-01",2,"European Fake Smiles","Participant 231_Participant 201 chi sad 5 C017_Analysis 1_video_20260707_190522_detailed.txt",11767,37
67,"E17SA07-06",2,"Chinese Fake Smiles","Participant 232_Participant 202 chi sad 6 C017_Analysis 1_video_20260707_190555_detailed.txt",9383,29
67,"E17SA07-06",2,"European Fake Smiles","Participant 232_Participant 202 chi sad 6 C017_Analysis 1_video_20260707_190555_detailed.txt",9383,29
68,"E18SA01-03",2,"Chinese Fake Smiles","Participant 239_Participant 209 chi sad 1 C018_Analysis 1_video_20260707_192205_detailed.txt",7131,23
68,"E18SA01-03",2,"European Fake Smiles","Participant 239_Participant 209 chi sad 1 C018_Analysis 1_video_20260707_192205_detailed.txt",7131,23
69,"E18SA02-02",2,"Chinese Fake Smiles","Participant 240_Participant 210  chi sad 2 C018_Analysis 1_video_20260707_192322_detailed.txt",10395,35
69,"E18SA02-02",2,"European Fake Smiles","Participant 240_Participant 210  chi sad 2 C018_Analysis 1_video_20260707_192322_detailed.txt",10395,35
70,"E18SA04-01",2,"Chinese Fake Smiles","Participant 241_Participant 211  chi sad 3 C018_Analysis 1_video_20260707_192403_detailed.txt",8791,29
70,"E18SA04-01",2,"European Fake Smiles","Participant 241_Participant 211  chi sad 3 C018_Analysis 1_video_20260707_192403_detailed.txt",8791,29
71,"E18SA05-01",2,"Chinese Fake Smiles","Participant 242_Participant 212  chi sad 4 C018_Analysis 1_video_20260707_192434_detailed.txt",7895,25
71,"E18SA05-01",2,"European Fake Smiles","Participant 242_Participant 212  chi sad 4 C018_Analysis 1_video_20260707_192434_detailed.txt",7895,25
72,"E18SA06-01",2,"Chinese Fake Smiles","Participant 243_Participant 213  chi sad 5 C018_Analysis 1_video_20260707_192540_detailed.txt",13047,45
72,"E18SA06-01",2,"European Fake Smiles","Participant 243_Participant 213  chi sad 5 C018_Analysis 1_video_20260707_192540_detailed.txt",13047,45
73,"E18SA07-01",2,"Chinese Fake Smiles","Participant 244_Participant 214  chi sad 6 C018_Analysis 1_video_20260707_192635_detailed.txt",8187,27
73,"E18SA07-01",2,"European Fake Smiles","Participant 244_Participant 214  chi sad 6 C018_Analysis 1_video_20260707_192635_detailed.txt",8187,27
74,"E19SA05-01",2,"Chinese Fake Smiles","Participant 251_Participant 221 chi sad 1 C019_Analysis 1_video_20260707_193237_detailed.txt",11889,40
74,"E19SA05-01",2,"European Fake Smiles","Participant 251_Participant 221 chi sad 1 C019_Analysis 1_video_20260707_193237_detailed.txt",11889,40
75,"E19SA05-02",2,"Chinese Fake Smiles","Participant 252_Participant 223 chi sad 2 C019_Analysis 1_video_20260707_193315_detailed.txt",11699,39
75,"E19SA05-02",2,"European Fake Smiles","Participant 252_Participant 223 chi sad 2 C019_Analysis 1_video_20260707_193315_detailed.txt",11699,39
76,"E19SA06-02",2,"Chinese Fake Smiles","Participant 253_Participant 224 chi sad 3 C019_Analysis 1_video_20260707_193358_detailed.txt",19449,68
76,"E19SA06-02",2,"European Fake Smiles","Participant 253_Participant 224 chi sad 3 C019_Analysis 1_video_20260707_193358_detailed.txt",19449,68
77,"E19SA06-03",2,"Chinese Fake Smiles","Participant 254_Participant 225 chi sad 4 C019_Analysis 1_video_20260707_193434_detailed.txt",15603,55
77,"E19SA06-03",2,"European Fake Smiles","Participant 254_Participant 225 chi sad 4 C019_Analysis 1_video_20260707_193434_detailed.txt",15603,55
78,"E19SA07-01",2,"Chinese Fake Smiles","Participant 255_Participant 226 chi sad 5 C019_Analysis 1_video_20260707_193458_detailed.txt",6727,21
78,"E19SA07-01",2,"European Fake Smiles","Participant 255_Participant 226 chi sad 5 C019_Analysis 1_video_20260707_193458_detailed.txt",6727,21
79,"E19SA07-03",2,"Chinese Fake Smiles","Participant 256_Participant 227 chi sad 6 C019_Analysis 1_video_20260707_193543_detailed.txt",15705,56
79,"E19SA07-03",2,"European Fake Smiles","Participant 256_Participant 227 chi sad 6 C019_Analysis 1_video_20260707_193543_detailed.txt",15705,56
80,"E20SA04-01",2,"Chinese Fake Smiles","Participant 263_Participant 234 chi sad 1 C020_Analysis 1_video_20260707_194530_detailed.txt",9417,28
80,"E20SA04-01",2,"European Fake Smiles","Participant 263_Participant 234 chi sad 1 C020_Analysis 1_video_20260707_194530_detailed.txt",9417,28
81,"E20SA07-01",2,"Chinese Fake Smiles","Participant 264_Participant 235 chi sad 2 C020_Analysis 1_video_20260707_194608_detailed.txt",14255,45
81,"E20SA07-01",2,"European Fake Smiles","Participant 264_Participant 235 chi sad 2 C020_Analysis 1_video_20260707_194608_detailed.txt",14255,45
82,"E20SA07-02",2,"Chinese Fake Smiles","Participant 265_Participant 236  chi sad 3 C020_Analysis 1_video_20260707_194653_detailed.txt",7231,21
82,"E20SA07-02",2,"European Fake Smiles","Participant 265_Participant 236  chi sad 3 C020_Analysis 1_video_20260707_194653_detailed.txt",7231,21
83,"E20SA07-03",2,"Chinese Fake Smiles","Participant 266_Participant 237 chi sad 4 C020_Analysis 1_video_20260707_195723_detailed.txt",9965,30
83,"E20SA07-03",2,"European Fake Smiles","Participant 266_Participant 237 chi sad 4 C020_Analysis 1_video_20260707_195723_detailed.txt",9965,30
84,"E20SA07-04",2,"Chinese Fake Smiles","Participant 267_Participant 238 chi sad 5 C020_Analysis 1_video_20260707_195753_detailed.txt",13849,44
84,"E20SA07-04",2,"European Fake Smiles","Participant 267_Participant 238 chi sad 5 C020_Analysis 1_video_20260707_195753_detailed.txt",13849,44
85,"E20SA07-05",2,"Chinese Fake Smiles","Participant 268_Participant 239 chi sad 6 C020_Analysis 1_video_20260707_195823_detailed.txt",9257,28
85,"E20SA07-05",2,"European Fake Smiles","Participant 268_Participant 239 chi sad 6 C020_Analysis 1_video_20260707_195823_detailed.txt",9257,28
86,"E22SA01-02",2,"Chinese Fake Smiles","Participant 275_Participant 246 chi sad 1 C022_Analysis 1_video_20260707_200338_detailed.txt",10105,32
86,"E22SA01-02",2,"European Fake Smiles","Participant 275_Participant 246 chi sad 1 C022_Analysis 1_video_20260707_200338_detailed.txt",10105,32
87,"E22SA02-01",2,"Chinese Fake Smiles","Participant 276_Participant 247  chi sad 2 C022_Analysis 1_video_20260707_200415_detailed.txt",11781,42
87,"E22SA02-01",2,"European Fake Smiles","Participant 276_Participant 247  chi sad 2 C022_Analysis 1_video_20260707_200415_detailed.txt",11781,42
88,"E22SA02-03",2,"Chinese Fake Smiles","Participant 277_Participant 248  chi sad 3 C022_Analysis 1_video_20260707_200527_detailed.txt",9801,32
88,"E22SA02-03",2,"European Fake Smiles","Participant 277_Participant 248  chi sad 3 C022_Analysis 1_video_20260707_200527_detailed.txt",9801,32
89,"E22SA03-01",2,"Chinese Fake Smiles","Participant 278_Participant 249  chi sad 4 C022_Analysis 1_video_20260707_200601_detailed.txt",8977,28
89,"E22SA03-01",2,"European Fake Smiles","Participant 278_Participant 249  chi sad 4 C022_Analysis 1_video_20260707_200601_detailed.txt",8977,28
90,"E22SA04-02",2,"Chinese Fake Smiles","Participant 279_Participant 250  chi sad 5 C022_Analysis 1_video_20260707_200644_detailed.txt",18695,65
90,"E22SA04-02",2,"European Fake Smiles","Participant 279_Participant 250  chi sad 5 C022_Analysis 1_video_20260707_200644_detailed.txt",18695,65
91,"E22SA04-03",2,"Chinese Fake Smiles","Participant 280_Participant 251  chi sad 6 C022_Analysis 1_video_20260707_200715_detailed.txt",8593,28
91,"E22SA04-03",2,"European Fake Smiles","Participant 280_Participant 251  chi sad 6 C022_Analysis 1_video_20260707_200715_detailed.txt",8593,28
92,"E23SA01-02",2,"Chinese Fake Smiles","Participant 287_Participant 258  chi sad 1 C023_Analysis 1_video_20260707_201159_detailed.txt",6665,20
92,"E23SA01-02",2,"European Fake Smiles","Participant 287_Participant 258  chi sad 1 C023_Analysis 1_video_20260707_201159_detailed.txt",6665,20
93,"E23SA02-06",2,"Chinese Fake Smiles","Participant 288_Participant 259  chi sad 2 C023_Analysis 1_video_20260707_201244_detailed.txt",10181,34
93,"E23SA02-06",2,"European Fake Smiles","Participant 288_Participant 259  chi sad 2 C023_Analysis 1_video_20260707_201244_detailed.txt",10181,34
94,"E23SA02-07",2,"Chinese Fake Smiles","Participant 289_Participant 260  chi sad 3 C023_Analysis 1_video_20260713_135434_detailed.txt",10732,35
94,"E23SA02-07",2,"European Fake Smiles","Participant 289_Participant 260  chi sad 3 C023_Analysis 1_video_20260713_135434_detailed.txt",10732,35
95,"E23SA03-06",2,"Chinese Fake Smiles","Participant 290_Participant 261 chi sad 4 C023_Analysis 1_video_20260713_135549_detailed.txt",6530,20
95,"E23SA03-06",2,"European Fake Smiles","Participant 290_Participant 261 chi sad 4 C023_Analysis 1_video_20260713_135549_detailed.txt",6530,20
96,"E23SA04-04",2,"Chinese Fake Smiles","Participant 291_Participant 262 chi sad 5 C023_Analysis 1_video_20260713_135623_detailed.txt",14408,49
96,"E23SA04-04",2,"European Fake Smiles","Participant 291_Participant 262 chi sad 5 C023_Analysis 1_video_20260713_135623_detailed.txt",14408,49
97,"E23SA04-05",2,"Chinese Fake Smiles","Participant 292_Participant 263 chi sad 6 C023_Analysis 1_video_20260713_135700_detailed.txt",11856,41
97,"E23SA04-05",2,"European Fake Smiles","Participant 292_Participant 263 chi sad 6 C023_Analysis 1_video_20260713_135700_detailed.txt",11856,41
98,"E24SA02-01",2,"Chinese Fake Smiles","Participant 299_Participant 270 chi sad 1 C024_Analysis 1_video_20260713_141656_detailed.txt",12174,38
98,"E24SA02-01",2,"European Fake Smiles","Participant 299_Participant 270 chi sad 1 C024_Analysis 1_video_20260713_141656_detailed.txt",12174,38
99,"E24SA03-02",2,"Chinese Fake Smiles","Participant 300_Participant 271 chi sad 2 C024_Analysis 1_video_20260713_141749_detailed.txt",7128,21
99,"E24SA03-02",2,"European Fake Smiles","Participant 300_Participant 271 chi sad 2 C024_Analysis 1_video_20260713_141749_detailed.txt",7128,21
100,"E24SA03-03",2,"Chinese Fake Smiles","Participant 301_Participant 272 chi sad 3 C024_Analysis 1_video_20260713_141822_detailed.txt",17012,55
100,"E24SA03-03",2,"European Fake Smiles","Participant 301_Participant 272 chi sad 3 C024_Analysis 1_video_20260713_141822_detailed.txt",17012,55
101,"E24SA05-01",2,"Chinese Fake Smiles","Participant 302_Participant 273 chi sad 4 C024_Analysis 1_video_20260713_141850_detailed.txt",8614,26
101,"E24SA05-01",2,"European Fake Smiles","Participant 302_Participant 273 chi sad 4 C024_Analysis 1_video_20260713_141850_detailed.txt",8614,26
102,"E24SA05-03",2,"Chinese Fake Smiles","Participant 303_Participant 274 chi sad 5 C024_Analysis 1_video_20260713_141928_detailed.txt",9846,30
102,"E24SA05-03",2,"European Fake Smiles","Participant 303_Participant 274 chi sad 5 C024_Analysis 1_video_20260713_141928_detailed.txt",9846,30
103,"E24SA06-03",2,"Chinese Fake Smiles","Participant 304_Participant 275 chi sad 6 C024_Analysis 1_video_20260713_142003_detailed.txt",7438,22
103,"E24SA06-03",2,"European Fake Smiles","Participant 304_Participant 275 chi sad 6 C024_Analysis 1_video_20260713_142003_detailed.txt",7438,22
104,"E25SA01-02",2,"Chinese Fake Smiles","Participant 311_Participant 282  chi sad 1 C025 _Analysis 1_video_20260713_142442_detailed.txt",17898,60
104,"E25SA01-02",2,"European Fake Smiles","Participant 311_Participant 282  chi sad 1 C025 _Analysis 1_video_20260713_142442_detailed.txt",17898,60
105,"E25SA03-02",2,"Chinese Fake Smiles","Participant 312_Participant 283   chi sad 2 C025 _Analysis 1_video_20260713_142520_detailed.txt",14668,47
105,"E25SA03-02",2,"European Fake Smiles","Participant 312_Participant 283   chi sad 2 C025 _Analysis 1_video_20260713_142520_detailed.txt",14668,47
106,"E25SA04-01",2,"Chinese Fake Smiles","Participant 313_Participant 284   chi sad 3 C025 _Analysis 1_video_20260713_142554_detailed.txt",8906,28
106,"E25SA04-01",2,"European Fake Smiles","Participant 313_Participant 284   chi sad 3 C025 _Analysis 1_video_20260713_142554_detailed.txt",8906,28
107,"E25SA06-01",2,"Chinese Fake Smiles","Participant 314_Participant 285   chi sad 4 C025 _Analysis 1_video_20260713_142623_detailed.txt",13538,44
107,"E25SA06-01",2,"European Fake Smiles","Participant 314_Participant 285   chi sad 4 C025 _Analysis 1_video_20260713_142623_detailed.txt",13538,44
108,"E25SA06-03",2,"Chinese Fake Smiles","Participant 315_Participant 286   chi sad 5 C025 _Analysis 1_video_20260713_142743_detailed.txt",21548,71
108,"E25SA06-03",2,"European Fake Smiles","Participant 315_Participant 286   chi sad 5 C025 _Analysis 1_video_20260713_142743_detailed.txt",21548,71
109,"E25SA06-04",2,"Chinese Fake Smiles","Participant 316_Participant 287   chi sad 6 C025 _Analysis 1_video_20260713_142814_detailed.txt",19172,63
109,"E25SA06-04",2,"European Fake Smiles","Participant 316_Participant 287   chi sad 6 C025 _Analysis 1_video_20260713_142814_detailed.txt",19172,63
110,"E26SA01-02",2,"Chinese Fake Smiles","Participant 323_Participant 294 chi sad 1 C026 _Analysis 1_video_20260713_144936_detailed.txt",9096,29
110,"E26SA01-02",2,"European Fake Smiles","Participant 323_Participant 294 chi sad 1 C026 _Analysis 1_video_20260713_144936_detailed.txt",9096,29
111,"E26SA02-02",2,"Chinese Fake Smiles","Participant 324_Participant 295 chi sad 2 C026 _Analysis 1_video_20260713_145025_detailed.txt",12876,43
111,"E26SA02-02",2,"European Fake Smiles","Participant 324_Participant 295 chi sad 2 C026 _Analysis 1_video_20260713_145025_detailed.txt",12876,43
112,"E26SA03-01",2,"Chinese Fake Smiles","Participant 325_Participant 296 chi sad 3 C026 _Analysis 1_video_20260713_145057_detailed.txt",12782,42
112,"E26SA03-01",2,"European Fake Smiles","Participant 325_Participant 296 chi sad 3 C026 _Analysis 1_video_20260713_145057_detailed.txt",12782,42
113,"E26SA04-03",2,"Chinese Fake Smiles","Participant 326_Participant 297 chi sad 4 C026 _Analysis 1_video_20260713_145148_detailed.txt",9628,31
113,"E26SA04-03",2,"European Fake Smiles","Participant 326_Participant 297 chi sad 4 C026 _Analysis 1_video_20260713_145148_detailed.txt",9628,31
114,"E26SA05-03",2,"Chinese Fake Smiles","Participant 327_Participant 298 chi sad 5 C026 _Analysis 1_video_20260713_145220_detailed.txt",14560,49
114,"E26SA05-03",2,"European Fake Smiles","Participant 327_Participant 298 chi sad 5 C026 _Analysis 1_video_20260713_145220_detailed.txt",14560,49
115,"E26SA07-04",2,"Chinese Fake Smiles","Participant 328_Participant 299 chi sad 6 C026 _Analysis 1_video_20260713_145249_detailed.txt",9786,32
115,"E26SA07-04",2,"European Fake Smiles","Participant 328_Participant 299 chi sad 6 C026 _Analysis 1_video_20260713_145249_detailed.txt",9786,32
116,"E27HA03-02",2,"Chinese Fake Smiles","Participant 335_Participant 306 chi sad 1 C027_Analysis 1_video_20260713_145633_detailed.txt",18816,61
116,"E27HA03-02",2,"European Fake Smiles","Participant 335_Participant 306 chi sad 1 C027_Analysis 1_video_20260713_145633_detailed.txt",18816,61
117,"E27SA04-03",2,"Chinese Fake Smiles","Participant 336_Participant 307 chi sad 2 C027_Analysis 1_video_20260713_145737_detailed.txt",23910,74
117,"E27SA04-03",2,"European Fake Smiles","Participant 336_Participant 307 chi sad 2 C027_Analysis 1_video_20260713_145737_detailed.txt",23910,74
118,"E27SA06-01",2,"Chinese Fake Smiles","Participant 337_Participant 308 chi sad 3 C027_Analysis 1_video_20260713_145803_detailed.txt",15274,48
118,"E27SA06-01",2,"European Fake Smiles","Participant 337_Participant 308 chi sad 3 C027_Analysis 1_video_20260713_145803_detailed.txt",15274,48
119,"E27SA06-02",2,"Chinese Fake Smiles","Participant 338_Participant 309 chi sad 4 C027_Analysis 1_video_20260713_145828_detailed.txt",8496,25
119,"E27SA06-02",2,"European Fake Smiles","Participant 338_Participant 309 chi sad 4 C027_Analysis 1_video_20260713_145828_detailed.txt",8496,25
120,"E27SA06-04",2,"Chinese Fake Smiles","Participant 339_Participant 310 chi sad 5 C027_Analysis 1_video_20260713_145856_detailed.txt",24514,80
120,"E27SA06-04",2,"European Fake Smiles","Participant 339_Participant 310 chi sad 5 C027_Analysis 1_video_20260713_145856_detailed.txt",24514,80
121,"E27SA06-05",2,"Chinese Fake Smiles","Participant 340_Participant 311 chi sad 6 C027_Analysis 1_video_20260713_145922_detailed.txt",10190,30
121,"E27SA06-05",2,"European Fake Smiles","Participant 340_Participant 311 chi sad 6 C027_Analysis 1_video_20260713_145922_detailed.txt",10190,30
122,"E28SA01-01",2,"Chinese Fake Smiles","Participant 347_Participant 318 chi sad 1 C028_Analysis 1_video_20260713_150334_detailed.txt",16814,58
122,"E28SA01-01",2,"European Fake Smiles","Participant 347_Participant 318 chi sad 1 C028_Analysis 1_video_20260713_150334_detailed.txt",16814,58
123,"E28SA02-02",2,"Chinese Fake Smiles","Participant 348_Participant 319 chi sad 2 C028_Analysis 1_video_20260713_150411_detailed.txt",9770,32
123,"E28SA02-02",2,"European Fake Smiles","Participant 348_Participant 319 chi sad 2 C028_Analysis 1_video_20260713_150411_detailed.txt",9770,32
124,"E28SA03-01",2,"Chinese Fake Smiles","Participant 349_Participant 320 chi sad 3 C028_Analysis 1_video_20260713_150443_detailed.txt",14282,48
124,"E28SA03-01",2,"European Fake Smiles","Participant 349_Participant 320 chi sad 3 C028_Analysis 1_video_20260713_150443_detailed.txt",14282,48
125,"W56SA03-02",4,"Chinese Fake Smiles","Participant 35_Participant 7  chi sad 1 56JP_noback_Analysis 1_video_20260707_144956_detailed.txt",9384,29
125,"W56SA03-02",4,"Chinese Fake Smiles","Participant 35_Participant 7  chi sad 1 56JP_noback_Analysis 1_video_20260707_145011_detailed.txt",9384,29
125,"W56SA03-02",4,"European Fake Smiles","Participant 35_Participant 7  chi sad 1 56JP_noback_Analysis 1_video_20260707_144956_detailed.txt",9384,29
125,"W56SA03-02",4,"European Fake Smiles","Participant 35_Participant 7  chi sad 1 56JP_noback_Analysis 1_video_20260707_145011_detailed.txt",9384,29
126,"E28SA04-01",2,"Chinese Fake Smiles","Participant 350_Participant 321 chi sad 4 C028_Analysis 1_video_20260713_150512_detailed.txt",13266,44
126,"E28SA04-01",2,"European Fake Smiles","Participant 350_Participant 321 chi sad 4 C028_Analysis 1_video_20260713_150512_detailed.txt",13266,44
127,"E28SA06-03",2,"Chinese Fake Smiles","Participant 351_Participant 322 chi sad 5 C028_Analysis 1_video_20260713_150537_detailed.txt",7992,25
127,"E28SA06-03",2,"European Fake Smiles","Participant 351_Participant 322 chi sad 5 C028_Analysis 1_video_20260713_150537_detailed.txt",7992,25
128,"E28SA07-03",2,"Chinese Fake Smiles","Participant 352_Participant 323 chi sad 6 C028_Analysis 1_video_20260713_150608_detailed.txt",19584,65
128,"E28SA07-03",2,"European Fake Smiles","Participant 352_Participant 323 chi sad 6 C028_Analysis 1_video_20260713_150608_detailed.txt",19584,65
129,"E30SA02-03",2,"Chinese Fake Smiles","Participant 359_Participant 330 chi sad 1 C030 _Analysis 1_video_20260713_151708_detailed.txt",20430,74
129,"E30SA02-03",2,"European Fake Smiles","Participant 359_Participant 330 chi sad 1 C030 _Analysis 1_video_20260713_151708_detailed.txt",20430,74
130,"W56SA04-02",2,"Chinese Fake Smiles","Participant 36_Participant 8  chi sad 2 56JP_noback_Analysis 1_video_20260707_145106_detailed.txt",12240,41
130,"W56SA04-02",2,"European Fake Smiles","Participant 36_Participant 8  chi sad 2 56JP_noback_Analysis 1_video_20260707_145106_detailed.txt",12240,41
131,"E30SA04-01",2,"Chinese Fake Smiles","Participant 360_Participant 331 chi sad 2 C030 _Analysis 1_video_20260713_151742_detailed.txt",16256,57
131,"E30SA04-01",2,"European Fake Smiles","Participant 360_Participant 331 chi sad 2 C030 _Analysis 1_video_20260713_151742_detailed.txt",16256,57
132,"E30SA04-02",2,"Chinese Fake Smiles","Participant 361_Participant 332 chi sad 3 C030 _Analysis 1_video_20260713_151811_detailed.txt",15064,53
132,"E30SA04-02",2,"European Fake Smiles","Participant 361_Participant 332 chi sad 3 C030 _Analysis 1_video_20260713_151811_detailed.txt",15064,53
133,"E30SA04-04",2,"Chinese Fake Smiles","Participant 362_Participant 333 chi sad 4 C030 _Analysis 1_video_20260713_151838_detailed.txt",17558,62
133,"E30SA04-04",2,"European Fake Smiles","Participant 362_Participant 333 chi sad 4 C030 _Analysis 1_video_20260713_151838_detailed.txt",17558,62
134,"E30SA05-01",2,"Chinese Fake Smiles","Participant 363_Participant 334 chi sad 5 C030 _Analysis 1_video_20260713_151908_detailed.txt",19298,68
134,"E30SA05-01",2,"European Fake Smiles","Participant 363_Participant 334 chi sad 5 C030 _Analysis 1_video_20260713_151908_detailed.txt",19298,68
135,"E30SA07-02",2,"Chinese Fake Smiles","Participant 364_Participant 335 chi sad 6 C030 _Analysis 1_video_20260713_151937_detailed.txt",19576,69
135,"E30SA07-02",2,"European Fake Smiles","Participant 364_Participant 335 chi sad 6 C030 _Analysis 1_video_20260713_151937_detailed.txt",19576,69
136,"W56SA06-03",2,"Chinese Fake Smiles","Participant 37_Participant 9 chi sad 3 56JP_noback_Analysis 1_video_20260707_145207_detailed.txt",20552,73
136,"W56SA06-03",2,"European Fake Smiles","Participant 37_Participant 9 chi sad 3 56JP_noback_Analysis 1_video_20260707_145207_detailed.txt",20552,73
137,"E31SA01-01",2,"Chinese Fake Smiles","Participant 371_Participant 342 chi sad 1 C031_Analysis 1_video_20260713_152341_detailed.txt",19504,69
137,"E31SA01-01",2,"European Fake Smiles","Participant 371_Participant 342 chi sad 1 C031_Analysis 1_video_20260713_152341_detailed.txt",19504,69
138,"E31SA02-03",2,"Chinese Fake Smiles","Participant 372_Participant 343 chi sad 2 C031_Analysis 1_video_20260713_152420_detailed.txt",11268,39
138,"E31SA02-03",2,"European Fake Smiles","Participant 372_Participant 343 chi sad 2 C031_Analysis 1_video_20260713_152420_detailed.txt",11268,39
139,"E31SA03-01",2,"Chinese Fake Smiles","Participant 373_Participant 344 chi sad 3 C031_Analysis 1_video_20260713_152447_detailed.txt",19104,65
139,"E31SA03-01",2,"European Fake Smiles","Participant 373_Participant 344 chi sad 3 C031_Analysis 1_video_20260713_152447_detailed.txt",19104,65
140,"E31SA04-02",2,"Chinese Fake Smiles","Participant 374_Participant 345 chi sad 4 C031_Analysis 1_video_20260713_152527_detailed.txt",19714,68
140,"E31SA04-02",2,"European Fake Smiles","Participant 374_Participant 345 chi sad 4 C031_Analysis 1_video_20260713_152527_detailed.txt",19714,68
141,"E31SA05-01",2,"Chinese Fake Smiles","Participant 375_Participant 346 chi sad 5 C031_Analysis 1_video_20260713_152602_detailed.txt",17760,61
141,"E31SA05-01",2,"European Fake Smiles","Participant 375_Participant 346 chi sad 5 C031_Analysis 1_video_20260713_152602_detailed.txt",17760,61
142,"E31SA07-04",2,"Chinese Fake Smiles","Participant 376_Participant 347 chi sad 6 C031_Analysis 1_video_20260713_152632_detailed.txt",13222,46
142,"E31SA07-04",2,"European Fake Smiles","Participant 376_Participant 347 chi sad 6 C031_Analysis 1_video_20260713_152632_detailed.txt",13222,46
143,"E56SA07-03",2,"Chinese Fake Smiles","Participant 38_Participant 10 chi sad 4 56JP_noback_Analysis 1_video_20260707_145246_detailed.txt",13374,42
143,"E56SA07-03",2,"European Fake Smiles","Participant 38_Participant 10 chi sad 4 56JP_noback_Analysis 1_video_20260707_145246_detailed.txt",13374,42
144,"E32SA02-01",3,"Chinese Fake Smiles","Participant 383_Participant 354 chi sad 1 C032_Analysis 1_video_20260713_153135_detailed.txt",19288,61
144,"E32SA02-01",3,"Chinese Genuine Smiles","Participant 383_Participant 354 chi sad 1 C032_Analysis 1_video_20260713_153135_detailed.txt",19288,61
144,"E32SA02-01",3,"European Fake Smiles","Participant 383_Participant 354 chi sad 1 C032_Analysis 1_video_20260713_153135_detailed.txt",19288,61
145,"E32SA03-02",2,"Chinese Fake Smiles","Participant 384_Participant 355  chi sad 2 C032_Analysis 1_video_20260713_153208_detailed.txt",20272,65
145,"E32SA03-02",2,"European Fake Smiles","Participant 384_Participant 355  chi sad 2 C032_Analysis 1_video_20260713_153208_detailed.txt",20272,65
146,"E32SA04-03",2,"Chinese Fake Smiles","Participant 385_Participant 356  chi sad 3 C032_Analysis 1_video_20260713_153238_detailed.txt",12842,40
146,"E32SA04-03",2,"European Fake Smiles","Participant 385_Participant 356  chi sad 3 C032_Analysis 1_video_20260713_153238_detailed.txt",12842,40
147,"E32SA05-03",2,"Chinese Fake Smiles","Participant 386_Participant 357  chi sad 4 C032_Analysis 1_video_20260713_153302_detailed.txt",14288,45
147,"E32SA05-03",2,"European Fake Smiles","Participant 386_Participant 357  chi sad 4 C032_Analysis 1_video_20260713_153302_detailed.txt",14288,45
148,"E32SA06-01",2,"Chinese Fake Smiles","Participant 387_Participant 358  chi sad 5 C032_Analysis 1_video_20260713_153333_detailed.txt",17580,55
148,"E32SA06-01",2,"European Fake Smiles","Participant 387_Participant 358  chi sad 5 C032_Analysis 1_video_20260713_153333_detailed.txt",17580,55
149,"E32SA07-03",2,"Chinese Fake Smiles","Participant 388_Participant 359  chi sad 6 C032_Analysis 1_video_20260713_153403_detailed.txt",20574,66
149,"E32SA07-03",2,"European Fake Smiles","Participant 388_Participant 359  chi sad 6 C032_Analysis 1_video_20260713_153403_detailed.txt",20574,66
150,"W56SA07-04",2,"Chinese Fake Smiles","Participant 39_Participant 11 chi sad 5 56JP_noback_Analysis 1_video_20260707_145332_detailed.txt",7112,21
150,"W56SA07-04",2,"European Fake Smiles","Participant 39_Participant 11 chi sad 5 56JP_noback_Analysis 1_video_20260707_145332_detailed.txt",7112,21
152,"W70SA03-01",2,"Chinese Fake Smiles","Participant 47_Participant 19 chi sad 1 70JP_noback_Analysis 1_video_20260707_150337_detailed.txt",24732,83
152,"W70SA03-01",2,"European Fake Smiles","Participant 47_Participant 19 chi sad 1 70JP_noback_Analysis 1_video_20260707_150337_detailed.txt",24732,83
153,"W70SA04-02",2,"Chinese Fake Smiles","Participant 48_Participant 20 chi sad 2 70JP_noback_Analysis 1_video_20260707_150410_detailed.txt",10390,34
153,"W70SA04-02",2,"European Fake Smiles","Participant 48_Participant 20 chi sad 2 70JP_noback_Analysis 1_video_20260707_150410_detailed.txt",10390,34
154,"W70SA05-01",2,"Chinese Fake Smiles","Participant 49_Participant 21 chi sad 3 70JP_noback_Analysis 1_video_20260707_150622_detailed.txt",12870,42
154,"W70SA05-01",2,"European Fake Smiles","Participant 49_Participant 21 chi sad 3 70JP_noback_Analysis 1_video_20260707_150622_detailed.txt",12870,42
155,"W70SA07-01",2,"Chinese Fake Smiles","Participant 50_Participant 22 chi sad 4 70JP_noback_Analysis 1_video_20260707_150719_detailed.txt",17850,60
155,"W70SA07-01",2,"European Fake Smiles","Participant 50_Participant 22 chi sad 4 70JP_noback_Analysis 1_video_20260707_150719_detailed.txt",17850,60
156,"W70SA07-02",2,"Chinese Fake Smiles","Participant 51_Participant 23 chi sad 5 70JP_noback_Analysis 1_video_20260707_150756_detailed.txt",21848,73
156,"W70SA07-02",2,"European Fake Smiles","Participant 51_Participant 23 chi sad 5 70JP_noback_Analysis 1_video_20260707_150756_detailed.txt",21848,73
157,"W70SA07-03",2,"Chinese Fake Smiles","Participant 52_Participant 24 chi sad 6 70JP_noback_Analysis 1_video_20260707_150831_detailed.txt",19821,67
157,"W70SA07-03",2,"European Fake Smiles","Participant 52_Participant 24 chi sad 6 70JP_noback_Analysis 1_video_20260707_150831_detailed.txt",19821,67
158,"W71SA02-01",2,"Chinese Fake Smiles","Participant 59_Participant 31 chi sad 1 1 71JP_noback_Analysis 1_video_20260707_151505_detailed.txt",17622,62
158,"W71SA02-01",2,"European Fake Smiles","Participant 59_Participant 31 chi sad 1 1 71JP_noback_Analysis 1_video_20260707_151505_detailed.txt",17622,62
159,"W71SA03-01",2,"Chinese Fake Smiles","Participant 60_Participant 32  chi sad 2 1 71JP_noback_Analysis 1_video_20260707_151542_detailed.txt",8116,27
159,"W71SA03-01",2,"European Fake Smiles","Participant 60_Participant 32  chi sad 2 1 71JP_noback_Analysis 1_video_20260707_151542_detailed.txt",8116,27
160,"W71SA04-02",2,"Chinese Fake Smiles","Participant 61_Participant 33  chi sad 3 1 71JP_noback_Analysis 1_video_20260707_151615_detailed.txt",10808,37
160,"W71SA04-02",2,"European Fake Smiles","Participant 61_Participant 33  chi sad 3 1 71JP_noback_Analysis 1_video_20260707_151615_detailed.txt",10808,37
161,"W71SA06-05",2,"Chinese Fake Smiles","Participant 62_Participant 34 chi sad 4 1 71JP_noback_Analysis 1_video_20260707_151655_detailed.txt",16986,60
161,"W71SA06-05",2,"European Fake Smiles","Participant 62_Participant 34 chi sad 4 1 71JP_noback_Analysis 1_video_20260707_151655_detailed.txt",16986,60
162,"W71SA06-06",2,"Chinese Fake Smiles","Participant 63_Participant 35  chi sad 5 1 71JP_noback_Analysis 1_video_20260707_151732_detailed.txt",12214,42
162,"W71SA06-06",2,"European Fake Smiles","Participant 63_Participant 35  chi sad 5 1 71JP_noback_Analysis 1_video_20260707_151732_detailed.txt",12214,42
163,"W71SA07-04",2,"Chinese Fake Smiles","Participant 64_Participant 36  chi sad 6 1 71JP_noback_Analysis 1_video_20260707_151802_detailed.txt",11412,39
163,"W71SA07-04",2,"European Fake Smiles","Participant 64_Participant 36  chi sad 6 1 71JP_noback_Analysis 1_video_20260707_151802_detailed.txt",11412,39
164,"W72SA01-01",2,"Chinese Fake Smiles","Participant 71_Participant 42b chi sad 1 72SGP_noback_Analysis 1_video_20260707_154712_detailed.txt",21783,78
164,"W72SA01-01",2,"European Fake Smiles","Participant 71_Participant 42b chi sad 1 72SGP_noback_Analysis 1_video_20260707_154712_detailed.txt",21783,78
165,"W72SA02-02",2,"Chinese Fake Smiles","Participant 72_Participant 43  chi sad 2 72SGP_noback_Analysis 1_video_20260707_154737_detailed.txt",7959,26
165,"W72SA02-02",2,"European Fake Smiles","Participant 72_Participant 43  chi sad 2 72SGP_noback_Analysis 1_video_20260707_154737_detailed.txt",7959,26
166,"W72SA03-01",2,"Chinese Fake Smiles","Participant 73_Participant 44  chi sad 3 72SGP_noback_Analysis 1_video_20260707_154820_detailed.txt",8087,26
166,"W72SA03-01",2,"European Fake Smiles","Participant 73_Participant 44  chi sad 3 72SGP_noback_Analysis 1_video_20260707_154820_detailed.txt",8087,26
167,"W72SA04-01",2,"Chinese Fake Smiles","Participant 74_Participant 45  chi sad 4 72SGP_noback_Analysis 1_video_20260707_154903_detailed.txt",14921,49
167,"W72SA04-01",2,"European Fake Smiles","Participant 74_Participant 45  chi sad 4 72SGP_noback_Analysis 1_video_20260707_154903_detailed.txt",14921,49
168,"W72SA04-02",2,"Chinese Fake Smiles","Participant 75_Participant 46  chi sad 5 72SGP_noback_Analysis 1_video_20260707_154934_detailed.txt",12907,44
168,"W72SA04-02",2,"European Fake Smiles","Participant 75_Participant 46  chi sad 5 72SGP_noback_Analysis 1_video_20260707_154934_detailed.txt",12907,44
169,"W72SA05-02",2,"Chinese Fake Smiles","Participant 76_Participant 47  chi sad 6 72SGP_noback_Analysis 1_video_20260707_155000_detailed.txt",6721,21
169,"W72SA05-02",2,"European Fake Smiles","Participant 76_Participant 47  chi sad 6 72SGP_noback_Analysis 1_video_20260707_155000_detailed.txt",6721,21
170,"W73SA02-04",2,"Chinese Fake Smiles","Participant 83_Participant 54 chi sad 1 73CN_noback_Analysis 1_video_20260707_155722_detailed.txt",7400,25
170,"W73SA02-04",2,"European Fake Smiles","Participant 83_Participant 54 chi sad 1 73CN_noback_Analysis 1_video_20260707_155722_detailed.txt",7400,25
171,"W73SA03-03",2,"Chinese Fake Smiles","Participant 84_Participant 55 chi sad 2 73CN_noback_Analysis 1_video_20260707_155952_detailed.txt",14058,48
171,"W73SA03-03",2,"European Fake Smiles","Participant 84_Participant 55 chi sad 2 73CN_noback_Analysis 1_video_20260707_155952_detailed.txt",14058,48
172,"W73SA04-05",2,"Chinese Fake Smiles","Participant 85_Participant 56  chi sad 3 73CN_noback_Analysis 1_video_20260707_160028_detailed.txt",8190,26
172,"W73SA04-05",2,"European Fake Smiles","Participant 85_Participant 56  chi sad 3 73CN_noback_Analysis 1_video_20260707_160028_detailed.txt",8190,26
173,"W73SA05-01",2,"Chinese Fake Smiles","Participant 86_Participant 57  chi sad 4 73CN_noback_Analysis 1_video_20260707_160638_detailed.txt",16700,59
173,"W73SA05-01",2,"European Fake Smiles","Participant 86_Participant 57  chi sad 4 73CN_noback_Analysis 1_video_20260707_160638_detailed.txt",16700,59
174,"W73SA05-04",2,"Chinese Fake Smiles","Participant 87_Participant 58  chi sad 5 73CN_noback_Analysis 1_video_20260707_160726_detailed.txt",13608,49
174,"W73SA05-04",2,"European Fake Smiles","Participant 87_Participant 58  chi sad 5 73CN_noback_Analysis 1_video_20260707_160726_detailed.txt",13608,49
175,"W73SA07-02",2,"Chinese Fake Smiles","Participant 88_Participant 59  chi sad 6 73CN_noback_Analysis 1_video_20260707_160752_detailed.txt",8750,30
175,"W73SA07-02",2,"European Fake Smiles","Participant 88_Participant 59  chi sad 6 73CN_noback_Analysis 1_video_20260707_160752_detailed.txt",8750,30
176,"E1SA01-01",2,"Chinese Fake Smiles","Participant 95_Participant 66 chi sad 1 C00_Analysis 1_video_20260707_161234_detailed.txt",18472,64
176,"E1SA01-01",2,"European Fake Smiles","Participant 95_Participant 66 chi sad 1 C00_Analysis 1_video_20260707_161234_detailed.txt",18472,64
177,"E1SA03-01",2,"Chinese Fake Smiles","Participant 96_Participant 66b chi sad 2 C00_Analysis 1_video_20260707_161319_detailed.txt",12008,40
177,"E1SA03-01",2,"European Fake Smiles","Participant 96_Participant 66b chi sad 2 C00_Analysis 1_video_20260707_161319_detailed.txt",12008,40
178,"E1SA03-04",2,"Chinese Fake Smiles","Participant 97_Participant 67 chi sad 3 C00_Analysis 1_video_20260707_161449_detailed.txt",21418,75
178,"E1SA03-04",2,"European Fake Smiles","Participant 97_Participant 67 chi sad 3 C00_Analysis 1_video_20260707_161449_detailed.txt",21418,75
179,"E1SA04-01",2,"Chinese Fake Smiles","Participant 98_Participant 68 chi sad 4 C00_Analysis 1_video_20260707_161533_detailed.txt",13748,46
179,"E1SA04-01",2,"European Fake Smiles","Participant 98_Participant 68 chi sad 4 C00_Analysis 1_video_20260707_161533_detailed.txt",13748,46
180,"E1SA05-02",2,"Chinese Fake Smiles","Participant 99_Participant 99 chi sad 5 C00_Analysis 1_video_20260707_161600_detailed.txt",10206,33
180,"E1SA05-02",2,"European Fake Smiles","Participant 99_Participant 99 chi sad 5 C00_Analysis 1_video_20260707_161600_detailed.txt",10206,33
181,"E01HA01-01",2,"Chinese Genuine Smiles","Participant 101_Participant 71 chi hap 1 C01_Analysis 1_video_20260707_161843_detailed.txt",8533,27
181,"E01HA01-01",2,"European Genuine Smiles","Participant 101_Participant 71 chi hap 1 C01_Analysis 1_video_20260707_161843_detailed.txt",8533,27
182,"E01HA01-03",2,"Chinese Genuine Smiles","Participant 102_Participant 72 chi hap 2 C01_Analysis 1_video_20260707_164312_detailed.txt",14045,47
182,"E01HA01-03",2,"European Genuine Smiles","Participant 102_Participant 72 chi hap 2 C01_Analysis 1_video_20260707_164312_detailed.txt",14045,47
183,"E01HA02-01",2,"Chinese Genuine Smiles","Participant 103_Participant 73 chi hap 3 C01_Analysis 1_video_20260707_164416_detailed.txt",12275,40
183,"E01HA02-01",2,"European Genuine Smiles","Participant 103_Participant 73 chi hap 3 C01_Analysis 1_video_20260707_164416_detailed.txt",12275,40
184,"E01HA03-01",2,"Chinese Genuine Smiles","Participant 104_Participant 74 chi hap 4 C01_Analysis 1_video_20260707_164518_detailed.txt",15333,51
184,"E01HA03-01",2,"European Genuine Smiles","Participant 104_Participant 74 chi hap 4 C01_Analysis 1_video_20260707_164518_detailed.txt",15333,51
185,"E01HA07-01",2,"Chinese Genuine Smiles","Participant 105_Participant 75 chi hap 5 C01_Analysis 1_video_20260707_164551_detailed.txt",13743,46
185,"E01HA07-01",2,"European Genuine Smiles","Participant 105_Participant 75 chi hap 5 C01_Analysis 1_video_20260707_164551_detailed.txt",13743,46
186,"E01HA07-02",2,"Chinese Genuine Smiles","Participant 106_Participant 76 chi hap 6 C01_Analysis 1_video_20260707_164623_detailed.txt",10369,33
186,"E01HA07-02",2,"European Genuine Smiles","Participant 106_Participant 76 chi hap 6 C01_Analysis 1_video_20260707_164623_detailed.txt",10369,33
187,"E04HA02-03",2,"Chinese Genuine Smiles","Participant 113_Participant 83 chi hap 1 C04_Analysis 3_video_20260707_165450_detailed.txt",12337,41
187,"E04HA02-03",2,"European Genuine Smiles","Participant 113_Participant 83 chi hap 1 C04_Analysis 3_video_20260707_165450_detailed.txt",12337,41
188,"E04HA02-05",2,"Chinese Genuine Smiles","Participant 114_Participant 84 chi hap 2 C04_Analysis 1_video_20260707_165604_detailed.txt",12169,41
188,"E04HA02-05",2,"European Genuine Smiles","Participant 114_Participant 84 chi hap 2 C04_Analysis 1_video_20260707_165604_detailed.txt",12169,41
189,"E04HA02-08",2,"Chinese Genuine Smiles","Participant 115_Participant 85 chi hap 3 C04_Analysis 1_video_20260707_165718_detailed.txt",9373,31
189,"E04HA02-08",2,"European Genuine Smiles","Participant 115_Participant 85 chi hap 3 C04_Analysis 1_video_20260707_165718_detailed.txt",9373,31
190,"E04HA03-01",2,"Chinese Genuine Smiles","Participant 116_Participant 86  chi hap 4 C04_Analysis 1_video_20260707_165753_detailed.txt",22771,80
190,"E04HA03-01",2,"European Genuine Smiles","Participant 116_Participant 86  chi hap 4 C04_Analysis 1_video_20260707_165753_detailed.txt",22771,80
191,"E04HA04-01",2,"Chinese Genuine Smiles","Participant 117_Participant 87  chi hap 5 C04_Analysis 1_video_20260707_165841_detailed.txt",11273,37
191,"E04HA04-01",2,"European Genuine Smiles","Participant 117_Participant 87  chi hap 5 C04_Analysis 1_video_20260707_165841_detailed.txt",11273,37
192,"E04HA06-08",2,"Chinese Genuine Smiles","Participant 118_Participant 88  chi hap 6 C04_Analysis 1_video_20260707_165938_detailed.txt",10055,34
192,"E04HA06-08",2,"European Genuine Smiles","Participant 118_Participant 88  chi hap 6 C04_Analysis 1_video_20260707_165938_detailed.txt",10055,34
193,"E06HA01-05",2,"Chinese Genuine Smiles","Participant 125_Participant 95 chi hap 1 C06_Analysis 1_video_20260707_170822_detailed.txt",9763,32
193,"E06HA01-05",2,"European Genuine Smiles","Participant 125_Participant 95 chi hap 1 C06_Analysis 1_video_20260707_170822_detailed.txt",9763,32
194,"E06HA03-02",2,"Chinese Genuine Smiles","Participant 126_Participant 96 chi hap 2 C06_Analysis 1_video_20260707_170859_detailed.txt",12401,41
194,"E06HA03-02",2,"European Genuine Smiles","Participant 126_Participant 96 chi hap 2 C06_Analysis 1_video_20260707_170859_detailed.txt",12401,41
195,"E06HA04-01",2,"Chinese Genuine Smiles","Participant 127_Participant 97 chi hap 3 C06_Analysis 1_video_20260707_170954_detailed.txt",10853,35
195,"E06HA04-01",2,"European Genuine Smiles","Participant 127_Participant 97 chi hap 3 C06_Analysis 1_video_20260707_170954_detailed.txt",10853,35
196,"E06HA05-03",2,"Chinese Genuine Smiles","Participant 128_Participant 98 chi hap 4 C06_Analysis 1_video_20260707_171027_detailed.txt",9907,32
196,"E06HA05-03",2,"European Genuine Smiles","Participant 128_Participant 98 chi hap 4 C06_Analysis 1_video_20260707_171027_detailed.txt",9907,32
197,"E06HA06-10",2,"Chinese Genuine Smiles","Participant 129_Participant 99 chi hap 5 C06_Analysis 1_video_20260707_171100_detailed.txt",15025,49
197,"E06HA06-10",2,"European Genuine Smiles","Participant 129_Participant 99 chi hap 5 C06_Analysis 1_video_20260707_171100_detailed.txt",15025,49
198,"E06HA07-03",2,"Chinese Genuine Smiles","Participant 130_Participant 100 chi hap 6 C06_Analysis 1_video_20260707_171126_detailed.txt",14657,49
198,"E06HA07-03",2,"European Genuine Smiles","Participant 130_Participant 100 chi hap 6 C06_Analysis 1_video_20260707_171126_detailed.txt",14657,49
199,"E07HA02-01",2,"Chinese Genuine Smiles","Participant 137_Participant 107 chi hap 1 C07_Analysis 1_video_20260707_171610_detailed.txt",20121,73
199,"E07HA02-01",2,"European Genuine Smiles","Participant 137_Participant 107 chi hap 1 C07_Analysis 1_video_20260707_171610_detailed.txt",20121,73
200,"E07HA02-02",2,"Chinese Genuine Smiles","Participant 138_Participant 108 chi hap 2 C07_Analysis 1_video_20260707_171650_detailed.txt",22717,83
200,"E07HA02-02",2,"European Genuine Smiles","Participant 138_Participant 108 chi hap 2 C07_Analysis 1_video_20260707_171650_detailed.txt",22717,83
201,"E07HA04-02",2,"Chinese Genuine Smiles","Participant 139_Participant 109 chi hap 3 C07_Analysis 1_video_20260707_171746_detailed.txt",17215,62
201,"E07HA04-02",2,"European Genuine Smiles","Participant 139_Participant 109 chi hap 3 C07_Analysis 1_video_20260707_171746_detailed.txt",17215,62
202,"E07HA05-03",2,"Chinese Genuine Smiles","Participant 140_Participant 110 chi hap 4 C07_Analysis 1_video_20260707_172027_detailed.txt",20613,75
202,"E07HA05-03",2,"European Genuine Smiles","Participant 140_Participant 110 chi hap 4 C07_Analysis 1_video_20260707_172027_detailed.txt",20613,75
203,"E07HA07-02",2,"Chinese Genuine Smiles","Participant 141_Participant 111 chi hap 5 C07_Analysis 1_video_20260707_172101_detailed.txt",26909,99
203,"E07HA07-02",2,"European Genuine Smiles","Participant 141_Participant 111 chi hap 5 C07_Analysis 1_video_20260707_172101_detailed.txt",26909,99
204,"E07HA07-03",2,"Chinese Genuine Smiles","Participant 142_Participant 112 chi hap 6 C07_Analysis 1_video_20260707_172139_detailed.txt",18263,66
204,"E07HA07-03",2,"European Genuine Smiles","Participant 142_Participant 112 chi hap 6 C07_Analysis 1_video_20260707_172139_detailed.txt",18263,66
205,"E09HA01-02",2,"Chinese Genuine Smiles","Participant 149_Participant 119 chi hap 1 C09_Analysis 1_video_20260707_172745_detailed.txt",10227,36
205,"E09HA01-02",2,"European Genuine Smiles","Participant 149_Participant 119 chi hap 1 C09_Analysis 1_video_20260707_172745_detailed.txt",10227,36
206,"E09HA05-03",2,"Chinese Genuine Smiles","Participant 150_Participant 120 chi hap 2 C09_Analysis 1_video_20260707_172827_detailed.txt",12433,41
206,"E09HA05-03",2,"European Genuine Smiles","Participant 150_Participant 120 chi hap 2 C09_Analysis 1_video_20260707_172827_detailed.txt",12433,41
207,"E09HA05-04",2,"Chinese Genuine Smiles","Participant 151_Participant 121  chi hap 3 C09_Analysis 1_video_20260707_172857_detailed.txt",11653,43
207,"E09HA05-04",2,"European Genuine Smiles","Participant 151_Participant 121  chi hap 3 C09_Analysis 1_video_20260707_172857_detailed.txt",11653,43
208,"E09HA06-02",2,"Chinese Genuine Smiles","Participant 152_Participant 122  chi hap 4 C09_Analysis 1_video_20260707_174257_detailed.txt",11115,36
208,"E09HA06-02",2,"European Genuine Smiles","Participant 152_Participant 122  chi hap 4 C09_Analysis 1_video_20260707_174257_detailed.txt",11115,36
209,"E09HA07-02",2,"Chinese Genuine Smiles","Participant 153_Participant 123  chi hap 5 C09_Analysis 1_video_20260707_174331_detailed.txt",15805,55
209,"E09HA07-02",2,"European Genuine Smiles","Participant 153_Participant 123  chi hap 5 C09_Analysis 1_video_20260707_174331_detailed.txt",15805,55
210,"E09HA07-03",2,"Chinese Genuine Smiles","Participant 154_Participant 124  chi hap 6 C09_Analysis 1_video_20260707_174359_detailed.txt",17143,62
210,"E09HA07-03",2,"European Genuine Smiles","Participant 154_Participant 124  chi hap 6 C09_Analysis 1_video_20260707_174359_detailed.txt",17143,62
211,"E10HA01-02",2,"Chinese Genuine Smiles","Participant 161_Participant 131  chi hap 1 C010_Analysis 1_video_20260707_174759_detailed.txt",21163,76
211,"E10HA01-02",2,"European Genuine Smiles","Participant 161_Participant 131  chi hap 1 C010_Analysis 1_video_20260707_174759_detailed.txt",21163,76
212,"E10HA02-01",2,"Chinese Genuine Smiles","Participant 162_Participant 132 chi hap 2 C010_Analysis 1_video_20260707_174845_detailed.txt",15771,56
212,"E10HA02-01",2,"European Genuine Smiles","Participant 162_Participant 132 chi hap 2 C010_Analysis 1_video_20260707_174845_detailed.txt",15771,56
213,"E10HA03-01",2,"Chinese Genuine Smiles","Participant 163_Participant 133 chi hap 3 C010_Analysis 1_video_20260707_174918_detailed.txt",18359,62
213,"E10HA03-01",2,"European Genuine Smiles","Participant 163_Participant 133 chi hap 3 C010_Analysis 1_video_20260707_174918_detailed.txt",18359,62
214,"E10HA04-03",2,"Chinese Genuine Smiles","Participant 164_Participant 134 chi hap 4 C010_Analysis 1_video_20260707_174958_detailed.txt",14391,50
214,"E10HA04-03",2,"European Genuine Smiles","Participant 164_Participant 134 chi hap 4 C010_Analysis 1_video_20260707_174958_detailed.txt",14391,50
215,"E10HA05-01",2,"Chinese Genuine Smiles","Participant 165_Participant 135 chi hap 5 C010_Analysis 1_video_20260707_175029_detailed.txt",9601,33
215,"E10HA05-01",2,"European Genuine Smiles","Participant 165_Participant 135 chi hap 5 C010_Analysis 1_video_20260707_175029_detailed.txt",9601,33
216,"E10HA07-03",2,"Chinese Genuine Smiles","Participant 166_Participant 136 chi hap 6 C010_Analysis 1_video_20260707_175058_detailed.txt",12747,44
216,"E10HA07-03",2,"European Genuine Smiles","Participant 166_Participant 136 chi hap 6 C010_Analysis 1_video_20260707_175058_detailed.txt",12747,44
217,"E11HA01-01",2,"Chinese Genuine Smiles","Participant 173_Participant 143 chi hap 1 C011_Analysis 4_video_20260707_180017_detailed.txt",7229,23
217,"E11HA01-01",2,"European Genuine Smiles","Participant 173_Participant 143 chi hap 1 C011_Analysis 4_video_20260707_180017_detailed.txt",7229,23
218,"E11HA02-04",2,"Chinese Genuine Smiles","Participant 174_Participant 144 chi hap 2 C011_Analysis 1_video_20260707_180058_detailed.txt",13629,47
218,"E11HA02-04",2,"European Genuine Smiles","Participant 174_Participant 144 chi hap 2 C011_Analysis 1_video_20260707_180058_detailed.txt",13629,47
219,"E11HA03-03",2,"Chinese Genuine Smiles","Participant 175_Participant 145 chi hap 3 C011_Analysis 1_video_20260707_180122_detailed.txt",11457,37
219,"E11HA03-03",2,"European Genuine Smiles","Participant 175_Participant 145 chi hap 3 C011_Analysis 1_video_20260707_180122_detailed.txt",11457,37
220,"E11HA04-05",2,"Chinese Genuine Smiles","Participant 176_Participant 146 chi hap 4 C011_Analysis 1_video_20260707_180152_detailed.txt",10311,34
220,"E11HA04-05",2,"European Genuine Smiles","Participant 176_Participant 146 chi hap 4 C011_Analysis 1_video_20260707_180152_detailed.txt",10311,34
221,"E11HA05-04",2,"Chinese Genuine Smiles","Participant 177_Participant 147 chi hap 5 C011_Analysis 1_video_20260707_180217_detailed.txt",11273,37
221,"E11HA05-04",2,"European Genuine Smiles","Participant 177_Participant 147 chi hap 5 C011_Analysis 1_video_20260707_180217_detailed.txt",11273,37
222,"E11HA06-04",2,"Chinese Genuine Smiles","Participant 178_Participant 148 chi hap 6 C011_Analysis 1_video_20260707_180253_detailed.txt",21983,78
222,"E11HA06-04",2,"European Genuine Smiles","Participant 178_Participant 148 chi hap 6 C011_Analysis 1_video_20260707_180253_detailed.txt",21983,78
223,"E13HA01-03",2,"Chinese Genuine Smiles","Participant 185_Participant 155 chi hap 1 C013_Analysis 1_video_20260707_181055_detailed.txt",7109,23
223,"E13HA01-03",2,"European Genuine Smiles","Participant 185_Participant 155 chi hap 1 C013_Analysis 1_video_20260707_181055_detailed.txt",7109,23
224,"E13HA02-03",2,"Chinese Genuine Smiles","Participant 186_Participant 156 chi hap 2 C013_Analysis 1_video_20260707_181125_detailed.txt",18721,69
224,"E13HA02-03",2,"European Genuine Smiles","Participant 186_Participant 156 chi hap 2 C013_Analysis 1_video_20260707_181125_detailed.txt",18721,69
225,"E13HA03-03",2,"Chinese Genuine Smiles","Participant 187_Participant 157 chi hap 3 C013_Analysis 1_video_20260707_181201_detailed.txt",19009,69
225,"E13HA03-03",2,"European Genuine Smiles","Participant 187_Participant 157 chi hap 3 C013_Analysis 1_video_20260707_181201_detailed.txt",19009,69
226,"E13HA04-03",2,"Chinese Genuine Smiles","Participant 188_Participant 158 chi hap 4 C013_Analysis 1_video_20260707_181235_detailed.txt",14693,51
226,"E13HA04-03",2,"European Genuine Smiles","Participant 188_Participant 158 chi hap 4 C013_Analysis 1_video_20260707_181235_detailed.txt",14693,51
227,"E13HA05-03",2,"Chinese Genuine Smiles","Participant 189_Participant 159 chi hap 5 C013_Analysis 1_video_20260707_181309_detailed.txt",10417,37
227,"E13HA05-03",2,"European Genuine Smiles","Participant 189_Participant 159 chi hap 5 C013_Analysis 1_video_20260707_181309_detailed.txt",10417,37
228,"E13HA06-04",2,"Chinese Genuine Smiles","Participant 190_Participant 160 chi hap 6 C013_Analysis 1_video_20260707_181346_detailed.txt",10145,33
228,"E13HA06-04",2,"European Genuine Smiles","Participant 190_Participant 160 chi hap 6 C013_Analysis 1_video_20260707_181346_detailed.txt",10145,33
229,"E14HA01-02",2,"Chinese Genuine Smiles","Participant 197_Participant 167 chi hap 1 C014_Analysis 1_video_20260707_183148_detailed.txt",11843,40
229,"E14HA01-02",2,"European Genuine Smiles","Participant 197_Participant 167 chi hap 1 C014_Analysis 1_video_20260707_183148_detailed.txt",11843,40
230,"E14HA01-04",2,"Chinese Genuine Smiles","Participant 198_Participant 168  chi hap 2 C014_Analysis 1_video_20260707_183216_detailed.txt",11781,39
230,"E14HA01-04",2,"European Genuine Smiles","Participant 198_Participant 168  chi hap 2 C014_Analysis 1_video_20260707_183216_detailed.txt",11781,39
231,"E14HA02-01",2,"Chinese Genuine Smiles","Participant 199_Participant 169  chi hap 3 C014_Analysis 1_video_20260707_183249_detailed.txt",17913,61
231,"E14HA02-01",2,"European Genuine Smiles","Participant 199_Participant 169  chi hap 3 C014_Analysis 1_video_20260707_183249_detailed.txt",17913,61
232,"E14HA02-02",2,"Chinese Genuine Smiles","Participant 200_Participant 170  chi hap 4 C014_Analysis 1_video_20260707_183335_detailed.txt",11203,36
232,"E14HA02-02",2,"European Genuine Smiles","Participant 200_Participant 170  chi hap 4 C014_Analysis 1_video_20260707_183335_detailed.txt",11203,36
233,"E14HA04-01",2,"Chinese Genuine Smiles","Participant 201_Participant 171  chi hap 5 C014_Analysis 1_video_20260707_183530_detailed.txt",19829,67
233,"E14HA04-01",2,"European Genuine Smiles","Participant 201_Participant 171  chi hap 5 C014_Analysis 1_video_20260707_183530_detailed.txt",19829,67
234,"E14HA07-01",2,"Chinese Genuine Smiles","Participant 202_Participant 172  chi hap 6 C014_Analysis 1_video_20260707_183629_detailed.txt",17753,61
234,"E14HA07-01",2,"European Genuine Smiles","Participant 202_Participant 172  chi hap 6 C014_Analysis 1_video_20260707_183629_detailed.txt",17753,61
235,"E15HA01-02",2,"Chinese Genuine Smiles","Participant 209_Participant 179  chi hap 1 C015_Analysis 1_video_20260707_184622_detailed.txt",12623,42
235,"E15HA01-02",2,"European Genuine Smiles","Participant 209_Participant 179  chi hap 1 C015_Analysis 1_video_20260707_184622_detailed.txt",12623,42
236,"E15HA02-03",2,"Chinese Genuine Smiles","Participant 210_Participant 180 chi hap 2 C015_Analysis 1_video_20260707_184702_detailed.txt",22581,79
236,"E15HA02-03",2,"European Genuine Smiles","Participant 210_Participant 180 chi hap 2 C015_Analysis 1_video_20260707_184702_detailed.txt",22581,79
237,"E15HA03-01",2,"Chinese Genuine Smiles","Participant 211_Participant 181 chi hap 3 C015_Analysis 1_video_20260707_185026_detailed.txt",11335,38
237,"E15HA03-01",2,"European Genuine Smiles","Participant 211_Participant 181 chi hap 3 C015_Analysis 1_video_20260707_185026_detailed.txt",11335,38
238,"E15HA03-02",2,"Chinese Genuine Smiles","Participant 212_Participant 182 chi hap 4 C015_Analysis 1_video_20260707_185058_detailed.txt",15045,51
238,"E15HA03-02",2,"European Genuine Smiles","Participant 212_Participant 182 chi hap 4 C015_Analysis 1_video_20260707_185058_detailed.txt",15045,51
239,"E15HA06-02",2,"Chinese Genuine Smiles","Participant 213_Participant 183 chi hap 5 C015_Analysis 1_video_20260707_185134_detailed.txt",9429,31
239,"E15HA06-02",2,"European Genuine Smiles","Participant 213_Participant 183 chi hap 5 C015_Analysis 1_video_20260707_185134_detailed.txt",9429,31
240,"E15HA07-01",2,"Chinese Genuine Smiles","Participant 214_Participant 184 chi hap 6 C015_Analysis 1_video_20260707_185204_detailed.txt",8549,27
240,"E15HA07-01",2,"European Genuine Smiles","Participant 214_Participant 184 chi hap 6 C015_Analysis 1_video_20260707_185204_detailed.txt",8549,27
241,"E17HA02-01",2,"Chinese Genuine Smiles","Participant 221_Participant 191 chi hap 1 C017_Analysis 1_video_20260707_185846_detailed.txt",21911,70
241,"E17HA02-01",2,"European Genuine Smiles","Participant 221_Participant 191 chi hap 1 C017_Analysis 1_video_20260707_185846_detailed.txt",21911,70
242,"E17HA02-02",2,"Chinese Genuine Smiles","Participant 222_Participant 192 chi hap 2 C017_Analysis 1_video_20260707_185922_detailed.txt",14891,48
242,"E17HA02-02",2,"European Genuine Smiles","Participant 222_Participant 192 chi hap 2 C017_Analysis 1_video_20260707_185922_detailed.txt",14891,48
243,"E17HA03-01",2,"Chinese Genuine Smiles","Participant 223_Participant 193 chi hap 3 C017_Analysis 1_video_20260707_190037_detailed.txt",10569,33
243,"E17HA03-01",2,"European Genuine Smiles","Participant 223_Participant 193 chi hap 3 C017_Analysis 1_video_20260707_190037_detailed.txt",10569,33
244,"E17HA05-05",2,"Chinese Genuine Smiles","Participant 224_Participant 194 chi hap 4 C017_Analysis 1_video_20260707_190111_detailed.txt",10071,30
244,"E17HA05-05",2,"European Genuine Smiles","Participant 224_Participant 194 chi hap 4 C017_Analysis 1_video_20260707_190111_detailed.txt",10071,30
245,"E17HA06-02",2,"Chinese Genuine Smiles","Participant 225_Participant 195 chi hap 5 C017_Analysis 1_video_20260707_190144_detailed.txt",15935,50
245,"E17HA06-02",2,"European Genuine Smiles","Participant 225_Participant 195 chi hap 5 C017_Analysis 1_video_20260707_190144_detailed.txt",15935,50
246,"E17HA07-02",2,"Chinese Genuine Smiles","Participant 226_Participant 196 chi hap 6 C017_Analysis 1_video_20260707_190214_detailed.txt",9745,29
246,"E17HA07-02",2,"European Genuine Smiles","Participant 226_Participant 196 chi hap 6 C017_Analysis 1_video_20260707_190214_detailed.txt",9745,29
247,"E18HA01-02",2,"Chinese Genuine Smiles","Participant 233_Participant 203 chi hap 1 C018_Analysis 1_video_20260707_190709_detailed.txt",7443,24
247,"E18HA01-02",2,"European Genuine Smiles","Participant 233_Participant 203 chi hap 1 C018_Analysis 1_video_20260707_190709_detailed.txt",7443,24
248,"E18HA05-01",2,"Chinese Genuine Smiles","Participant 234_Participant 204 203 chi hap 2 C018_Analysis 1_video_20260707_190742_detailed.txt",9699,32
248,"E18HA05-01",2,"European Genuine Smiles","Participant 234_Participant 204 203 chi hap 2 C018_Analysis 1_video_20260707_190742_detailed.txt",9699,32
249,"E18HA05-03",2,"Chinese Genuine Smiles","Participant 235_Participant 205 203 chi hap 3 C018_Analysis 1_video_20260707_191912_detailed.txt",11931,40
249,"E18HA05-03",2,"European Genuine Smiles","Participant 235_Participant 205 203 chi hap 3 C018_Analysis 1_video_20260707_191912_detailed.txt",11931,40
250,"E18HA06-01",2,"Chinese Genuine Smiles","Participant 236_Participant 206 chi hap 4 C018_Analysis 1_video_20260707_191959_detailed.txt",8747,28
250,"E18HA06-01",2,"European Genuine Smiles","Participant 236_Participant 206 chi hap 4 C018_Analysis 1_video_20260707_191959_detailed.txt",8747,28
251,"E18HA07-01",2,"Chinese Genuine Smiles","Participant 237_Participant 207 chi hap 5 C018_Analysis 1_video_20260707_192041_detailed.txt",6851,22
251,"E18HA07-01",2,"European Genuine Smiles","Participant 237_Participant 207 chi hap 5 C018_Analysis 1_video_20260707_192041_detailed.txt",6851,22
252,"E18HA07-03",2,"Chinese Genuine Smiles","Participant 238_Participant 208 chi hap 6 C018_Analysis 1_video_20260707_192110_detailed.txt",12177,41
252,"E18HA07-03",2,"European Genuine Smiles","Participant 238_Participant 208 chi hap 6 C018_Analysis 1_video_20260707_192110_detailed.txt",12177,41
253,"E19HA02-04",2,"Chinese Genuine Smiles","Participant 245_Participant 215 chi hap 1 C019_Analysis 1_video_20260707_192839_detailed.txt",11603,40
253,"E19HA02-04",2,"European Genuine Smiles","Participant 245_Participant 215 chi hap 1 C019_Analysis 1_video_20260707_192839_detailed.txt",11603,40
254,"E19HA03-05",2,"Chinese Genuine Smiles","Participant 246_Participant 216 chi hap 2 C019_Analysis 1_video_20260707_192930_detailed.txt",22283,80
254,"E19HA03-05",2,"European Genuine Smiles","Participant 246_Participant 216 chi hap 2 C019_Analysis 1_video_20260707_192930_detailed.txt",22283,80
255,"E19HA03-06",2,"Chinese Genuine Smiles","Participant 247_Participant 217 chi hap 3 C019_Analysis 1_video_20260707_193004_detailed.txt",11517,39
255,"E19HA03-06",2,"European Genuine Smiles","Participant 247_Participant 217 chi hap 3 C019_Analysis 1_video_20260707_193004_detailed.txt",11517,39
256,"E19HA04-03",2,"Chinese Genuine Smiles","Participant 248_Participant 218 chi hap 4 C019_Analysis 1_video_20260707_193049_detailed.txt",14923,52
256,"E19HA04-03",2,"European Genuine Smiles","Participant 248_Participant 218 chi hap 4 C019_Analysis 1_video_20260707_193049_detailed.txt",14923,52
257,"E19HA05-03",2,"Chinese Genuine Smiles","Participant 249_Participant 219 chi hap 5 C019_Analysis 1_video_20260707_193123_detailed.txt",7577,25
257,"E19HA05-03",2,"European Genuine Smiles","Participant 249_Participant 219 chi hap 5 C019_Analysis 1_video_20260707_193123_detailed.txt",7577,25
258,"E19HA06-04",2,"Chinese Genuine Smiles","Participant 250_Participant 220 chi hap 6 C019_Analysis 1_video_20260707_193152_detailed.txt",18187,64
258,"E19HA06-04",2,"European Genuine Smiles","Participant 250_Participant 220 chi hap 6 C019_Analysis 1_video_20260707_193152_detailed.txt",18187,64
259,"E20HA01-01",2,"Chinese Genuine Smiles","Participant 257_Participant 228 chi hap 1 C020_Analysis 2_video_20260707_194112_detailed.txt",11879,38
259,"E20HA01-01",2,"European Genuine Smiles","Participant 257_Participant 228 chi hap 1 C020_Analysis 2_video_20260707_194112_detailed.txt",11879,38
260,"E20HA04-01",2,"Chinese Genuine Smiles","Participant 258_Participant 229 chi hap 2 C020_Analysis 2_video_20260707_194151_detailed.txt",12207,38
260,"E20HA04-01",2,"European Genuine Smiles","Participant 258_Participant 229 chi hap 2 C020_Analysis 2_video_20260707_194151_detailed.txt",12207,38
261,"E20HA05-02",2,"Chinese Genuine Smiles","Participant 259_Participant 230 chi hap 3 C020_Analysis 2_video_20260707_194222_detailed.txt",11913,37
261,"E20HA05-02",2,"European Genuine Smiles","Participant 259_Participant 230 chi hap 3 C020_Analysis 2_video_20260707_194222_detailed.txt",11913,37
262,"E20HA06-01",2,"Chinese Genuine Smiles","Participant 260_Participant 231 chi hap 4 C020_Analysis 3_video_20260707_194246_detailed.txt",11625,37
262,"E20HA06-01",2,"European Genuine Smiles","Participant 260_Participant 231 chi hap 4 C020_Analysis 3_video_20260707_194246_detailed.txt",11625,37
263,"E20HA06-02",2,"Chinese Genuine Smiles","Participant 261_Participant 232 chi hap 5 C020_Analysis 2_video_20260707_194330_detailed.txt",12643,40
263,"E20HA06-02",2,"European Genuine Smiles","Participant 261_Participant 232 chi hap 5 C020_Analysis 2_video_20260707_194330_detailed.txt",12643,40
264,"E20HA06-03",2,"Chinese Genuine Smiles","Participant 262_Participant 233 chi hap 6 C020_Analysis 1_video_20260707_194403_detailed.txt",10267,32
264,"E20HA06-03",2,"European Genuine Smiles","Participant 262_Participant 233 chi hap 6 C020_Analysis 1_video_20260707_194403_detailed.txt",10267,32
265,"E22HA01-03",2,"Chinese Genuine Smiles","Participant 269_Participant 240 chi hap 1 C022_Analysis 1_video_20260707_195923_detailed.txt",12311,42
265,"E22HA01-03",2,"European Genuine Smiles","Participant 269_Participant 240 chi hap 1 C022_Analysis 1_video_20260707_195923_detailed.txt",12311,42
266,"E22HA01-05",2,"Chinese Genuine Smiles","Participant 270_Participant 241 chi hap 2 C022_Analysis 1_video_20260707_200014_detailed.txt",9757,35
266,"E22HA01-05",2,"European Genuine Smiles","Participant 270_Participant 241 chi hap 2 C022_Analysis 1_video_20260707_200014_detailed.txt",9757,35
267,"E22HA02-02",2,"Chinese Genuine Smiles","Participant 271_Participant 242 chi hap 3 C022_Analysis 1_video_20260707_200050_detailed.txt",17355,64
267,"E22HA02-02",2,"European Genuine Smiles","Participant 271_Participant 242 chi hap 3 C022_Analysis 1_video_20260707_200050_detailed.txt",17355,64
268,"E22HA03-02",2,"Chinese Genuine Smiles","Participant 272_Participant 243 chi hap 4 C022_Analysis 1_video_20260707_200124_detailed.txt",14117,51
268,"E22HA03-02",2,"European Genuine Smiles","Participant 272_Participant 243 chi hap 4 C022_Analysis 1_video_20260707_200124_detailed.txt",14117,51
269,"E22HA05-01",2,"Chinese Genuine Smiles","Participant 273_Participant 244 chi hap 5 C022_Analysis 1_video_20260707_200150_detailed.txt",11051,40
269,"E22HA05-01",2,"European Genuine Smiles","Participant 273_Participant 244 chi hap 5 C022_Analysis 1_video_20260707_200150_detailed.txt",11051,40
270,"E22HA07-02",2,"Chinese Genuine Smiles","Participant 274_Participant 245 chi hap 6 C022_Analysis 1_video_20260707_200303_detailed.txt",12665,45
270,"E22HA07-02",2,"European Genuine Smiles","Participant 274_Participant 245 chi hap 6 C022_Analysis 1_video_20260707_200303_detailed.txt",12665,45
271,"E23HA01-02",2,"Chinese Genuine Smiles","Participant 281_Participant 252 chi hap 1 C023_Analysis 1_video_20260707_200815_detailed.txt",9877,31
271,"E23HA01-02",2,"European Genuine Smiles","Participant 281_Participant 252 chi hap 1 C023_Analysis 1_video_20260707_200815_detailed.txt",9877,31
272,"E23HA02-03",2,"Chinese Genuine Smiles","Participant 282_Participant 253  chi hap 2 C023_Analysis 1_video_20260707_200851_detailed.txt",11357,39
272,"E23HA02-03",2,"European Genuine Smiles","Participant 282_Participant 253  chi hap 2 C023_Analysis 1_video_20260707_200851_detailed.txt",11357,39
273,"E23HA03-01",2,"Chinese Genuine Smiles","Participant 283_Participant 254  chi hap 3 C023_Analysis 1_video_20260707_200941_detailed.txt",15239,50
273,"E23HA03-01",2,"European Genuine Smiles","Participant 283_Participant 254  chi hap 3 C023_Analysis 1_video_20260707_200941_detailed.txt",15239,50
274,"E23HA04-03",2,"Chinese Genuine Smiles","Participant 284_Participant 255  chi hap 4 C023_Analysis 1_video_20260707_201012_detailed.txt",15475,52
274,"E23HA04-03",2,"European Genuine Smiles","Participant 284_Participant 255  chi hap 4 C023_Analysis 1_video_20260707_201012_detailed.txt",15475,52
275,"E23HA05-03",2,"Chinese Genuine Smiles","Participant 285_Participant 256  chi hap 5 C023_Analysis 1_video_20260707_201048_detailed.txt",7563,24
275,"E23HA05-03",2,"European Genuine Smiles","Participant 285_Participant 256  chi hap 5 C023_Analysis 1_video_20260707_201048_detailed.txt",7563,24
276,"E23HA07-03",2,"Chinese Genuine Smiles","Participant 286_Participant 257  chi hap 6 C023_Analysis 1_video_20260707_201121_detailed.txt",11313,37
276,"E23HA07-03",2,"European Genuine Smiles","Participant 286_Participant 257  chi hap 6 C023_Analysis 1_video_20260707_201121_detailed.txt",11313,37
277,"W56HA02-01",2,"Chinese Genuine Smiles","Participant 29_Participant 1 chi hap 1 56JP_noback_Analysis 1_video_20260707_144525_detailed.txt",6808,22
277,"W56HA02-01",2,"European Genuine Smiles","Participant 29_Participant 1 chi hap 1 56JP_noback_Analysis 1_video_20260707_144525_detailed.txt",6808,22
278,"E24HA01-02",2,"Chinese Genuine Smiles","Participant 293_Participant 264 chi hap C024_Analysis 1_video_20260713_135756_detailed.txt",28930,101
278,"E24HA01-02",2,"European Genuine Smiles","Participant 293_Participant 264 chi hap C024_Analysis 1_video_20260713_135756_detailed.txt",28930,101
279,"E24HA02-03",2,"Chinese Genuine Smiles","Participant 294_Participant 265 chi hap 2 C024_Analysis 1_video_20260713_141253_detailed.txt",14870,51
279,"E24HA02-03",2,"European Genuine Smiles","Participant 294_Participant 265 chi hap 2 C024_Analysis 1_video_20260713_141253_detailed.txt",14870,51
280,"E24HA03-04",2,"Chinese Genuine Smiles","Participant 295_Participant 266 chi hap 3 C024_Analysis 1_video_20260713_141334_detailed.txt",12576,42
280,"E24HA03-04",2,"European Genuine Smiles","Participant 295_Participant 266 chi hap 3 C024_Analysis 1_video_20260713_141334_detailed.txt",12576,42
281,"E24HA05-03",2,"Chinese Genuine Smiles","Participant 296_Participant 267 chi hap 4 C024_Analysis 1_video_20260713_141411_detailed.txt",8914,29
281,"E24HA05-03",2,"European Genuine Smiles","Participant 296_Participant 267 chi hap 4 C024_Analysis 1_video_20260713_141411_detailed.txt",8914,29
282,"E24HA06-03",2,"Chinese Genuine Smiles","Participant 297_Participant 268 chi hap 5 C024_Analysis 1_video_20260713_141440_detailed.txt",18428,64
282,"E24HA06-03",2,"European Genuine Smiles","Participant 297_Participant 268 chi hap 5 C024_Analysis 1_video_20260713_141440_detailed.txt",18428,64
283,"E24HA07-02",2,"Chinese Genuine Smiles","Participant 298_Participant 269 chi hap 6 C024_Analysis 1_video_20260713_141618_detailed.txt",11074,37
283,"E24HA07-02",2,"European Genuine Smiles","Participant 298_Participant 269 chi hap 6 C024_Analysis 1_video_20260713_141618_detailed.txt",11074,37
284,"W56HA02-05",2,"Chinese Genuine Smiles","Participant 30_Participant 2  chi hap 2 56JP_noback_Analysis 1_video_20260707_144613_detailed.txt",16896,62
284,"W56HA02-05",2,"European Genuine Smiles","Participant 30_Participant 2  chi hap 2 56JP_noback_Analysis 1_video_20260707_144613_detailed.txt",16896,62
285,"E25HA03-01",2,"Chinese Genuine Smiles","Participant 305_Participant 276 chi hap 1 C025_Analysis 1_video_20260713_142102_detailed.txt",13614,43
285,"E25HA03-01",2,"European Genuine Smiles","Participant 305_Participant 276 chi hap 1 C025_Analysis 1_video_20260713_142102_detailed.txt",13614,43
286,"E25HA04-01",2,"Chinese Genuine Smiles","Participant 306_Participant 277 chi hap 2 C025 _Analysis 1_video_20260713_142147_detailed.txt",26214,87
286,"E25HA04-01",2,"European Genuine Smiles","Participant 306_Participant 277 chi hap 2 C025 _Analysis 1_video_20260713_142147_detailed.txt",26214,87
287,"E25HA04-04",2,"Chinese Genuine Smiles","Participant 307_Participant 278  chi hap 3 C025 _Analysis 1_video_20260713_142235_detailed.txt",12064,38
287,"E25HA04-04",2,"European Genuine Smiles","Participant 307_Participant 278  chi hap 3 C025 _Analysis 1_video_20260713_142235_detailed.txt",12064,38
288,"E25HA06-02",2,"Chinese Genuine Smiles","Participant 308_Participant 279  chi hap 4 C025 _Analysis 1_video_20260713_142310_detailed.txt",13786,45
288,"E25HA06-02",2,"European Genuine Smiles","Participant 308_Participant 279  chi hap 4 C025 _Analysis 1_video_20260713_142310_detailed.txt",13786,45
289,"E25HA07-01",2,"Chinese Genuine Smiles","Participant 309_Participant 280  chi hap 5 C025 _Analysis 1_video_20260713_142339_detailed.txt",16506,53
289,"E25HA07-01",2,"European Genuine Smiles","Participant 309_Participant 280  chi hap 5 C025 _Analysis 1_video_20260713_142339_detailed.txt",16506,53
290,"W56HA04-03",2,"Chinese Genuine Smiles","Participant 31_Participant 3  chi hap 3 56JP_noback_Analysis 1_video_20260707_144701_detailed.txt",14822,51
290,"W56HA04-03",2,"European Genuine Smiles","Participant 31_Participant 3  chi hap 3 56JP_noback_Analysis 1_video_20260707_144701_detailed.txt",14822,51
291,"E25SA07-03",2,"Chinese Genuine Smiles","Participant 310_Participant 281  chi hap 6 C025 _Analysis 1_video_20260713_142409_detailed.txt",22274,77
291,"E25SA07-03",2,"European Genuine Smiles","Participant 310_Participant 281  chi hap 6 C025 _Analysis 1_video_20260713_142409_detailed.txt",22274,77
292,"E26HA01-01",2,"Chinese Genuine Smiles","Participant 317_Participant 288   chi hap1 C026_Analysis 1_video_20260713_144503_detailed.txt",14964,48
292,"E26HA01-01",2,"European Genuine Smiles","Participant 317_Participant 288   chi hap1 C026_Analysis 1_video_20260713_144503_detailed.txt",14964,48
293,"E26HA02-02",2,"Chinese Genuine Smiles","Participant 318_Participant 289   chi  hap 2 C026 _Analysis 1_video_20260713_144556_detailed.txt",9042,29
293,"E26HA02-02",2,"European Genuine Smiles","Participant 318_Participant 289   chi  hap 2 C026 _Analysis 1_video_20260713_144556_detailed.txt",9042,29
294,"E26HA02-04",2,"Chinese Genuine Smiles","Participant 319_Participant 290  chi hap 3 C026 _Analysis 1_video_20260713_144647_detailed.txt",11876,40
294,"E26HA02-04",2,"European Genuine Smiles","Participant 319_Participant 290  chi hap 3 C026 _Analysis 1_video_20260713_144647_detailed.txt",11876,40
295,"W56HA05-03",2,"Chinese Genuine Smiles","Participant 32_Participant 4  chi hap 4 56JP_noback_Analysis 1_video_20260707_144736_detailed.txt",17062,59
295,"W56HA05-03",2,"European Genuine Smiles","Participant 32_Participant 4  chi hap 4 56JP_noback_Analysis 1_video_20260707_144736_detailed.txt",17062,59
296,"E26HA03-04",2,"Chinese Genuine Smiles","Participant 320_Participant 291 chi hap 4 C026 _Analysis 1_video_20260713_144737_detailed.txt",17302,59
296,"E26HA03-04",2,"European Genuine Smiles","Participant 320_Participant 291 chi hap 4 C026 _Analysis 1_video_20260713_144737_detailed.txt",17302,59
297,"E26HA05-04",2,"Chinese Genuine Smiles","Participant 321_Participant 292 chi hap 5 C026 _Analysis 1_video_20260713_144822_detailed.txt",10122,33
297,"E26HA05-04",2,"European Genuine Smiles","Participant 321_Participant 292 chi hap 5 C026 _Analysis 1_video_20260713_144822_detailed.txt",10122,33
298,"E26HA06-01",2,"Chinese Genuine Smiles","Participant 322_Participant 293 chi hap 6 C026 _Analysis 1_video_20260713_144859_detailed.txt",13776,46
298,"E26HA06-01",2,"European Genuine Smiles","Participant 322_Participant 293 chi hap 6 C026 _Analysis 1_video_20260713_144859_detailed.txt",13776,46
299,"E27HA01-01",2,"Chinese Genuine Smiles","Participant 329_Participant 300 chi hap 1 C027_Analysis 1_video_20260713_145330_detailed.txt",7990,23
299,"E27HA01-01",2,"European Genuine Smiles","Participant 329_Participant 300 chi hap 1 C027_Analysis 1_video_20260713_145330_detailed.txt",7990,23
300,"W56HA06-03",2,"Chinese Genuine Smiles","Participant 33_Participant 5  chi hap 5 56JP_noback_Analysis 1_video_20260707_144814_detailed.txt",12654,43
300,"W56HA06-03",2,"European Genuine Smiles","Participant 33_Participant 5  chi hap 5 56JP_noback_Analysis 1_video_20260707_144814_detailed.txt",12654,43
301,"E27HA02-07",2,"Chinese Genuine Smiles","Participant 330_Participant 301 chi hap 2 C027_Analysis 1_video_20260713_145406_detailed.txt",10594,33
301,"E27HA02-07",2,"European Genuine Smiles","Participant 330_Participant 301 chi hap 2 C027_Analysis 1_video_20260713_145406_detailed.txt",10594,33
302,"E27HA03-02",2,"Chinese Genuine Smiles","Participant 331_Participant 302 chi hap 3 C027_Analysis 1_video_20260713_145432_detailed.txt",19060,60
302,"E27HA03-02",2,"European Genuine Smiles","Participant 331_Participant 302 chi hap 3 C027_Analysis 1_video_20260713_145432_detailed.txt",19060,60
303,"E27HA04-02",2,"Chinese Genuine Smiles","Participant 332_Participant 303 chi hap 4 C027_Analysis 1_video_20260713_145500_detailed.txt",18982,59
303,"E27HA04-02",2,"European Genuine Smiles","Participant 332_Participant 303 chi hap 4 C027_Analysis 1_video_20260713_145500_detailed.txt",18982,59
304,"E27HA05-02",2,"Chinese Genuine Smiles","Participant 333_Participant 304 chi hap 5 C027_Analysis 1_video_20260713_145526_detailed.txt",7402,21
304,"E27HA05-02",2,"European Genuine Smiles","Participant 333_Participant 304 chi hap 5 C027_Analysis 1_video_20260713_145526_detailed.txt",7402,21
305,"E27HA07-01",2,"Chinese Genuine Smiles","Participant 334_Participant 305 chi hap 6 C027_Analysis 1_video_20260713_145551_detailed.txt",10184,30
305,"E27HA07-01",2,"European Genuine Smiles","Participant 334_Participant 305 chi hap 6 C027_Analysis 1_video_20260713_145551_detailed.txt",10184,30
306,"W56HA06-04",2,"Chinese Genuine Smiles","Participant 34_Participant 6  chi hap 6 56JP_noback_Analysis 1_video_20260707_144854_detailed.txt",21598,75
306,"W56HA06-04",2,"European Genuine Smiles","Participant 34_Participant 6  chi hap 6 56JP_noback_Analysis 1_video_20260707_144854_detailed.txt",21598,75
307,"E28HA01-01",2,"Chinese Genuine Smiles","Participant 341_Participant 312 chi hap 1 C028_Analysis 1_video_20260713_150016_detailed.txt",20588,72
307,"E28HA01-01",2,"European Genuine Smiles","Participant 341_Participant 312 chi hap 1 C028_Analysis 1_video_20260713_150016_detailed.txt",20588,72
308,"E28HA02-03",2,"Chinese Genuine Smiles","Participant 342_Participant 313 chi hap 2 C028_Analysis 1_video_20260713_150100_detailed.txt",19658,69
308,"E28HA02-03",2,"European Genuine Smiles","Participant 342_Participant 313 chi hap 2 C028_Analysis 1_video_20260713_150100_detailed.txt",19658,69
309,"E28HA03-02",2,"Chinese Genuine Smiles","Participant 343_Participant 314 chi hap 3 C028_Analysis 1_video_20260713_150137_detailed.txt",17154,57
309,"E28HA03-02",2,"European Genuine Smiles","Participant 343_Participant 314 chi hap 3 C028_Analysis 1_video_20260713_150137_detailed.txt",17154,57
310,"E28HA06-04",2,"Chinese Genuine Smiles","Participant 344_Participant 315 chi hap 4 C028_Analysis 1_video_20260713_150212_detailed.txt",10146,33
310,"E28HA06-04",2,"European Genuine Smiles","Participant 344_Participant 315 chi hap 4 C028_Analysis 1_video_20260713_150212_detailed.txt",10146,33
311,"E28HA07-02",2,"Chinese Genuine Smiles","Participant 345_Participant 316 chi hap 5 C028_Analysis 1_video_20260713_150238_detailed.txt",19770,69
311,"E28HA07-02",2,"European Genuine Smiles","Participant 345_Participant 316 chi hap 5 C028_Analysis 1_video_20260713_150238_detailed.txt",19770,69
312,"E28HA07-04",2,"Chinese Genuine Smiles","Participant 346_Participant 317 chi hap 6 C028_Analysis 1_video_20260713_150305_detailed.txt",16238,55
312,"E28HA07-04",2,"European Genuine Smiles","Participant 346_Participant 317 chi hap 6 C028_Analysis 1_video_20260713_150305_detailed.txt",16238,55
313,"E30HA01-04",2,"Chinese Genuine Smiles","Participant 353_Participant 324 chi hap 1 C030_Analysis 1_video_20260713_150729_detailed.txt",19182,67
313,"E30HA01-04",2,"European Genuine Smiles","Participant 353_Participant 324 chi hap 1 C030_Analysis 1_video_20260713_150729_detailed.txt",19182,67
314,"E30HA02-01",2,"Chinese Genuine Smiles","Participant 354_Participant 325 chi hap 2 C030 _Analysis 1_video_20260713_150909_detailed.txt",12072,42
314,"E30HA02-01",2,"European Genuine Smiles","Participant 354_Participant 325 chi hap 2 C030 _Analysis 1_video_20260713_150909_detailed.txt",12072,42
315,"E30HA03-03",2,"Chinese Genuine Smiles","Participant 355_Participant 326 chi hap 3 C030 _Analysis 1_video_20260713_150933_detailed.txt",12890,45
315,"E30HA03-03",2,"European Genuine Smiles","Participant 355_Participant 326 chi hap 3 C030 _Analysis 1_video_20260713_150933_detailed.txt",12890,45
316,"E30HA04-04",2,"Chinese Genuine Smiles","Participant 356_Participant 327 chi hap 4 C030 _Analysis 1_video_20260713_151438_detailed.txt",8242,25
316,"E30HA04-04",2,"European Genuine Smiles","Participant 356_Participant 327 chi hap 4 C030 _Analysis 1_video_20260713_151438_detailed.txt",8242,25
317,"E30HA05-02",2,"Chinese Genuine Smiles","Participant 357_Participant 328 chi hap 5 C030 _Analysis 1_video_20260713_151550_detailed.txt",8572,28
317,"E30HA05-02",2,"European Genuine Smiles","Participant 357_Participant 328 chi hap 5 C030 _Analysis 1_video_20260713_151550_detailed.txt",8572,28
318,"E30HA07-01",2,"Chinese Genuine Smiles","Participant 358_Participant 329  chi hap 6 C030 _Analysis 1_video_20260713_151635_detailed.txt",12756,44
318,"E30HA07-01",2,"European Genuine Smiles","Participant 358_Participant 329  chi hap 6 C030 _Analysis 1_video_20260713_151635_detailed.txt",12756,44
319,"E31HA01-02",2,"Chinese Genuine Smiles","Participant 365_Participant 336 chi hap 1 C031_Analysis 1_video_20260713_152030_detailed.txt",11500,40
319,"E31HA01-02",2,"European Genuine Smiles","Participant 365_Participant 336 chi hap 1 C031_Analysis 1_video_20260713_152030_detailed.txt",11500,40
320,"E31HA03-01",2,"Chinese Genuine Smiles","Participant 366_Participant 337 chi hap 2 C031_Analysis 1_video_20260713_152057_detailed.txt",24688,86
320,"E31HA03-01",2,"European Genuine Smiles","Participant 366_Participant 337 chi hap 2 C031_Analysis 1_video_20260713_152057_detailed.txt",24688,86
321,"E31HA04-01",2,"Chinese Genuine Smiles","Participant 367_Participant 338 chi hap 3 C031_Analysis 1_video_20260713_152125_detailed.txt",20068,72
321,"E31HA04-01",2,"European Genuine Smiles","Participant 367_Participant 338 chi hap 3 C031_Analysis 1_video_20260713_152125_detailed.txt",20068,72
322,"E31HA04-02",2,"Chinese Genuine Smiles","Participant 368_Participant 339 chi hap 4 C031_Analysis 1_video_20260713_152210_detailed.txt",24998,91
322,"E31HA04-02",2,"European Genuine Smiles","Participant 368_Participant 339 chi hap 4 C031_Analysis 1_video_20260713_152210_detailed.txt",24998,91
323,"E31HA05-03",2,"Chinese Genuine Smiles","Participant 369_Participant 340 chi hap 5 C031_Analysis 1_video_20260713_152242_detailed.txt",22690,81
323,"E31HA05-03",2,"European Genuine Smiles","Participant 369_Participant 340 chi hap 5 C031_Analysis 1_video_20260713_152242_detailed.txt",22690,81
324,"E31HA05-04",2,"Chinese Genuine Smiles","Participant 370_Participant 341 chi hap 6 C031_Analysis 1_video_20260713_152308_detailed.txt",28172,104
324,"E31HA05-04",2,"European Genuine Smiles","Participant 370_Participant 341 chi hap 6 C031_Analysis 1_video_20260713_152308_detailed.txt",28172,104
325,"E32HA01-02",2,"Chinese Genuine Smiles","Participant 377_Participant 348 chi hap 1 C032_Analysis 1_video_20260713_152803_detailed.txt",10604,36
325,"E32HA01-02",2,"European Genuine Smiles","Participant 377_Participant 348 chi hap 1 C032_Analysis 1_video_20260713_152803_detailed.txt",10604,36
326,"E32HA02-03",2,"Chinese Genuine Smiles","Participant 378_Participant 349 chi hap 2 C032_Analysis 1_video_20260713_152853_detailed.txt",20280,74
326,"E32HA02-03",2,"European Genuine Smiles","Participant 378_Participant 349 chi hap 2 C032_Analysis 1_video_20260713_152853_detailed.txt",20280,74
327,"E32HA03-03",2,"Chinese Genuine Smiles","Participant 379_Participant 350 chi hap 3 C032_Analysis 1_video_20260713_152917_detailed.txt",11188,36
327,"E32HA03-03",2,"European Genuine Smiles","Participant 379_Participant 350 chi hap 3 C032_Analysis 1_video_20260713_152917_detailed.txt",11188,36
328,"E32HA04-01",2,"Chinese Genuine Smiles","Participant 380_Participant 351 chi hap 4 C032_Analysis 1_video_20260713_152942_detailed.txt",13722,45
328,"E32HA04-01",2,"European Genuine Smiles","Participant 380_Participant 351 chi hap 4 C032_Analysis 1_video_20260713_152942_detailed.txt",13722,45
329,"E32HA05-02",2,"Chinese Genuine Smiles","Participant 381_Participant 352 chi hap 5 C032_Analysis 1_video_20260713_153037_detailed.txt",17954,61
329,"E32HA05-02",2,"European Genuine Smiles","Participant 381_Participant 352 chi hap 5 C032_Analysis 1_video_20260713_153037_detailed.txt",17954,61
330,"W70HA01-02",2,"Chinese Genuine Smiles","Participant 41_Participant 13 chi hap 1 70JP_noback_Analysis 1_video_20260707_145557_detailed.txt",12426,41
330,"W70HA01-02",2,"European Genuine Smiles","Participant 41_Participant 13 chi hap 1 70JP_noback_Analysis 1_video_20260707_145557_detailed.txt",12426,41
331,"W70HA04-03",2,"Chinese Genuine Smiles","Participant 42_Participant 14 chi hap 2 70JP_noback_Analysis 1_video_20260707_145908_detailed.txt",16268,56
331,"W70HA04-03",2,"European Genuine Smiles","Participant 42_Participant 14 chi hap 2 70JP_noback_Analysis 1_video_20260707_145908_detailed.txt",16268,56
332,"W70HA06-02",2,"Chinese Genuine Smiles","Participant 43_Participant 15 chi hap 3 70JP_noback_Analysis 1_video_20260707_145939_detailed.txt",18146,61
332,"W70HA06-02",2,"European Genuine Smiles","Participant 43_Participant 15 chi hap 3 70JP_noback_Analysis 1_video_20260707_145939_detailed.txt",18146,61
333,"W70HA06-03",2,"Chinese Genuine Smiles","Participant 44_Participant 16 chi hap 4 70JP_noback_Analysis 1_video_20260707_150056_detailed.txt",22974,79
333,"W70HA06-03",2,"European Genuine Smiles","Participant 44_Participant 16 chi hap 4 70JP_noback_Analysis 1_video_20260707_150056_detailed.txt",22974,79
334,"W70HA07-02",2,"Chinese Genuine Smiles","Participant 45_Participant 17 chi hap 5 70JP_noback_Analysis 1_video_20260707_150148_detailed.txt",9256,30
334,"W70HA07-02",2,"European Genuine Smiles","Participant 45_Participant 17 chi hap 5 70JP_noback_Analysis 1_video_20260707_150148_detailed.txt",9256,30
335,"W70HA07-04",2,"Chinese Genuine Smiles","Participant 46_Participant 18 chi hap 6 70JP_noback_Analysis 1_video_20260707_150255_detailed.txt",15378,53
335,"W70HA07-04",2,"European Genuine Smiles","Participant 46_Participant 18 chi hap 6 70JP_noback_Analysis 1_video_20260707_150255_detailed.txt",15378,53
336,"W71HA04-04",2,"Chinese Genuine Smiles","Participant 53_Participant 25 chi hap 1 71JP_noback_Analysis 1_video_20260707_150944_detailed.txt",8470,27
336,"W71HA04-04",2,"European Genuine Smiles","Participant 53_Participant 25 chi hap 1 71JP_noback_Analysis 1_video_20260707_150944_detailed.txt",8470,27
337,"W71HA05-02",2,"Chinese Genuine Smiles","Participant 54_Participant 26 chi hap 2 71JP_noback_Analysis 1_video_20260707_151052_detailed.txt",19506,69
337,"W71HA05-02",2,"European Genuine Smiles","Participant 54_Participant 26 chi hap 2 71JP_noback_Analysis 1_video_20260707_151052_detailed.txt",19506,69
338,"W71HA05-03",2,"Chinese Genuine Smiles","Participant 55_Participant 27 chi hap 3 71JP_noback_Analysis 1_video_20260707_151138_detailed.txt",9516,32
338,"W71HA05-03",2,"European Genuine Smiles","Participant 55_Participant 27 chi hap 3 71JP_noback_Analysis 1_video_20260707_151138_detailed.txt",9516,32
339,"W71HA06-02",2,"Chinese Genuine Smiles","Participant 56_Participant 28 chi hap 4 71JP_noback_Analysis 1_video_20260707_151208_detailed.txt",9406,31
339,"W71HA06-02",2,"European Genuine Smiles","Participant 56_Participant 28 chi hap 4 71JP_noback_Analysis 1_video_20260707_151208_detailed.txt",9406,31
340,"W71HA07-01",2,"Chinese Genuine Smiles","Participant 57_Participant 29 chi hap 5 71JP_noback_Analysis 1_video_20260707_151245_detailed.txt",11248,38
340,"W71HA07-01",2,"European Genuine Smiles","Participant 57_Participant 29 chi hap 5 71JP_noback_Analysis 1_video_20260707_151245_detailed.txt",11248,38
341,"W71HA07-02",2,"Chinese Genuine Smiles","Participant 58_Participant 30 chi hap 6 71JP_noback_Analysis 1_video_20260707_151355_detailed.txt",18650,65
341,"W71HA07-02",2,"European Genuine Smiles","Participant 58_Participant 30 chi hap 6 71JP_noback_Analysis 1_video_20260707_151355_detailed.txt",18650,65
342,"W71HA01-03",2,"Chinese Genuine Smiles","Participant 65_Participant 37 chi hap 1 72SGP_noback_Analysis 2_video_20260707_151931_detailed.txt",17421,60
342,"W71HA01-03",2,"European Genuine Smiles","Participant 65_Participant 37 chi hap 1 72SGP_noback_Analysis 2_video_20260707_151931_detailed.txt",17421,60
343,"W72HA01-01",2,"Chinese Genuine Smiles","Participant 66_Participant 38 chi hap 2 72SGP_noback_Analysis 1_video_20260707_152002_detailed.txt",12885,44
343,"W72HA01-01",2,"European Genuine Smiles","Participant 66_Participant 38 chi hap 2 72SGP_noback_Analysis 1_video_20260707_152002_detailed.txt",12885,44
344,"W72HA02-03",2,"Chinese Genuine Smiles","Participant 67_Participant 39 chi hap 3 72SGP_noback_Analysis 1_video_20260707_152037_detailed.txt",12297,42
344,"W72HA02-03",2,"European Genuine Smiles","Participant 67_Participant 39 chi hap 3 72SGP_noback_Analysis 1_video_20260707_152037_detailed.txt",12297,42
345,"W72HA03-01",2,"Chinese Genuine Smiles","Participant 68_Participant 40 chi hap 4 72SGP_noback_Analysis 1_video_20260707_152120_detailed.txt",15677,56
345,"W72HA03-01",2,"European Genuine Smiles","Participant 68_Participant 40 chi hap 4 72SGP_noback_Analysis 1_video_20260707_152120_detailed.txt",15677,56
346,"W72HA04-04",2,"Chinese Genuine Smiles","Participant 69_Participant 41 chi hap 5 72SGP_noback_Analysis 1_video_20260707_152148_detailed.txt",12713,42
346,"W72HA04-04",2,"European Genuine Smiles","Participant 69_Participant 41 chi hap 5 72SGP_noback_Analysis 1_video_20260707_152148_detailed.txt",12713,42
347,"W72HA05-02",2,"Chinese Genuine Smiles","Participant 70_Participant 42 chi hap 6 72SGP_noback_Analysis 1_video_20260707_152226_detailed.txt",14187,49
347,"W72HA05-02",2,"European Genuine Smiles","Participant 70_Participant 42 chi hap 6 72SGP_noback_Analysis 1_video_20260707_152226_detailed.txt",14187,49
348,"W73HA01-01",2,"Chinese Genuine Smiles","Participant 77_Participant 48  chi hap 1 73CN_noback_Analysis 1_video_20260707_155212_detailed.txt",9244,32
348,"W73HA01-01",2,"European Genuine Smiles","Participant 77_Participant 48  chi hap 1 73CN_noback_Analysis 1_video_20260707_155212_detailed.txt",9244,32
349,"W73HA01-03",2,"Chinese Genuine Smiles","Participant 78_Participant 49 chi hap 2 73CN_noback_Analysis 1_video_20260707_155257_detailed.txt",12078,43
349,"W73HA01-03",2,"European Genuine Smiles","Participant 78_Participant 49 chi hap 2 73CN_noback_Analysis 1_video_20260707_155257_detailed.txt",12078,43
350,"W73HA02-03",2,"Chinese Genuine Smiles","Participant 79_Participant 50 chi hap 3 73CN_noback_Analysis 1_video_20260707_155416_detailed.txt",17476,64
350,"W73HA02-03",2,"European Genuine Smiles","Participant 79_Participant 50 chi hap 3 73CN_noback_Analysis 1_video_20260707_155416_detailed.txt",17476,64
351,"W73HA02-04",2,"Chinese Genuine Smiles","Participant 80_Participant 51 chi hap 4 73CN_noback_Analysis 1_video_20260707_155447_detailed.txt",7816,26
351,"W73HA02-04",2,"European Genuine Smiles","Participant 80_Participant 51 chi hap 4 73CN_noback_Analysis 1_video_20260707_155447_detailed.txt",7816,26
352,"W73HA03-03",2,"Chinese Genuine Smiles","Participant 81_Participant 52 chi hap 5 73CN_noback_Analysis 1_video_20260707_155522_detailed.txt",16132,60
352,"W73HA03-03",2,"European Genuine Smiles","Participant 81_Participant 52 chi hap 5 73CN_noback_Analysis 1_video_20260707_155522_detailed.txt",16132,60
353,"W73HA04-01",2,"Chinese Genuine Smiles","Participant 82_Participant 53 chi hap 6 73CN_noback_Analysis 1_video_20260707_155617_detailed.txt",11606,39
353,"W73HA04-01",2,"European Genuine Smiles","Participant 82_Participant 53 chi hap 6 73CN_noback_Analysis 1_video_20260707_155617_detailed.txt",11606,39
354,"E1HA02-02",2,"Chinese Genuine Smiles","Participant 89_Participant 60 chi hap 1 C00_Analysis 1_video_20260707_160856_detailed.txt",9650,32
354,"E1HA02-02",2,"European Genuine Smiles","Participant 89_Participant 60 chi hap 1 C00_Analysis 1_video_20260707_160856_detailed.txt",9650,32
355,"E1HA03-03",2,"Chinese Genuine Smiles","Participant 90_Participant 61 chi hap 2 C00_Analysis 1_video_20260707_161001_detailed.txt",14150,46
355,"E1HA03-03",2,"European Genuine Smiles","Participant 90_Participant 61 chi hap 2 C00_Analysis 1_video_20260707_161001_detailed.txt",14150,46
356,"E1HA03-04",2,"Chinese Genuine Smiles","Participant 91_Participant 62 chi hap 3 C00_Analysis 1_video_20260707_161031_detailed.txt",15338,52
356,"E1HA03-04",2,"European Genuine Smiles","Participant 91_Participant 62 chi hap 3 C00_Analysis 1_video_20260707_161031_detailed.txt",15338,52
357,"E1HA04-01",2,"Chinese Genuine Smiles","Participant 92_Participant 63 chi hap 4 C00_Analysis 1_video_20260707_161058_detailed.txt",9912,33
357,"E1HA04-01",2,"European Genuine Smiles","Participant 92_Participant 63 chi hap 4 C00_Analysis 1_video_20260707_161058_detailed.txt",9912,33
358,"E1HA05-01",2,"Chinese Genuine Smiles","Participant 93_Participant 64 chi hap 5 C00_Analysis 1_video_20260707_161131_detailed.txt",14322,48
358,"E1HA05-01",2,"European Genuine Smiles","Participant 93_Participant 64 chi hap 5 C00_Analysis 1_video_20260707_161131_detailed.txt",14322,48
359,"E1HA06-01",2,"Chinese Genuine Smiles","Participant 94_Participant 65 chi hap 6 C00_Analysis 1_video_20260707_161200_detailed.txt",10516,35
359,"E1HA06-01",2,"European Genuine Smiles","Participant 94_Participant 65 chi hap 6 C00_Analysis 1_video_20260707_161200_detailed.txt",10516,35
