"clip_id","smiler_id","culture","smile_type","label_conflict","stimulus","stimulus_num","take_num","clip_duration_s","n_frames","Neutral_pk","Neutral_mn","Neutral_prop","Neutral_durmax","Neutral_durtot","Neutral_tpk","Neutral_auc","Neutral_neps","Neutral_cens0","Neutral_cens1","Happy_pk","Happy_mn","Happy_prop","Happy_durmax","Happy_durtot","Happy_tpk","Happy_auc","Happy_neps","Happy_cens0","Happy_cens1","Sad_pk","Sad_mn","Sad_prop","Sad_durmax","Sad_durtot","Sad_tpk","Sad_auc","Sad_neps","Sad_cens0","Sad_cens1","Angry_pk","Angry_mn","Angry_prop","Angry_durmax","Angry_durtot","Angry_tpk","Angry_auc","Angry_neps","Angry_cens0","Angry_cens1","Surprised_pk","Surprised_mn","Surprised_prop","Surprised_durmax","Surprised_durtot","Surprised_tpk","Surprised_auc","Surprised_neps","Surprised_cens0","Surprised_cens1","Scared_pk","Scared_mn","Scared_prop","Scared_durmax","Scared_durtot","Scared_tpk","Scared_auc","Scared_neps","Scared_cens0","Scared_cens1","Disgusted_pk","Disgusted_mn","Disgusted_prop","Disgusted_durmax","Disgusted_durtot","Disgusted_tpk","Disgusted_auc","Disgusted_neps","Disgusted_cens0","Disgusted_cens1","Contempt_pk","Contempt_mn","Contempt_prop","Contempt_durmax","Contempt_durtot","Contempt_tpk","Contempt_auc","Contempt_neps","Contempt_cens0","Contempt_cens1","AU01_pk","AU01_mn","AU01_prop","AU01_durmax","AU01_durtot","AU01_tpk","AU01_auc","AU01_neps","AU01_cens0","AU01_cens1","AU02_pk","AU02_mn","AU02_prop","AU02_durmax","AU02_durtot","AU02_tpk","AU02_auc","AU02_neps","AU02_cens0","AU02_cens1","AU04_pk","AU04_mn","AU04_prop","AU04_durmax","AU04_durtot","AU04_tpk","AU04_auc","AU04_neps","AU04_cens0","AU04_cens1","AU05_pk","AU05_mn","AU05_prop","AU05_durmax","AU05_durtot","AU05_tpk","AU05_auc","AU05_neps","AU05_cens0","AU05_cens1","AU06_pk","AU06_mn","AU06_prop","AU06_durmax","AU06_durtot","AU06_tpk","AU06_auc","AU06_neps","AU06_cens0","AU06_cens1","AU07_pk","AU07_mn","AU07_prop","AU07_durmax","AU07_durtot","AU07_tpk","AU07_auc","AU07_neps","AU07_cens0","AU07_cens1","AU09_pk","AU09_mn","AU09_prop","AU09_durmax","AU09_durtot","AU09_tpk","AU09_auc","AU09_neps","AU09_cens0","AU09_cens1","AU10_pk","AU10_mn","AU10_prop","AU10_durmax","AU10_durtot","AU10_tpk","AU10_auc","AU10_neps","AU10_cens0","AU10_cens1","AU12_pk","AU12_mn","AU12_prop","AU12_durmax","AU12_durtot","AU12_tpk","AU12_auc","AU12_neps","AU12_cens0","AU12_cens1","AU14_pk","AU14_mn","AU14_prop","AU14_durmax","AU14_durtot","AU14_tpk","AU14_auc","AU14_neps","AU14_cens0","AU14_cens1","AU15_pk","AU15_mn","AU15_prop","AU15_durmax","AU15_durtot","AU15_tpk","AU15_auc","AU15_neps","AU15_cens0","AU15_cens1","AU17_pk","AU17_mn","AU17_prop","AU17_durmax","AU17_durtot","AU17_tpk","AU17_auc","AU17_neps","AU17_cens0","AU17_cens1","AU18_pk","AU18_mn","AU18_prop","AU18_durmax","AU18_durtot","AU18_tpk","AU18_auc","AU18_neps","AU18_cens0","AU18_cens1","AU20_pk","AU20_mn","AU20_prop","AU20_durmax","AU20_durtot","AU20_tpk","AU20_auc","AU20_neps","AU20_cens0","AU20_cens1","AU23_pk","AU23_mn","AU23_prop","AU23_durmax","AU23_durtot","AU23_tpk","AU23_auc","AU23_neps","AU23_cens0","AU23_cens1","AU24_pk","AU24_mn","AU24_prop","AU24_durmax","AU24_durtot","AU24_tpk","AU24_auc","AU24_neps","AU24_cens0","AU24_cens1","AU25_pk","AU25_mn","AU25_prop","AU25_durmax","AU25_durtot","AU25_tpk","AU25_auc","AU25_neps","AU25_cens0","AU25_cens1","AU26_pk","AU26_mn","AU26_prop","AU26_durmax","AU26_durtot","AU26_tpk","AU26_auc","AU26_neps","AU26_cens0","AU26_cens1","AU27_pk","AU27_mn","AU27_prop","AU27_durmax","AU27_durtot","AU27_tpk","AU27_auc","AU27_neps","AU27_cens0","AU27_cens1","AU43_pk","AU43_mn","AU43_prop","AU43_durmax","AU43_durtot","AU43_tpk","AU43_auc","AU43_neps","AU43_cens0","AU43_cens1","duchenne_prop","au12_rise_rate","au12_smooth","au12_n_bouts","exclude_reason"
"E11HA01-01","C11","Chinese","Genuine",0,"Happy 1 CN",1,1,2.875,23,0.4748861,0.2906589,0,0,0,2.75,0.77793804375,0,0,0,0.6374859,0.419900497391304,0.434782608695652,1,1.25,1.75,1.19652694625,2,0,0,0.125077,0.0325537239130435,0,0,0,0,0.083956098125,0,0,0,0.1673478,0.0665623908695652,0,0,0,2.5,0.178323418125,0,0,0,0.09560151,0.0232661063478261,0,0,0,0,0.0605618029375,0,0,0,0.0842142,0.016634202826087,0,0,0,2.75,0.039981694375,0,0,0,0.04307053,0.00847452495652174,0,0,0,2.75,0.020794001125,0,0,0,0.04718811,0.016094364,0,0,0,2.375,0.04300037525,0,0,0,3,1.52173913043478,0.826086956521739,2.375,2.375,1.125,4.25,1,1,0,2,1.04347826086957,0.695652173913043,2,2,0,2.875,1,1,0,0,0,0,0,0,0,0,0,0,0,2,0.347826086956522,0.304347826086957,0.875,0.875,0,0.875,1,1,0,0,0,0,0,0,0,0,0,0,0,1,0.91304347826087,0.91304347826087,2.625,2.625,0.25,2.5625,1,0,1,0,0,0,0,0,0,0,0,0,0,0,0,0,0,0,0,0,0,0,0,1,0.91304347826087,0.91304347826087,2.625,2.625,0,2.5625,1,1,0,0,0,0,0,0,0,0,0,0,0,0,0,0,0,0,0,0,0,0,0,0,0,0,0,0,0,0,0,0,0,0,0,0,0,0,0,0,0,0,0,0,0,0,0,0,0,0,0,0,0,0,0,0,0,0,0,0,0,0,0,0,0,0,0,0,0,0,0,0,0,1,0.217391304347826,0.217391304347826,0.625,0.625,2.25,0.5625,1,0,1,0,0,0,0,0,0,0,0,0,0,0,0,0,0,0,0,0,0,0,0,3,2.39130434782609,0.869565217391304,2.5,2.5,0.625,6.75,1,0,1,0,,0.0454545454545455,1,
"E11HA02-04","C11","Chinese","Genuine",0,"Happy 2 CN",2,4,5.875,47,0.439324,0.208948908297872,0,0,0,0,1.184753905,0,0,0,0.8845165,0.594637995744681,0.595744680851064,3.375,3.5,2.375,3.4481354375,2,0,1,0.008120016,0.00215997542553192,0,0,0,0.125,0.0121401286875,0,0,0,0.06860978,0.0317309885106383,0,0,0,5.75,0.1792005875,0,0,0,0.01727662,0.00362749991489362,0,0,0,0.125,0.020184583,0,0,0,0.06410331,0.00786162391489362,0,0,0,0.125,0.042072522125,0,0,0,0.05928138,0.0190997879574468,0,0,0,4,0.109929981125,0,0,0,0.005076807,0.0027626919787234,0,0,0,5.625,0.0158442071875,0,0,0,0,0,0,0,0,0,0,0,0,0,0,0,0,0,0,0,0,0,0,0,0,0,0,0,0,0,0,0,0,0,0,0,0,0,0,0,0,0,0,0,2,1.61702127659574,0.893617021276596,5.25,5.25,1.625,9.375,1,0,1,1,0.808510638297872,0.808510638297872,2,4.75,0,4.625,3,1,1,0,0,0,0,0,0,0,0,0,0,0,0,0,0,0,0,0,0,0,0,4,2.59574468085106,0.936170212765957,5.5,5.5,1.75,15.125,1,0,1,0,0,0,0,0,0,0,0,0,0,0,0,0,0,0,0,0,0,0,0,0,0,0,0,0,0,0,0,0,0,0,0,0,0,0,0,0,0,0,0,1,0.212765957446809,0.212765957446809,0.625,1.25,0,1.1875,3,1,0,0,0,0,0,0,0,0,0,0,0,0,0,0,0,0,0,0,0,0,0,3,2.17021276595745,0.936170212765957,5.375,5.5,0,12.5,2,1,1,1,0.297872340425532,0.297872340425532,1.75,1.75,1.75,1.75,1,0,0,0,0,0,0,0,0,0,0,0,0,4,2.4468085106383,1,5.875,5.875,4.25,14.125,1,1,1,0.954545454545455,2.90909090909091,0.130434782608696,1,
"E11HA03-03","C11","Chinese","Genuine",0,"Happy 3 CN",3,3,4.625,37,0.7280338,0.336033332432432,0.108108108108108,0.375,0.5,0,1.47411628125,2,1,1,0.5728947,0.401498385945946,0.108108108108108,0.5,0.5,2.75,1.842028455,1,0,0,0.05836546,0.0111796492972973,0,0,0,0,0.045714659875,0,0,0,0.05352328,0.0349657681081081,0,0,0,0.25,0.157219004375,0,0,0,0.01374641,0.004216214,0,0,0,4.5,0.018164022125,0,0,0,0.002896888,0.000750735216216216,0,0,0,0,0.0031538466875,0,0,0,0.07423837,0.0206174794324324,0,0,0,0,0.088172283,0,0,0,0.01248894,0.0075778095945946,0,0,0,1.875,0.0347014541875,0,0,0,0,0,0,0,0,0,0,0,0,0,0,0,0,0,0,0,0,0,0,0,0,0,0,0,0,0,0,0,0,0,0,0,0,0,0,0,0,0,0,0,1,0.486486486486486,0.486486486486487,2.25,2.25,1.875,2.25,1,0,0,1,0.702702702702703,0.702702702702703,3.25,3.25,0.75,3.25,1,0,0,0,0,0,0,0,0,0,0,0,0,0,0,0,0,0,0,0,0,0,0,2,1.78378378378378,0.972972972972973,4.5,4.5,0.5,8.1875,1,0,1,0,0,0,0,0,0,0,0,0,0,0,0,0,0,0,0,0,0,0,0,1,0.162162162162162,0.162162162162162,0.75,0.75,2.75,0.75,1,0,0,0,0,0,0,0,0,0,0,0,0,0,0,0,0,0,0,0,0,0,0,0,0,0,0,0,0,0,0,0,0,0,0,0,0,0,0,0,0,0,0,0,0,0,0,0,0,0,0,0,0,0,0,0,0,0,0,0,0,0,0,0,0,0,0,0,0,0,0,0,0,4,3.32432432432432,1,4.625,4.625,0,14.875,1,1,1,0.5,5.33333333333333,0.0833333333333333,1,
"E11HA04-05","C11","Chinese","Genuine",0,"Happy 4 CN",4,5,4.25,34,0.6227482,0.233377673529412,0.117647058823529,0.5,0.5,0.125,0.94353621875,1,1,0,0.7814324,0.581096127647059,0.794117647058823,3.375,3.375,2.25,2.427167621875,1,0,1,0.2094669,0.0287960676470588,0,0,0,0,0.108563188125,0,0,0,0.06617408,0.0271454432647059,0,0,0,0.375,0.111782324125,0,0,0,0.02341588,0.00698114455882353,0,0,0,0,0.0278590550625,0,0,0,0.006421099,0.00220321576470588,0,0,0,0,0.0088936168125,0,0,0,0.1467238,0.0272234097941176,0,0,0,0,0.105176956,0,0,0,0.04051528,0.0109789940588235,0,0,0,0.375,0.045575627125,0,0,0,0,0,0,0,0,0,0,0,0,0,0,0,0,0,0,0,0,0,0,0,0,0,0,0,0,0,0,0,0,0,0,0,0,0,0,0,0,0,0,0,2,1.23529411764706,0.764705882352941,3.25,3.25,2.25,5.125,1,0,1,1,0.588235294117647,0.588235294117647,1.625,2.5,1.125,2.4375,3,0,1,0,0,0,0,0,0,0,0,0,0,0,0,0,0,0,0,0,0,0,0,3,2.47058823529412,0.911764705882353,3.875,3.875,1,10.3125,1,0,1,0,0,0,0,0,0,0,0,0,0,0,0,0,0,0,0,0,0,0,0,0,0,0,0,0,0,0,0,0,0,0,0,0,0,0,0,0,0,0,0,1,0.38235294117647,0.382352941176471,1.625,1.625,2.625,1.5625,1,0,1,0,0,0,0,0,0,0,0,0,0,0,0,0,0,0,0,0,0,0,0,3,1.17647058823529,0.61764705882353,2.625,2.625,3.125,4.875,1,0,1,1,0.147058823529412,0.147058823529412,0.625,0.625,3.25,0.625,1,0,0,0,0,0,0,0,0,0,0,0,0,4,2.20588235294118,1,4.25,4.25,2.75,9.0625,1,1,1,0.838709677419355,4.8,0.151515151515152,1,
"E11HA05-04","C11","Chinese","Genuine",0,"Happy 5 CN",5,4,4.625,37,0.7713069,0.361136081081081,0.189189189189189,0.75,0.875,0.25,1.5905217125,2,1,1,0.6358484,0.403332463243243,0.27027027027027,1,1.25,2.75,1.84811297375,2,0,0,0.02918599,0.0088591765945946,0,0,0,0.125,0.038454533,0,0,0,0.2293842,0.111225418378378,0,0,0,1.125,0.497124685,0,0,0,0.2166747,0.0309793229459459,0,0,0,0,0.128987887375,0,0,0,0.0157788,0.00291897781081081,0,0,0,0,0.01230092025,0,0,0,0.07547665,0.0208816046486487,0,0,0,3.25,0.0957631675,0,0,0,0.007403756,0.00297664586486487,0,0,0,2.375,0.0134218114375,0,0,0,1,0.081081081081081,0.0810810810810811,0.375,0.375,0,0.3125,1,1,0,1,0.0270270270270271,0.027027027027027,0.125,0.125,0,0.0625,1,1,0,0,0,0,0,0,0,0,0,0,0,0,0,0,0,0,0,0,0,0,0,2,0.837837837837838,0.783783783783784,3.625,3.625,2.375,3.8125,1,0,1,2,1.62162162162162,0.864864864864865,4,4,1.125,7.375,1,0,1,0,0,0,0,0,0,0,0,0,0,0,0,0,0,0,0,0,0,0,0,2,1.81081081081081,1,4.625,4.625,0.75,8.25,1,1,1,0,0,0,0,0,0,0,0,0,0,0,0,0,0,0,0,0,0,0,0,1,0.432432432432432,0.432432432432432,2,2,2.125,2,1,0,0,0,0,0,0,0,0,0,0,0,0,0,0,0,0,0,0,0,0,0,0,0,0,0,0,0,0,0,0,0,0,0,0,0,0,0,0,0,0,0,0,0,0,0,0,0,0,0,0,0,0,0,0,0,0,0,0,0,0,0,0,0,0,0,0,0,0,0,0,0,0,4,2.24324324324324,0.756756756756757,3.5,3.5,3.25,10.25,1,0,1,0.783783783783784,,0.0555555555555556,1,
"E11HA06-04","C11","Chinese","Genuine",0,"Happy 6 CN",6,4,9.75,78,0.8723753,0.246457668076923,0.153846153846154,1.5,1.5,0.125,2.3326349075,1,1,0,0.957745,0.619181820769231,0.794871794871795,7.75,7.75,6,6.00595620125,1,0,0,0.1207273,0.0152001968974359,0,0,0,0.375,0.1446632493125,0,0,0,0.1172474,0.0328704687435897,0,0,0,9.625,0.310955763375,0,0,0,0.03869259,0.00707629893589744,0,0,0,0.125,0.066095687125,0,0,0,0.02012978,0.0054819498974359,0,0,0,0.625,0.051640818375,0,0,0,0.06578647,0.0149199607564103,0,0,0,7.375,0.1425251070625,0,0,0,0.03976499,0.0115702281282051,0,0,0,1.25,0.1126662104375,0,0,0,0,0,0,0,0,0,0,0,0,0,0,0,0,0,0,0,0,0,0,0,0,0,0,0,0,0,0,0,0,0,0,0,0,0,0,0,0,0,0,0,3,1.47435897435897,0.756410256410256,7.375,7.375,5,14.3125,1,0,1,1,0.730769230769231,0.730769230769231,3.75,7.125,1.625,7.0625,2,0,1,0,0,0,0,0,0,0,0,0,0,0,0,0,0,0,0,0,0,0,0,4,2.75641025641026,0.923076923076923,9,9,4.5,26.75,1,0,1,0,0,0,0,0,0,0,0,0,0,0,0,0,0,0,0,0,0,0,0,0,0,0,0,0,0,0,0,0,0,0,0,0,0,0,0,0,0,0,0,1,0.602564102564103,0.602564102564103,5.875,5.875,2.625,5.875,1,0,0,0,0,0,0,0,0,0,0,0,0,0,0,0,0,0,0,0,0,0,0,4,1.62820512820513,0.666666666666667,5.25,6.5,5.375,15.75,2,0,1,1,0.423076923076923,0.423076923076923,4.125,4.125,2.625,4.125,1,0,0,0,0,0,0,0,0,0,0,0,0,4,2.37179487179487,0.974358974358974,9.5,9.5,7.125,23,1,0,1,0.819444444444444,1.06666666666667,0.0779220779220779,1,
"E13HA01-03","C13","Chinese","Genuine",0,"Happy 1 CN",1,3,2.875,23,0.5723559,0.253734947826087,0.0869565217391304,0.25,0.25,0,0.6773856625,1,1,0,0.6737056,0.558056330434783,0.782608695652174,2.25,2.25,1.5,1.5622873125,1,0,0,0.02654118,0.007617086,0,0,0,2.25,0.0209518758125,0,0,0,0.3258967,0.0912507052173913,0,0,0,0,0.2384654425,0,0,0,0.001922136,0.000758332347826087,0,0,0,0.125,0.002035037375,0,0,0,0.02517598,0.0155610742173913,0,0,0,1.625,0.0433417950625,0,0,0,0.05439526,0.0208536996956522,0,0,0,2.25,0.0572642796875,0,0,0,0.05518625,0.0302374922608696,0,0,0,2.125,0.0852071495,0,0,0,0,0,0,0,0,0,0,0,0,0,0,0,0,0,0,0,0,0,0,0,1,0.695652173913043,0.695652173913043,2,2,0.875,1.9375,1,0,1,0,0,0,0,0,0,0,0,0,0,3,2.47826086956522,1,2.875,2.875,0.875,6.875,1,1,1,2,1,0.826086956521739,2.375,2.375,1.625,2.8125,1,0,1,1,0.347826086956522,0.347826086956522,1,1,0.75,1,1,0,0,0,0,0,0,0,0,0,0,0,0,2,1.78260869565217,1,2.875,2.875,0.625,4.9375,1,1,1,0,0,0,0,0,0,0,0,0,0,0,0,0,0,0,0,0,0,0,0,1,0.608695652173913,0.608695652173913,1.75,1.75,0.625,1.75,1,0,0,0,0,0,0,0,0,0,0,0,0,0,0,0,0,0,0,0,0,0,0,0,0,0,0,0,0,0,0,0,0,0,0,0,0,0,0,0,0,0,0,2,0.217391304347826,0.173913043478261,0.5,0.5,2.625,0.5625,1,0,1,0,0,0,0,0,0,0,0,0,0,0,0,0,0,0,0,0,0,0,0,3,1.52173913043478,0.739130434782609,2.125,2.125,2.125,4.1875,1,0,1,1,,0.0454545454545455,1,
"E13HA02-03","C13","Chinese","Genuine",0,"Happy 2 CN",2,3,8.625,69,0.4530519,0.233060592753623,0,0,0,8.5,1.96505989375,0,0,0,0.7379349,0.535233146956522,0.652173913043478,3.5,5.625,7,4.58176169,3,0,0,0.02866996,0.0070431521884058,0,0,0,8.375,0.0588375656875,0,0,0,0.1387672,0.0521042831884058,0,0,0,8.5,0.435658745625,0,0,0,0.000171413,0.000111156362318841,0,0,0,0.625,0.00094696675,0,0,0,0.01363348,0.00891994114492754,0,0,0,2.125,0.0761349936875,0,0,0,0.1124219,0.0264204725362319,0,0,0,8.5,0.21913422875,0,0,0,0.1240999,0.0684327333333333,0,0,0,8,0.583174613125,0,0,0,0,0,0,0,0,0,0,0,0,0,0,0,0,0,0,0,0,0,0,0,1,0.840579710144927,0.840579710144927,5.625,7.25,0.375,7.1875,3,0,1,0,0,0,0,0,0,0,0,0,0,3,2.73913043478261,1,8.625,8.625,0.5,23.3125,1,1,1,2,1.39130434782609,1,8.625,8.625,0,11.8125,1,1,1,1,0.333333333333333,0.333333333333333,2.875,2.875,0.5,2.875,1,0,0,0,0,0,0,0,0,0,0,0,0,2,1.8695652173913,1,8.625,8.625,0.25,16,1,1,1,1,0.130434782608696,0.130434782608696,0.875,1.125,3.125,1.125,2,0,0,0,0,0,0,0,0,0,0,0,0,2,1.20289855072464,0.91304347826087,7.75,7.875,2.125,10.25,2,0,1,0,0,0,0,0,0,0,0,0,0,1,0.376811594202899,0.376811594202899,2.625,3.25,3,3.25,2,0,0,0,0,0,0,0,0,0,0,0,0,0,0,0,0,0,0,0,0,0,0,0,0,0,0,0,0,0,0,0,0,0,0,0,0,0,0,0,0,0,0,0,0,0,0,0,0,0,0,0,0,2,1.17391304347826,1,8.625,8.625,0.875,10,1,1,1,1,,0.0588235294117647,1,
"E13HA03-03","C13","Chinese","Genuine",0,"Happy 3 CN",3,3,8.625,69,0.5142967,0.153945736521739,0.0144927536231884,0.125,0.125,8.5,1.27212993375,1,0,1,0.8855718,0.719745315942029,0.898550724637681,4.125,7.75,5.5,6.1642858625,2,0,0,0.0316633,0.00570538115942029,0,0,0,4.5,0.04789498875,0,0,0,0.1289166,0.0403933385507246,0,0,0,8.5,0.334595033125,0,0,0,0.000591637,0.000239247492753623,0,0,0,8.5,0.00199168775,0,0,0,0.01179907,0.00537304630434783,0,0,0,8.5,0.045264232375,0,0,0,0.08623987,0.0174008445652174,0,0,0,4.5,0.147446088125,0,0,0,0.2816723,0.0959828415362319,0,0,0,7.75,0.811052735125,0,0,0,0,0,0,0,0,0,0,0,0,0,0,0,0,0,0,0,0,0,0,0,1,0.710144927536232,0.710144927536232,5.875,6.125,0.375,6.125,2,0,0,0,0,0,0,0,0,0,0,0,0,4,2.94202898550725,1,8.625,8.625,2.375,25.125,1,1,1,2,1.47826086956522,1,8.625,8.625,0.625,12.625,1,1,1,1,0.27536231884058,0.27536231884058,2.375,2.375,0.375,2.375,1,0,0,0,0,0,0,0,0,0,0,0,0,3,2.34782608695652,1,8.625,8.625,0.875,20.125,1,1,1,1,0.115942028985507,0.115942028985507,1,1,7.625,0.9375,1,0,1,0,0,0,0,0,0,0,0,0,0,1,0.492753623188406,0.492753623188406,2.5,4.25,0.375,4.25,3,0,0,0,0,0,0,0,0,0,0,0,0,1,0.173913043478261,0.173913043478261,0.625,1.5,2.125,1.5,4,0,0,0,0,0,0,0,0,0,0,0,0,0,0,0,0,0,0,0,0,0,0,3,0.478260869565217,0.231884057971014,2,2,5.125,4.125,1,0,0,1,0.144927536231884,0.144927536231884,1.25,1.25,5,1.25,1,0,0,0,0,0,0,0,0,0,0,0,0,3,1.33333333333333,0.927536231884058,8,8,3.625,11.5,1,0,0,1,,0.0882352941176471,1,
"E13HA04-03","C13","Chinese","Genuine",0,"Happy 4 CN",4,3,6.375,51,0.3039354,0.168659776666667,0,0,0,0.5,1.04374212,0,0,0,0.8507904,0.618486973745098,0.823529411764706,5.25,5.25,5.375,3.9121972024375,1,0,0,0.09794112,0.0163426815098039,0,0,0,0,0.097764568625,0,0,0,0.7764144,0.118403566862745,0.0784313725490196,0.5,0.5,0,0.69715107,1,1,0,0.000426554,0.000190062941176471,0,0,0,4.375,0.0011857961875,0,0,0,0.01388333,0.00730756147058823,0,0,0,0.25,0.0455174418125,0,0,0,0.02244393,0.00830256415686275,0,0,0,4.375,0.05180268725,0,0,0,0.2130965,0.0920343875294118,0,0,0,4.875,0.5840714825625,0,0,0,0,0,0,0,0,0,0,0,0,0,0,0,0,0,0,0,0,0,0,0,1,0.745098039215686,0.745098039215686,4.75,4.75,0.625,4.75,1,0,0,0,0,0,0,0,0,0,0,0,0,3,1.84313725490196,0.88235294117647,5.625,5.625,3.125,11.625,1,0,1,1,0.843137254901961,0.843137254901961,5.375,5.375,1,5.3125,1,0,1,0,0,0,0,0,0,0,0,0,0,0,0,0,0,0,0,0,0,0,0,3,2.23529411764706,0.92156862745098,5.875,5.875,2.5,14.125,1,0,1,1,0.235294117647059,0.235294117647059,1.5,1.5,3.75,1.5,1,0,0,0,0,0,0,0,0,0,0,0,0,1,0.529411764705882,0.529411764705882,3.375,3.375,1.625,3.375,1,0,0,0,0,0,0,0,0,0,0,0,0,0,0,0,0,0,0,0,0,0,0,0,0,0,0,0,0,0,0,0,0,0,0,0,0,0,0,0,0,0,0,0,0,0,0,0,0,0,0,0,0,0,0,0,0,0,0,0,0,0,0,0,0,0,0,0,0,0,0,0,0,3,1.52941176470588,0.96078431372549,6.125,6.125,1.875,9.6875,1,0,1,0.957446808510638,1.5,0.12,1,
"E13HA05-03","C13","Chinese","Genuine",0,"Happy 5 CN",5,3,4.625,37,0.4591546,0.231925598918919,0,0,0,0,1.01916812625,0,0,0,0.8618571,0.526496778378378,0.486486486486487,2,2.25,1.5,2.425366935625,2,0,0,0.03782377,0.00852364662162162,0,0,0,4.375,0.035263644375,0,0,0,0.5334217,0.118254060702703,0.0540540540540541,0.25,0.25,0,0.499607462,1,1,0,0.001956972,0.000523099621621622,0,0,0,4,0.002321528,0,0,0,0.01349723,0.00665450327027027,0,0,0,0.25,0.0296440005625,0,0,0,0.09919553,0.0264985741351351,0,0,0,4.5,0.1155154385,0,0,0,0.05958584,0.0209795773243243,0,0,0,3.125,0.09665781125,0,0,0,0,0,0,0,0,0,0,0,0,0,0,0,0,0,0,0,0,0,0,0,1,0.72972972972973,0.72972972972973,2.75,3.375,0.375,3.3125,2,0,1,0,0,0,0,0,0,0,0,0,0,3,2.59459459459459,1,4.625,4.625,0.625,11.8125,1,1,1,2,1.18918918918919,0.945945945945946,4.375,4.375,2.625,5.4375,1,0,1,1,0.621621621621621,0.621621621621622,2.875,2.875,1.5,2.875,1,0,0,0,0,0,0,0,0,0,0,0,0,3,1.89189189189189,0.918918918918919,4.25,4.25,0.875,8.6875,1,0,1,0,0,0,0,0,0,0,0,0,0,0,0,0,0,0,0,0,0,0,0,2,0.486486486486487,0.378378378378378,1.75,1.75,3,2.25,1,0,0,0,0,0,0,0,0,0,0,0,0,0,0,0,0,0,0,0,0,0,0,0,0,0,0,0,0,0,0,0,0,0,0,0,0,0,0,0,0,0,0,4,1.97297297297297,0.837837837837838,2.75,3.875,1.5,9.0625,2,0,1,1,0.513513513513513,0.513513513513513,1.75,2.375,1.125,2.375,2,0,0,0,0,0,0,0,0,0,0,0,0,4,2.35135135135135,0.891891891891892,4.125,4.125,1.875,10.6875,1,0,1,1,6,0.138888888888889,1,
"E13HA06-04","C13","Chinese","Genuine",0,"Happy 6 CN",6,4,4.125,33,0.4161093,0.201334494545455,0,0,0,0.375,0.781676865,0,0,0,0.909589,0.640438772727273,0.666666666666667,2.75,2.75,3,2.60409065,1,0,0,0.0139914,0.00319487721212121,0,0,0,3.875,0.012204407,0,0,0,0.2560306,0.0802490683636364,0,0,0,0.5,0.3143691695,0,0,0,0.000613044,0.00035657703030303,0,0,0,1.5,0.00143292975,0,0,0,0.01611906,0.00753183278787879,0,0,0,0.5,0.029811017875,0,0,0,0.04825439,0.0130875516666667,0,0,0,4,0.050313049375,0,0,0,0.07234973,0.021417999969697,0,0,0,1,0.0866396035,0,0,0,0,0,0,0,0,0,0,0,0,0,0,0,0,0,0,0,0,0,0,0,1,0.151515151515152,0.151515151515152,0.625,0.625,2,0.625,1,0,0,0,0,0,0,0,0,0,0,0,0,3,2.3030303030303,1,4.125,4.125,2.125,9.25,1,1,1,1,0.515151515151515,0.515151515151515,2.125,2.125,2,2.0625,1,0,1,0,0,0,0,0,0,0,0,0,0,0,0,0,0,0,0,0,0,0,0,3,1.72727272727273,1,4.125,4.125,2.75,7,1,1,1,0,0,0,0,0,0,0,0,0,0,0,0,0,0,0,0,0,0,0,0,0,0,0,0,0,0,0,0,0,0,0,0,0,0,0,0,0,0,0,0,0,0,0,0,0,0,0,0,0,0,0,0,0,0,0,0,0,0,0,0,0,0,0,0,0,0,0,0,0,0,3,1.39393939393939,0.696969696969697,2.875,2.875,2.5,5.6875,1,0,1,0,0,0,0,0,0,0,0,0,0,0,0,0,0,0,0,0,0,0,0,3,1.12121212121212,0.636363636363636,2.625,2.625,1.625,4.5625,1,0,1,1,,0.1875,1,
"E14HA01-02","C14","Chinese","Genuine",0,"Happy 1 CN",1,2,5,40,0.5139942,0.1456008,0.025,0.125,0.125,0.125,0.6741825875,1,0,0,0.9723403,0.699909187,0.725,3.625,3.625,2.375,3.48933548625,1,0,0,0.06510796,0.0125668677,0,0,0,0,0.056928224125,0,0,0,0.2621716,0.0620072798,0,0,0,0.125,0.28071455525,0,0,0,0.006399196,0.000952965275,0,0,0,0.125,0.0045173503125,0,0,0,0.003727222,0.0005230502,0,0,0,0,0.0023507064375,0,0,0,0.0945658,0.0196389454,0,0,0,4.25,0.092021640125,0,0,0,0.009516206,0.00153359715,0,0,0,4.75,0.007101317625,0,0,0,0,0,0,0,0,0,0,0,0,0,0,0,0,0,0,0,0,0,0,0,1,0.25,0.25,1.25,1.25,3.625,1.25,1,0,0,0,0,0,0,0,0,0,0,0,0,3,1.85,0.9,4.5,4.5,1.5,9.1875,1,0,1,0,0,0,0,0,0,0,0,0,0,0,0,0,0,0,0,0,0,0,0,0,0,0,0,0,0,0,0,0,0,4,3.35,1,5,5,1,16.5625,1,1,1,0,0,0,0,0,0,0,0,0,0,0,0,0,0,0,0,0,0,0,0,0,0,0,0,0,0,0,0,0,0,0,0,0,0,0,0,0,0,0,0,0,0,0,0,0,0,0,0,0,0,0,0,0,0,0,0,0,0,0,0,0,0,0,0,0,0,0,0,0,0,4,3.025,0.925,4.625,4.625,1.25,15.0625,1,0,1,1,0.7,0.7,3.5,3.5,1,3.5,1,0,0,0,0,0,0,0,0,0,0,0,0,4,3.45,1,5,5,1.625,16.875,1,1,1,0.9,,0.128205128205128,1,
"E14HA01-04","C14","Chinese","Genuine",0,"Happy 1 CN",1,4,4.875,39,0.4233148,0.337773830769231,0,0,0,0.125,1.60176211875,0,0,0,0.2137435,0.109811909461538,0,0,0,0.625,0.5312015799375,0,0,0,0.005035489,0.00153407861538462,0,0,0,0.375,0.0070670179375,0,0,0,0.4085934,0.20370178974359,0,0,0,4.25,0.96423413125,0,0,0,0.01946916,0.00256587528205128,0,0,0,0,0.0111829960625,0,0,0,0.07602639,0.0158041110769231,0,0,0,0.125,0.071661410875,0,0,0,0.4347753,0.281253422051282,0,0,0,3.375,1.34738134,0,0,0,0.000942967,0.000575989,0,0,0,4,0.00277343975,0,0,0,0,0,0,0,0,0,0,0,0,0,0,0,0,0,0,0,0,0,0,0,1,0.769230769230769,0.769230769230769,3.75,3.75,1.125,3.6875,1,0,1,0,0,0,0,0,0,0,0,0,0,0,0,0,0,0,0,0,0,0,0,0,0,0,0,0,0,0,0,0,0,0,0,0,0,0,0,0,0,0,0,0,0,0,0,0,0,0,0,0,0,1,0.333333333333333,0.333333333333333,1.625,1.625,0.875,1.625,1,0,0,0,0,0,0,0,0,0,0,0,0,0,0,0,0,0,0,0,0,0,0,0,0,0,0,0,0,0,0,0,0,0,0,0,0,0,0,0,0,0,0,0,0,0,0,0,0,0,0,0,0,0,0,0,0,0,0,0,0,0,0,0,0,0,0,0,0,0,0,0,0,3,3,1,4.875,4.875,0,14.25,1,1,1,1,1,1,4.875,4.875,0,4.75,1,1,1,0,0,0,0,0,0,0,0,0,0,4,3.1025641025641,1,4.875,4.875,0.625,14.75,1,1,1,0,,0.0526315789473684,1,
"E14HA02-01","C14","Chinese","Genuine",0,"Happy 2 CN",2,1,7.625,61,0.6013651,0.308815141639344,0.0491803278688525,0.375,0.375,0,2.2976842925,1,1,0,0.9262405,0.312631769213115,0.147540983606557,1.125,1.125,3.5,2.3794115215,1,0,0,0.1172565,0.0447131550327869,0,0,0,0.25,0.331598640875,0,0,0,0.4033458,0.213800264262295,0,0,0,0.875,1.58946480875,0,0,0,0.004572914,0.000692463278688525,0,0,0,0.125,0.005019486,0,0,0,0.004144673,0.00137920285245902,0,0,0,0.125,0.0102562835,0,0,0,0.1823087,0.0785666542786885,0,0,0,1.5,0.594721475125,0,0,0,0.004003384,0.000854133114754098,0,0,0,6.875,0.0064644903125,0,0,0,0,0,0,0,0,0,0,0,0,0,0,0,0,0,0,0,0,0,0,0,0,0,0,0,0,0,0,0,0,0,0,0,0,0,0,0,0,0,0,0,3,1.0983606557377,0.786885245901639,6,6,2.125,8.375,1,0,0,1,0.688524590163934,0.688524590163934,4,5.25,1.25,5.1875,2,0,1,1,0.0819672131147541,0.0819672131147541,0.625,0.625,4.375,0.625,1,0,0,0,0,0,0,0,0,0,0,0,0,4,1.73770491803279,0.80327868852459,6.125,6.125,3.125,13.1875,1,0,1,0,0,0,0,0,0,0,0,0,0,0,0,0,0,0,0,0,0,0,0,0,0,0,0,0,0,0,0,0,0,0,0,0,0,0,0,0,0,0,0,0,0,0,0,0,0,0,0,0,0,0,0,0,0,0,0,0,0,0,0,0,0,0,0,0,0,0,0,0,0,4,1.0327868852459,0.491803278688525,2.875,3.75,3.375,7.8125,2,1,0,1,0.180327868852459,0.180327868852459,1.375,1.375,3.125,1.375,1,0,0,0,0,0,0,0,0,0,0,0,0,4,3.31147540983607,1,7.625,7.625,2.625,24.9375,1,1,1,0.918367346938776,2.46153846153846,0.183333333333333,1,
"E14HA02-02","C14","Chinese","Genuine",0,"Happy 2 CN",2,2,4.5,36,0.4522986,0.291770505555556,0,0,0,4.375,1.2668466,0,0,0,0.7153209,0.2725050675,0.222222222222222,1,1,1.125,1.224160154375,1,0,0,0.04863557,0.0279072435277778,0,0,0,3.125,0.121454272125,0,0,0,0.4841369,0.326493455555556,0,0,0,0,1.41804783125,0,0,0,0.001296305,0.0005612475,0,0,0,4.375,0.00240253125,0,0,0,0.006133896,0.00183713697222222,0,0,0,1.875,0.008134449625,0,0,0,0.05814611,0.0379147308333333,0,0,0,3,0.166421703125,0,0,0,0.001402377,0.000556035277777778,0,0,0,3.625,0.00242925225,0,0,0,0,0,0,0,0,0,0,0,0,0,0,0,0,0,0,0,0,0,0,0,0,0,0,0,0,0,0,0,0,0,0,0,0,0,0,0,0,0,0,0,1,0.333333333333333,0.333333333333333,1.5,1.5,0.75,1.5,1,0,0,1,0.277777777777778,0.277777777777778,0.625,1.25,0,1.1875,2,1,0,0,0,0,0,0,0,0,0,0,0,0,0,0,0,0,0,0,0,0,0,3,1.38888888888889,0.916666666666667,4.125,4.125,1,6.1875,1,0,1,0,0,0,0,0,0,0,0,0,0,0,0,0,0,0,0,0,0,0,0,0,0,0,0,0,0,0,0,0,0,0,0,0,0,0,0,0,0,0,0,0,0,0,0,0,0,0,0,0,0,0,0,0,0,0,0,0,0,0,0,0,0,0,0,0,0,0,0,0,0,3,1.44444444444444,0.694444444444444,3.125,3.125,1.375,6.5,1,0,0,0,0,0,0,0,0,0,0,0,0,0,0,0,0,0,0,0,0,0,0,4,3.41666666666667,1,4.5,4.5,0.875,15,1,1,1,0.363636363636364,4.8,0.142857142857143,1,
"E14HA04-01","C14","Chinese","Genuine",0,"Happy 4 CN",4,1,8.375,67,0.69722,0.292818486179104,0.0746268656716418,0.625,0.625,0.25,2.38526298425,1,1,0,0.9822307,0.377200238641791,0.283582089552239,2.375,2.375,2.875,3.14953818875,1,0,0,0.1419263,0.0562610017761194,0,0,0,5,0.46195586925,0,0,0,0.3609485,0.164781675880597,0,0,0,0.75,1.3568308355,0,0,0,0.01958531,0.00188242437313433,0,0,0,0.125,0.014623098,0,0,0,0.01082607,0.00278387079104478,0,0,0,0.75,0.0229984018125,0,0,0,0.2003682,0.0667442422985075,0,0,0,6.625,0.553605660375,0,0,0,0.005906292,0.00141686191044776,0,0,0,7.75,0.011509046625,0,0,0,0,0,0,0,0,0,0,0,0,0,0,0,0,0,0,0,0,0,0,0,0,0,0,0,0,0,0,0,0,0,0,0,0,0,0,0,0,0,0,0,2,0.865671641791045,0.761194029850746,3.25,6.375,2.125,7.1875,2,0,1,1,0.328358208955224,0.328358208955224,2.75,2.75,3.25,2.75,1,0,0,0,0,0,0,0,0,0,0,0,0,0,0,0,0,0,0,0,0,0,0,4,1.67164179104478,0.895522388059702,4,7.5,1.875,13.9375,2,0,1,0,0,0,0,0,0,0,0,0,0,0,0,0,0,0,0,0,0,0,0,0,0,0,0,0,0,0,0,0,0,0,0,0,0,0,0,0,0,0,0,0,0,0,0,0,0,0,0,0,0,0,0,0,0,0,0,0,0,0,0,0,0,0,0,0,0,0,0,0,0,4,1.61194029850746,0.582089552238806,4.875,4.875,1.5,13.5,1,0,0,0,0,0,0,0,0,0,0,0,0,0,0,0,0,0,0,0,0,0,0,4,3.04477611940298,1,8.375,8.375,5.125,25.1875,1,1,1,0.85,3.2,0.136363636363636,2,
"E14HA07-01","C14","Chinese","Genuine",0,"Happy 7 CN",7,1,7.625,61,0.3722012,0.233341217377049,0,0,0,1.125,1.74206597,0,0,0,0.9291495,0.440557546721311,0.40983606557377,2.25,3.125,3.125,3.3374917475,2,0,0,0.05044416,0.0205823876885246,0,0,0,0.25,0.151960161125,0,0,0,0.4756191,0.206482883622951,0,0,0,0.125,1.532769368875,0,0,0,0.000792162,0.000406410655737705,0,0,0,5.375,0.003037130125,0,0,0,0.00598925,0.00127521627868852,0,0,0,5.5,0.009644478625,0,0,0,0.1920187,0.0650795510327869,0,0,0,1.25,0.4888640435,0,0,0,0.003229508,0.000859948,0,0,0,6.375,0.0064302095625,0,0,0,0,0,0,0,0,0,0,0,0,0,0,0,0,0,0,0,0,0,0,0,1,0.0491803278688524,0.0491803278688525,0.375,0.375,5,0.375,1,0,0,0,0,0,0,0,0,0,0,0,0,3,1.19672131147541,0.770491803278688,5.875,5.875,2.625,9.0625,1,0,1,1,0.786885245901639,0.786885245901639,4,6,0.625,5.9375,2,0,1,0,0,0,0,0,0,0,0,0,0,0,0,0,0,0,0,0,0,0,0,4,2.11475409836066,0.901639344262295,6.125,6.875,2.625,15.9375,2,1,1,0,0,0,0,0,0,0,0,0,0,0,0,0,0,0,0,0,0,0,0,0,0,0,0,0,0,0,0,0,0,0,0,0,0,0,0,0,0,0,0,0,0,0,0,0,0,0,0,0,0,0,0,0,0,0,0,0,0,0,0,0,0,0,0,0,0,0,0,0,0,4,1.70491803278689,0.737704918032787,5.625,5.625,5.25,13,1,0,0,1,0.114754098360656,0.114754098360656,0.875,0.875,5.25,0.875,1,0,0,0,0,0,0,0,0,0,0,0,0,4,3.24590163934426,1,7.625,7.625,0,24.25,1,1,1,0.854545454545454,,0.15,2,
"E17HA02-01","C17","Chinese","Genuine",0,"Happy 2 CN",2,1,8.75,70,0.5732147,0.459831857142857,0.0857142857142857,0.75,0.75,0,3.95676839375,1,1,0,0.1443512,0.0835491059285714,0,0,0,5.75,0.72905390525,0,0,0,0.2197485,0.0850401362857143,0,0,0,0,0.72646444375,0,0,0,0.1310845,0.085208089,0,0,0,4.875,0.737307576875,0,0,0,0.01504067,0.00710395741428571,0,0,0,8.625,0.0611337925625,0,0,0,0.007171152,0.00432071017142857,0,0,0,4.875,0.0374394473125,0,0,0,0.04100773,0.024940625,0,0,0,5.625,0.215249645,0,0,0,0.001285568,0.000232893285714286,0,0,0,2.75,0.0019923245625,0,0,0,0,0,0,0,0,0,0,0,0,0,0,0,0,0,0,0,0,0,0,0,0,0,0,0,0,0,0,0,0,0,0,0,0,0,0,0,0,0,0,0,1,0.357142857142857,0.357142857142857,3.125,3.125,4.75,3.125,1,0,0,0,0,0,0,0,0,0,0,0,0,0,0,0,0,0,0,0,0,0,0,0,0,0,0,0,0,0,0,0,0,0,0,0,0,0,0,0,0,0,0,0,0,0,0,0,0,0,0,0,0,0,0,0,0,0,0,0,0,0,0,0,0,0,0,0,0,0,0,0,0,0,0,0,0,0,0,0,0,0,0,0,0,0,0,0,0,0,0,0,0,0,0,0,0,0,0,0,0,0,0,0,0,0,0,0,0,0,0,0,0,0,0,0,0,0,0,0,0,0,0,0,0,0,0,0,0,0,0,0,0,0,0,0,0,0,0,0,0,0,0,4,1.87142857142857,1,8.75,8.75,7,16.25,1,1,1,,,0,0,
"E17HA02-02","C17","Chinese","Genuine",0,"Happy 2 CN",2,2,6,48,0.508115,0.390316341666667,0.0416666666666667,0.25,0.25,0,2.2846550875,1,1,0,0.3749759,0.227172565208333,0,0,0,3.75,1.349073090625,0,0,0,0.08246334,0.0535667827083333,0,0,0,5.875,0.313261564375,0,0,0,0.1293691,0.0821991227083333,0,0,0,5.125,0.4827304375,0,0,0,0.01233408,0.00782977433333333,0,0,0,1.375,0.0464405848125,0,0,0,0.006825654,0.00416579416666667,0,0,0,4.375,0.0246814270625,0,0,0,0.06202,0.0351814960416667,0,0,0,3.125,0.20610674125,0,0,0,0.008508859,0.00241875547916667,0,0,0,2.375,0.014443373375,0,0,0,0,0,0,0,0,0,0,0,0,0,0,0,0,0,0,0,0,0,0,0,0,0,0,0,0,0,0,0,0,0,0,0,0,0,0,0,0,0,0,0,1,0.75,0.75,4.5,4.5,1.5,4.4375,1,0,1,0,0,0,0,0,0,0,0,0,0,0,0,0,0,0,0,0,0,0,0,0,0,0,0,0,0,0,0,0,0,1,0.75,0.75,4.5,4.5,1.5,4.4375,1,0,1,0,0,0,0,0,0,0,0,0,0,0,0,0,0,0,0,0,0,0,0,0,0,0,0,0,0,0,0,0,0,0,0,0,0,0,0,0,0,0,0,0,0,0,0,0,0,0,0,0,0,0,0,0,0,0,0,0,0,0,0,0,0,0,0,0,0,0,0,0,0,0,0,0,0,0,0,0,0,0,0,0,0,0,0,0,0,0,0,0,0,0,0,0,0,0,0,0,0,0,0,2,1.3125,1,6,6,2.625,7.6875,1,1,1,1,,0.0212765957446809,1,
"E17HA03-01","C17","Chinese","Genuine",0,"Happy 3 CN",3,1,4.125,33,0.4662909,0.314054693939394,0,0,0,0,1.2382350375,0,0,0,0.7037264,0.375266604848485,0.303030303030303,1.25,1.25,1.5,1.536639333125,1,0,0,0.186994,0.104753147575758,0,0,0,3.25,0.41813919625,0,0,0,0.08821049,0.0522249212121212,0,0,0,2.375,0.209385574375,0,0,0,0.006006694,0.00314804160606061,0,0,0,4,0.012504910125,0,0,0,0.007661747,0.00408638124242424,0,0,0,2.75,0.0163985176875,0,0,0,0.02371308,0.0154987336363636,0,0,0,3.25,0.061626588125,0,0,0,0.06294033,0.0241937253030303,0,0,0,3.875,0.095934931875,0,0,0,0,0,0,0,0,0,0,0,0,0,0,0,0,0,0,0,0,0,0,0,0,0,0,0,0,0,0,0,0,0,0,0,0,0,0,0,0,0,0,0,1,0.333333333333333,0.333333333333333,0.875,1.375,1.375,1.375,2,0,0,0,0,0,0,0,0,0,0,0,0,0,0,0,0,0,0,0,0,0,0,0,0,0,0,0,0,0,0,0,0,2,0.878787878787879,0.666666666666667,2.75,2.75,1.25,3.625,1,0,0,0,0,0,0,0,0,0,0,0,0,0,0,0,0,0,0,0,0,0,0,0,0,0,0,0,0,0,0,0,0,0,0,0,0,0,0,0,0,0,0,0,0,0,0,0,0,0,0,0,0,0,0,0,0,0,0,0,0,0,0,0,0,0,0,0,0,0,0,0,0,2,0.545454545454546,0.393939393939394,1.625,1.625,1.375,2.25,1,0,0,0,0,0,0,0,0,0,0,0,0,0,0,0,0,0,0,0,0,0,0,2,1.72727272727273,1,4.125,4.125,0,6.9375,1,1,1,0.5,5.33333333333333,0.125,1,
"E17HA05-05","C17","Chinese","Genuine",0,"Happy 5 CN",5,5,3.75,30,0.5607456,0.43723737,0.133333333333333,0.25,0.5,3.625,1.56992821875,2,1,1,0.02325039,0.0126474588,0,0,0,0.875,0.047176992,0,0,0,0.4298094,0.260754273333333,0,0,0,0.25,0.9412414375,0,0,0,0.05638062,0.0375037876666667,0,0,0,3.5,0.136097631875,0,0,0,0.005380527,0.00326282356666667,0,0,0,3.625,0.0117132606875,0,0,0,0.001723596,0.00129356313333333,0,0,0,2.875,0.0046876991875,0,0,0,0.04426981,0.0213171272333333,0,0,0,1.125,0.0788200941875,0,0,0,0.000900504,0.000293081266666667,0,0,0,0.5,0.001090565875,0,0,0,0,0,0,0,0,0,0,0,0,0,0,0,0,0,0,0,0,0,0,0,0,0,0,0,0,0,0,0,0,0,0,0,0,0,0,0,0,0,0,0,0,0,0,0,0,0,0,0,0,0,0,0,0,0,0,0,0,0,0,0,0,0,0,0,0,0,0,0,0,0,0,0,0,0,0,0,0,0,0,0,0,0,0,0,0,0,0,0,0,0,0,0,0,0,0,0,0,0,0,0,0,0,0,0,0,0,0,0,0,0,0,0,0,0,0,0,0,0,0,0,0,0,0,0,0,0,0,0,0,0,0,0,0,0,0,0,0,0,0,0,0,0,0,0,0,0,0,0,0,0,0,0,0,0,0,0,0,0,0,0,0,0,0,0,0,0,0,0,0,0,0,0,0,0,0,0,0,0,0,0,0,0,0,0,0,0,0,0,0,0,3,1.3,0.833333333333333,3.125,3.125,2.75,4.8125,1,0,1,,,0,0,
"E17HA06-02","C17","Chinese","Genuine",0,"Happy 6 CN",6,2,6.25,50,0.4815553,0.437983274,0,0,0,6.125,2.6823306125,0,0,0,0.3050973,0.1354099726,0,0,0,3,0.837413363125,0,0,0,0.2065355,0.1138253106,0,0,0,0,0.691988735,0,0,0,0.09618779,0.0569033198,0,0,0,2.75,0.34768665125,0,0,0,0.01022254,0.0047709892,0,0,0,6.125,0.0291371745,0,0,0,0.009874752,0.00272066948,0,0,0,6.125,0.0163208725,0,0,0,0.07663676,0.0253642918,0,0,0,0,0.15278753625,0,0,0,0.03979193,0.02008565912,0,0,0,5.25,0.12370729325,0,0,0,0,0,0,0,0,0,0,0,0,0,0,0,0,0,0,0,0,0,0,0,0,0,0,0,0,0,0,0,0,0,0,0,0,0,0,0,0,0,0,0,0,0,0,0,0,0,0,0,0,0,0,0,0,0,0,0,0,0,0,0,0,0,0,0,0,0,0,0,0,0,0,0,0,0,0,0,0,0,0,0,1,0.2,0.2,0.75,1.25,1.875,1.25,2,0,0,0,0,0,0,0,0,0,0,0,0,0,0,0,0,0,0,0,0,0,0,0,0,0,0,0,0,0,0,0,0,0,0,0,0,0,0,0,0,0,0,0,0,0,0,0,0,0,0,0,0,0,0,0,0,0,0,0,0,0,0,0,0,0,0,0,0,0,0,0,0,1,0.16,0.16,1,1,2.75,1,1,0,0,0,0,0,0,0,0,0,0,0,0,0,0,0,0,0,0,0,0,0,0,4,1.7,0.98,5.375,6.125,0,10.3125,2,1,1,0,,0.0816326530612245,2,
"E17HA07-02","C17","Chinese","Genuine",0,"Happy 7 CN",7,2,3.625,29,0.5641293,0.451016810344828,0.206896551724138,0.75,0.75,0,1.5711737125,1,1,0,0.1708568,0.0853338472413793,0,0,0,3,0.302973236875,0,0,0,0.2528803,0.139894199655172,0,0,0,2.25,0.49307608,0,0,0,0.1369894,0.0574985124137931,0,0,0,0,0.19632568125,0,0,0,0.008681701,0.00476191831034483,0,0,0,3.125,0.016504551125,0,0,0,0.003313997,0.00147835865517241,0,0,0,3,0.005121440375,0,0,0,0.0701196,0.0321996410344828,0,0,0,2.375,0.114355024375,0,0,0,0.007962053,0.00182482120689655,0,0,0,1,0.0064491725,0,0,0,0,0,0,0,0,0,0,0,0,0,0,0,0,0,0,0,0,0,0,0,0,0,0,0,0,0,0,0,0,0,0,0,0,0,0,0,0,0,0,0,0,0,0,0,0,0,0,0,0,0,0,0,0,0,0,0,0,0,0,0,0,0,0,0,0,0,0,0,0,0,0,0,0,0,0,0,0,0,0,0,0,0,0,0,0,0,0,0,0,0,0,0,0,0,0,0,0,0,0,0,0,0,0,0,0,0,0,0,0,0,0,0,0,0,0,0,0,0,0,0,0,0,0,0,0,0,0,0,0,0,0,0,0,0,0,0,0,0,0,0,0,0,0,0,0,0,0,0,0,0,0,0,0,0,0,0,0,0,0,0,1,0.0689655172413793,0.0689655172413793,0.25,0.25,3,0.25,1,0,0,0,0,0,0,0,0,0,0,0,0,0,0,0,0,0,0,0,0,0,0,4,1.79310344827586,0.862068965517241,3,3.125,2.375,6.375,2,1,1,,,0,0,
"E18HA01-02","C18","Chinese","Genuine",0,"Happy 1 CN",1,2,3,24,0.2826627,0.194000370833333,0,0,0,2.875,0.551161925,0,0,0,0.6976632,0.444080524166667,0.583333333333333,1.75,1.75,1.625,1.319814900625,1,0,0,0.02533875,0.006169576375,0,0,0,2.875,0.01621382225,0,0,0,0.6165419,0.401929720833333,0.166666666666667,0.5,0.5,0,1.14357270625,1,1,0,0.000348622,0.000107411041666667,0,0,0,0,0.00029836025,0,0,0,0.003562158,0.00100210016666667,0,0,0,2.875,0.002726339375,0,0,0,0.2040538,0.0803042341666667,0,0,0,2.875,0.224061336875,0,0,0,0.000350082,5.11699166666667e-05,0,0,0,1.375,0.0001531333125,0,0,0,0,0,0,0,0,0,0,0,0,0,0,0,0,0,0,0,0,0,0,0,0,0,0,0,0,0,0,0,0,0,0,0,0,0,0,0,0,0,0,0,3,1.95833333333333,0.791666666666667,2.375,2.375,1.25,5.75,1,0,1,0,0,0,0,0,0,0,0,0,0,0,0,0,0,0,0,0,0,0,0,0,0,0,0,0,0,0,0,0,0,2,1.375,0.791666666666667,2.375,2.375,1,4.0625,1,0,1,0,0,0,0,0,0,0,0,0,0,1,0.0416666666666667,0.0416666666666667,0.125,0.125,2.875,0.0625,1,0,1,1,0.333333333333333,0.333333333333333,0.875,1,0.375,0.9375,2,0,1,0,0,0,0,0,0,0,0,0,0,0,0,0,0,0,0,0,0,0,0,3,1.58333333333333,1,3,3,0,4.5,1,1,1,2,0.375,0.333333333333333,1,1,0,1,1,1,0,2,0.875,0.75,2.25,2.25,1.5,2.5625,1,0,1,0,0,0,0,0,0,0,0,0,0,0,0,0,0,0,0,0,0,0,0,3,2.625,1,3,3,0.625,7.625,1,1,1,1,5.33333333333333,0.130434782608696,1,
"E18HA05-01","C18","Chinese","Genuine",0,"Happy 5 CN",5,1,4,32,0.3634668,0.298516934375,0,0,0,0.75,1.15265858125,0,0,0,0.7171141,0.29139663903125,0.15625,0.625,0.625,3,1.1590017955625,1,0,0,0.08312736,0.04091010884375,0,0,0,0.75,0.1572678385,0,0,0,0.4059795,0.238939134375,0,0,0,0,0.91483871875,0,0,0,0.002386925,0.0008797835625,0,0,0,0,0.00335983975,0,0,0,0.00274575,0.00147766925,0,0,0,0,0.0056865685625,0,0,0,0.1523407,0.0525040135,0,0,0,2.375,0.2060850815,0,0,0,0,0,0,0,0,0,0,0,0,0,1,0.3125,0.3125,1.25,1.25,0,1.1875,1,1,0,0,0,0,0,0,0,0,0,0,0,0,0,0,0,0,0,0,0,0,0,0,0,0,0,0,0,0,0,0,0,2,1.125,0.71875,2.875,2.875,2,4.4375,1,0,1,0,0,0,0,0,0,0,0,0,0,0,0,0,0,0,0,0,0,0,0,0,0,0,0,0,0,0,0,0,0,1,0.375,0.375,1.5,1.5,2.25,1.5,1,0,0,0,0,0,0,0,0,0,0,0,0,1,0.40625,0.40625,1.125,1.625,0.75,1.5625,2,0,1,1,0.09375,0.09375,0.375,0.375,1,0.375,1,0,0,0,0,0,0,0,0,0,0,0,0,0,0,0,0,0,0,0,0,0,0,3,2.03125,1,4,4,0,7.8125,1,1,1,1,0.75,0.75,2.125,3,0,2.875,2,1,1,0,0,0,0,0,0,0,0,0,0,0,0,0,0,0,0,0,0,0,0,0,0,0,0,0,0,0,0,0,0,4,3.09375,1,4,4,1.75,12.125,1,1,1,1,,0.0645161290322581,1,
"E18HA05-03","C18","Chinese","Genuine",0,"Happy 5 CN",5,3,5,40,0.3471688,0.1322670575,0,0,0,4.625,0.61960981875,0,0,0,0.9231455,0.7165084675,0.775,3.875,3.875,2,3.55120610625,1,0,0,0.01948578,0.00470409405,0,0,0,4.5,0.0219717478125,0,0,0,0.4027048,0.3244345225,0,0,0,0.125,1.58279088125,0,0,0,0.000756022,0.000164594625,0,0,0,3.5,0.0008113274375,0,0,0,0.008650869,0.0024161142,0,0,0,3,0.0118563065,0,0,0,0.2918156,0.11897371625,0,0,0,0,0.5696588875,0,0,0,0,0,0,0,0,0,0,0,0,0,0,0,0,0,0,0,0,0,0,0,0,0,0,0,0,0,0,0,0,0,0,0,0,0,0,0,0,0,0,0,0,0,0,0,0,0,0,0,0,0,4,2.85,1,5,5,1.5,13.9375,1,1,1,0,0,0,0,0,0,0,0,0,0,0,0,0,0,0,0,0,0,0,0,0,0,0,0,0,0,0,0,0,0,2,1.675,0.975,4.875,4.875,0.5,8.3125,1,0,1,0,0,0,0,0,0,0,0,0,0,0,0,0,0,0,0,0,0,0,0,2,0.2,0.175,0.875,0.875,0,0.875,1,1,0,0,0,0,0,0,0,0,0,0,0,0,0,0,0,0,0,0,0,0,0,1,0.425,0.425,1.125,2.125,0,2,3,1,1,0,0,0,0,0,0,0,0,0,0,2,1.425,0.925,4.625,4.625,0.625,7.125,1,0,0,0,0,0,0,0,0,0,0,0,0,0,0,0,0,0,0,0,0,0,0,5,4.125,1,5,5,3,20.125,1,1,1,1,5.33333333333333,0.0769230769230769,1,
"E18HA06-01","C18","Chinese","Genuine",0,"Happy 6 CN",6,1,3.5,28,0.3235065,0.245821310714286,0,0,0,2.875,0.8299440125,0,0,0,0.07250416,0.0313099290714286,0,0,0,2.875,0.106254914375,0,0,0,0.1282558,0.04415734525,0,0,0,0,0.144716389,0,0,0,0.6566045,0.524234296428571,0.535714285714286,0.875,1.875,0.375,1.76845265,3,1,0,0.00033277,0.000209773964285714,0,0,0,0,0.0007084789375,0,0,0,0.002838491,0.00153570085714286,0,0,0,2.875,0.0052048443125,0,0,0,0.1777444,0.0971387703571429,0,0,0,2.375,0.33394147625,0,0,0,0,0,0,0,0,0,0,0,0,0,0,0,0,0,0,0,0,0,0,0,0,0,0,0,0,0,0,0,0,0,0,0,0,0,0,0,0,0,0,0,0,0,0,0,0,0,0,0,0,0,1,0.214285714285714,0.214285714285714,0.75,0.75,2.75,0.6875,1,0,1,0,0,0,0,0,0,0,0,0,0,0,0,0,0,0,0,0,0,0,0,0,0,0,0,0,0,0,0,0,0,0,0,0,0,0,0,0,0,0,0,0,0,0,0,0,0,0,0,0,0,1,0.142857142857143,0.142857142857143,0.5,0.5,3,0.4375,1,0,1,1,0.678571428571428,0.678571428571429,2.25,2.375,1,2.3125,2,0,1,0,0,0,0,0,0,0,0,0,0,0,0,0,0,0,0,0,0,0,0,3,2.28571428571429,1,3.5,3.5,0.25,7.75,1,1,1,1,1,1,3.5,3.5,0,3.375,1,1,1,0,0,0,0,0,0,0,0,0,0,0,0,0,0,0,0,0,0,0,0,0,0,0,0,0,0,0,0,0,0,4,3.10714285714286,1,3.5,3.5,2.875,10.5,1,1,1,,,0,0,
"E18HA07-01","C18","Chinese","Genuine",0,"Happy 7 CN",7,1,2.75,22,0.2627893,0.210730419047619,0,0,0,0.625,0.52655019375,0,0,0,0.6168328,0.387222391904762,0.619047619047619,1.625,1.625,1.25,0.977414890625,1,0,0,0.0205242,0.00775604771428571,0,0,0,0.375,0.01845873025,0,0,0,0.6118571,0.372612595238095,0.238095238095238,0.625,0.625,0.25,0.92697518125,1,1,0,0.000265118,0.000104059857142857,0,0,0,0.75,0.000260937625,0,0,0,0.004556176,0.00109593585714286,0,0,0,0.625,0.002782271875,0,0,0,0.1803782,0.105228428571429,0,0,0,0.125,0.261448376875,0,0,0,0.000808789,0.000145318142857143,0,0,0,1.125,0.000349937375,0,0,0,0,0,0,0,0,0,0,0,0,0,0,0,0,0,0,0,0,0,0,0,0,0,0,0,0,0,0,0,0,0,0,0,0,0,0,0,0,0,0,0,2,1.28571428571429,0.80952380952381,2.125,2.125,1.375,3.25,1,0,0,0,0,0,0,0,0,0,0,0,0,0,0,0,0,0,0,0,0,0,0,0,0,0,0,0,0,0,0,0,0,2,1.28571428571429,0.714285714285714,1.875,1.875,1.125,3.25,1,0,0,0,0,0,0,0,0,0,0,0,0,0,0,0,0,0,0,0,0,0,0,1,1,1,2.625,2.625,0,2.5,1,1,0,0,0,0,0,0,0,0,0,0,0,0,0,0,0,0,0,0,0,0,0,2,1.57142857142857,0.952380952380952,2.5,2.5,0,4,1,1,0,2,0.714285714285714,0.476190476190476,1.25,1.25,0,1.75,1,1,0,2,0.761904761904762,0.714285714285714,1.875,1.875,2.125,1.9375,1,0,0,0,0,0,0,0,0,0,0,0,0,0,0,0,0,0,0,0,0,0,0,4,2.85714285714286,1,2.625,2.625,1.5,7.25,1,1,0,1,5.33333333333333,0.1,1,
"E18HA07-03","C18","Chinese","Genuine",0,"Happy 7 CN",7,3,5.125,41,0.3585072,0.286149168292683,0,0,0,2.75,1.4360915125,0,0,0,0.6493782,0.294218486487805,0.121951219512195,0.625,0.625,1.625,1.5027693711875,1,0,0,0.1757624,0.0346381597073171,0,0,0,2.625,0.173482897875,0,0,0,0.4573249,0.303649080487805,0,0,0,5,1.50171071875,0,0,0,0.00144117,0.000350007682926829,0,0,0,3,0.0017772750625,0,0,0,0.03614816,0.00781020585365854,0,0,0,0.625,0.039321764875,0,0,0,0.5002377,0.190955832682927,0.024390243902439,0.125,0.125,0,0.93099798625,1,1,0,0.000799462,0.000195738609756098,0,0,0,1.375,0.0009999246875,0,0,0,0,0,0,0,0,0,0,0,0,0,0,0,0,0,0,0,0,0,0,0,0,0,0,0,0,0,0,0,0,0,1,0.024390243902439,0.024390243902439,0.125,0.125,3,0.125,1,0,0,3,1.36585365853659,1,5.125,5.125,1.5,6.875,1,1,1,0,0,0,0,0,0,0,0,0,0,0,0,0,0,0,0,0,0,0,0,0,0,0,0,0,0,0,0,0,0,2,1.14634146341463,0.780487804878049,4,4,1.5,5.8125,1,0,1,0,0,0,0,0,0,0,0,0,0,1,0.073170731707317,0.0731707317073171,0.375,0.375,0,0.3125,1,1,0,1,0.24390243902439,0.24390243902439,1.25,1.25,1.125,1.25,1,0,0,0,0,0,0,0,0,0,0,0,0,0,0,0,0,0,0,0,0,0,0,2,0.463414634146342,0.439024390243902,2.125,2.25,0,2.1875,2,1,1,2,0.219512195121951,0.195121951219512,1,1,0,1,1,1,0,1,0.804878048780488,0.804878048780488,4.125,4.125,1,4.0625,1,0,1,0,0,0,0,0,0,0,0,0,0,1,0.024390243902439,0.024390243902439,0.125,0.125,2.625,0.125,1,0,0,3,2.31707317073171,1,5.125,5.125,0,11.5,1,1,1,1,5.33333333333333,0.125,1,
"E19HA02-04","C19","Chinese","Genuine",0,"Happy 2 CN",2,4,5,40,0.346765,0.09481815075,0,0,0,0,0.4454584225,0,0,0,0.9118272,0.769167605425,0.875,4.375,4.375,2.25,3.797185161125,1,0,1,0.2220193,0.018627524725,0,0,0,0.125,0.09219124225,0,0,0,0.08969538,0.007618562525,0,0,0,0,0.032230439375,0,0,0,0.1405937,0.011454610325,0,0,0,0,0.04842924075,0,0,0,0.3122386,0.0251380852,0,0,0,0,0.1061519178125,0,0,0,0.186306,0.016450195725,0,0,0,0.125,0.0817208459375,0,0,0,0.001572122,0.0005806812,0,0,0,3.5,0.0028248328125,0,0,0,2,0.2,0.175,0.875,0.875,0,0.875,1,1,0,2,0.15,0.125,0.625,0.625,0,0.625,1,1,0,1,0.375,0.375,1.875,1.875,0.125,1.875,1,0,0,0,0,0,0,0,0,0,0,0,0,3,2.625,0.925,4.625,4.625,0.875,12.9375,1,0,1,0,0,0,0,0,0,0,0,0,0,0,0,0,0,0,0,0,0,0,0,0,0,0,0,0,0,0,0,0,0,4,3.425,0.95,4.75,4.75,1.25,16.9375,1,0,1,0,0,0,0,0,0,0,0,0,0,0,0,0,0,0,0,0,0,0,0,0,0,0,0,0,0,0,0,0,0,0,0,0,0,0,0,0,0,0,0,0,0,0,0,0,0,0,0,0,0,0,0,0,0,0,0,0,0,0,0,0,0,0,0,0,0,0,0,0,0,5,4.575,1,5,5,1.875,22.375,1,1,1,2,1.025,1,5,5,0,4.9375,1,1,1,0,0,0,0,0,0,0,0,0,0,4,2.525,0.975,4.875,4.875,0.875,12.4375,1,0,1,0.973684210526316,4,0.128205128205128,1,
"E19HA03-05","C19","Chinese","Genuine",0,"Happy 3 CN",3,5,10,80,0.3501788,0.082067801875,0,0,0,0.25,0.7960692,0,0,0,0.9784458,0.83449349625,0.9375,9.375,9.375,2.125,8.26897659375,1,0,1,0.03689636,0.0035825358,0,0,0,0.125,0.035054099875,0,0,0,0.2002807,0.0166360361625,0,0,0,0,0.149235890375,0,0,0,0.004454097,0.000720998775,0,0,0,2.25,0.0070188204375,0,0,0,0.05493591,0.0040213311875,0,0,0,0.25,0.0380079198125,0,0,0,0.07225014,0.0100344072125,0,0,0,0.25,0.0982994152500001,0,0,0,0.009105057,0.0019520436375,0,0,0,7.75,0.01942178225,0,0,0,0,0,0,0,0,0,0,0,0,0,0,0,0,0,0,0,0,0,0,0,1,0.25,0.25,0.875,2.5,0.25,2.4375,5,0,1,0,0,0,0,0,0,0,0,0,0,4,3.025,1,10,10,4.625,30,1,1,1,1,0.1,0.1,0.875,1,0,0.875,2,1,1,1,0.075,0.075,0.75,0.75,6.25,0.75,1,0,0,0,0,0,0,0,0,0,0,0,0,4,3.5125,1,10,10,1.375,34.875,1,1,1,0,0,0,0,0,0,0,0,0,0,0,0,0,0,0,0,0,0,0,0,0,0,0,0,0,0,0,0,0,0,0,0,0,0,0,0,0,0,0,0,0,0,0,0,0,0,0,0,0,0,0,0,0,0,0,0,0,0,0,0,0,0,0,0,0,0,0,0,0,0,5,4.425,1,10,10,2.875,43.75,1,1,1,3,1.3,0.9,7,9,2.125,12.875,3,1,1,1,0.125,0.125,1.25,1.25,1.625,1.25,1,0,0,5,3.4875,1,10,10,5.75,34.625,1,1,1,1,,0.0759493670886076,1,
"E19HA03-06","C19","Chinese","Genuine",0,"Happy 3 CN",3,6,4.875,39,0.4474092,0.118516067948718,0,0,0,0,0.53014929375,0,0,0,0.8956162,0.762956976923077,0.846153846153846,4.125,4.125,1.25,3.689427825,1,0,0,0.02303787,0.0030627238974359,0,0,0,4.75,0.01273237525,0,0,0,0.02050542,0.00278986548717949,0,0,0,4.75,0.0117165124375,0,0,0,0.1203909,0.010542375025641,0,0,0,0,0.043707149875,0,0,0,0.04618666,0.0053105251025641,0,0,0,4.75,0.02097078175,0,0,0,0.05451807,0.005074256,0,0,0,4.25,0.0234621310625,0,0,0,0.001847794,0.000715461051282051,0,0,0,4.375,0.003394417125,0,0,0,0,0,0,0,0,0,0,0,0,0,0,0,0,0,0,0,0,0,0,0,1,0.153846153846154,0.153846153846154,0.75,0.75,0.375,0.75,1,0,0,0,0,0,0,0,0,0,0,0,0,3,2.56410256410256,0.974358974358974,4.75,4.75,0.75,12.4375,1,0,1,0,0,0,0,0,0,0,0,0,0,0,0,0,0,0,0,0,0,0,0,0,0,0,0,0,0,0,0,0,0,4,3.41025641025641,1,4.875,4.875,1.375,16.4375,1,1,1,0,0,0,0,0,0,0,0,0,0,0,0,0,0,0,0,0,0,0,0,0,0,0,0,0,0,0,0,0,0,0,0,0,0,0,0,0,0,0,0,0,0,0,0,0,0,0,0,0,0,0,0,0,0,0,0,0,0,0,0,0,0,0,0,0,0,0,0,0,0,5,4.43589743589744,1,4.875,4.875,1.375,21.125,1,1,1,3,1.43589743589744,0.871794871794872,3.625,4.25,0,6.75,2,1,1,0,0,0,0,0,0,0,0,0,0,4,3.1025641025641,0.948717948717949,4.625,4.625,1.5,14.9375,1,0,1,0.974358974358974,,0.131578947368421,1,
"E19HA04-03","C19","Chinese","Genuine",0,"Happy 4 CN",4,3,6.5,52,0.3605137,0.129952292884615,0,0,0,0,0.8002002225,0,0,0,0.8762522,0.741505171153846,0.884615384615385,5.75,5.75,2.125,4.78208984375,1,0,0,0.0153208,0.00191121342307692,0,0,0,6.375,0.0109749681875,0,0,0,0.1385973,0.0190876006346154,0,0,0,6.25,0.112148716625,0,0,0,0.00215441,0.000440238153846154,0,0,0,0,0.00263248425,0,0,0,0.02030698,0.00258209405769231,0,0,0,0,0.014695592625,0,0,0,0.04646487,0.00825255828846154,0,0,0,6.375,0.04827152825,0,0,0,0.01123067,0.00190356334615385,0,0,0,6.25,0.011730768875,0,0,0,0,0,0,0,0,0,0,0,0,0,0,0,0,0,0,0,0,0,0,0,0,0,0,0,0,0,0,0,0,0,0,0,0,0,0,0,0,0,0,0,3,1.96153846153846,0.923076923076923,6,6,1.5,12.6875,1,0,1,1,0.942307692307692,0.942307692307692,6.125,6.125,0.375,6.0625,1,0,1,0,0,0,0,0,0,0,0,0,0,1,0.0961538461538461,0.0961538461538462,0.625,0.625,0,0.5625,1,1,0,4,3.32692307692308,1,6.5,6.5,1.375,21.4375,1,1,1,0,0,0,0,0,0,0,0,0,0,0,0,0,0,0,0,0,0,0,0,0,0,0,0,0,0,0,0,0,0,0,0,0,0,0,0,0,0,0,0,0,0,0,0,0,0,0,0,0,0,0,0,0,0,0,0,0,0,0,0,0,0,0,0,0,0,0,0,0,0,4,4,1,6.5,6.5,0,25.5,1,1,1,1,0.25,0.25,1.625,1.625,0,1.5625,1,1,0,0,0,0,0,0,0,0,0,0,0,4,2.65384615384615,1,6.5,6.5,5.125,17,1,1,1,0.923076923076923,,0.0980392156862745,1,
"E19HA05-03","C19","Chinese","Genuine",0,"Happy 5 CN",5,3,3.125,25,0.2252712,0.0882478456,0,0,0,3,0.249360705,0,0,0,0.9171185,0.822986228,1,3.125,3.125,1.125,2.50053205625,1,1,1,0.004002519,0.00063069348,0,0,0,3,0.0016763635,0,0,0,0.1769982,0.0363990424,0,0,0,0,0.096862210625,0,0,0,0.01884381,0.00295647816,0,0,0,0,0.00795201925,0,0,0,0.04530981,0.00724968592,0,0,0,0,0.0187773585,0,0,0,0.03251419,0.00286314792,0,0,0,3,0.0065645693125,0,0,0,0.00350391,0.00133328056,0,0,0,1.125,0.0041225171875,0,0,0,0,0,0,0,0,0,0,0,0,0,0,0,0,0,0,0,0,0,0,0,1,0.28,0.28,0.875,0.875,0,0.8125,1,1,0,0,0,0,0,0,0,0,0,0,0,3,2.56,1,3.125,3.125,0.625,7.8125,1,1,1,1,0.44,0.44,0.875,1.375,0,1.25,3,1,1,0,0,0,0,0,0,0,0,0,0,0,0,0,0,0,0,0,0,0,0,4,3.32,1,3.125,3.125,0.875,10.0625,1,1,1,0,0,0,0,0,0,0,0,0,0,0,0,0,0,0,0,0,0,0,0,0,0,0,0,0,0,0,0,0,0,0,0,0,0,0,0,0,0,0,0,0,0,0,0,0,0,0,0,0,0,0,0,0,0,0,0,0,0,0,0,0,0,0,0,0,0,0,0,0,0,5,4.08,1,3.125,3.125,1.875,12.25,1,1,1,4,1.76,1,3.125,3.125,0,5.1875,1,1,1,0,0,0,0,0,0,0,0,0,0,4,2.64,1,3.125,3.125,1.125,8,1,1,1,1,,0.125,1,
"E19HA06-04","C19","Chinese","Genuine",0,"Happy 6 CN",6,4,8,64,0.3809507,0.11914107015625,0,0,0,0,0.92274326125,0,0,0,0.838826,0.761722628125,0.9375,7.5,7.5,4.75,6.02954595,1,0,1,0.05993183,0.004472213,0,0,0,0.125,0.0327197164375,0,0,0,0.008056251,0.001976938984375,0,0,0,0,0.015169084,0,0,0,0.000625532,0.0001125189375,0,0,0,0,0.000858996625,0,0,0,0.006009433,0.000443944359375,0,0,0,0,0.0031716439375,0,0,0,0.04095336,0.0031565500625,0,0,0,0,0.02267080875,0,0,0,0.002994699,0.000672979828125,0,0,0,7,0.005242127625,0,0,0,0,0,0,0,0,0,0,0,0,0,0,0,0,0,0,0,0,0,0,0,1,0.015625,0.015625,0.125,0.125,0.125,0.125,1,0,0,0,0,0,0,0,0,0,0,0,0,3,2.546875,0.984375,7.875,7.875,2.625,20.1875,1,0,1,1,0.6875,0.6875,5.5,5.5,0.125,5.5,1,0,0,0,0,0,0,0,0,0,0,0,0,0,0,0,0,0,0,0,0,0,0,4,3.46875,1,8,8,2.75,27.4375,1,1,1,0,0,0,0,0,0,0,0,0,0,0,0,0,0,0,0,0,0,0,0,0,0,0,0,0,0,0,0,0,0,0,0,0,0,0,0,0,0,0,0,0,0,0,0,0,0,0,0,0,0,0,0,0,0,0,0,0,0,0,0,0,0,0,0,0,0,0,0,0,0,5,4.015625,1,8,8,4.625,31.6875,1,1,1,1,0.4375,0.4375,2.375,3.5,0.875,3.5,2,0,0,0,0,0,0,0,0,0,0,0,0,5,3.90625,1,8,8,0,30.75,1,1,1,0.984375,,0.0793650793650794,1,
"E20HA01-01","C20","Chinese","Genuine",0,"Happy 1 CN",1,1,4.75,38,0.9450717,0.321558774736842,0.210526315789474,0.625,1,0,1.42288833625,2,1,1,0.8533232,0.559349026315789,0.68421052631579,3.25,3.25,1.625,2.639416031875,1,0,0,0.001110463,0.000143351710526316,0,0,0,4.625,0.000604233375,0,0,0,0.02386261,0.00465823657894737,0,0,0,4.625,0.019423488125,0,0,0,0.01028216,0.00684686757894737,0,0,0,0.625,0.0320150810625,0,0,0,0.001248992,0.000553096815789474,0,0,0,3.875,0.0025267445,0,0,0,0.003381645,0.000655486342105263,0,0,0,4.625,0.0028894753125,0,0,0,0.04107548,0.0056213327368421,0,0,0,0,0.023507581125,0,0,0,0,0,0,0,0,0,0,0,0,0,0,0,0,0,0,0,0,0,0,0,0,0,0,0,0,0,0,0,0,0,0,0,0,0,0,0,0,0,0,0,2,1.26315789473684,0.868421052631579,4.125,4.125,1.375,5.9375,1,0,1,0,0,0,0,0,0,0,0,0,0,0,0,0,0,0,0,0,0,0,0,0,0,0,0,0,0,0,0,0,0,3,2.21052631578947,0.921052631578947,4.375,4.375,0.875,10.4375,1,0,1,0,0,0,0,0,0,0,0,0,0,0,0,0,0,0,0,0,0,0,0,0,0,0,0,0,0,0,0,0,0,0,0,0,0,0,0,0,0,0,0,0,0,0,0,0,0,0,0,0,0,0,0,0,0,0,0,0,0,0,0,0,0,0,0,0,0,0,0,0,0,2,1.55263157894737,0.842105263157895,4,4,1.125,7.3125,1,0,1,1,0.236842105263158,0.236842105263158,1.125,1.125,1.125,1.125,1,0,0,0,0,0,0,0,0,0,0,0,0,0,0,0,0,0,0,0,0,0,0,0.942857142857143,6,0.135135135135135,1,
"E20HA04-01","C20","Chinese","Genuine",0,"Happy 4 CN",4,1,4.75,38,0.8646746,0.465906157894737,0.342105263157895,0.875,1.625,0,2.122736875,2,1,1,0.5543069,0.357437505263158,0.210526315789474,0.75,1,1.875,1.67177665,2,0,0,0.003091283,0.00157104907894737,0,0,0,1.25,0.007370580125,0,0,0,0.09014335,0.0416639402631579,0,0,0,0.375,0.194565358125,0,0,0,0.008084851,0.00530799063157895,0,0,0,0.25,0.0245601054375,0,0,0,0.01436387,0.00246196071052632,0,0,0,0,0.0106371765,0,0,0,0.000667171,0.000210437421052632,0,0,0,4.625,0.000953735125,0,0,0,0.01863701,0.0068008082631579,0,0,0,3,0.0309268055,0,0,0,0,0,0,0,0,0,0,0,0,0,0,0,0,0,0,0,0,0,0,0,0,0,0,0,0,0,0,0,0,0,0,0,0,0,0,0,0,0,0,0,1,0.18421052631579,0.184210526315789,0.5,0.875,2.125,0.875,4,0,0,0,0,0,0,0,0,0,0,0,0,0,0,0,0,0,0,0,0,0,0,0,0,0,0,0,0,0,0,0,0,1,0.842105263157895,0.842105263157895,4,4,0.75,3.9375,1,0,1,0,0,0,0,0,0,0,0,0,0,0,0,0,0,0,0,0,0,0,0,0,0,0,0,0,0,0,0,0,0,0,0,0,0,0,0,0,0,0,0,0,0,0,0,0,0,0,0,0,0,0,0,0,0,0,0,0,0,0,0,0,0,0,0,0,0,0,0,0,0,0,0,0,0,0,0,0,0,0,0,0,0,0,0,0,0,0,0,0,0,0,0,0,0,0,0,0,0,0,0,1,0.763157894736842,0.763157894736842,3.625,3.625,1,3.625,1,0,0,0.21875,,0.027027027027027,1,
"E20HA05-02","C20","Chinese","Genuine",0,"Happy 5 CN",5,2,4.625,37,0.9535907,0.498805132432432,0.45945945945946,1.25,2.125,0,2.199442575,2,1,1,0.6877072,0.401901442162162,0.297297297297297,1.375,1.375,1.75,1.843474249375,1,0,0,0.004562521,0.00177113035135135,0,0,0,0.125,0.007853592125,0,0,0,0.05702775,0.0273706565675676,0,0,0,0.375,0.121983911,0,0,0,0.004737856,0.00257819548648649,0,0,0,0.5,0.01151214575,0,0,0,0.002418574,0.00104732527027027,0,0,0,4.375,0.004660126375,0,0,0,0.00052154,0.000241150459459459,0,0,0,2.75,0.00110457575,0,0,0,0.009131731,0.00323030243243243,0,0,0,3.375,0.0145265830625,0,0,0,0,0,0,0,0,0,0,0,0,0,0,0,0,0,0,0,0,0,0,0,0,0,0,0,0,0,0,0,0,0,0,0,0,0,0,0,0,0,0,0,1,0.27027027027027,0.27027027027027,1.25,1.25,1.25,1.25,1,0,0,0,0,0,0,0,0,0,0,0,0,0,0,0,0,0,0,0,0,0,0,0,0,0,0,0,0,0,0,0,0,3,1.05405405405405,0.702702702702703,3.25,3.25,1.5,4.875,1,0,0,0,0,0,0,0,0,0,0,0,0,0,0,0,0,0,0,0,0,0,0,0,0,0,0,0,0,0,0,0,0,0,0,0,0,0,0,0,0,0,0,0,0,0,0,0,0,0,0,0,0,0,0,0,0,0,0,0,0,0,0,0,0,0,0,0,0,0,0,0,0,0,0,0,0,0,0,0,0,0,0,0,0,0,0,0,0,0,0,0,0,0,0,0,0,0,0,0,0,0,0,2,0.945945945945946,0.810810810810811,3.625,3.75,2.625,4.3125,2,0,1,0.384615384615385,4,0.166666666666667,1,
"E20HA06-01","C20","Chinese","Genuine",0,"Happy 6 CN",6,1,4.625,37,0.9945682,0.331113524324324,0.189189189189189,0.875,0.875,0,1.44831758125,1,1,0,0.8846025,0.588755569135135,0.783783783783784,3.625,3.625,1.875,2.68579163725,1,0,1,0.000687948,0.000270408594594595,0,0,0,0.125,0.0011921545625,0,0,0,0.02427932,0.00813042681081081,0,0,0,4.5,0.035628806125,0,0,0,0.01069588,0.00349930294594595,0,0,0,0.5,0.015630882625,0,0,0,0.001601385,0.000442522108108108,0,0,0,1.625,0.0020173665625,0,0,0,0.00124118,0.000357176621621622,0,0,0,0.125,0.001619992625,0,0,0,0.05067557,0.00731698205405406,0,0,0,0,0.030351127625,0,0,0,0,0,0,0,0,0,0,0,0,0,0,0,0,0,0,0,0,0,0,0,0,0,0,0,0,0,0,0,0,0,0,0,0,0,0,0,0,0,0,0,1,0.810810810810811,0.810810810810811,3.75,3.75,0.875,3.6875,1,0,1,1,0.0540540540540541,0.0540540540540541,0.25,0.25,2.625,0.25,1,0,0,0,0,0,0,0,0,0,0,0,0,0,0,0,0,0,0,0,0,0,0,3,1.51351351351351,0.864864864864865,4,4,1.875,6.9375,1,0,1,0,0,0,0,0,0,0,0,0,0,0,0,0,0,0,0,0,0,0,0,0,0,0,0,0,0,0,0,0,0,0,0,0,0,0,0,0,0,0,0,0,0,0,0,0,0,0,0,0,0,0,0,0,0,0,0,0,0,0,0,0,0,0,0,0,0,0,0,0,0,1,0.324324324324324,0.324324324324324,1.5,1.5,1.625,1.5,1,0,0,0,0,0,0,0,0,0,0,0,0,0,0,0,0,0,0,0,0,0,0,1,0.702702702702703,0.702702702702703,3.25,3.25,1.375,3.1875,1,0,1,0.9375,2.4,0.138888888888889,1,
"E20HA06-02","C20","Chinese","Genuine",0,"Happy 6 CN",6,2,5,40,0.7894102,0.38497003,0.175,0.875,0.875,0,1.85021230625,1,1,0,0.5760565,0.4148567625,0.225,0.75,1.125,2.875,2.04031001875,2,0,0,0.001977849,0.0006365199,0,0,0,3.875,0.0030812670625,0,0,0,0.02445487,0.01672968945,0,0,0,4.5,0.0813434085,0,0,0,0.009043295,0.004469044125,0,0,0,0,0.02157815125,0,0,0,0.000693282,0.000196384175,0,0,0,4.875,0.0009308136875,0,0,0,0.000704824,0.000374536075,0,0,0,3.25,0.001822121375,0,0,0,0.01033383,0.004840940975,0,0,0,0.375,0.0233564259375,0,0,0,0,0,0,0,0,0,0,0,0,0,0,0,0,0,0,0,0,0,0,0,0,0,0,0,0,0,0,0,0,0,0,0,0,0,0,0,0,0,0,0,1,0.975,0.975,4.875,4.875,0.125,4.8125,1,0,1,1,0.05,0.05,0.25,0.25,2.75,0.25,1,0,0,0,0,0,0,0,0,0,0,0,0,0,0,0,0,0,0,0,0,0,0,1,0.7,0.7,3.5,3.5,0.25,3.5,1,0,0,0,0,0,0,0,0,0,0,0,0,0,0,0,0,0,0,0,0,0,0,0,0,0,0,0,0,0,0,0,0,0,0,0,0,0,0,0,0,0,0,0,0,0,0,0,0,0,0,0,0,0,0,0,0,0,0,0,0,0,0,0,0,0,0,0,0,0,0,0,0,0,0,0,0,0,0,0,0,0,0,0,0,0,0,0,0,0,0,0,0,0,0,0,0,0,0,0,0,0,0,1,0.55,0.55,2.75,2.75,2.25,2.6875,1,0,1,1,,0.0512820512820513,1,
"E20HA06-03","C20","Chinese","Genuine",0,"Happy 6 CN",6,3,4,32,0.8849435,0.5270813625,0.5,1.25,2,0.25,2.0153355375,2,1,1,0.594866,0.416830303125,0.40625,1.625,1.625,2,1.63756818125,1,0,0,0.000668044,0.00038091525,0,0,0,0,0.0014691425,0,0,0,0.04447489,0.0228784128125,0,0,0,0.25,0.087239985,0,0,0,0.01509472,0.006603571,0,0,0,0,0.0251780235,0,0,0,0.000629194,0.00023370178125,0,0,0,0.125,0.0008914436875,0,0,0,0.000821219,0.00050020753125,0,0,0,3.25,0.0019645536875,0,0,0,0.01112898,0.003147277625,0,0,0,0.125,0.0120230174375,0,0,0,0,0,0,0,0,0,0,0,0,0,0,0,0,0,0,0,0,0,0,0,0,0,0,0,0,0,0,0,0,0,0,0,0,0,0,0,0,0,0,0,1,0.84375,0.84375,3.375,3.375,0.625,3.3125,1,0,1,0,0,0,0,0,0,0,0,0,0,0,0,0,0,0,0,0,0,0,0,0,0,0,0,0,0,0,0,0,0,1,0.90625,0.90625,3.625,3.625,0.375,3.5625,1,0,1,0,0,0,0,0,0,0,0,0,0,0,0,0,0,0,0,0,0,0,0,0,0,0,0,0,0,0,0,0,0,0,0,0,0,0,0,0,0,0,0,0,0,0,0,0,0,0,0,0,0,0,0,0,0,0,0,0,0,0,0,0,0,0,0,0,0,0,0,0,0,0,0,0,0,0,0,0,0,0,0,0,0,0,0,0,0,0,0,0,0,0,0,0,0,0,0,0,0,0,0,1,0.6875,0.6875,2.75,2.75,1.25,2.6875,1,0,1,0.931034482758621,,0.032258064516129,1,
"E22HA01-03","C22","Chinese","Genuine",0,"Happy 1 CN",1,3,5.25,42,0.4510911,0.42227409047619,0,0,0,1.875,2.167101675,0,0,0,0.06740206,0.0366560193333333,0,0,0,1.75,0.191338995125,0,0,0,0.2231793,0.12287649952381,0,0,0,0.375,0.6256258475,0,0,0,0.05714073,0.0228733519047619,0,0,0,0,0.11453741875,0,0,0,0.000242245,0.000110343404761905,0,0,0,0,0.000558268875,0,0,0,0.000296006,0.000210728047619048,0,0,0,0,0.0010721193125,0,0,0,0.2400664,0.137072376904762,0,0,0,4.625,0.699330175,0,0,0,0.06449314,0.0311395214285714,0,0,0,3.875,0.1602435674375,0,0,0,0,0,0,0,0,0,0,0,0,0,0,0,0,0,0,0,0,0,0,0,1,1,1,5.25,5.25,0,5.125,1,1,1,0,0,0,0,0,0,0,0,0,0,1,0.285714285714286,0.285714285714286,1.5,1.5,1,1.5,1,0,0,1,0.69047619047619,0.69047619047619,3.625,3.625,0,3.5625,1,1,0,2,1.76190476190476,1,5.25,5.25,1.25,9.0625,1,1,1,0,0,0,0,0,0,0,0,0,0,1,0.785714285714286,0.785714285714286,4.125,4.125,0.625,4.125,1,0,0,0,0,0,0,0,0,0,0,0,0,0,0,0,0,0,0,0,0,0,0,1,0.238095238095238,0.238095238095238,1.25,1.25,0,1.1875,1,1,0,0,0,0,0,0,0,0,0,0,0,0,0,0,0,0,0,0,0,0,0,0,0,0,0,0,0,0,0,0,0,0,0,0,0,0,0,0,0,0,0,0,0,0,0,0,0,0,0,0,0,0,0,0,0,0,0,0,0,0,0,0,0,0,0,0,0,0,0,0,0,5,4.52380952380952,1,5.25,5.25,1.375,23.1875,1,1,1,0.363636363636364,,0.048780487804878,1,
"E22HA01-05","C22","Chinese","Genuine",0,"Happy 1 CN",1,5,4.375,35,0.4494354,0.415063151428571,0,0,0,0,1.76190128125,0,0,0,0.2445622,0.133591626,0,0,0,2.375,0.577132406875,0,0,0,0.1245273,0.076040444,0,0,0,4.25,0.320683200625,0,0,0,0.05300942,0.0350841682857143,0,0,0,1.75,0.151071108125,0,0,0,0.000186179,3.35040285714286e-05,0,0,0,0,0.000134297625,0,0,0,0.000232839,0.000103222885714286,0,0,0,0.25,0.0004357164375,0,0,0,0.1414801,0.0756638597142857,0,0,0,4.25,0.31584276125,0,0,0,0.02078514,0.00759708454285714,0,0,0,1.125,0.032542496375,0,0,0,0,0,0,0,0,0,0,0,0,0,0,0,0,0,0,0,0,0,0,0,1,1,1,4.375,4.375,0,4.25,1,1,1,0,0,0,0,0,0,0,0,0,0,3,2.02857142857143,0.828571428571429,3.625,3.625,1.625,8.75,1,0,1,1,0.914285714285714,0.914285714285714,4,4,0.375,3.9375,1,0,1,2,1.65714285714286,1,4.375,4.375,0,7,1,1,1,0,0,0,0,0,0,0,0,0,0,2,1.42857142857143,1,4.375,4.375,2,6.125,1,1,1,0,0,0,0,0,0,0,0,0,0,0,0,0,0,0,0,0,0,0,0,3,2.28571428571429,1,4.375,4.375,0.75,9.75,1,1,1,0,0,0,0,0,0,0,0,0,0,0,0,0,0,0,0,0,0,0,0,0,0,0,0,0,0,0,0,0,0,1,0.628571428571429,0.628571428571429,2.75,2.75,1.125,2.75,1,0,0,0,0,0,0,0,0,0,0,0,0,0,0,0,0,0,0,0,0,0,0,0,0,0,0,0,0,0,0,0,0,5,3.42857142857143,1,4.375,4.375,0,14.4375,1,1,1,0.828571428571429,,0.176470588235294,1,
"E22HA02-02","C22","Chinese","Genuine",0,"Happy 2 CN",2,2,8,64,0.4287147,0.285945371875,0,0,0,1.375,2.25223225625,0,0,0,0.7810062,0.3707555240625,0.265625,2.125,2.125,5.125,2.9351456250625,1,0,0,0.3748159,0.078011294765625,0,0,0,0,0.598762395,0,0,0,0.0550186,0.019862196078125,0,0,0,0.375,0.15387918425,0,0,0,0.000184095,9.334878125e-05,0,0,0,1,0.0007390756875,0,0,0,0.000699214,0.00029898421875,0,0,0,2.625,0.0023862335,0,0,0,0.2748696,0.1043558415625,0,0,0,0.125,0.8166303825,0,0,0,0.0195329,0.003682176515625,0,0,0,1.125,0.0292131329375,0,0,0,0,0,0,0,0,0,0,0,0,0,0,0,0,0,0,0,0,0,0,0,1,1,1,8,8,0,7.875,1,1,1,0,0,0,0,0,0,0,0,0,0,4,1.984375,0.828125,6.625,6.625,5.25,15.6875,1,0,1,1,0.625,0.625,3.5,5,0,4.875,4,1,1,2,1.140625,0.859375,6.875,6.875,2.125,9.0625,1,0,1,0,0,0,0,0,0,0,0,0,0,3,1.8125,0.828125,6.625,6.625,3,14.375,1,0,1,0,0,0,0,0,0,0,0,0,0,1,0.0625,0.0625,0.5,0.5,6.375,0.5,1,0,0,4,1.40625,0.671875,3.25,5.375,7,10.9375,3,1,1,0,0,0,0,0,0,0,0,0,0,0,0,0,0,0,0,0,0,0,0,0,0,0,0,0,0,0,0,0,0,0,0,0,0,0,0,0,0,0,0,4,1.6875,0.71875,5.75,5.75,4.875,13.5,1,0,0,1,0.15625,0.15625,1.25,1.25,4.75,1.25,1,0,0,0,0,0,0,0,0,0,0,0,0,4,2.765625,1,8,8,0,21.75,1,1,1,1,1.84615384615385,0.0952380952380952,1,
"E22HA03-02","C22","Chinese","Genuine",0,"Happy 3 CN",3,2,6.375,51,0.4426898,0.399764462745098,0,0,0,5.5,2.4982632875,0,0,0,0.3380093,0.147755656,0,0,0,1.25,0.94015440725,0,0,0,0.1904449,0.0839526805882353,0,0,0,0.125,0.515845645,0,0,0,0.04280732,0.023877551372549,0,0,0,0.625,0.15011447375,0,0,0,0.000113124,4.39628039215686e-05,0,0,0,0.25,0.000270272625,0,0,0,0.000368425,0.000100533235294118,0,0,0,1,0.0006285814375,0,0,0,0.2405738,0.132787508431373,0,0,0,0.25,0.8220248475,0,0,0,0.05468368,0.00851405966666667,0,0,0,0,0.050144696625,0,0,0,0,0,0,0,0,0,0,0,0,0,0,0,0,0,0,0,0,0,0,0,2,1.70588235294118,1,6.375,6.375,0,10.625,1,1,1,0,0,0,0,0,0,0,0,0,0,2,1.31372549019608,0.823529411764706,5.25,5.25,1.625,8.375,1,0,0,1,0.568627450980392,0.568627450980392,2.125,3.625,2.125,3.625,2,0,0,2,1.84313725490196,1,6.375,6.375,1,11.5625,1,1,1,0,0,0,0,0,0,0,0,0,0,2,1.25490196078431,0.92156862745098,5.875,5.875,1,7.9375,1,0,1,0,0,0,0,0,0,0,0,0,0,0,0,0,0,0,0,0,0,0,0,2,1.52941176470588,1,6.375,6.375,2,9.625,1,1,1,0,0,0,0,0,0,0,0,0,0,0,0,0,0,0,0,0,0,0,0,0,0,0,0,0,0,0,0,0,0,1,0.0980392156862745,0.0980392156862745,0.625,0.625,2.375,0.625,1,0,0,1,0.117647058823529,0.117647058823529,0.75,0.75,1.25,0.75,1,0,0,0,0,0,0,0,0,0,0,0,0,0,0,0,0,0,0,0,0,0,0,5,3.54901960784314,1,6.375,6.375,0,22,1,1,1,0.893617021276596,4,0.14,1,
"E22HA05-01","C22","Chinese","Genuine",0,"Happy 5 CN",5,1,5,40,0.4189343,0.32647397,0,0,0,0.625,1.59140414375,0,0,0,0.5669358,0.283099519125,0.225,1.125,1.125,3.75,1.3983316868125,1,0,0,0.3073294,0.101725611,0,0,0,0,0.4767570925,0,0,0,0.06134523,0.02662415035,0,0,0,1,0.1317467415,0,0,0,0.000185507,5.267645e-05,0,0,0,0.25,0.0002589521875,0,0,0,0.000879705,0.00025446135,0,0,0,1.125,0.00126527475,0,0,0,0.2559272,0.1155201225,0,0,0,1.5,0.565745115,0,0,0,0.01799064,0.0056543091,0,0,0,0.125,0.026923638375,0,0,0,0,0,0,0,0,0,0,0,0,0,0,0,0,0,0,0,0,0,0,0,1,1,1,5,5,0,4.875,1,1,1,0,0,0,0,0,0,0,0,0,0,3,2.375,0.925,4.625,4.625,1.25,11.75,1,0,1,1,0.825,0.825,2.625,4.125,0,4,2,1,1,2,1.05,1,5,5,1.25,5.125,1,1,1,0,0,0,0,0,0,0,0,0,0,3,1.75,0.9,4.5,4.5,3.625,8.5625,1,0,1,0,0,0,0,0,0,0,0,0,0,0,0,0,0,0,0,0,0,0,0,3,1.875,1,5,5,3,9.125,1,1,1,0,0,0,0,0,0,0,0,0,0,0,0,0,0,0,0,0,0,0,0,0,0,0,0,0,0,0,0,0,0,1,0.6,0.6,2.5,3,0.625,3,2,0,0,0,0,0,0,0,0,0,0,0,0,0,0,0,0,0,0,0,0,0,0,0,0,0,0,0,0,0,0,0,0,5,3.4,1,5,5,0,16.4375,1,1,1,1,0.96,0.128205128205128,1,
"E22HA07-02","C22","Chinese","Genuine",0,"Happy 7 CN",7,2,5.625,45,0.4269484,0.338116006666667,0,0,0,2.375,1.8705563875,0,0,0,0.3448473,0.126698225155556,0,0,0,3.625,0.710374816,0,0,0,0.6063912,0.270929102888889,0.133333333333333,0.75,0.75,5.5,1.4618588475,1,0,1,0.03198754,0.0166687095555556,0,0,0,3.125,0.091613505625,0,0,0,0.000500426,0.0001478882,0,0,0,3.875,0.0008258790625,0,0,0,0.000684742,0.000197929377777778,0,0,0,3.875,0.00110998675,0,0,0,0.2666043,0.0811916035555555,0,0,0,0.375,0.43926336375,0,0,0,0.03651126,0.0159611045111111,0,0,0,2.125,0.0883402719375,0,0,0,0,0,0,0,0,0,0,0,0,0,0,0,0,0,0,0,0,0,0,0,1,1,1,5.625,5.625,0,5.5,1,1,1,0,0,0,0,0,0,0,0,0,0,2,0.933333333333333,0.755555555555556,4.25,4.25,3.375,5.1875,1,0,1,2,1.55555555555556,1,5.625,5.625,2,8.625,1,1,1,1,0.733333333333333,0.733333333333333,4.125,4.125,0.375,4.125,1,0,0,0,0,0,0,0,0,0,0,0,0,2,0.911111111111111,0.733333333333333,4.125,4.125,3,5.125,1,0,0,0,0,0,0,0,0,0,0,0,0,0,0,0,0,0,0,0,0,0,0,4,2.17777777777778,1,5.625,5.625,4.75,11.9375,1,1,1,0,0,0,0,0,0,0,0,0,0,0,0,0,0,0,0,0,0,0,0,0,0,0,0,0,0,0,0,0,0,0,0,0,0,0,0,0,0,0,0,1,0.0444444444444444,0.0444444444444444,0.25,0.25,3.875,0.25,1,0,0,0,0,0,0,0,0,0,0,0,0,0,0,0,0,0,0,0,0,0,0,5,4.44444444444444,1,5.625,5.625,0.625,24.5,1,1,1,0.96969696969697,1.14285714285714,0.0909090909090909,1,
"E23HA01-02","C23","Chinese","Genuine",0,"Happy 1 CN",1,2,3.875,31,0.3020173,0.0681105425806452,0,0,0,0,0.2423570975,0,0,0,0.9684814,0.892137538709677,1,3.875,3.875,2.5,3.3648185125,1,1,1,0.000702789,0.000492503451612903,0,0,0,1.375,0.0018686253125,0,0,0,0.02741605,0.0134958598709677,0,0,0,3.75,0.049847391375,0,0,0,0.07721715,0.012816872516129,0,0,0,0,0.044553013,0,0,0,0.000726876,0.000186375612903226,0,0,0,0,0.0006637666875,0,0,0,0.000189781,0.000124496774193548,0,0,0,1.75,0.0004729410625,0,0,0,0.007518703,0.00406913874193548,0,0,0,1.625,0.015457783375,0,0,0,0,0,0,0,0,0,0,0,0,0,0,0,0,0,0,0,0,0,0,0,0,0,0,0,0,0,0,0,0,0,0,0,0,0,0,0,0,0,0,0,2,1.74193548387097,1,3.875,3.875,1,6.5625,1,1,1,0,0,0,0,0,0,0,0,0,0,0,0,0,0,0,0,0,0,0,0,0,0,0,0,0,0,0,0,0,0,4,3.80645161290323,1,3.875,3.875,0.75,14.3125,1,1,1,0,0,0,0,0,0,0,0,0,0,0,0,0,0,0,0,0,0,0,0,0,0,0,0,0,0,0,0,0,0,0,0,0,0,0,0,0,0,0,0,0,0,0,0,0,0,0,0,0,0,0,0,0,0,0,0,0,0,0,0,0,0,0,0,0,0,0,0,0,0,0,0,0,0,0,0,0,0,0,0,0,0,0,0,0,0,0,0,0,0,0,0,0,0,0,0,0,0,0,0,1,0.838709677419355,0.838709677419355,3.25,3.25,0.625,3.1875,1,0,1,1,,0.0333333333333333,1,
"E23HA02-03","C23","Chinese","Genuine",0,"Happy 2 CN",2,3,4.875,39,0.3374608,0.0676590797948718,0,0,0,4.75,0.29420675775,0,0,0,0.9883263,0.878972394871795,0.948717948717949,4.625,4.625,3.75,4.22921681875,1,1,0,0.02453601,0.00292042938461538,0,0,0,4.75,0.012545323375,0,0,0,0.273081,0.0205032344102564,0,0,0,4.75,0.0804424015,0,0,0,0.01020039,0.002201073,0,0,0,4.75,0.009679298375,0,0,0,0.000556402,0.000105951179487179,0,0,0,4.375,0.0004732336875,0,0,0,0.005766109,0.00102289933333333,0,0,0,4.75,0.004521873375,0,0,0,0.005553929,0.00164589871794872,0,0,0,1,0.007888964625,0,0,0,0,0,0,0,0,0,0,0,0,0,0,0,0,0,0,0,0,0,0,0,1,0.846153846153846,0.846153846153846,2.125,4.125,0,4,3,1,1,0,0,0,0,0,0,0,0,0,0,4,3.12820512820513,1,4.875,4.875,2.125,15,1,1,1,0,0,0,0,0,0,0,0,0,0,0,0,0,0,0,0,0,0,0,0,0,0,0,0,0,0,0,0,0,0,5,3.87179487179487,1,4.875,4.875,3.375,18.5,1,1,1,0,0,0,0,0,0,0,0,0,0,0,0,0,0,0,0,0,0,0,0,0,0,0,0,0,0,0,0,0,0,0,0,0,0,0,0,0,0,0,0,1,0.615384615384616,0.615384615384615,3,3,1.5,3,1,0,0,0,0,0,0,0,0,0,0,0,0,0,0,0,0,0,0,0,0,0,0,4,2.17948717948718,0.846153846153846,3.25,4.125,3.625,10.375,2,1,1,1,0.153846153846154,0.153846153846154,0.75,0.75,4.125,0.6875,1,0,1,0,0,0,0,0,0,0,0,0,0,4,2.64102564102564,1,4.875,4.875,0.625,12.5625,1,1,1,1,,0.105263157894737,1,
"E23HA03-01","C23","Chinese","Genuine",0,"Happy 3 CN",3,1,6.25,50,0.8552123,0.1224714808,0.08,0.5,0.5,0.25,0.69464053,1,1,0,0.9701917,0.83207954162,0.9,5.625,5.625,2.375,5.1670206406875,1,0,1,0.004347096,0.000803249,0,0,0,6.125,0.0045604910625,0,0,0,0.03835797,0.00972889076,0,0,0,6.125,0.056102331,0,0,0,0.2613276,0.0281786924,0,0,0,0.125,0.159558641875,0,0,0,0.003315846,0.00042799246,0,0,0,0.125,0.00247207375,0,0,0,0.000804642,0.00012894906,0,0,0,6.125,0.0007360160625,0,0,0,0.02419832,0.01205528634,0,0,0,4.75,0.074915276125,0,0,0,0,0,0,0,0,0,0,0,0,0,0,0,0,0,0,0,0,0,0,0,0,0,0,0,0,0,0,0,0,0,0,0,0,0,0,0,0,0,0,0,3,1.98,0.92,5.75,5.75,2.125,12.25,1,0,1,0,0,0,0,0,0,0,0,0,0,0,0,0,0,0,0,0,0,0,0,0,0,0,0,0,0,0,0,0,0,5,3.64,0.94,5.875,5.875,4.5,22.5,1,0,1,0,0,0,0,0,0,0,0,0,0,0,0,0,0,0,0,0,0,0,0,0,0,0,0,0,0,0,0,0,0,0,0,0,0,0,0,0,0,0,0,0,0,0,0,0,0,0,0,0,0,0,0,0,0,0,0,0,0,0,0,0,0,0,0,0,0,0,0,0,0,1,0.3,0.3,0.75,1.875,0.125,1.875,5,0,0,0,0,0,0,0,0,0,0,0,0,0,0,0,0,0,0,0,0,0,0,2,1.2,0.92,5.75,5.75,2,7.4375,1,0,1,0.978723404255319,1.21212121212121,0.163265306122449,1,
"E23HA04-03","C23","Chinese","Genuine",0,"Happy 4 CN",4,3,6.5,52,0.8701642,0.426246371153846,0.288461538461538,1.25,1.875,0,2.66869105,2,1,1,0.659393,0.466494328653846,0.596153846153846,3,3.875,2.75,3.018725033125,2,0,0,0.005499109,0.00218803646153846,0,0,0,0.5,0.013922335125,0,0,0,0.06238303,0.0403437355769231,0,0,0,6.25,0.255309770625,0,0,0,0.1437907,0.0452022075,0,0,0,0.25,0.284361353125,0,0,0,0.004463985,0.00136975869230769,0,0,0,0.125,0.0085563404375,0,0,0,0.002436602,0.000846680019230769,0,0,0,0.625,0.0054195183125,0,0,0,0.002572706,0.00110755134615385,0,0,0,2.375,0.0070424935625,0,0,0,0,0,0,0,0,0,0,0,0,0,0,0,0,0,0,0,0,0,0,0,1,1,1,6.5,6.5,0,6.375,1,1,1,0,0,0,0,0,0,0,0,0,0,1,0.692307692307692,0.692307692307692,4.5,4.5,0.75,4.5,1,0,0,0,0,0,0,0,0,0,0,0,0,0,0,0,0,0,0,0,0,0,0,0,0,0,0,0,0,0,0,0,0,3,2.44230769230769,0.942307692307692,6.125,6.125,1,15.8125,1,0,1,0,0,0,0,0,0,0,0,0,0,0,0,0,0,0,0,0,0,0,0,0,0,0,0,0,0,0,0,0,0,0,0,0,0,0,0,0,0,0,0,0,0,0,0,0,0,0,0,0,0,0,0,0,0,0,0,0,0,0,0,0,0,0,0,0,0,0,0,0,0,1,0.5,0.5,2.75,3.25,1.625,3.1875,3,0,1,0,0,0,0,0,0,0,0,0,0,0,0,0,0,0,0,0,0,0,0,2,0.961538461538461,0.75,3.5,4.875,0.375,6.1875,3,0,1,0.73469387755102,4.8,0.0980392156862745,1,
"E23HA05-03","C23","Chinese","Genuine",0,"Happy 5 CN",5,3,3,24,0.6865255,0.177565521083333,0.166666666666667,0.5,0.5,0.125,0.48044923825,1,1,0,0.987599,0.753929879166667,0.791666666666667,2.375,2.375,2.125,2.209318525,1,0,1,0.01217422,0.0037674635,0,0,0,0.5,0.0107322238125,0,0,0,0.07219389,0.0204538395416667,0,0,0,0,0.054864894875,0,0,0,0.04760012,0.00992807804166666,0,0,0,0.125,0.026720403,0,0,0,0.003805428,0.00068373575,0,0,0,0,0.001803087125,0,0,0,0.003618439,0.00119327966666667,0,0,0,0.5,0.003356582,0,0,0,0.01172174,0.00514298879166667,0,0,0,2,0.0151249935,0,0,0,0,0,0,0,0,0,0,0,0,0,1,0.0416666666666667,0.0416666666666667,0.125,0.125,0,0.0625,1,1,0,1,0.916666666666667,0.916666666666667,2.125,2.75,0,2.625,2,1,1,0,0,0,0,0,0,0,0,0,0,3,2.29166666666667,0.958333333333333,2.5,2.875,1.125,6.625,2,1,1,0,0,0,0,0,0,0,0,0,0,0,0,0,0,0,0,0,0,0,0,0,0,0,0,0,0,0,0,0,0,4,3.125,1,3,3,1.125,9.125,1,1,1,0,0,0,0,0,0,0,0,0,0,0,0,0,0,0,0,0,0,0,0,0,0,0,0,0,0,0,0,0,0,0,0,0,0,0,0,0,0,0,0,0,0,0,0,0,0,0,0,0,0,0,0,0,0,0,0,0,0,0,0,0,0,0,0,0,0,0,0,0,0,1,0.541666666666667,0.541666666666667,1.125,1.625,0,1.5625,3,1,0,0,0,0,0,0,0,0,0,0,0,0,0,0,0,0,0,0,0,0,0,4,2.75,0.958333333333333,2.75,2.875,0.75,8,2,1,1,0.958333333333333,,0.173913043478261,1,
"E23HA07-03","C23","Chinese","Genuine",0,"Happy 7 CN",7,3,4.625,37,0.4359691,0.237414027027027,0,0,0,4.375,1.04958358125,0,0,0,0.7794427,0.53271541054054,0.567567567567568,2.625,2.625,2.5,2.44784719875,1,0,0,0.01289314,0.00208205013513514,0,0,0,0,0.0087424170625,0,0,0,0.04689918,0.0277157567567568,0,0,0,3.25,0.122991745,0,0,0,0.4326267,0.079904043027027,0,0,0,0,0.337375658375,0,0,0,0.01745901,0.00265192481081081,0,0,0,0,0.0108154601875,0,0,0,0.000796951,0.000520542054054054,0,0,0,3.375,0.0023213775,0,0,0,0.004139918,0.00156672875675676,0,0,0,1.375,0.0072456416875,0,0,0,4,1.35135135135135,0.648648648648649,3,3,0,6,1,1,0,4,1.75675675675676,1,4.625,4.625,0,7.8125,1,1,1,0,0,0,0,0,0,0,0,0,0,0,0,0,0,0,0,0,0,0,0,1,0.918918918918919,0.918918918918919,4.25,4.25,0.375,4.1875,1,0,1,0,0,0,0,0,0,0,0,0,0,0,0,0,0,0,0,0,0,0,0,0,0,0,0,0,0,0,0,0,0,4,2.81081081081081,0.945945945945946,4.375,4.375,1.75,12.875,1,0,1,0,0,0,0,0,0,0,0,0,0,0,0,0,0,0,0,0,0,0,0,0,0,0,0,0,0,0,0,0,0,0,0,0,0,0,0,0,0,0,0,0,0,0,0,0,0,0,0,0,0,0,0,0,0,0,0,0,0,0,0,0,0,0,0,0,0,0,0,0,0,1,0.027027027027027,0.027027027027027,0.125,0.125,3.875,0.125,1,0,0,0,0,0,0,0,0,0,0,0,0,0,0,0,0,0,0,0,0,0,0,1,0.27027027027027,0.27027027027027,0.875,1.25,0.75,1.25,2,0,0,0.971428571428571,2.66666666666667,0.222222222222222,1,
"E24HA01-02","C24","Chinese","Genuine",0,"Happy 1 CN",1,2,12.625,101,0.4082433,0.206177975841584,0,0,0,0,2.55293792625,0,0,0,0.825106,0.591669652475247,0.821782178217822,10.375,10.375,3.375,7.44514583125,1,0,0,0.1097461,0.020220505009901,0,0,0,11.375,0.252107216375,0,0,0,0.269197,0.129068841287129,0,0,0,0.125,1.59980758375,0,0,0,0.01415048,0.00362904495049505,0,0,0,0.375,0.0445032175,0,0,0,0.01785824,0.00517618714851485,0,0,0,0,0.0637354154375,0,0,0,0.04414245,0.0108371835841584,0,0,0,12.25,0.1346132015,0,0,0,0.006050584,0.00149392711881188,0,0,0,0,0.0184145890625,0,0,0,0,0,0,0,0,0,0,0,0,0,0,0,0,0,0,0,0,0,0,0,0,0,0,0,0,0,0,0,0,0,0,0,0,0,0,0,0,0,0,0,1,0.485148514851485,0.485148514851485,6.125,6.125,1.625,6.125,1,0,0,0,0,0,0,0,0,0,0,0,0,2,1.03960396039604,0.94059405940594,11.875,11.875,6.5,13,1,0,1,0,0,0,0,0,0,0,0,0,0,2,1.08910891089109,0.871287128712871,11,11,2.125,13.75,1,0,0,0,0,0,0,0,0,0,0,0,0,0,0,0,0,0,0,0,0,0,0,0,0,0,0,0,0,0,0,0,0,0,0,0,0,0,0,0,0,0,0,0,0,0,0,0,0,0,0,0,0,0,0,0,0,0,0,0,0,0,0,0,0,0,0,0,0,0,0,0,0,3,1.85148514851485,0.98019801980198,12.375,12.375,7,23.25,1,0,1,0,0,0,0,0,0,0,0,0,0,0,0,0,0,0,0,0,0,0,0,3,1.32673267326733,0.871287128712871,7.5,11,1.625,16.625,2,0,1,0.556818181818182,1.45454545454545,0.04,1,
"E24HA02-03","C24","Chinese","Genuine",0,"Happy 2 CN",2,3,6.375,51,0.3335,0.141086739803922,0,0,0,0,0.862997185,0,0,0,0.8477906,0.723587019607843,0.92156862745098,5.875,5.875,3,4.55831169375,1,0,1,0.1066559,0.0305182912352941,0,0,0,4.875,0.19125028475,0,0,0,0.1653107,0.0595427958823529,0,0,0,0.375,0.36401753,0,0,0,0.003121965,0.000926658647058824,0,0,0,6.25,0.0055494830625,0,0,0,0.01287492,0.00217560531372549,0,0,0,0,0.0127998961875,0,0,0,0.04553207,0.0221370985098039,0,0,0,0,0.136921107375,0,0,0,0.008261535,0.00378657901960784,0,0,0,5.875,0.023823738625,0,0,0,0,0,0,0,0,0,0,0,0,0,0,0,0,0,0,0,0,0,0,0,0,0,0,0,0,0,0,0,0,0,0,0,0,0,0,0,0,0,0,0,2,1.17647058823529,0.803921568627451,5.125,5.125,1.625,7.5,1,0,0,0,0,0,0,0,0,0,0,0,0,2,1.94117647058824,1,6.375,6.375,0.125,12.25,1,1,1,0,0,0,0,0,0,0,0,0,0,2,1.37254901960784,0.88235294117647,5.625,5.625,1.375,8.6875,1,0,1,0,0,0,0,0,0,0,0,0,0,0,0,0,0,0,0,0,0,0,0,0,0,0,0,0,0,0,0,0,0,0,0,0,0,0,0,0,0,0,0,0,0,0,0,0,0,0,0,0,0,0,0,0,0,0,0,0,0,0,0,0,0,0,0,0,0,0,0,0,0,2,1.41176470588235,1,6.375,6.375,0,8.75,1,1,1,0,0,0,0,0,0,0,0,0,0,0,0,0,0,0,0,0,0,0,0,4,3.09803921568628,1,6.375,6.375,3.125,19.4375,1,1,1,0.911111111111111,3.2,0.1,1,
"E24HA03-04","C24","Chinese","Genuine",0,"Happy 3 CN",3,4,5.25,42,0.3758919,0.19265622952381,0,0,0,0.375,0.96881182375,0,0,0,0.8725747,0.58739412452381,0.69047619047619,3.625,3.625,4.125,3.059680910625,1,0,0,0.1712472,0.0610814923809524,0,0,0,4.5,0.311540806875,0,0,0,0.3972954,0.106235360952381,0,0,0,0,0.526988263125,0,0,0,0.004783335,0.00143248561904762,0,0,0,0,0.00697922975,0,0,0,0.03816133,0.0109506647619048,0,0,0,0,0.05418955375,0,0,0,0.0258711,0.0130565872857143,0,0,0,5.125,0.066561911375,0,0,0,0.01718416,0.00814227842857143,0,0,0,2,0.042284597875,0,0,0,0,0,0,0,0,0,0,0,0,0,0,0,0,0,0,0,0,0,0,0,0,0,0,0,0,0,0,0,0,0,0,0,0,0,0,0,0,0,0,0,2,1,0.714285714285714,3.75,3.75,3.375,5.1875,1,0,1,0,0,0,0,0,0,0,0,0,0,1,0.880952380952381,0.880952380952381,4.625,4.625,0.625,4.5625,1,0,1,0,0,0,0,0,0,0,0,0,0,3,1.14285714285714,0.761904761904762,4,4,4,5.9375,1,0,1,0,0,0,0,0,0,0,0,0,0,0,0,0,0,0,0,0,0,0,0,0,0,0,0,0,0,0,0,0,0,0,0,0,0,0,0,0,0,0,0,0,0,0,0,0,0,0,0,0,0,0,0,0,0,0,0,0,0,0,0,0,0,0,0,0,0,0,0,0,0,2,1.66666666666667,0.928571428571429,4.875,4.875,1.375,8.625,1,0,1,0,0,0,0,0,0,0,0,0,0,0,0,0,0,0,0,0,0,0,0,4,2.76190476190476,0.928571428571429,4.875,4.875,2.375,14.3125,1,0,1,0.9375,1.09090909090909,0.121951219512195,1,
"E24HA05-03","C24","Chinese","Genuine",0,"Happy 5 CN",5,3,3.625,29,0.403237,0.185957203793103,0,0,0,0,0.63504247625,0,0,0,0.8749303,0.625314731034483,0.724137931034483,2.625,2.625,2.375,2.21495919375,1,0,1,0.06898957,0.0261879341724138,0,0,0,1.5,0.090474165125,0,0,0,0.3509524,0.16869796862069,0,0,0,0.625,0.59590299125,0,0,0,0.005918354,0.00209525962068966,0,0,0,0,0.007036985875,0,0,0,0.01282097,0.00473634555172414,0,0,0,0,0.0160539641875,0,0,0,0.06060833,0.0145227847931034,0,0,0,0,0.047926341125,0,0,0,0.01660815,0.00587989082758621,0,0,0,2.875,0.020776468375,0,0,0,0,0,0,0,0,0,0,0,0,0,0,0,0,0,0,0,0,0,0,0,0,0,0,0,0,0,0,0,0,0,0,0,0,0,0,0,0,0,0,0,2,0.93103448275862,0.689655172413793,2.5,2.5,2,3.3125,1,0,1,0,0,0,0,0,0,0,0,0,0,2,1.55172413793103,1,3.625,3.625,1.625,5.4375,1,1,1,1,0.172413793103448,0.172413793103448,0.625,0.625,0,0.5625,1,1,0,1,0.655172413793104,0.655172413793103,2.375,2.375,1.25,2.3125,1,0,1,0,0,0,0,0,0,0,0,0,0,0,0,0,0,0,0,0,0,0,0,0,0,0,0,0,0,0,0,0,0,0,0,0,0,0,0,0,0,0,0,0,0,0,0,0,0,0,0,0,0,0,0,0,0,0,0,0,0,0,0,0,0,0,0,0,0,0,0,0,0,2,1.55172413793103,1,3.625,3.625,0,5.375,1,1,1,0,0,0,0,0,0,0,0,0,0,0,0,0,0,0,0,0,0,0,0,5,3.27586206896552,1,3.625,3.625,0,11.375,1,1,1,1,,0.0357142857142857,1,
"E24HA07-02","C24","Chinese","Genuine",0,"Happy 7 CN",7,2,4.625,37,0.3756478,0.177546409459459,0,0,0,0,0.77804455625,0,0,0,0.8050045,0.634410964864865,0.837837837837838,3.875,3.875,1.375,2.9042420375,1,0,0,0.1094797,0.0386470359459459,0,0,0,2.5,0.173052185625,0,0,0,0.4228808,0.102005426756757,0,0,0,0,0.44226208625,0,0,0,0.005408193,0.00156181391891892,0,0,0,0.125,0.00664533375,0,0,0,0.01695177,0.00423677994594595,0,0,0,0,0.0181495674375,0,0,0,0.04578488,0.0164950906486486,0,0,0,4.5,0.0725342605,0,0,0,0.01102588,0.00289308721621622,0,0,0,0,0.012513780625,0,0,0,0,0,0,0,0,0,0,0,0,0,0,0,0,0,0,0,0,0,0,0,0,0,0,0,0,0,0,0,0,0,0,0,0,0,0,0,0,0,0,0,3,2.08108108108108,0.837837837837838,3.875,3.875,1.125,9.5625,1,0,1,0,0,0,0,0,0,0,0,0,0,2,1.62162162162162,0.972972972972973,4.5,4.5,1.625,7.375,1,0,1,0,0,0,0,0,0,0,0,0,0,3,1.62162162162162,0.810810810810811,3.75,3.75,1.125,7.5,1,0,0,0,0,0,0,0,0,0,0,0,0,0,0,0,0,0,0,0,0,0,0,0,0,0,0,0,0,0,0,0,0,0,0,0,0,0,0,0,0,0,0,0,0,0,0,0,0,0,0,0,0,0,0,0,0,0,0,0,0,0,0,0,0,0,0,0,0,0,0,0,0,2,1.7027027027027,1,4.625,4.625,1.375,7.6875,1,1,1,0,0,0,0,0,0,0,0,0,0,0,0,0,0,0,0,0,0,0,0,4,3.16216216216216,1,4.625,4.625,1.625,14.3125,1,1,1,0.933333333333333,4.8,0.166666666666667,1,
"E25HA03-01","C25","Chinese","Genuine",0,"Happy 3 CN",3,1,5.375,43,0.423003,0.362986713953488,0,0,0,2,1.90929710625,0,0,0,0.1202404,0.0245422985581395,0,0,0,1,0.1317265178125,0,0,0,0.4054785,0.143742426744186,0,0,0,0,0.73717935625,0,0,0,0.4393271,0.215353874883721,0,0,0,4,1.13667672375,0,0,0,0.000831581,0.00049000388372093,0,0,0,0.625,0.0025973575625,0,0,0,0.04695834,0.0191737895813953,0,0,0,3.875,0.1007639394375,0,0,0,0.1265967,0.0753942820930232,0,0,0,4.625,0.39409387125,0,0,0,0.006571862,0.00297732458139535,0,0,0,3.125,0.01585229725,0,0,0,0,0,0,0,0,0,0,0,0,0,0,0,0,0,0,0,0,0,0,0,0,0,0,0,0,0,0,0,0,0,0,0,0,0,0,0,0,0,0,0,0,0,0,0,0,0,0,0,0,0,0,0,0,0,0,0,0,0,0,0,0,0,0,0,0,0,0,0,0,0,0,0,0,0,0,0,0,0,0,0,0,0,0,0,0,0,0,0,0,0,0,0,0,0,0,0,0,0,0,0,0,0,0,0,0,0,0,0,0,0,0,0,0,0,0,0,0,0,0,0,0,0,0,0,0,0,0,0,0,0,0,0,0,0,0,0,0,0,0,0,2,1.48837209302326,1,5.375,5.375,2.75,7.8125,1,1,1,0,0,0,0,0,0,0,0,0,0,0,0,0,0,0,0,0,0,0,0,0,0,0,0,0,0,0,0,0,0,0,0,0,0,0,0,0,0,0,0,5,3,1,5.375,5.375,0,15.625,1,1,1,,,0,0,
"E25HA04-01","C25","Chinese","Genuine",0,"Happy 4 CN",4,1,10.875,87,0.4111635,0.376157722988506,0,0,0,2.125,4.04596593125,0,0,0,0.02319382,0.00740960247126437,0,0,0,9,0.0799331610625,0,0,0,0.2750778,0.134301690114943,0,0,0,8.125,1.43704667375,0,0,0,0.4687828,0.199952848850575,0,0,0,0.625,2.140224275,0,0,0,0.000807476,0.000347241689655172,0,0,0,4.375,0.0037514131875,0,0,0,0.1125695,0.0393579123793103,0,0,0,4.625,0.42406044375,0,0,0,0.2164408,0.132238421954023,0,0,0,9.625,1.424477651875,0,0,0,0.006386252,0.00243677272413793,0,0,0,9,0.0262877153125,0,0,0,0,0,0,0,0,0,0,0,0,0,0,0,0,0,0,0,0,0,0,0,0,0,0,0,0,0,0,0,0,0,0,0,0,0,0,0,0,0,0,0,0,0,0,0,0,0,0,0,0,0,0,0,0,0,0,0,0,0,0,0,0,0,0,0,0,0,0,0,0,0,0,0,0,0,0,0,0,0,0,0,0,0,0,0,0,0,0,0,0,0,0,0,0,0,0,0,0,0,0,0,0,0,0,0,0,0,0,0,0,0,0,0,0,0,0,0,0,0,0,0,0,0,0,0,0,0,0,0,0,0,0,0,0,0,0,0,0,0,0,0,2,1.79310344827586,1,10.875,10.875,1.75,19.3125,1,1,1,0,0,0,0,0,0,0,0,0,0,1,0.482758620689655,0.482758620689655,1.75,5.25,0,5.1875,4,1,0,0,0,0,0,0,0,0,0,0,0,0,0,0,0,0,0,0,0,0,0,5,3.52873563218391,1,10.875,10.875,8.625,38.0625,1,1,1,,,0,0,
"E25HA04-04","C25","Chinese","Genuine",0,"Happy 4 CN",4,4,4.75,38,0.4029844,0.384616381578947,0,0,0,2.25,1.7795477125,0,0,0,0.009197667,0.00423454192105263,0,0,0,1,0.020034254125,0,0,0,0.237518,0.113091300789474,0,0,0,0.25,0.5197700975,0,0,0,0.2468028,0.168499795263158,0,0,0,4.625,0.78029871125,0,0,0,0.000468021,0.000233040736842105,0,0,0,3.625,0.0010769529375,0,0,0,0.1038346,0.0471307095,0,0,0,3.625,0.216488276375,0,0,0,0.2424554,0.206987028947368,0,0,0,4.25,0.95566960625,0,0,0,0.002761588,0.0010116885,0,0,0,2.125,0.004793373875,0,0,0,0,0,0,0,0,0,0,0,0,0,0,0,0,0,0,0,0,0,0,0,1,0.157894736842105,0.157894736842105,0.375,0.75,0.75,0.6875,4,0,1,0,0,0,0,0,0,0,0,0,0,0,0,0,0,0,0,0,0,0,0,0,0,0,0,0,0,0,0,0,0,0,0,0,0,0,0,0,0,0,0,0,0,0,0,0,0,0,0,0,0,0,0,0,0,0,0,0,0,0,0,0,0,0,0,0,0,0,0,0,0,0,0,0,0,0,0,0,0,0,0,0,0,0,0,0,0,0,0,0,0,0,0,0,0,0,0,0,0,0,0,0,0,0,0,0,0,0,0,0,0,2,1.44736842105263,1,4.75,4.75,0.875,6.6875,1,1,1,0,0,0,0,0,0,0,0,0,0,1,0.105263157894737,0.105263157894737,0.5,0.5,4.25,0.4375,1,0,1,0,0,0,0,0,0,0,0,0,0,0,0,0,0,0,0,0,0,0,0,5,4.02631578947368,1,4.75,4.75,0,18.625,1,1,1,,,0,0,
"E25HA06-02","C25","Chinese","Genuine",0,"Happy 6 CN",6,2,5.625,45,0.4351453,0.376977384444444,0,0,0,2.875,2.08156654375,0,0,0,0.2147815,0.0607557832666667,0,0,0,2,0.3407819615,0,0,0,0.1602026,0.0831246595555555,0,0,0,0.125,0.45939757125,0,0,0,0.4736757,0.163509036222222,0,0,0,0,0.8735713725,0,0,0,0.000549212,0.000235447577777778,0,0,0,3.375,0.00130649675,0,0,0,0.02268283,0.00900369013333333,0,0,0,0.375,0.048920715,0,0,0,0.2528597,0.157769584222222,0,0,0,5,0.869199661875,0,0,0,0.01330875,0.00440299226666667,0,0,0,4.25,0.02412405025,0,0,0,0,0,0,0,0,0,0,0,0,0,0,0,0,0,0,0,0,0,0,0,1,0.311111111111111,0.311111111111111,1.75,1.75,0,1.6875,1,1,0,0,0,0,0,0,0,0,0,0,0,1,0.511111111111111,0.511111111111111,2.875,2.875,1.625,2.875,1,0,0,0,0,0,0,0,0,0,0,0,0,0,0,0,0,0,0,0,0,0,0,0,0,0,0,0,0,0,0,0,0,1,0.0888888888888889,0.0888888888888889,0.5,0.5,1.875,0.5,1,0,0,0,0,0,0,0,0,0,0,0,0,0,0,0,0,0,0,0,0,0,0,1,0.311111111111111,0.311111111111111,1.75,1.75,3.875,1.6875,1,0,1,0,0,0,0,0,0,0,0,0,0,0,0,0,0,0,0,0,0,0,0,2,1.37777777777778,0.933333333333333,5.25,5.25,1,7.625,1,0,1,0,0,0,0,0,0,0,0,0,0,0,0,0,0,0,0,0,0,0,0,0,0,0,0,0,0,0,0,0,0,0,0,0,0,0,0,0,0,0,0,5,4.17777777777778,1,5.625,5.625,2.375,23.125,1,1,1,1,,0.0454545454545455,1,
"E25HA07-01","C25","Chinese","Genuine",0,"Happy 7 CN",7,1,6.625,53,0.4087679,0.346456726415094,0,0,0,6.375,2.2548926625,0,0,0,0.07855082,0.0398677812830189,0,0,0,1.625,0.2638098898125,0,0,0,0.3530232,0.119576365660377,0,0,0,0.25,0.759679385,0,0,0,0.5695307,0.277426839622642,0.0377358490566038,0.25,0.25,0.125,1.7939496875,1,1,0,0.003370462,0.00149428462264151,0,0,0,6.375,0.0096569124375,0,0,0,0.02661816,0.0148041549811321,0,0,0,0,0.0948950005,0,0,0,0.05616259,0.0237889297169811,0,0,0,4.5,0.1561869188125,0,0,0,0.01403407,0.00719844703773585,0,0,0,6,0.0473738728125,0,0,0,0,0,0,0,0,0,0,0,0,0,0,0,0,0,0,0,0,0,0,0,0,0,0,0,0,0,0,0,0,0,0,0,0,0,0,0,0,0,0,0,0,0,0,0,0,0,0,0,0,0,0,0,0,0,0,0,0,0,0,0,0,0,0,0,0,0,0,0,0,0,0,0,0,0,0,0,0,0,0,0,1,0.150943396226415,0.150943396226415,0.875,1,1.5,1,2,0,0,0,0,0,0,0,0,0,0,0,0,0,0,0,0,0,0,0,0,0,0,0,0,0,0,0,0,0,0,0,0,0,0,0,0,0,0,0,0,0,0,0,0,0,0,0,0,0,0,0,0,2,1.35849056603774,1,6.625,6.625,1.75,8.875,1,1,1,0,0,0,0,0,0,0,0,0,0,0,0,0,0,0,0,0,0,0,0,0,0,0,0,0,0,0,0,0,0,0,0,0,0,0,0,0,0,0,0,3,1.67924528301887,0.962264150943396,6.375,6.375,2.25,11.0625,1,0,1,0,,0.0769230769230769,2,
"E26HA01-01","C26","Chinese","Genuine",0,"Happy 1 CN",1,1,6,48,0.4049672,0.311628479166667,0,0,0,1.625,1.83260776875,0,0,0,0.7797651,0.25422991225,0.208333333333333,1.25,1.25,3.125,1.519206084125,1,0,0,0.1222546,0.0514350034583333,0,0,0,0.125,0.300136651375,0,0,0,0.508417,0.121182547083333,0.0208333333333333,0.125,0.125,5.875,0.690789005625,1,0,1,0.004351812,0.001904282625,0,0,0,5.25,0.011104885,0,0,0,0.01554411,0.0067138635625,0,0,0,0.875,0.0392752619375,0,0,0,0.3017656,0.159287106041667,0,0,0,0,0.92959837375,0,0,0,0.003390895,0.00131038875,0,0,0,4.625,0.0078040411875,0,0,0,0,0,0,0,0,0,0,0,0,0,0,0,0,0,0,0,0,0,0,0,0,0,0,0,0,0,0,0,0,0,0,0,0,0,0,0,0,0,0,0,3,1.47916666666667,0.770833333333333,4.625,4.625,2.75,8.8125,1,0,1,0,0,0,0,0,0,0,0,0,0,0,0,0,0,0,0,0,0,0,0,0,0,0,0,0,0,0,0,0,0,2,0.75,0.5,3,3,2.75,4.5,1,0,0,0,0,0,0,0,0,0,0,0,0,0,0,0,0,0,0,0,0,0,0,0,0,0,0,0,0,0,0,0,0,0,0,0,0,0,0,0,0,0,0,0,0,0,0,0,0,0,0,0,0,0,0,0,0,0,0,0,0,0,0,0,0,0,0,0,0,0,0,0,0,1,0.0416666666666667,0.0416666666666667,0.25,0.25,3.5,0.25,1,0,0,0,0,0,0,0,0,0,0,0,0,0,0,0,0,0,0,0,0,0,0,4,3.45833333333333,1,6,6,0,20.3125,1,1,1,1,5.33333333333333,0.0851063829787234,1,
"E26HA02-02","C26","Chinese","Genuine",0,"Happy 2 CN",2,2,3.625,29,0.3102407,0.227590903448276,0,0,0,3.125,0.79137850625,0,0,0,0.7193695,0.519772606896552,0.620689655172414,2.125,2.25,0.875,1.83837280625,2,1,0,0.05952926,0.0248287262758621,0,0,0,3.5,0.084477994,0,0,0,0.01513908,0.00654610165517241,0,0,0,2.875,0.022853324875,0,0,0,0.008107748,0.00323510744827586,0,0,0,0.875,0.0114463253125,0,0,0,0.003076658,0.00206801210344828,0,0,0,1.5,0.007250101,0,0,0,0.4222584,0.312633306896552,0,0,0,2.5,1.09203169375,0,0,0,0.002690474,0.000699424206896552,0,0,0,3.5,0.002367258125,0,0,0,0,0,0,0,0,0,0,0,0,0,0,0,0,0,0,0,0,0,0,0,0,0,0,0,0,0,0,0,0,0,0,0,0,0,0,0,0,0,0,0,3,2.75862068965517,1,3.625,3.625,0.375,9.75,1,1,1,0,0,0,0,0,0,0,0,0,0,0,0,0,0,0,0,0,0,0,0,0,0,0,0,0,0,0,0,0,0,2,1.06896551724138,1,3.625,3.625,0.875,3.75,1,1,1,0,0,0,0,0,0,0,0,0,0,0,0,0,0,0,0,0,0,0,0,0,0,0,0,0,0,0,0,0,0,0,0,0,0,0,0,0,0,0,0,0,0,0,0,0,0,0,0,0,0,0,0,0,0,0,0,0,0,0,0,0,0,0,0,0,0,0,0,0,0,1,0.96551724137931,0.96551724137931,3.5,3.5,0,3.4375,1,1,0,0,0,0,0,0,0,0,0,0,0,0,0,0,0,0,0,0,0,0,0,4,4,1,3.625,3.625,0,14,1,1,1,1,,0.0714285714285714,1,
"E26HA02-04","C26","Chinese","Genuine",0,"Happy 2 CN",2,4,5,40,0.3547434,0.09218749875,0,0,0,0.25,0.4216037875,0,0,0,0.9684147,0.8161155625,0.825,4.125,4.125,3.75,4.0341264625,1,0,0,0.02378304,0.0043888776,0,0,0,4.875,0.0191765905,0,0,0,0.03418539,0.0077386175,0,0,0,4.875,0.03510058625,0,0,0,0.007817251,0.00179802675,0,0,0,4.875,0.0084611723125,0,0,0,0.005240841,0.0009476776,0,0,0,0.375,0.0044353450625,0,0,0,0.3317613,0.0651319397,0,0,0,0,0.29663047975,0,0,0,0.003665214,0.00019466345,0,0,0,4.875,0.000744241375,0,0,0,0,0,0,0,0,0,0,0,0,0,0,0,0,0,0,0,0,0,0,0,0,0,0,0,0,0,0,0,0,0,0,0,0,0,0,0,0,0,0,0,4,3.25,1,5,5,1.625,16,1,1,1,0,0,0,0,0,0,0,0,0,0,0,0,0,0,0,0,0,0,0,0,0,0,0,0,0,0,0,0,0,0,3,2.7,1,5,5,0.75,13.3125,1,1,1,0,0,0,0,0,0,0,0,0,0,0,0,0,0,0,0,0,0,0,0,0,0,0,0,0,0,0,0,0,0,0,0,0,0,0,0,0,0,0,0,0,0,0,0,0,0,0,0,0,0,0,0,0,0,0,0,0,0,0,0,0,0,0,0,0,0,0,0,0,0,4,3,0.9,4.5,4.5,1.375,14.9375,1,0,1,1,0.775,0.775,3.875,3.875,0.875,3.875,1,0,0,0,0,0,0,0,0,0,0,0,0,4,3.1,1,5,5,0,15,1,1,1,1,,0.0769230769230769,1,
"E26HA03-04","C26","Chinese","Genuine",0,"Happy 3 CN",3,4,7.375,59,0.4403117,0.128503838644068,0,0,0,0.25,0.896782735,0,0,0,0.9605533,0.730137286271186,0.830508474576271,6.125,6.125,5.25,5.37585058625,1,0,0,0.2304263,0.0259772907288136,0,0,0,0,0.168802837875,0,0,0,0.09451722,0.0211737838474576,0,0,0,7,0.150243074625,0,0,0,0.006786946,0.00191727855932203,0,0,0,0,0.0135456936875,0,0,0,0.004025882,0.000475458915254237,0,0,0,0,0.0032169256875,0,0,0,0.1102511,0.0228650571016949,0,0,0,7.25,0.1599342305,0,0,0,0.01248391,0.00207052603389831,0,0,0,2.375,0.015098386875,0,0,0,0,0,0,0,0,0,0,0,0,0,0,0,0,0,0,0,0,0,0,0,0,0,0,0,0,0,0,0,0,0,0,0,0,0,0,0,0,0,0,0,3,2.69491525423729,0.949152542372881,7,7,0.875,19.75,1,0,1,0,0,0,0,0,0,0,0,0,0,0,0,0,0,0,0,0,0,0,0,0,0,0,0,0,0,0,0,0,0,3,2.74576271186441,1,7.375,7.375,0.875,20.0625,1,1,1,0,0,0,0,0,0,0,0,0,0,0,0,0,0,0,0,0,0,0,0,0,0,0,0,0,0,0,0,0,0,0,0,0,0,0,0,0,0,0,0,0,0,0,0,0,0,0,0,0,0,0,0,0,0,0,0,0,0,0,0,0,0,0,0,0,0,0,0,0,0,4,2.76271186440678,0.898305084745763,6.625,6.625,3.75,20.3125,1,0,1,1,0.305084745762712,0.305084745762712,1.5,2.25,1.25,2.25,2,0,0,0,0,0,0,0,0,0,0,0,0,4,3.25423728813559,1,7.375,7.375,0,23.5,1,1,1,0.949152542372881,,0.0517241379310345,1,
"E26HA05-04","C26","Chinese","Genuine",0,"Happy 5 CN",5,4,4.125,33,0.4627879,0.128908267272727,0,0,0,0,0.48372309625,0,0,0,0.9635347,0.733780761515151,0.787878787878788,3.25,3.25,2.125,3.0084076925,1,0,0,0.1018609,0.0137702294545455,0,0,0,0,0.0493815865,0,0,0,0.09040905,0.0197514284848485,0,0,0,0,0.07415025875,0,0,0,0.006708418,0.00286903360606061,0,0,0,0.125,0.0112903501875,0,0,0,0.006835218,0.00147617678787879,0,0,0,0.125,0.00551367175,0,0,0,0.2633198,0.0485442468484849,0,0,0,4,0.17957242325,0,0,0,0.005094668,0.00128746175757576,0,0,0,3.625,0.00492581,0,0,0,0,0,0,0,0,0,0,0,0,0,0,0,0,0,0,0,0,0,0,0,0,0,0,0,0,0,0,0,0,0,0,0,0,0,0,0,0,0,0,0,3,2.54545454545455,0.909090909090909,3.75,3.75,0.75,10.375,1,0,1,0,0,0,0,0,0,0,0,0,0,0,0,0,0,0,0,0,0,0,0,0,0,0,0,0,0,0,0,0,0,3,2.75757575757576,1,4.125,4.125,0.5,11.125,1,1,1,0,0,0,0,0,0,0,0,0,0,0,0,0,0,0,0,0,0,0,0,0,0,0,0,0,0,0,0,0,0,0,0,0,0,0,0,0,0,0,0,0,0,0,0,0,0,0,0,0,0,0,0,0,0,0,0,0,0,0,0,0,0,0,0,0,0,0,0,0,0,4,2.66666666666667,0.909090909090909,3.75,3.75,1.25,10.9375,1,0,1,1,0.272727272727273,0.272727272727273,0.625,1.125,0.625,1.125,2,0,0,0,0,0,0,0,0,0,0,0,0,4,2.75757575757576,1,4.125,4.125,2.75,11.0625,1,1,1,0.909090909090909,,0.0625,1,
"E26HA06-01","C26","Chinese","Genuine",0,"Happy 6 CN",6,1,5.75,46,0.439095,0.135569650652174,0,0,0,0.625,0.747628148125,0,0,0,0.9448506,0.714584510217391,0.804347826086957,4.625,4.625,3.375,4.055080806875,1,0,1,0.1030926,0.0182081413913043,0,0,0,0.5,0.1004894590625,0,0,0,0.07477401,0.0194935337173913,0,0,0,0.125,0.105940792,0,0,0,0.007911308,0.00278327080434783,0,0,0,0.375,0.0156747719375,0,0,0,0.006090201,0.00113296554347826,0,0,0,0.75,0.006265114875,0,0,0,0.1672074,0.0339010161956522,0,0,0,0,0.183708904375,0,0,0,0.02887035,0.00330119930434783,0,0,0,5.625,0.01682788,0,0,0,0,0,0,0,0,0,0,0,0,0,0,0,0,0,0,0,0,0,0,0,1,0.0652173913043478,0.0652173913043478,0.375,0.375,0.5,0.375,1,0,0,0,0,0,0,0,0,0,0,0,0,3,2.54347826086956,0.934782608695652,5,5.375,1.25,14.375,2,1,1,0,0,0,0,0,0,0,0,0,0,0,0,0,0,0,0,0,0,0,0,0,0,0,0,0,0,0,0,0,0,3,2.19565217391304,0.826086956521739,4.75,4.75,2.375,12.4375,1,0,1,0,0,0,0,0,0,0,0,0,0,0,0,0,0,0,0,0,0,0,0,0,0,0,0,0,0,0,0,0,0,0,0,0,0,0,0,0,0,0,0,0,0,0,0,0,0,0,0,0,0,0,0,0,0,0,0,0,0,0,0,0,0,0,0,0,0,0,0,0,0,3,1.56521739130435,0.804347826086957,4.625,4.625,2.875,8.9375,1,0,1,1,0.326086956521739,0.326086956521739,1.875,1.875,2.625,1.875,1,0,0,0,0,0,0,0,0,0,0,0,0,4,2.97826086956522,1,5.75,5.75,0,16.625,1,1,1,1,2.18181818181818,0.0666666666666667,1,
"E27HA01-01","C27","Chinese","Genuine",0,"Happy 1 CN",1,1,2.875,23,0.5976592,0.3475996,0.217391304347826,0.625,0.625,0,0.93766865,1,1,0,0.6355998,0.338282706086957,0.304347826086957,0.875,0.875,2.125,0.9626858405625,1,0,0,0.03337759,0.00935237252173913,0,0,0,0.25,0.024172684125,0,0,0,0.3990486,0.297788413043478,0,0,0,2.75,0.8110393625,0,0,0,0.05039791,0.0320393012608696,0,0,0,1.375,0.0902910286875,0,0,0,0.02270138,0.0134789306521739,0,0,0,2.5,0.0367690104375,0,0,0,0.002781352,0.00117350630434783,0,0,0,0.5,0.00325988725,0,0,0,0.002254536,0.00138723591304348,0,0,0,1.375,0.003860548375,0,0,0,0,0,0,0,0,0,0,0,0,0,0,0,0,0,0,0,0,0,0,0,0,0,0,0,0,0,0,0,0,0,0,0,0,0,0,0,0,0,0,0,0,0,0,0,0,0,0,0,0,0,0,0,0,0,0,0,0,0,0,0,0,0,0,0,0,0,0,0,0,0,0,0,0,0,0,0,0,0,0,0,1,0.608695652173913,0.608695652173913,1.75,1.75,1.125,1.6875,1,0,1,0,0,0,0,0,0,0,0,0,0,0,0,0,0,0,0,0,0,0,0,0,0,0,0,0,0,0,0,0,0,0,0,0,0,0,0,0,0,0,0,0,0,0,0,0,0,0,0,0,0,0,0,0,0,0,0,0,0,0,0,0,0,0,0,0,0,0,0,0,0,0,0,0,0,0,0,0,0,0,0,0,0,0,0,0,0,0,0,0,0,0,0,0,0,0,0,0,0,0,0,0,0,0,0,0,0,0,0,0,0,0,,0.0454545454545455,1,
"E27HA02-07","C27","Chinese","Genuine",0,"Happy 2 CN",2,7,4.125,33,0.3614464,0.222824357575758,0,0,0,0.125,0.88058121875,0,0,0,0.7108654,0.523936015757576,0.727272727272727,3,3,1.375,2.129227495625,1,0,0,0.006861942,0.00151561760606061,0,0,0,2.875,0.0059529626875,0,0,0,0.4361973,0.395109009090909,0,0,0,3.5,1.58109635625,0,0,0,0.05434907,0.0306123515151515,0,0,0,0.25,0.121119378125,0,0,0,0.07239655,0.0192928422424242,0,0,0,0,0.074113273,0,0,0,0.009294148,0.00166065327272727,0,0,0,2.875,0.0067287915625,0,0,0,0.002230218,0.000921808757575758,0,0,0,2.875,0.0036794758125,0,0,0,0,0,0,0,0,0,0,0,0,0,0,0,0,0,0,0,0,0,0,0,0,0,0,0,0,0,0,0,0,0,1,0.0909090909090909,0.0909090909090909,0.375,0.375,3.625,0.375,1,0,0,0,0,0,0,0,0,0,0,0,0,0,0,0,0,0,0,0,0,0,0,0,0,0,0,0,0,0,0,0,0,0,0,0,0,0,0,0,0,0,0,1,0.818181818181818,0.818181818181818,3.375,3.375,0.75,3.3125,1,0,1,0,0,0,0,0,0,0,0,0,0,0,0,0,0,0,0,0,0,0,0,0,0,0,0,0,0,0,0,0,0,0,0,0,0,0,0,0,0,0,0,0,0,0,0,0,0,0,0,0,0,0,0,0,0,0,0,0,0,0,0,0,0,0,0,0,0,0,0,0,0,2,1.27272727272727,1,4.125,4.125,0,5.0625,1,1,1,0,0,0,0,0,0,0,0,0,0,0,0,0,0,0,0,0,0,0,0,2,0.454545454545455,0.393939393939394,1.625,1.625,2.875,1.875,1,0,0,0,,0.03125,1,
"E27HA03-02","C27","Chinese","Genuine",0,"Happy 3 CN",3,2,7.5,60,0.416316,0.313068986666667,0,0,0,1.5,2.3145044125,0,0,0,0.5871776,0.200944703333333,0.166666666666667,1.25,1.25,5.125,1.50516044675,1,0,0,0.6408465,0.0425270302333333,0.0333333333333333,0.25,0.25,0,0.2784986301875,1,1,0,0.5311161,0.336155766666667,0.183333333333333,0.5,1.375,2.625,2.4806168,4,0,1,0.0708323,0.0426434973333333,0,0,0,6.125,0.3176491728125,0,0,0,0.04466106,0.0253811478333333,0,0,0,2.875,0.187555055625,0,0,0,0.005748643,0.0017502093,0,0,0,0,0.012675781625,0,0,0,0.005982286,0.00122043708333333,0,0,0,3.25,0.009106332,0,0,0,0,0,0,0,0,0,0,0,0,0,0,0,0,0,0,0,0,0,0,0,0,0,0,0,0,0,0,0,0,0,1,0.183333333333333,0.183333333333333,1.375,1.375,2.75,1.375,1,0,0,0,0,0,0,0,0,0,0,0,0,0,0,0,0,0,0,0,0,0,0,0,0,0,0,0,0,0,0,0,0,0,0,0,0,0,0,0,0,0,0,2,0.733333333333333,0.516666666666667,3.875,3.875,4.5,5.5,1,0,0,0,0,0,0,0,0,0,0,0,0,0,0,0,0,0,0,0,0,0,0,0,0,0,0,0,0,0,0,0,0,0,0,0,0,0,0,0,0,0,0,0,0,0,0,0,0,0,0,0,0,0,0,0,0,0,0,0,0,0,0,0,0,0,0,0,0,0,0,0,0,1,0.1,0.1,0.5,0.75,4.875,0.75,2,0,0,0,0,0,0,0,0,0,0,0,0,0,0,0,0,0,0,0,0,0,0,5,0.583333333333334,0.266666666666667,2,2,0,4.0625,1,1,0,0,1.6,0.0677966101694915,1,
"E27HA04-02","C27","Chinese","Genuine",0,"Happy 4 CN",4,2,7.375,59,0.610105,0.452274415254237,0.423728813559322,2.875,3.125,2.25,3.2807992625,3,0,0,0.6524346,0.145912249322034,0.135593220338983,1,1,4.75,1.0755368944375,1,0,0,0.1021507,0.0215475686101695,0,0,0,7.25,0.1501249035,0,0,0,0.4413047,0.28271139661017,0,0,0,0,2.03844053125,0,0,0,0.03039121,0.0177356698644068,0,0,0,5.25,0.1293751710625,0,0,0,0.04571585,0.030662323220339,0,0,0,3.875,0.2237587925,0,0,0,0.01830117,0.00261801730508475,0,0,0,5.875,0.0191772268125,0,0,0,0.002021648,0.000889141830508475,0,0,0,2.75,0.00654535075,0,0,0,0,0,0,0,0,0,0,0,0,0,0,0,0,0,0,0,0,0,0,0,0,0,0,0,0,0,0,0,0,0,0,0,0,0,0,0,0,0,0,0,0,0,0,0,0,0,0,0,0,0,0,0,0,0,0,0,0,0,0,0,0,0,0,0,0,0,0,0,0,0,0,0,0,0,0,0,0,0,0,0,2,0.355932203389831,0.271186440677966,2,2,4.5,2.625,1,0,0,0,0,0,0,0,0,0,0,0,0,1,0.0338983050847458,0.0338983050847458,0.25,0.25,0,0.1875,1,1,0,0,0,0,0,0,0,0,0,0,0,0,0,0,0,0,0,0,0,0,0,0,0,0,0,0,0,0,0,0,0,0,0,0,0,0,0,0,0,0,0,0,0,0,0,0,0,0,0,0,0,0,0,0,0,0,0,0,0,0,0,0,0,0,0,0,0,0,0,0,0,0,0,0,0,0,0,0,0,0,0,3,0.389830508474576,0.288135593220339,1.625,2.125,5.875,2.8125,2,0,1,0,5.33333333333333,0.103448275862069,1,
"E27HA05-02","C27","Chinese","Genuine",0,"Happy 5 CN",5,2,2.625,21,0.412623,0.394144419047619,0,0,0,0.875,0.98734725,0,0,0,0.1399179,0.0831426845714286,0,0,0,2,0.2146584303125,0,0,0,0.07275374,0.0285548309047619,0,0,0,0,0.06932385175,0,0,0,0.5017267,0.377890261904762,0.0476190476190476,0.125,0.125,2.5,0.9402659875,1,0,1,0.0207225,0.0114328651904762,0,0,0,2.125,0.028714965125,0,0,0,0.06169253,0.0399854928571429,0,0,0,2.25,0.10101062,0,0,0,0.007773537,0.00453227576190476,0,0,0,0.875,0.0114268525,0,0,0,0.001957614,0.000982330714285714,0,0,0,2.25,0.00248653425,0,0,0,0,0,0,0,0,0,0,0,0,0,0,0,0,0,0,0,0,0,0,0,0,0,0,0,0,0,0,0,0,0,0,0,0,0,0,0,0,0,0,0,0,0,0,0,0,0,0,0,0,0,0,0,0,0,0,0,0,0,0,0,0,0,0,0,0,0,0,0,0,0,0,0,0,0,0,0,0,0,0,0,0,0,0,0,0,0,0,0,0,0,0,0,0,0,0,0,0,0,0,0,0,0,0,0,0,0,0,0,0,0,0,0,0,0,0,0,0,0,0,0,0,0,0,0,0,0,0,0,0,0,0,0,0,0,0,0,0,0,0,0,0,0,0,0,0,0,0,0,0,0,0,0,0,0,0,0,0,0,0,0,0,0,0,0,0,0,0,0,0,0,0,0,0,0,0,0,0,0,0,0,0,0,0,0,0,0,0,0,0,0,1,0.476190476190476,0.476190476190476,1.25,1.25,0,1.1875,1,1,0,,,0,0,
"E27HA07-01","C27","Chinese","Genuine",0,"Happy 7 CN",7,1,3.75,30,0.5626073,0.51306479,0.733333333333333,2.625,2.75,2.25,1.86574106875,2,1,0,0.0506052,0.0174496825333333,0,0,0,1.5,0.0653615485625,0,0,0,0.1398897,0.049343819,0,0,0,3.25,0.17320537375,0,0,0,0.3639362,0.28505288,0,0,0,0,1.0268140625,0,0,0,0.017819,0.0117051173666667,0,0,0,1.125,0.0429006746875,0,0,0,0.04163533,0.0268164866666667,0,0,0,1.375,0.09870818125,0,0,0,0.01119349,0.00343763786666667,0,0,0,3.125,0.0126626278125,0,0,0,0.006650259,0.00276024263333333,0,0,0,1.375,0.010301059375,0,0,0,0,0,0,0,0,0,0,0,0,0,0,0,0,0,0,0,0,0,0,0,0,0,0,0,0,0,0,0,0,0,0,0,0,0,0,0,0,0,0,0,0,0,0,0,0,0,0,0,0,0,0,0,0,0,0,0,0,0,0,0,0,0,0,0,0,0,0,0,0,0,0,0,0,0,0,0,0,0,0,0,0,0,0,0,0,0,0,0,0,0,0,0,0,0,0,0,0,0,0,0,1,0.166666666666667,0.166666666666667,0.625,0.625,0,0.5625,1,1,0,0,0,0,0,0,0,0,0,0,0,0,0,0,0,0,0,0,0,0,0,0,0,0,0,0,0,0,0,0,0,0,0,0,0,0,0,0,0,0,0,0,0,0,0,0,0,0,0,0,0,0,0,0,0,0,0,0,0,0,0,0,0,0,0,0,0,0,0,0,0,0,0,0,0,0,0,0,0,0,0,2,0.3,0.2,0.75,0.75,3.125,1.0625,1,0,1,,,0,0,
"E28HA01-01","C28","Chinese","Genuine",0,"Happy 1 CN",1,1,9,72,0.395506,0.0364912737638889,0,0,0,0,0.299040487,0,0,0,0.9962139,0.937096016666667,0.958333333333333,8.625,8.625,6.5,8.356240175,1,0,1,0.1063439,0.0138003887916667,0,0,0,0,0.113141456,0,0,0,0.1276225,0.00940540058333333,0,0,0,0.125,0.0774868578125,0,0,0,0.007078165,0.000686538166666666,0,0,0,0.125,0.0057308225625,0,0,0,0.002145282,0.000164548430555556,0,0,0,0,0.0013426850625,0,0,0,0.03108154,0.00299356725,0,0,0,8.75,0.0249881655,0,0,0,0.006583613,0.00260093238888889,0,0,0,8.375,0.0229795375,0,0,0,0,0,0,0,0,0,0,0,0,0,0,0,0,0,0,0,0,0,0,0,0,0,0,0,0,0,0,0,0,0,0,0,0,0,0,0,0,0,0,0,4,3.38888888888889,1,9,9,2,30.25,1,1,1,0,0,0,0,0,0,0,0,0,0,0,0,0,0,0,0,0,0,0,0,0,0,0,0,0,0,0,0,0,0,4,3.56944444444445,1,9,9,2,31.875,1,1,1,0,0,0,0,0,0,0,0,0,0,0,0,0,0,0,0,0,0,0,0,0,0,0,0,0,0,0,0,0,0,0,0,0,0,0,0,0,0,0,0,0,0,0,0,0,0,0,0,0,0,0,0,0,0,0,0,0,0,0,0,0,0,0,0,0,0,0,0,0,0,4,3.13888888888889,0.902777777777778,7.75,8.125,2.75,28,2,1,1,1,0.791666666666667,0.791666666666667,7.125,7.125,1.875,7.0625,1,0,1,0,0,0,0,0,0,0,0,0,0,4,3.05555555555556,1,9,9,0,27,1,1,1,1,,0.0563380281690141,1,
"E28HA02-03","C28","Chinese","Genuine",0,"Happy 2 CN",2,3,8.625,69,0.06375665,0.00955972468115942,0,0,0,0.125,0.07849983725,0,0,0,0.9963592,0.981538368115942,1,8.625,8.625,6.5,8.34813270625,1,1,1,0.05762551,0.00497817865217391,0,0,0,0,0.0390279614375,0,0,0,0.01270878,0.0014008317826087,0,0,0,0.125,0.0112422226875,0,0,0,0.001965518,0.000286132,0,0,0,0.125,0.0023301486875,0,0,0,0.001067019,0.000106019434782609,0,0,0,0.375,0.000854932125,0,0,0,0.01320427,0.0023772025942029,0,0,0,3.75,0.0201088535625,0,0,0,0.04456834,0.010731762173913,0,0,0,0,0.0895826894375,0,0,0,0,0,0,0,0,0,0,0,0,0,0,0,0,0,0,0,0,0,0,0,0,0,0,0,0,0,0,0,0,0,0,0,0,0,0,0,0,0,0,0,4,3.30434782608696,1,8.625,8.625,3.625,28.25,1,1,1,0,0,0,0,0,0,0,0,0,0,0,0,0,0,0,0,0,0,0,0,0,0,0,0,0,0,0,0,0,0,4,3.55072463768116,1,8.625,8.625,1.375,30.25,1,1,1,0,0,0,0,0,0,0,0,0,0,0,0,0,0,0,0,0,0,0,0,0,0,0,0,0,0,0,0,0,0,0,0,0,0,0,0,0,0,0,0,0,0,0,0,0,0,0,0,0,0,0,0,0,0,0,0,0,0,0,0,0,0,0,0,0,0,0,0,0,0,4,3.40579710144928,1,8.625,8.625,1.25,29.25,1,1,1,2,1.2463768115942,0.898550724637681,7.75,7.75,1.75,10.75,1,0,0,0,0,0,0,0,0,0,0,0,0,4,2.76811594202899,1,8.625,8.625,7.375,23.5,1,1,1,1,,0.0588235294117647,1,
"E28HA03-02","C28","Chinese","Genuine",0,"Happy 3 CN",3,2,7.125,57,0.2083583,0.0847839259649123,0,0,0,0,0.5832004725,0,0,0,0.9576709,0.836799850877193,1,7.125,7.125,2.25,5.87575255625,1,1,1,0.2304128,0.0890810380526316,0,0,0,0,0.613683689875,0,0,0,0.03766547,0.0102030361929825,0,0,0,7,0.0691873435,0,0,0,0.008494974,0.00157522059649123,0,0,0,7,0.0104658786875,0,0,0,0.009613857,0.00168520671929825,0,0,0,7,0.01111293225,0,0,0,0.09532677,0.0254230297719298,0,0,0,3,0.1799596205625,0,0,0,0.02941545,0.00980358198245614,0,0,0,6.625,0.0684986658125,0,0,0,0,0,0,0,0,0,0,0,0,0,0,0,0,0,0,0,0,0,0,0,0,0,0,0,0,0,0,0,0,0,0,0,0,0,0,0,0,0,0,0,2,1.10526315789474,0.912280701754386,6.5,6.5,1.875,7.8125,1,0,1,0,0,0,0,0,0,0,0,0,0,0,0,0,0,0,0,0,0,0,0,0,0,0,0,0,0,0,0,0,0,3,2.89473684210526,1,7.125,7.125,0.75,20.3125,1,1,1,0,0,0,0,0,0,0,0,0,0,0,0,0,0,0,0,0,0,0,0,0,0,0,0,0,0,0,0,0,0,0,0,0,0,0,0,0,0,0,0,0,0,0,0,0,0,0,0,0,0,0,0,0,0,0,0,0,0,0,0,0,0,0,0,0,0,0,0,0,0,2,0.473684210526316,0.350877192982456,2.125,2.5,1.75,3.3125,2,0,1,0,0,0,0,0,0,0,0,0,0,0,0,0,0,0,0,0,0,0,0,4,3.66666666666667,1,7.125,7.125,0,25.6875,1,1,1,0.912280701754386,,0.0178571428571429,1,
"E28HA06-04","C28","Chinese","Genuine",0,"Happy 6 CN",6,4,4.125,33,0.1174555,0.0668125145454545,0,0,0,3.75,0.26580044875,0,0,0,0.9088671,0.867920815151515,1,4.125,4.125,1.125,3.47452261875,1,1,1,0.1226958,0.0536402309090909,0,0,0,3.75,0.212469550625,0,0,0,0.003503727,0.0021551916969697,0,0,0,0.125,0.008572115125,0,0,0,0.00258417,0.00149420160606061,0,0,0,3.625,0.00596131825,0,0,0,0.001586849,0.000925838333333333,0,0,0,3.5,0.003737483875,0,0,0,0.02751744,0.0116761386666667,0,0,0,3.75,0.04657635075,0,0,0,0.02547635,0.0119065346363636,0,0,0,3.5,0.0478406980625,0,0,0,0,0,0,0,0,0,0,0,0,0,0,0,0,0,0,0,0,0,0,0,0,0,0,0,0,0,0,0,0,0,0,0,0,0,0,0,0,0,0,0,2,1.84848484848485,1,4.125,4.125,0.125,7.5,1,1,1,0,0,0,0,0,0,0,0,0,0,0,0,0,0,0,0,0,0,0,0,0,0,0,0,0,0,0,0,0,0,3,3,1,4.125,4.125,0,12,1,1,1,0,0,0,0,0,0,0,0,0,0,0,0,0,0,0,0,0,0,0,0,0,0,0,0,0,0,0,0,0,0,0,0,0,0,0,0,0,0,0,0,0,0,0,0,0,0,0,0,0,0,0,0,0,0,0,0,0,0,0,0,0,0,0,0,0,0,0,0,0,0,2,2,1,4.125,4.125,0,8,1,1,1,0,0,0,0,0,0,0,0,0,0,0,0,0,0,0,0,0,0,0,0,4,3.78787878787879,1,4.125,4.125,0,15.125,1,1,1,1,,0,1,
"E28HA07-02","C28","Chinese","Genuine",0,"Happy 7 CN",7,2,8.625,69,0.4428138,0.0802367396086957,0,0,0,0.125,0.656664322875,0,0,0,0.9966853,0.858189495652174,0.869565217391304,7.5,7.5,4.625,7.3382844125,1,0,1,0.150907,0.0248439778405797,0,0,0,0.5,0.203610175125,0,0,0,0.1217887,0.0188811808405797,0,0,0,0.125,0.154431367875,0,0,0,0.003714277,0.00106285469565217,0,0,0,0,0.0087135084375,0,0,0,0.00636743,0.0012555891884058,0,0,0,1,0.010360542,0,0,0,0.03004251,0.00724797847826087,0,0,0,1.125,0.061625402125,0,0,0,0.03107556,0.0087286207826087,0,0,0,6.625,0.0742353679375,0,0,0,0,0,0,0,0,0,0,0,0,0,0,0,0,0,0,0,0,0,0,0,0,0,0,0,0,0,0,0,0,0,0,0,0,0,0,0,0,0,0,0,4,2.47826086956522,1,8.625,8.625,3.25,21.25,1,1,1,0,0,0,0,0,0,0,0,0,0,0,0,0,0,0,0,0,0,0,0,0,0,0,0,0,0,0,0,0,0,4,2.98550724637681,1,8.625,8.625,2.375,25.5,1,1,1,0,0,0,0,0,0,0,0,0,0,0,0,0,0,0,0,0,0,0,0,0,0,0,0,0,0,0,0,0,0,0,0,0,0,0,0,0,0,0,0,0,0,0,0,0,0,0,0,0,0,0,0,0,0,0,0,0,0,0,0,0,0,0,0,0,0,0,0,0,0,5,3.46376811594203,1,8.625,8.625,3.5,29.625,1,1,1,3,1.17391304347826,0.695652173913043,6,6,4.375,10.125,1,0,0,0,0,0,0,0,0,0,0,0,0,3,2.89855072463768,1,8.625,8.625,0,24.625,1,1,1,1,,0.0588235294117647,1,
"E28HA07-04","C28","Chinese","Genuine",0,"Happy 7 CN",7,4,6.875,55,0.2362134,0.0619590262,0,0,0,0,0.406935071375,0,0,0,0.9810279,0.87658824,1,6.875,6.875,4.5,5.93942565625,1,1,1,0.1118345,0.0167223852727273,0,0,0,0,0.1060710675,0,0,0,0.07456158,0.0244896782363636,0,0,0,0.125,0.1605675685,0,0,0,0.001281373,0.000303627527272727,0,0,0,6.75,0.0019820229375,0,0,0,0.000252594,5.64120545454545e-05,0,0,0,6.75,0.000362901,0,0,0,0.1705588,0.0531886388727273,0,0,0,1.875,0.360487461625,0,0,0,0.03896185,0.00830544590909091,0,0,0,4.625,0.056293327125,0,0,0,0,0,0,0,0,0,0,0,0,0,0,0,0,0,0,0,0,0,0,0,0,0,0,0,0,0,0,0,0,0,0,0,0,0,0,0,0,0,0,0,4,2.8,1,6.875,6.875,2.375,19.125,1,1,1,0,0,0,0,0,0,0,0,0,0,0,0,0,0,0,0,0,0,0,0,0,0,0,0,0,0,0,0,0,0,4,2.92727272727273,1,6.875,6.875,3.875,19.8125,1,1,1,0,0,0,0,0,0,0,0,0,0,0,0,0,0,0,0,0,0,0,0,1,0.109090909090909,0.109090909090909,0.75,0.75,0.375,0.75,1,0,0,0,0,0,0,0,0,0,0,0,0,0,0,0,0,0,0,0,0,0,0,0,0,0,0,0,0,0,0,0,0,0,0,0,0,0,0,0,0,0,0,4,1.70909090909091,0.636363636363636,4.375,4.375,3.5,11.75,1,0,0,1,0.309090909090909,0.309090909090909,2.125,2.125,3.25,2.125,1,0,0,0,0,0,0,0,0,0,0,0,0,3,2.4,1,6.875,6.875,2,16.1875,1,1,1,1,,0.0555555555555556,1,
"E30HA01-04","C30","Chinese","Genuine",0,"Happy 1 CN",1,4,8.375,67,0.4504046,0.254673099552239,0,0,0,0.375,2.08788469625,0,0,0,0.9361129,0.494892490149254,0.477611940298507,4,4,5,4.11599476875,1,0,0,0.02825108,0.00903969080597015,0,0,0,1.375,0.074091974125,0,0,0,0.22012,0.0942959788208955,0,0,0,3.125,0.772645778875,0,0,0,0.001153504,0.000446690686567164,0,0,0,0,0.0036192653125,0,0,0,0.02599644,0.00575313089552239,0,0,0,0.125,0.0465919419375,0,0,0,0.06529374,0.0159449485970149,0,0,0,0.75,0.131651968125,0,0,0,0.2581321,0.0778480215970149,0,0,0,0,0.635281674,0,0,0,0,0,0,0,0,0,0,0,0,0,0,0,0,0,0,0,0,0,0,0,0,0,0,0,0,0,0,0,0,0,0,0,0,0,0,0,0,0,0,0,4,1.23880597014925,0.537313432835821,4.5,4.5,4.875,10.375,1,0,0,0,0,0,0,0,0,0,0,0,0,1,1,1,8.375,8.375,0,8.25,1,1,1,0,0,0,0,0,0,0,0,0,0,4,1.92537313432836,0.805970149253731,5.75,6.75,4.375,16,2,0,1,1,0.492537313432836,0.492537313432836,4.125,4.125,0,4.0625,1,1,0,0,0,0,0,0,0,0,0,0,0,1,0.0298507462686567,0.0298507462686567,0.25,0.25,3.625,0.25,1,0,0,0,0,0,0,0,0,0,0,0,0,0,0,0,0,0,0,0,0,0,0,0,0,0,0,0,0,0,0,0,0,0,0,0,0,0,0,0,0,0,0,4,1.47761194029851,0.537313432835821,4.5,4.5,4.75,12.3125,1,0,1,2,0.477611940298508,0.402985074626866,3.375,3.375,4.875,4,1,0,0,0,0,0,0,0,0,0,0,0,0,4,2.58208955223881,0.970149253731343,8.125,8.125,6.125,21.5625,1,0,1,0.666666666666667,1.18518518518519,0.121212121212121,2,
"E30HA02-01","C30","Chinese","Genuine",0,"Happy 2 CN",2,1,5.25,42,0.3933727,0.127751054285714,0,0,0,0.25,0.62765106625,0,0,0,0.9322948,0.715907758404762,0.80952380952381,4.25,4.25,2.375,3.74053815675,1,0,0,0.01720215,0.00208444769047619,0,0,0,0.25,0.0098992798125,0,0,0,0.3967475,0.0534070468571428,0,0,0,0,0.24849906475,0,0,0,0.004493292,0.000751702071428571,0,0,0,0.25,0.00366873925,0,0,0,0.1053194,0.0137981816190476,0,0,0,0.125,0.063968827875,0,0,0,0.02702743,0.00521963857142857,0,0,0,5.125,0.02437839,0,0,0,0.006172784,0.00204944652380952,0,0,0,2.25,0.010705047,0,0,0,0,0,0,0,0,0,0,0,0,0,0,0,0,0,0,0,0,0,0,0,0,0,0,0,0,0,0,0,0,0,0,0,0,0,0,0,0,0,0,0,4,2.45238095238095,0.928571428571429,4.875,4.875,2.125,12.8125,1,0,1,0,0,0,0,0,0,0,0,0,0,1,1,1,5.25,5.25,0,5.125,1,1,1,0,0,0,0,0,0,0,0,0,0,4,2.71428571428571,0.904761904761905,4.75,4.75,2,14.125,1,0,1,0,0,0,0,0,0,0,0,0,0,0,0,0,0,0,0,0,0,0,0,0,0,0,0,0,0,0,0,0,0,0,0,0,0,0,0,0,0,0,0,0,0,0,0,0,0,0,0,0,0,0,0,0,0,0,0,0,0,0,0,0,0,0,0,0,0,0,0,0,0,4,3.4047619047619,1,5.25,5.25,1.375,17.625,1,1,1,1,0.880952380952381,0.880952380952381,4.625,4.625,0.625,4.5625,1,0,1,0,0,0,0,0,0,0,0,0,0,3,2.35714285714286,1,5.25,5.25,1.375,12.1875,1,1,1,1,2.66666666666667,0.146341463414634,1,
"E30HA03-03","C30","Chinese","Genuine",0,"Happy 3 CN",3,3,5.625,45,0.3663084,0.114530946,0,0,0,0.125,0.60092185875,0,0,0,0.9501235,0.747467499422222,0.844444444444444,4.75,4.75,2,4.1821753273125,1,0,0,0.1246169,0.0108734011777778,0,0,0,0,0.0532442955625,0,0,0,0.3252636,0.0442041078222222,0,0,0,0.125,0.22287348775,0,0,0,0.001806241,0.000383117644444444,0,0,0,4.875,0.0020266474375,0,0,0,0.01345809,0.0028935502,0,0,0,5.5,0.014709083625,0,0,0,0.02670043,0.00457078544444444,0,0,0,0.25,0.02404747,0,0,0,0.0163957,0.00266342822222222,0,0,0,5.25,0.01411002625,0,0,0,0,0,0,0,0,0,0,0,0,0,0,0,0,0,0,0,0,0,0,0,0,0,0,0,0,0,0,0,0,0,0,0,0,0,0,0,0,0,0,0,4,2.51111111111111,0.933333333333333,5.25,5.25,1.5,14.0625,1,0,1,0,0,0,0,0,0,0,0,0,0,1,1,1,5.625,5.625,0,5.5,1,1,1,0,0,0,0,0,0,0,0,0,0,4,2.88888888888889,0.933333333333333,5.25,5.25,1.5,16.1875,1,0,1,0,0,0,0,0,0,0,0,0,0,0,0,0,0,0,0,0,0,0,0,0,0,0,0,0,0,0,0,0,0,0,0,0,0,0,0,0,0,0,0,0,0,0,0,0,0,0,0,0,0,0,0,0,0,0,0,0,0,0,0,0,0,0,0,0,0,0,0,0,0,4,3.31111111111111,0.933333333333333,5.25,5.25,1,18.5,1,0,1,2,1.17777777777778,0.888888888888889,5,5,2.5,6.5625,1,0,1,0,0,0,0,0,0,0,0,0,0,3,2.22222222222222,0.955555555555556,5.375,5.375,1.125,12.3125,1,0,1,1,3.55555555555556,0.159090909090909,1,
"E30HA04-04","C30","Chinese","Genuine",0,"Happy 4 CN",4,4,3.125,25,0.3852493,0.345791052,0,0,0,0.625,1.03572728125,0,0,0,0.3936906,0.21002671824,0,0,0,1.5,0.6487931365625,0,0,0,0.04421151,0.01057463664,0,0,0,0,0.0300123725625,0,0,0,0.3852073,0.254436216,0,0,0,0,0.7493254625,0,0,0,0.002428733,0.00108269124,0,0,0,2.125,0.003304385875,0,0,0,0.04083933,0.01785134812,0,0,0,2.875,0.05211829975,0,0,0,0.03537159,0.01564734632,0,0,0,2.625,0.04702176825,0,0,0,0.06587123,0.0336851752,0,0,0,1.75,0.101907728125,0,0,0,0,0,0,0,0,0,0,0,0,0,0,0,0,0,0,0,0,0,0,0,0,0,0,0,0,0,0,0,0,0,0,0,0,0,0,0,0,0,0,0,0,0,0,0,0,0,0,0,0,0,0,0,0,0,0,0,0,0,0,0,1,1,1,3.125,3.125,0,3,1,1,1,0,0,0,0,0,0,0,0,0,0,2,1.04,0.72,2.25,2.25,1.25,3.1875,1,0,1,0,0,0,0,0,0,0,0,0,0,0,0,0,0,0,0,0,0,0,0,0,0,0,0,0,0,0,0,0,0,0,0,0,0,0,0,0,0,0,0,0,0,0,0,0,0,0,0,0,0,0,0,0,0,0,0,0,0,0,0,0,0,0,0,0,0,0,0,0,0,0,0,0,0,0,0,0,0,0,0,0,0,0,0,0,0,0,0,0,0,0,0,0,0,0,0,0,0,0,0,3,1.2,0.68,2.125,2.125,1.125,3.6875,1,0,1,0,5.33333333333333,0.125,1,
"E30HA05-02","C30","Chinese","Genuine",0,"Happy 5 CN",5,2,3.5,28,0.5292093,0.209981771428571,0.107142857142857,0.375,0.375,0.125,0.68603826875,1,0,0,0.8866947,0.5908082105,0.642857142857143,2.25,2.25,1.5,2.041552194875,1,0,0,0.0926398,0.0172762971785714,0,0,0,0,0.054604113625,0,0,0,0.1894922,0.0614174206428571,0,0,0,0.125,0.197749291,0,0,0,0.003867647,0.00128732392857143,0,0,0,0.5,0.0043509868125,0,0,0,0.02426635,0.0056450365,0,0,0,2.75,0.0185788748125,0,0,0,0.03533234,0.00858308178571429,0,0,0,0.25,0.0283003633125,0,0,0,0.0275229,0.0084943615,0,0,0,3.25,0.027317877125,0,0,0,0,0,0,0,0,0,0,0,0,0,0,0,0,0,0,0,0,0,0,0,0,0,0,0,0,0,0,0,0,0,0,0,0,0,0,0,0,0,0,0,3,1.60714285714286,0.821428571428571,2.875,2.875,1.25,5.5625,1,0,1,0,0,0,0,0,0,0,0,0,0,1,0.785714285714286,0.785714285714286,2.625,2.75,0,2.625,2,1,1,0,0,0,0,0,0,0,0,0,0,3,2.10714285714286,0.821428571428571,2.875,2.875,1,7.25,1,0,1,0,0,0,0,0,0,0,0,0,0,0,0,0,0,0,0,0,0,0,0,0,0,0,0,0,0,0,0,0,0,0,0,0,0,0,0,0,0,0,0,0,0,0,0,0,0,0,0,0,0,0,0,0,0,0,0,0,0,0,0,0,0,0,0,0,0,0,0,0,0,3,2.10714285714286,0.785714285714286,2.75,2.75,1.125,7.25,1,0,1,1,0.678571428571428,0.678571428571429,2.375,2.375,1,2.375,1,0,0,0,0,0,0,0,0,0,0,0,0,4,2.60714285714286,0.928571428571429,3.25,3.25,2.5,9.0625,1,0,1,1,8,0.148148148148148,1,
"E30HA07-01","C30","Chinese","Genuine",0,"Happy 7 CN",7,1,5.5,44,0.4275594,0.0999318234090909,0,0,0,0.25,0.50638187875,0,0,0,0.953796,0.782762219340909,0.863636363636364,4.75,4.75,2.5,4.27676401675,1,0,0,0.05526461,0.00605295059090909,0,0,0,0,0.0296821205,0,0,0,0.2336599,0.0359026710909091,0,0,0,0,0.1751680535,0,0,0,0.01414181,0.00198915295454545,0,0,0,0.125,0.0099375823125,0,0,0,0.1762919,0.0196552370681818,0,0,0,0,0.094917977,0,0,0,0.0185504,0.00241963513636364,0,0,0,0.25,0.0122417256875,0,0,0,0.04444288,0.00360956525,0,0,0,5.375,0.017072339125,0,0,0,0,0,0,0,0,0,0,0,0,0,0,0,0,0,0,0,0,0,0,0,0,0,0,0,0,0,0,0,0,0,0,0,0,0,0,0,0,0,0,0,4,2.77272727272727,0.909090909090909,5,5,1.375,15.1875,1,0,1,0,0,0,0,0,0,0,0,0,0,1,0.568181818181818,0.568181818181818,2.625,3.125,0.375,3.125,2,0,0,0,0,0,0,0,0,0,0,0,0,4,2.90909090909091,0.909090909090909,5,5,1.25,15.875,1,0,1,0,0,0,0,0,0,0,0,0,0,0,0,0,0,0,0,0,0,0,0,0,0,0,0,0,0,0,0,0,0,0,0,0,0,0,0,0,0,0,0,0,0,0,0,0,0,0,0,0,0,0,0,0,0,0,0,0,0,0,0,0,0,0,0,0,0,0,0,0,0,4,3.52272727272727,1,5.5,5.5,1,19.125,1,1,1,2,1.11363636363636,0.886363636363636,4.875,4.875,1.625,6.0625,1,0,1,0,0,0,0,0,0,0,0,0,0,3,1.43181818181818,1,5.5,5.5,0.625,7.75,1,1,1,1,5.33333333333333,0.13953488372093,1,
"E32HA01-02","C32","Chinese","Genuine",0,"Happy 1 CN",1,2,4.5,36,0.6828058,0.334828394166667,0.277777777777778,1.25,1.25,0.25,1.44074613625,1,1,0,0.8814223,0.400531619083333,0.472222222222222,1.125,2.125,2.125,1.79113464625,2,0,0,0.09460706,0.0299662771944444,0,0,0,0,0.12404832675,0,0,0,0.1562625,0.0746336486111111,0,0,0,4.375,0.31763226875,0,0,0,0.09475981,0.0183114836666667,0,0,0,1,0.0808189379375,0,0,0,0.02403903,0.00808607522222222,0,0,0,0,0.0347783855625,0,0,0,0.1760078,0.0639931585277778,0,0,0,2.5,0.28348498275,0,0,0,0.01085091,0.00271373025,0,0,0,2.625,0.012071762875,0,0,0,0,0,0,0,0,0,0,0,0,0,2,0.444444444444444,0.333333333333333,1.5,1.5,0,1.875,1,1,0,0,0,0,0,0,0,0,0,0,0,0,0,0,0,0,0,0,0,0,0,2,0.972222222222222,0.666666666666667,3,3,1.75,4.3125,1,0,1,1,0.444444444444444,0.444444444444444,1.625,2,2.25,1.9375,2,0,1,1,0.333333333333333,0.333333333333333,1.5,1.5,2.5,1.5,1,0,0,0,0,0,0,0,0,0,0,0,0,3,1.5,0.722222222222222,3.25,3.25,1.625,6.6875,1,0,1,0,0,0,0,0,0,0,0,0,0,0,0,0,0,0,0,0,0,0,0,0,0,0,0,0,0,0,0,0,0,0,0,0,0,0,0,0,0,0,0,0,0,0,0,0,0,0,0,0,0,0,0,0,0,0,0,0,0,0,0,0,0,0,0,0,0,0,0,0,0,4,3.33333333333333,1,4.5,4.5,1.5,14.75,1,1,1,2,0.972222222222222,0.805555555555556,3.625,3.625,1.875,4.3125,1,0,1,0,0,0,0,0,0,0,0,0,0,4,2.41666666666667,1,4.5,4.5,2.5,10.625,1,1,1,0.923076923076923,8,0.142857142857143,1,
"E32HA02-03","C32","Chinese","Genuine",0,"Happy 2 CN",2,3,9.25,74,0.5001044,0.275542756621622,0.0135135135135135,0.125,0.125,0.375,2.50130153625,1,0,0,0.826126,0.441590944067568,0.364864864864865,2.75,3.375,6.75,4.062713981375,2,0,0,0.09552951,0.0231704308513514,0,0,0,0.625,0.208285766625,0,0,0,0.3190633,0.0572355867567568,0,0,0,0,0.50638891625,0,0,0,0.01111172,0.00476979259459459,0,0,0,4.375,0.0434395716875,0,0,0,0.009083174,0.00310603166216216,0,0,0,0,0.027856398875,0,0,0,0.3230203,0.104537825945946,0,0,0,3,0.9593255328125,0,0,0,0.002595311,0.00115038633783784,0,0,0,0.375,0.01057507075,0,0,0,0,0,0,0,0,0,0,0,0,0,0,0,0,0,0,0,0,0,0,0,1,0.324324324324324,0.324324324324324,2.125,3,2.5,3,2,0,0,0,0,0,0,0,0,0,0,0,0,2,1.14864864864865,0.918918918918919,8.5,8.5,1.75,10.5625,1,0,1,2,1.63513513513514,1,9.25,9.25,1.625,15,1,1,1,1,0.608108108108108,0.608108108108108,4,5.625,1.375,5.625,3,0,0,0,0,0,0,0,0,0,0,0,0,2,1.14864864864865,0.905405405405405,8.375,8.375,6.125,10.5625,1,0,1,0,0,0,0,0,0,0,0,0,0,0,0,0,0,0,0,0,0,0,0,0,0,0,0,0,0,0,0,0,0,0,0,0,0,0,0,0,0,0,0,0,0,0,0,0,0,0,0,0,0,0,0,0,0,0,0,0,0,0,0,0,0,0,0,0,0,0,0,0,0,5,2.68918918918919,0.756756756756757,6.875,7,5.875,24.75,2,0,1,2,0.662162162162163,0.621621621621622,5.75,5.75,7,6.125,1,0,0,0,0,0,0,0,0,0,0,0,0,4,2.74324324324324,1,9.25,9.25,7.375,25.0625,1,1,1,1,0.380952380952381,0.0410958904109589,1,
"E32HA03-03","C32","Chinese","Genuine",0,"Happy 3 CN",3,3,4.5,36,0.4465365,0.409724702777778,0,0,0,4.25,1.79045011875,0,0,0,0.3149092,0.155837615833333,0,0,0,1.5,0.695476125625,0,0,0,0.186834,0.0741354180555556,0,0,0,0,0.3112739,0,0,0,0.2615079,0.157729493055556,0,0,0,4,0.69239385625,0,0,0,0.008191813,0.00226091333333333,0,0,0,4.375,0.0093488000625,0,0,0,0.008368413,0.00416552655555556,0,0,0,4.375,0.018041317625,0,0,0,0.05561033,0.0347946088888889,0,0,0,2.5,0.1540644828125,0,0,0,0.002663865,0.00161292822222222,0,0,0,0.875,0.0071878695625,0,0,0,0,0,0,0,0,0,0,0,0,0,0,0,0,0,0,0,0,0,0,0,0,0,0,0,0,0,0,0,0,0,0,0,0,0,0,0,0,0,0,0,1,0.361111111111111,0.361111111111111,1.5,1.625,1.375,1.625,2,0,0,1,0.861111111111111,0.861111111111111,3.875,3.875,0.625,3.8125,1,0,1,1,0.388888888888889,0.388888888888889,1.75,1.75,1.625,1.75,1,0,0,0,0,0,0,0,0,0,0,0,0,1,0.666666666666667,0.666666666666667,3,3,0.5,3,1,0,0,0,0,0,0,0,0,0,0,0,0,0,0,0,0,0,0,0,0,0,0,0,0,0,0,0,0,0,0,0,0,0,0,0,0,0,0,0,0,0,0,0,0,0,0,0,0,0,0,0,0,0,0,0,0,0,0,0,0,0,0,0,0,0,0,0,0,0,0,0,0,0,0,0,0,0,0,0,0,0,0,0,0,0,0,0,0,0,0,0,0,0,0,0,0,0,0,0,0,0,0,5,3.33333333333333,1,4.5,4.5,0,14.5,1,1,1,0.541666666666667,,0.0571428571428571,1,
"E32HA04-01","C32","Chinese","Genuine",0,"Happy 4 CN",4,1,5.625,45,0.4548257,0.378098526666667,0,0,0,1,2.07933195,0,0,0,0.5915101,0.174231699977778,0.0888888888888889,0.5,0.5,3.5,0.978346214,1,0,0,0.2189339,0.0957100675333333,0,0,0,5.375,0.515716498625,0,0,0,0.4261375,0.146353790888889,0,0,0,0,0.78462754875,0,0,0,0.002866902,0.000937989511111111,0,0,0,0,0.0049921740625,0,0,0,0.006246586,0.00266536531111111,0,0,0,0,0.014447328875,0,0,0,0.2780769,0.111869320822222,0,0,0,4,0.626876832125,0,0,0,0.005437089,0.00185673613333333,0,0,0,4,0.0103906379375,0,0,0,0,0,0,0,0,0,0,0,0,0,0,0,0,0,0,0,0,0,0,0,0,0,0,0,0,0,0,0,0,0,0,0,0,0,0,0,0,0,0,0,1,0.577777777777778,0.577777777777778,3.25,3.25,2,3.25,1,0,0,1,0.244444444444444,0.244444444444444,1,1.375,3.75,1.375,2,0,0,0,0,0,0,0,0,0,0,0,0,0,0,0,0,0,0,0,0,0,0,1,0.8,0.8,4.5,4.5,1.125,4.4375,1,0,1,0,0,0,0,0,0,0,0,0,0,0,0,0,0,0,0,0,0,0,0,0,0,0,0,0,0,0,0,0,0,0,0,0,0,0,0,0,0,0,0,0,0,0,0,0,0,0,0,0,0,0,0,0,0,0,0,0,0,0,0,0,0,0,0,0,0,0,0,0,0,4,0.977777777777778,0.444444444444444,2.5,2.5,3.875,5.5,1,0,0,1,0.266666666666667,0.266666666666667,1.5,1.5,3.25,1.5,1,0,0,0,0,0,0,0,0,0,0,0,0,4,3.35555555555556,1,5.625,5.625,2,18.5,1,1,1,0.722222222222222,,0.0227272727272727,1,
"E32HA05-02","C32","Chinese","Genuine",0,"Happy 5 CN",5,2,7.625,61,0.508304,0.30130626704918,0.0327868852459016,0.25,0.25,2,2.24049419875,1,0,0,0.899995,0.360664836491803,0.40983606557377,3.125,3.125,4.5,2.745936731375,1,0,0,0.2511134,0.0858390254918033,0,0,0,0.875,0.63532243125,0,0,0,0.2559294,0.092520961295082,0,0,0,2.625,0.686241229875,0,0,0,0.07347434,0.00885107108196721,0,0,0,3.25,0.0671544224375,0,0,0,0.02406588,0.00437598693442623,0,0,0,3,0.03305232,0,0,0,0.2373428,0.0638282796721312,0,0,0,6,0.482467095,0,0,0,0.008500597,0.00259981950819672,0,0,0,5.5,0.019792593625,0,0,0,1,0.0163934426229508,0.0163934426229508,0.125,0.125,3.25,0.125,1,0,0,1,0.0327868852459016,0.0327868852459016,0.25,0.25,3.25,0.25,1,0,0,0,0,0,0,0,0,0,0,0,0,0,0,0,0,0,0,0,0,0,0,3,1.08196721311475,0.540983606557377,4.125,4.125,4.5,8.1875,1,0,1,1,0.459016393442623,0.459016393442623,3.5,3.5,3.625,3.5,1,0,0,1,0.0163934426229508,0.0163934426229508,0.125,0.125,6.25,0.125,1,0,0,0,0,0,0,0,0,0,0,0,0,3,1.36065573770492,0.59016393442623,4.5,4.5,3.75,10.3125,1,0,1,0,0,0,0,0,0,0,0,0,0,0,0,0,0,0,0,0,0,0,0,0,0,0,0,0,0,0,0,0,0,0,0,0,0,0,0,0,0,0,0,0,0,0,0,0,0,0,0,0,0,0,0,0,0,0,0,0,0,0,0,0,0,0,0,0,0,0,0,0,0,4,2.29508196721311,0.655737704918033,5,5,3.5,17.375,1,0,1,3,0.901639344262295,0.639344262295082,4.875,4.875,3.375,6.8125,1,0,1,0,0,0,0,0,0,0,0,0,0,4,3.44262295081967,1,7.625,7.625,0,25.75,1,1,1,0.916666666666667,4.8,0.0833333333333333,1,
"E32SA02-01","C32","Chinese","Fake",0,"Sad 2 CN",2,1,7.625,61,0.6491714,0.52405117704918,0.721311475409836,2.625,5.5,2.75,3.94142770625,4,0,1,0.0246752,0.0065252763442623,0,0,0,1.25,0.049644853,0,0,0,0.2241057,0.0950951749180328,0,0,0,3.625,0.71175080875,0,0,0,0.5058523,0.34084303442623,0.0163934426229508,0.125,0.125,0,2.5462089875,1,1,0,0.06449333,0.0139725331967213,0,0,0,0,0.1019113953125,0,0,0,0.01544403,0.00847910662295082,0,0,0,6.5,0.0637340331875,0,0,0,0.0136362,0.00870729090163934,0,0,0,3.125,0.065813706375,0,0,0,0.007780454,0.000978471459016393,0,0,0,0.875,0.0073980891875,0,0,0,0,0,0,0,0,0,0,0,0,0,0,0,0,0,0,0,0,0,0,0,0,0,0,0,0,0,0,0,0,0,0,0,0,0,0,0,0,0,0,0,0,0,0,0,0,0,0,0,0,0,0,0,0,0,0,0,0,0,0,0,0,0,0,0,0,0,0,0,0,0,0,0,0,0,0,0,0,0,0,0,1,0.19672131147541,0.19672131147541,1.5,1.5,0.875,1.5,1,0,0,0,0,0,0,0,0,0,0,0,0,0,0,0,0,0,0,0,0,0,0,0,0,0,0,0,0,0,0,0,0,0,0,0,0,0,0,0,0,0,0,0,0,0,0,0,0,0,0,0,0,0,0,0,0,0,0,0,0,0,0,0,0,0,0,0,0,0,0,0,0,1,0.0163934426229508,0.0163934426229508,0.125,0.125,0,0.0625,1,1,0,0,0,0,0,0,0,0,0,0,0,0,0,0,0,0,0,0,0,0,0,3,1.39344262295082,1,7.625,7.625,0,10.375,1,1,1,0,,0.0333333333333333,1,
