"clip_id","smiler_id","culture","smile_type","stimulus","frame","time_s","Neutral","Happy","Sad","Angry","Surprised","Scared","Disgusted","Contempt","AU01","AU02","AU04","AU05","AU06","AU07","AU09","AU10","AU12","AU14","AU15","AU17","AU18","AU20","AU23","AU24","AU25","AU26","AU27","AU43"
"E11HA01-01","C11","Chinese","Genuine","Happy 1 CN",1,0,0.4484146,0.04432354,0.125077,0.04367329,0.09560151,0.04125202,0.0140536,0.01258952,2,2,0,2,0,0,0,0,1,0,0,0,0,0,0,0,0,0,0,0
"E11HA01-01","C11","Chinese","Genuine","Happy 1 CN",2,0.125,0.4257866,0.111041,0.09954353,0.04274695,0.08143391,0.03089901,0.01152994,0.0116731,2,2,0,1,0,0,0,0,1,0,0,0,0,0,0,0,0,0,0,0
"E11HA01-01","C11","Chinese","Genuine","Happy 1 CN",3,0.25,0.3723776,0.2335638,0.07457606,0.05696407,0.06137035,0.02191507,0.008633083,0.008940759,2,1,0,1,0,1,0,0,1,0,0,0,0,0,0,0,0,0,0,0
"E11HA01-01","C11","Chinese","Genuine","Happy 1 CN",4,0.375,0.2962115,0.3947156,0.05452107,0.0733201,0.04431885,0.01580993,0.006198028,0.006356519,2,1,0,1,0,1,0,0,1,0,0,0,0,0,0,0,0,0,0,1
"E11HA01-01","C11","Chinese","Genuine","Happy 1 CN",5,0.5,0.2356923,0.5221438,0.0402721,0.07013594,0.03232486,0.01113807,0.004637564,0.0046955,2,1,0,1,0,1,0,0,1,0,0,0,0,0,0,0,0,0,0,2
"E11HA01-01","C11","Chinese","Genuine","Happy 1 CN",6,0.625,0.2307625,0.5387127,0.03496269,0.07323176,0.02441112,0.007947964,0.004481201,0.003228889,2,1,0,1,0,1,0,0,1,0,0,0,0,0,0,0,0,0,0,3
"E11HA01-01","C11","Chinese","Genuine","Happy 1 CN",7,0.75,0.2559657,0.489245,0.02896959,0.06685352,0.01990422,0.005839398,0.004548974,0.002703084,2,2,0,1,0,1,0,0,1,0,0,0,0,0,0,0,0,0,0,3
"E11HA01-01","C11","Chinese","Genuine","Happy 1 CN",8,0.875,0.271006,0.4594336,0.026599,0.05065192,0.02225582,0.00455212,0.004152526,0.003385362,2,2,0,0,0,1,0,0,1,0,0,0,0,0,0,0,0,0,0,3
"E11HA01-01","C11","Chinese","Genuine","Happy 1 CN",9,1,0.2636491,0.474091,0.02151811,0.03681704,0.01958793,0.004174376,0.003227702,0.007247106,2,2,0,0,0,1,0,0,1,0,0,0,0,0,0,0,0,0,0,3
"E11HA01-01","C11","Chinese","Genuine","Happy 1 CN",10,1.125,0.3098462,0.3812977,0.02785349,0.02541404,0.0208257,0.003179539,0.002951037,0.009149984,3,2,0,0,0,1,0,0,1,0,0,0,0,0,0,0,0,0,0,3
"E11HA01-01","C11","Chinese","Genuine","Happy 1 CN",11,1.25,0.2673565,0.466046,0.0238729,0.01948384,0.01516371,0.002555963,0.002354568,0.01072997,3,2,0,0,0,1,0,0,1,0,0,0,0,0,0,0,0,0,0,3
"E11HA01-01","C11","Chinese","Genuine","Happy 1 CN",12,1.375,0.2288437,0.5429632,0.01975752,0.01557696,0.01140038,0.003512236,0.001721962,0.01204669,2,2,0,0,0,1,0,0,1,0,0,0,0,0,0,0,0,0,0,3
"E11HA01-01","C11","Chinese","Genuine","Happy 1 CN",13,1.5,0.2005118,0.6003894,0.01483984,0.02019937,0.009713569,0.003061026,0.001416411,0.01159796,2,1,0,0,0,1,0,0,1,0,0,0,0,0,0,0,0,0,0,3
"E11HA01-01","C11","Chinese","Genuine","Happy 1 CN",14,1.625,0.1981075,0.6085368,0.01197377,0.04800186,0.00729232,0.002748513,0.002148197,0.0129633,2,1,0,0,0,1,0,0,1,0,0,0,0,0,0,0,0,0,0,3
"E11HA01-01","C11","Chinese","Genuine","Happy 1 CN",15,1.75,0.1854815,0.6374859,0.01067609,0.05040956,0.00642556,0.002357562,0.002076988,0.01025186,1,1,0,0,0,1,0,0,1,0,0,0,0,0,0,0,0,0,0,3
"E11HA01-01","C11","Chinese","Genuine","Happy 1 CN",16,1.875,0.2076411,0.5938513,0.01412032,0.03840138,0.009543002,0.002459836,0.003244876,0.008284719,1,1,0,0,0,1,0,0,1,0,0,0,0,0,0,0,0,0,0,3
"E11HA01-01","C11","Chinese","Genuine","Happy 1 CN",17,2,0.2355138,0.544197,0.01446007,0.05509096,0.009074192,0.004173711,0.004683085,0.01111056,1,0,0,0,0,1,0,0,1,0,0,0,0,0,0,0,0,0,0,3
"E11HA01-01","C11","Chinese","Genuine","Happy 1 CN",18,2.125,0.2467714,0.5338733,0.01187955,0.06725467,0.008447579,0.006954351,0.004816232,0.01836359,1,0,0,0,0,1,0,0,1,0,0,0,0,0,0,0,0,0,0,3
"E11HA01-01","C11","Chinese","Genuine","Happy 1 CN",19,2.25,0.2565975,0.5207646,0.01081876,0.06622356,0.008490455,0.00980692,0.004741098,0.03025938,1,0,0,0,0,1,0,0,1,0,0,0,0,0,0,0,1,0,0,3
"E11HA01-01","C11","Chinese","Genuine","Happy 1 CN",20,2.375,0.3151795,0.3850128,0.01376996,0.1121103,0.008677023,0.01558788,0.009000482,0.04718811,0,0,0,0,0,1,0,0,1,0,0,0,0,0,0,0,1,0,0,3
"E11HA01-01","C11","Chinese","Genuine","Happy 1 CN",21,2.5,0.356978,0.2658012,0.01768202,0.1673478,0.006831348,0.02498897,0.02247609,0.04126615,0,0,0,0,0,1,0,0,1,0,0,0,0,0,0,0,1,0,0,3
"E11HA01-01","C11","Chinese","Genuine","Happy 1 CN",22,2.625,0.4015742,0.183554,0.02189548,0.1660041,0.006376503,0.073458,0.0287499,0.04639304,0,0,0,0,0,1,0,0,0,0,0,0,0,0,0,0,1,0,0,2
"E11HA01-01","C11","Chinese","Genuine","Happy 1 CN",23,2.75,0.4748861,0.1266682,0.02909673,0.165022,0.005650535,0.0842142,0.04307053,0.03974522,0,0,0,0,0,1,0,0,0,0,0,0,0,0,0,0,1,0,0,2
"E11HA02-04","C11","Chinese","Genuine","Happy 2 CN",1,0,0.439324,0.2124559,0.007042069,0.04689374,0.01673597,0.06292661,0.01085154,0.001268779,0,0,0,0,0,1,0,0,0,0,0,0,0,1,0,0,3,0,0,1
"E11HA02-04","C11","Chinese","Genuine","Happy 2 CN",2,0.125,0.4381744,0.2237287,0.008120016,0.050715,0.01727662,0.06410331,0.01719338,0.001520623,0,0,0,0,0,1,0,0,0,0,0,0,0,1,0,0,3,0,0,1
"E11HA02-04","C11","Chinese","Genuine","Happy 2 CN",3,0.25,0.4030312,0.2930871,0.007375599,0.05130462,0.01600147,0.05351548,0.01774466,0.001914102,0,0,0,0,0,1,0,0,0,0,0,0,0,1,0,0,3,0,0,1
"E11HA02-04","C11","Chinese","Genuine","Happy 2 CN",4,0.375,0.331874,0.4112586,0.006048512,0.04591557,0.0136544,0.04001271,0.01277337,0.002352666,0,0,0,0,0,1,0,0,1,0,0,0,0,1,0,0,3,0,0,1
"E11HA02-04","C11","Chinese","Genuine","Happy 2 CN",5,0.5,0.2500327,0.5515915,0.004268296,0.03637651,0.01098748,0.0276607,0.0088217,0.002481294,0,0,0,0,0,1,0,0,1,0,0,0,0,1,0,0,3,0,0,1
"E11HA02-04","C11","Chinese","Genuine","Happy 2 CN",6,0.625,0.1890064,0.6575139,0.003022579,0.03042452,0.008279718,0.01907526,0.006078395,0.002610297,0,0,0,0,1,1,0,0,2,0,0,0,0,0,0,0,3,0,0,1
"E11HA02-04","C11","Chinese","Genuine","Happy 2 CN",7,0.75,0.15255,0.7193344,0.002160501,0.02892563,0.006624202,0.01322265,0.004187576,0.00363431,0,0,0,0,1,1,0,0,3,0,0,0,0,0,0,0,3,0,0,1
"E11HA02-04","C11","Chinese","Genuine","Happy 2 CN",8,0.875,0.1285801,0.7596455,0.001538599,0.02564869,0.005352151,0.009162993,0.002889756,0.004080898,0,0,0,0,1,1,0,0,3,0,0,0,0,0,0,0,3,0,0,1
"E11HA02-04","C11","Chinese","Genuine","Happy 2 CN",9,1,0.1131675,0.7852271,0.001120153,0.02403531,0.004267786,0.006493289,0.002019393,0.003541822,0,0,0,0,1,1,0,0,3,0,0,0,0,0,0,0,3,0,0,1
"E11HA02-04","C11","Chinese","Genuine","Happy 2 CN",10,1.125,0.104143,0.7996661,0.000846119,0.02173665,0.003534023,0.004616519,0.001406858,0.003881293,0,0,0,0,1,1,0,0,3,0,0,0,0,0,0,0,3,0,0,1
"E11HA02-04","C11","Chinese","Genuine","Happy 2 CN",11,1.25,0.09753422,0.810401,0.000619876,0.01816939,0.002990558,0.003225462,0.000977991,0.003368477,0,0,0,0,1,1,0,0,3,0,0,0,0,0,0,0,3,0,0,1
"E11HA02-04","C11","Chinese","Genuine","Happy 2 CN",12,1.375,0.091562,0.8206388,0.000461325,0.01632556,0.002409648,0.002301859,0.000689627,0.003353807,0,0,0,0,1,1,0,0,3,0,0,0,0,0,0,0,3,0,0,1
"E11HA02-04","C11","Chinese","Genuine","Happy 2 CN",13,1.5,0.09620925,0.8101711,0.000348519,0.01761851,0.00209269,0.001657499,0.000496202,0.002981538,0,0,0,0,1,1,0,0,3,0,0,0,0,0,0,0,3,0,0,2
"E11HA02-04","C11","Chinese","Genuine","Happy 2 CN",14,1.625,0.08257683,0.8366275,0.000261731,0.01530696,0.001986572,0.001173474,0.000351858,0.003291937,0,0,0,0,2,1,0,0,3,0,0,0,0,0,0,0,3,0,0,2
"E11HA02-04","C11","Chinese","Genuine","Happy 2 CN",15,1.75,0.07317913,0.854867,0.000204368,0.01503151,0.002066763,0.000838506,0.000249594,0.003510767,0,0,0,0,2,1,0,0,4,0,0,0,0,0,0,0,3,1,0,2
"E11HA02-04","C11","Chinese","Genuine","Happy 2 CN",16,1.875,0.06978054,0.8612816,0.000157625,0.01468308,0.002000509,0.000613153,0.000178206,0.003400259,0,0,0,0,2,1,0,0,4,0,0,0,0,0,0,0,3,1,0,2
"E11HA02-04","C11","Chinese","Genuine","Happy 2 CN",17,2,0.0645043,0.8715709,0.000120721,0.01486534,0.00203073,0.000439811,0.00013254,0.003815122,0,0,0,0,2,0,0,0,4,0,0,0,0,1,0,0,3,1,0,2
"E11HA02-04","C11","Chinese","Genuine","Happy 2 CN",18,2.125,0.06478214,0.8708342,9.3417e-05,0.01298025,0.00200924,0.000315886,9.5392e-05,0.004386143,0,0,0,0,2,0,0,0,4,0,0,0,0,0,0,0,3,1,0,2
"E11HA02-04","C11","Chinese","Genuine","Happy 2 CN",19,2.25,0.06363257,0.8730088,7.013e-05,0.01375118,0.002161888,0.000228176,7.0951e-05,0.004038992,0,0,0,0,2,0,0,0,4,0,0,0,0,1,0,0,3,1,0,2
"E11HA02-04","C11","Chinese","Genuine","Happy 2 CN",20,2.375,0.05783598,0.8845165,5.2268e-05,0.01310367,0.001934587,0.000165347,5.2957e-05,0.004224119,0,0,0,0,2,0,0,0,4,0,0,0,0,1,0,0,3,1,0,3
"E11HA02-04","C11","Chinese","Genuine","Happy 2 CN",21,2.5,0.07547233,0.8491862,5.4417e-05,0.01844028,0.001702558,0.000241276,0.000489632,0.004674968,0,0,0,0,2,0,0,0,4,0,0,0,0,1,0,0,3,1,0,3
"E11HA02-04","C11","Chinese","Genuine","Happy 2 CN",22,2.625,0.1323123,0.7356919,0.00063271,0.02323932,0.00161414,0.000833152,0.007438026,0.003245526,0,0,0,0,2,1,0,0,3,0,0,0,0,1,0,0,3,1,0,3
"E11HA02-04","C11","Chinese","Genuine","Happy 2 CN",23,2.75,0.1657639,0.6691756,0.000904365,0.02562663,0.001421587,0.001386735,0.01443453,0.002271739,0,0,0,0,2,1,0,0,3,0,0,0,0,0,0,0,3,1,0,3
"E11HA02-04","C11","Chinese","Genuine","Happy 2 CN",24,2.875,0.1872821,0.6261411,0.000769375,0.03828622,0.001302043,0.001526418,0.01522937,0.00184541,0,0,0,0,2,1,0,0,3,0,0,0,0,0,0,0,3,1,0,3
"E11HA02-04","C11","Chinese","Genuine","Happy 2 CN",25,3,0.2025606,0.5954712,0.000566953,0.05198222,0.001569686,0.002164003,0.01262793,0.00137131,0,0,0,0,2,1,0,0,3,0,0,0,0,0,0,0,3,1,0,3
"E11HA02-04","C11","Chinese","Genuine","Happy 2 CN",26,3.125,0.2160291,0.5684927,0.000427832,0.05667514,0.001931536,0.002217587,0.01166633,0.001119437,0,0,0,0,2,1,0,0,3,0,0,0,0,0,0,0,3,1,0,3
"E11HA02-04","C11","Chinese","Genuine","Happy 2 CN",27,3.25,0.2227592,0.5550618,0.000457049,0.04985133,0.002005825,0.001918688,0.01240022,0.000984928,0,0,0,0,2,1,0,0,3,0,0,0,0,0,0,0,3,1,0,3
"E11HA02-04","C11","Chinese","Genuine","Happy 2 CN",28,3.375,0.2122833,0.5762013,0.000608522,0.03915001,0.001633743,0.001672619,0.01495467,0.000994479,0,0,0,0,2,1,0,0,3,0,0,0,0,0,0,0,2,1,0,3
"E11HA02-04","C11","Chinese","Genuine","Happy 2 CN",29,3.5,0.2103049,0.5800904,0.00104174,0.03346666,0.001578706,0.00140971,0.01495138,0.001050942,0,0,0,0,2,1,0,0,3,0,0,0,0,0,0,0,2,0,0,3
"E11HA02-04","C11","Chinese","Genuine","Happy 2 CN",30,3.625,0.1968401,0.6069185,0.001221039,0.02844194,0.001708627,0.001354746,0.01404574,0.00083525,0,0,0,0,2,1,0,0,3,0,0,0,0,0,0,0,2,0,0,3
"E11HA02-04","C11","Chinese","Genuine","Happy 2 CN",31,3.75,0.2181381,0.5646572,0.002130313,0.02574462,0.001971472,0.001346987,0.02578326,0.001171895,0,0,0,0,2,1,0,0,3,0,0,0,0,0,0,0,2,0,0,3
"E11HA02-04","C11","Chinese","Genuine","Happy 2 CN",32,3.875,0.2698131,0.461965,0.003049528,0.02420633,0.001612552,0.001525948,0.04578743,0.002573974,0,0,0,0,2,1,0,0,3,0,0,0,0,0,0,0,1,0,0,3
"E11HA02-04","C11","Chinese","Genuine","Happy 2 CN",33,4,0.2778259,0.4458489,0.004060273,0.02105995,0.002128063,0.001378375,0.05928138,0.002166355,0,0,0,0,2,1,0,0,3,0,0,0,0,0,0,0,1,0,0,3
"E11HA02-04","C11","Chinese","Genuine","Happy 2 CN",34,4.125,0.2846517,0.4321995,0.004470748,0.01793056,0.002312585,0.001697352,0.05415909,0.00193805,0,0,0,0,2,1,0,0,3,0,0,0,0,0,0,0,1,0,0,3
"E11HA02-04","C11","Chinese","Genuine","Happy 2 CN",35,4.25,0.2828504,0.43549,0.003820209,0.01639863,0.002043673,0.001997216,0.04593309,0.001794958,0,0,0,0,2,1,0,0,3,0,0,0,0,0,0,0,1,0,0,4
"E11HA02-04","C11","Chinese","Genuine","Happy 2 CN",36,4.375,0.2769679,0.4471668,0.003480171,0.0152567,0.002025141,0.002243746,0.0409559,0.001982377,0,0,0,0,2,0,0,0,2,0,0,0,0,0,0,0,1,0,0,4
"E11HA02-04","C11","Chinese","Genuine","Happy 2 CN",37,4.5,0.2659137,0.4691952,0.003249516,0.0134885,0.0023971,0.001900706,0.03730576,0.002135293,0,0,0,0,2,0,0,0,2,0,0,0,0,0,0,0,1,0,0,4
"E11HA02-04","C11","Chinese","Genuine","Happy 2 CN",38,4.625,0.2741782,0.4529341,0.003969626,0.01547745,0.002053402,0.002565463,0.03573754,0.002903705,0,0,0,0,2,0,0,0,2,0,0,0,0,0,0,0,1,0,0,4
"E11HA02-04","C11","Chinese","Genuine","Happy 2 CN",39,4.75,0.2707247,0.4599574,0.003198488,0.02105271,0.001874094,0.002760562,0.04281138,0.002391007,0,0,0,0,2,0,0,0,2,0,0,0,0,0,0,0,1,0,0,4
"E11HA02-04","C11","Chinese","Genuine","Happy 2 CN",40,4.875,0.2803988,0.4415937,0.002656869,0.0300878,0.001577407,0.002603916,0.0371833,0.001717358,0,0,0,0,2,1,0,0,2,0,0,0,0,0,0,0,1,0,0,3
"E11HA02-04","C11","Chinese","Genuine","Happy 2 CN",41,5,0.2865726,0.4304429,0.002705959,0.04427326,0.00142893,0.003024663,0.03931522,0.001454243,0,0,0,0,2,1,0,0,2,0,0,0,0,0,0,0,1,0,0,3
"E11HA02-04","C11","Chinese","Genuine","Happy 2 CN",42,5.125,0.2977956,0.4103467,0.002779704,0.05684997,0.001464352,0.003706201,0.04169866,0.002660105,0,0,0,0,2,1,0,0,2,0,0,0,0,0,0,0,1,0,0,3
"E11HA02-04","C11","Chinese","Genuine","Happy 2 CN",43,5.25,0.3043979,0.3964852,0.002572335,0.05663632,0.001283132,0.003217802,0.0408502,0.003935938,0,0,0,0,2,1,0,0,2,0,0,0,0,0,0,0,1,0,0,3
"E11HA02-04","C11","Chinese","Genuine","Happy 2 CN",44,5.375,0.2942877,0.4174777,0.002580786,0.06036453,0.001359794,0.003277805,0.04262354,0.004706183,0,0,0,0,2,1,0,0,2,0,0,0,0,0,0,0,0,0,0,3
"E11HA02-04","C11","Chinese","Genuine","Happy 2 CN",45,5.5,0.2878187,0.4311398,0.002384965,0.06274784,0.001361019,0.003073881,0.0413611,0.004270089,0,0,0,0,2,1,0,0,2,0,0,0,0,0,0,0,0,0,0,3
"E11HA02-04","C11","Chinese","Genuine","Happy 2 CN",46,5.625,0.2693647,0.4678801,0.002039368,0.06220007,0.00143863,0.003796389,0.03575458,0.005076807,0,0,0,0,2,1,0,0,2,0,0,0,0,0,0,0,0,0,0,3
"E11HA02-04","C11","Chinese","Genuine","Happy 2 CN",47,5.75,0.2458109,0.5133487,0.001753562,0.06860978,0.001295694,0.002905684,0.02564883,0.004916952,0,0,0,0,2,1,0,0,2,0,0,0,0,0,0,0,1,0,0,3
"E11HA03-03","C11","Chinese","Genuine","Happy 3 CN",1,0,0.7280338,0.02934338,0.05836546,0.04169851,0.007629072,0.002896888,0.07423837,0.000897526,0,0,0,0,0,0,0,0,0,0,0,0,0,0,0,0,0,0,0,4
"E11HA03-03","C11","Chinese","Genuine","Happy 3 CN",2,0.125,0.635627,0.1216903,0.04518561,0.05279899,0.008118613,0.002325775,0.06047852,0.000927692,0,0,0,0,0,0,0,0,1,0,0,0,0,0,0,0,0,0,0,4
"E11HA03-03","C11","Chinese","Genuine","Happy 3 CN",3,0.25,0.5321854,0.2323345,0.03448375,0.05352328,0.007857924,0.001826664,0.04917673,0.001153973,0,0,0,0,0,0,0,0,1,0,0,0,0,0,0,0,0,0,0,3
"E11HA03-03","C11","Chinese","Genuine","Happy 3 CN",4,0.375,0.4380066,0.3310432,0.02517946,0.04299439,0.007196407,0.001343323,0.03505978,0.001568064,0,0,0,0,0,0,0,0,1,0,0,0,0,0,0,0,0,0,0,3
"E11HA03-03","C11","Chinese","Genuine","Happy 3 CN",5,0.5,0.3845431,0.3761264,0.01844666,0.0401202,0.005605011,0.000990082,0.02753247,0.002508562,0,0,0,0,0,0,0,0,2,0,0,0,0,0,0,0,0,0,0,3
"E11HA03-03","C11","Chinese","Genuine","Happy 3 CN",6,0.625,0.3450772,0.4108156,0.01341284,0.0349757,0.004997141,0.000766697,0.02090019,0.009100387,0,0,0,0,0,0,0,0,2,0,0,0,0,0,0,0,0,0,0,3
"E11HA03-03","C11","Chinese","Genuine","Happy 3 CN",7,0.75,0.3165164,0.4374697,0.009825717,0.03342175,0.003884511,0.000565771,0.01613089,0.007497048,0,0,0,0,0,1,0,0,2,0,0,0,0,0,0,0,0,0,0,3
"E11HA03-03","C11","Chinese","Genuine","Happy 3 CN",8,0.875,0.3043656,0.4413495,0.007313312,0.03465931,0.003796378,0.000448738,0.01226051,0.009956875,0,0,0,0,0,1,0,0,2,0,0,0,0,0,0,0,0,0,0,3
"E11HA03-03","C11","Chinese","Genuine","Happy 3 CN",9,1,0.302543,0.4303126,0.005793819,0.03516667,0.003452453,0.000412332,0.009788333,0.01062896,0,0,0,0,0,1,0,0,2,0,0,0,0,0,0,0,0,0,0,3
"E11HA03-03","C11","Chinese","Genuine","Happy 3 CN",10,1.125,0.3152251,0.3957615,0.004926898,0.03663524,0.002771051,0.000470027,0.01092449,0.01069497,0,0,0,0,0,1,0,0,2,0,0,0,0,0,0,0,0,0,0,3
"E11HA03-03","C11","Chinese","Genuine","Happy 3 CN",11,1.25,0.3293111,0.3616273,0.004282362,0.0354583,0.002275202,0.00051988,0.01320602,0.0103733,0,0,0,0,0,1,0,0,2,0,0,0,0,0,0,0,0,0,0,3
"E11HA03-03","C11","Chinese","Genuine","Happy 3 CN",12,1.375,0.3087138,0.3979023,0.003228284,0.02958994,0.001881721,0.000384094,0.01164284,0.009310002,0,0,0,0,0,1,0,0,2,0,0,0,0,0,0,0,0,0,0,3
"E11HA03-03","C11","Chinese","Genuine","Happy 3 CN",13,1.5,0.3126421,0.3867986,0.002610342,0.02619942,0.001857794,0.000297767,0.009852022,0.008310867,0,0,0,0,0,1,0,0,2,0,0,0,0,0,0,0,0,0,0,3
"E11HA03-03","C11","Chinese","Genuine","Happy 3 CN",14,1.625,0.3038086,0.4037151,0.002159604,0.0217103,0.002066653,0.000231341,0.008814158,0.009294374,0,0,0,0,0,1,0,0,2,0,0,0,0,0,0,0,0,0,0,3
"E11HA03-03","C11","Chinese","Genuine","Happy 3 CN",15,1.75,0.2962611,0.417622,0.001822912,0.02032463,0.001825524,0.000211517,0.008682279,0.008986652,0,0,0,0,0,1,0,0,2,0,0,0,0,0,0,0,0,0,0,3
"E11HA03-03","C11","Chinese","Genuine","Happy 3 CN",16,1.875,0.2904511,0.4321035,0.001562113,0.01821219,0.002110727,0.000183157,0.007682839,0.01248894,0,0,0,0,1,1,0,0,2,0,0,0,0,0,0,0,0,0,0,4
"E11HA03-03","C11","Chinese","Genuine","Happy 3 CN",17,2,0.280521,0.4514909,0.001590154,0.01837642,0.002172736,0.000176896,0.007713323,0.01103318,0,0,0,0,1,1,0,0,2,0,0,0,0,0,0,0,0,0,0,4
"E11HA03-03","C11","Chinese","Genuine","Happy 3 CN",18,2.125,0.2784953,0.4538189,0.001577073,0.0240998,0.001785163,0.000252521,0.008988883,0.009393364,0,0,0,0,1,1,0,0,2,0,0,0,0,0,0,0,0,0,0,4
"E11HA03-03","C11","Chinese","Genuine","Happy 3 CN",19,2.25,0.2853092,0.4399124,0.001494662,0.03750633,0.001345047,0.000250915,0.01092526,0.008671052,0,0,0,0,1,1,0,0,2,0,0,0,0,0,0,0,0,0,0,4
"E11HA03-03","C11","Chinese","Genuine","Happy 3 CN",20,2.375,0.2555312,0.4982211,0.00117905,0.04629669,0.001077899,0.00035282,0.008921365,0.01076677,0,0,0,0,1,1,0,0,2,0,0,0,0,0,0,0,0,0,0,3
"E11HA03-03","C11","Chinese","Genuine","Happy 3 CN",21,2.5,0.2314935,0.5444748,0.000987874,0.04888118,0.000999345,0.000434469,0.007859804,0.01008494,0,0,0,0,1,1,0,0,2,0,0,0,0,0,0,0,0,0,0,3
"E11HA03-03","C11","Chinese","Genuine","Happy 3 CN",22,2.625,0.2172445,0.5727793,0.000888819,0.05061457,0.000833764,0.000535027,0.008869605,0.009841708,0,0,0,0,1,1,0,0,2,0,0,0,0,0,0,0,0,0,0,3
"E11HA03-03","C11","Chinese","Genuine","Happy 3 CN",23,2.75,0.2165403,0.5728947,0.000893015,0.04920627,0.000757947,0.00062414,0.009255338,0.01197621,0,0,0,0,1,1,0,0,2,0,0,1,0,0,0,0,0,0,0,3
"E11HA03-03","C11","Chinese","Genuine","Happy 3 CN",24,2.875,0.2350988,0.5374318,0.001245511,0.04132855,0.000665489,0.000730686,0.01459124,0.01056092,0,0,0,0,1,1,0,0,2,0,0,1,0,0,0,0,0,0,0,3
"E11HA03-03","C11","Chinese","Genuine","Happy 3 CN",25,3,0.2583271,0.4924155,0.001686535,0.0368897,0.000605263,0.001199465,0.02277185,0.007462069,0,0,0,0,1,1,0,0,2,0,0,1,0,0,0,0,0,0,0,3
"E11HA03-03","C11","Chinese","Genuine","Happy 3 CN",26,3.125,0.2800919,0.4514842,0.001873407,0.04185671,0.000671522,0.00128501,0.03178361,0.005602274,0,0,0,0,1,1,0,0,2,0,0,1,0,0,0,0,0,0,0,3
"E11HA03-03","C11","Chinese","Genuine","Happy 3 CN",27,3.25,0.2738529,0.4623861,0.001466837,0.04162658,0.000723213,0.000980134,0.02470791,0.005958299,0,0,0,0,1,1,0,0,2,0,0,1,0,0,0,0,0,0,0,3
"E11HA03-03","C11","Chinese","Genuine","Happy 3 CN",28,3.375,0.2734585,0.4662017,0.001266983,0.04431752,0.001060532,0.000763015,0.01915528,0.00697334,0,0,0,0,1,1,0,0,2,0,0,1,0,0,0,0,0,0,0,3
"E11HA03-03","C11","Chinese","Genuine","Happy 3 CN",29,3.5,0.2953217,0.4242578,0.001412989,0.04145342,0.001388913,0.000620481,0.01785376,0.009355582,0,0,0,0,1,1,0,0,2,0,0,0,0,0,0,0,0,0,0,3
"E11HA03-03","C11","Chinese","Genuine","Happy 3 CN",30,3.625,0.2933975,0.4297974,0.003181993,0.03754707,0.003045919,0.000569324,0.01582783,0.01026743,0,0,0,0,1,1,0,0,2,0,0,0,0,0,0,0,0,0,0,3
"E11HA03-03","C11","Chinese","Genuine","Happy 3 CN",31,3.75,0.3015454,0.4213573,0.006501009,0.03352877,0.005491898,0.00047712,0.01415262,0.008077818,0,0,0,0,1,1,0,0,2,0,0,0,0,0,0,0,0,0,0,3
"E11HA03-03","C11","Chinese","Genuine","Happy 3 CN",32,3.875,0.3297521,0.3748674,0.01316942,0.02835698,0.008976119,0.000478416,0.01831392,0.00658632,0,0,0,0,1,1,0,0,2,0,0,0,0,0,0,0,0,0,0,4
"E11HA03-03","C11","Chinese","Genuine","Happy 3 CN",33,4,0.3251382,0.3908998,0.01260466,0.02579588,0.01081558,0.000416542,0.0170516,0.005311875,0,0,0,0,1,0,0,0,2,0,0,0,0,0,0,0,0,0,0,4
"E11HA03-03","C11","Chinese","Genuine","Happy 3 CN",34,4.125,0.3324038,0.3984875,0.01597158,0.02123209,0.009925897,0.000441061,0.02102206,0.005357922,0,0,0,0,0,0,0,0,2,0,0,0,0,0,0,0,0,0,0,4
"E11HA03-03","C11","Chinese","Genuine","Happy 3 CN",35,4.25,0.3510491,0.3750107,0.02294068,0.019507,0.01145722,0.000404705,0.02904237,0.004789528,0,0,0,0,0,0,0,0,1,0,0,0,0,0,0,0,0,0,0,4
"E11HA03-03","C11","Chinese","Genuine","Happy 3 CN",36,4.375,0.422778,0.2821536,0.0456216,0.01755881,0.01112786,0.000714432,0.03697009,0.003973045,0,0,0,0,0,0,0,0,1,0,0,0,0,0,0,0,0,0,0,4
"E11HA03-03","C11","Chinese","Genuine","Happy 3 CN",37,4.5,0.5525723,0.2090819,0.03749403,0.03026426,0.01374641,0.002195971,0.04069858,0.004637117,0,0,0,0,0,0,0,0,1,0,0,0,0,0,0,0,0,0,0,4
"E11HA04-05","C11","Chinese","Genuine","Happy 4 CN",1,0,0.6050056,0.01439053,0.2094669,0.0483273,0.02341588,0.006421099,0.1467238,0.007991254,0,0,0,0,0,0,0,0,0,0,0,0,0,0,0,0,0,0,0,1
"E11HA04-05","C11","Chinese","Genuine","Happy 4 CN",2,0.125,0.6227482,0.02438791,0.1835177,0.04819405,0.02203147,0.006218289,0.1265961,0.006680895,0,0,0,0,0,0,0,0,0,0,0,0,0,0,0,0,0,0,0,1
"E11HA04-05","C11","Chinese","Genuine","Happy 4 CN",3,0.25,0.6025001,0.0736903,0.1405168,0.05770519,0.01744936,0.006120248,0.09954101,0.01586491,0,0,0,0,0,0,0,0,0,0,0,0,0,0,0,0,0,0,0,1
"E11HA04-05","C11","Chinese","Genuine","Happy 4 CN",4,0.375,0.5352995,0.1631617,0.1057803,0.06617408,0.01414235,0.006221813,0.07729133,0.04051528,0,0,0,0,0,0,0,0,1,0,0,0,0,0,0,0,0,0,0,1
"E11HA04-05","C11","Chinese","Genuine","Happy 4 CN",5,0.5,0.4683068,0.2520366,0.07660196,0.05676457,0.0110714,0.004993841,0.05972634,0.03852608,0,0,0,0,0,0,0,0,1,0,0,0,0,0,0,0,0,0,0,1
"E11HA04-05","C11","Chinese","Genuine","Happy 4 CN",6,0.625,0.3721713,0.3867678,0.05395736,0.04597801,0.008347584,0.004538307,0.04674962,0.03328989,0,0,0,0,0,0,0,0,1,0,0,0,0,0,0,0,0,0,0,1
"E11HA04-05","C11","Chinese","Genuine","Happy 4 CN",7,0.75,0.2956851,0.4989955,0.03811116,0.03601415,0.006611323,0.003564817,0.03550115,0.02913466,0,0,0,0,0,0,0,0,2,0,0,0,0,0,0,0,0,0,0,1
"E11HA04-05","C11","Chinese","Genuine","Happy 4 CN",8,0.875,0.2570569,0.5481728,0.02685883,0.02767706,0.005325243,0.003202685,0.0254275,0.02455748,0,0,0,0,0,0,0,0,2,0,0,0,0,0,0,0,0,0,0,1
"E11HA04-05","C11","Chinese","Genuine","Happy 4 CN",9,1,0.2222507,0.5984033,0.02000497,0.02246596,0.004255663,0.002992072,0.01884414,0.0183579,0,0,0,0,1,0,0,0,3,0,0,0,0,0,0,0,0,0,0,1
"E11HA04-05","C11","Chinese","Genuine","Happy 4 CN",10,1.125,0.2094522,0.6106266,0.01431543,0.02349918,0.003865512,0.002447441,0.01448561,0.01327046,0,0,0,0,1,1,0,0,3,0,0,0,0,0,0,0,0,0,0,1
"E11HA04-05","C11","Chinese","Genuine","Happy 4 CN",11,1.25,0.1839279,0.6524692,0.01032544,0.02678384,0.003761391,0.001857956,0.01235105,0.009304989,0,0,0,0,1,1,0,0,3,0,0,0,0,0,0,0,0,0,0,1
"E11HA04-05","C11","Chinese","Genuine","Happy 4 CN",12,1.375,0.1653845,0.6832334,0.007478791,0.03297145,0.004247678,0.001457172,0.0106276,0.006756582,0,0,0,0,1,1,0,0,3,0,0,0,0,0,0,0,0,0,0,1
"E11HA04-05","C11","Chinese","Genuine","Happy 4 CN",13,1.5,0.1653228,0.6790178,0.005374292,0.04050931,0.004664631,0.001167207,0.008888972,0.004962865,0,0,0,0,1,1,0,0,2,0,0,0,0,0,0,0,0,0,0,1
"E11HA04-05","C11","Chinese","Genuine","Happy 4 CN",14,1.625,0.1539062,0.6988626,0.003881086,0.03559317,0.004002717,0.000997147,0.006925738,0.003702942,0,0,0,0,1,1,0,0,3,0,0,0,0,0,0,0,1,0,0,1
"E11HA04-05","C11","Chinese","Genuine","Happy 4 CN",15,1.75,0.1523332,0.7000107,0.003150227,0.03088574,0.003108901,0.001309692,0.00537723,0.003156071,0,0,0,0,1,1,0,0,3,0,0,0,0,0,0,0,1,0,0,1
"E11HA04-05","C11","Chinese","Genuine","Happy 4 CN",16,1.875,0.1304121,0.742445,0.002353176,0.02478074,0.002420181,0.001441066,0.004767942,0.003667051,0,0,0,0,1,1,0,0,3,0,0,0,0,0,0,0,1,0,0,1
"E11HA04-05","C11","Chinese","Genuine","Happy 4 CN",17,2,0.1240204,0.7542362,0.001972811,0.01867608,0.001963256,0.001814779,0.005004191,0.005044119,0,0,0,0,1,1,0,0,3,0,0,0,0,0,0,0,1,0,0,1
"E11HA04-05","C11","Chinese","Genuine","Happy 4 CN",18,2.125,0.1243536,0.752911,0.002341982,0.01514696,0.001886227,0.001522237,0.007641331,0.005418742,0,0,0,0,1,1,0,0,3,0,0,0,0,0,0,0,1,0,0,2
"E11HA04-05","C11","Chinese","Genuine","Happy 4 CN",19,2.25,0.1098713,0.7814324,0.002342277,0.0115547,0.001897056,0.00115506,0.006850443,0.004322626,0,0,0,0,2,1,0,0,3,0,0,0,0,0,0,0,1,0,0,3
"E11HA04-05","C11","Chinese","Genuine","Happy 4 CN",20,2.375,0.1225103,0.7558227,0.001816037,0.01015527,0.002133206,0.001175846,0.006194045,0.005608006,0,0,0,0,2,1,0,0,3,0,0,0,0,0,0,0,1,0,0,3
"E11HA04-05","C11","Chinese","Genuine","Happy 4 CN",21,2.5,0.1415046,0.717649,0.001442058,0.01206512,0.002784772,0.001351649,0.006220006,0.004944678,0,0,0,0,2,1,0,0,3,0,0,0,0,0,0,0,2,0,0,3
"E11HA04-05","C11","Chinese","Genuine","Happy 4 CN",22,2.625,0.1647948,0.6710621,0.001097361,0.02221191,0.002745043,0.001385137,0.007401673,0.005293831,0,0,0,0,2,1,0,0,3,0,0,0,0,1,0,0,2,0,0,3
"E11HA04-05","C11","Chinese","Genuine","Happy 4 CN",23,2.75,0.1732773,0.6539586,0.000864254,0.02596334,0.002392724,0.00122795,0.007148612,0.004103984,0,0,0,0,2,0,0,0,3,0,0,0,0,1,0,0,2,0,0,4
"E11HA04-05","C11","Chinese","Genuine","Happy 4 CN",24,2.875,0.1577149,0.6849455,0.000652576,0.0297575,0.001948718,0.001106411,0.00530667,0.003292958,0,0,0,0,2,1,0,0,3,0,0,0,0,1,0,0,2,0,0,3
"E11HA04-05","C11","Chinese","Genuine","Happy 4 CN",25,3,0.1526423,0.6950009,0.000500391,0.0307516,0.001717306,0.000979569,0.004002667,0.002815715,0,0,0,0,2,1,0,0,3,0,0,0,0,1,0,0,2,0,0,3
"E11HA04-05","C11","Chinese","Genuine","Happy 4 CN",26,3.125,0.1376538,0.7248917,0.000389153,0.0248887,0.002113929,0.000807437,0.002806214,0.008434892,0,0,0,0,2,1,0,0,3,0,0,0,0,1,0,0,3,0,0,3
"E11HA04-05","C11","Chinese","Genuine","Happy 4 CN",27,3.25,0.131009,0.7381202,0.000401736,0.01863034,0.006348504,0.00062532,0.00210078,0.00717685,0,0,0,0,2,1,0,0,3,0,0,0,0,1,0,0,3,1,0,3
"E11HA04-05","C11","Chinese","Genuine","Happy 4 CN",28,3.375,0.1331692,0.7337629,0.000809351,0.01382253,0.01739048,0.000460969,0.001524999,0.005463449,0,0,0,0,2,1,0,0,3,0,0,0,0,1,0,0,3,1,0,4
"E11HA04-05","C11","Chinese","Genuine","Happy 4 CN",29,3.5,0.1559783,0.688354,0.004451392,0.01065417,0.01420433,0.000452718,0.00684636,0.004447973,0,0,0,0,2,1,0,0,3,0,0,0,0,1,0,0,3,1,0,4
"E11HA04-05","C11","Chinese","Genuine","Happy 4 CN",30,3.625,0.1970563,0.6068029,0.009220839,0.01177966,0.01103382,0.001259384,0.03455136,0.00631117,0,0,0,0,2,0,0,0,3,0,0,0,0,1,0,0,3,1,0,4
"E11HA04-05","C11","Chinese","Genuine","Happy 4 CN",31,3.75,0.2141899,0.5731654,0.01116842,0.01329457,0.008217826,0.001072059,0.03789219,0.009905258,0,0,0,0,2,0,0,0,3,0,0,0,0,1,0,0,2,1,0,4
"E11HA04-05","C11","Chinese","Genuine","Happy 4 CN",32,3.875,0.2013822,0.598876,0.01262601,0.0112134,0.007298191,0.001160228,0.03390501,0.01034368,0,0,0,0,2,0,0,0,3,0,0,0,0,1,0,0,2,0,0,4
"E11HA04-05","C11","Chinese","Genuine","Happy 4 CN",33,4,0.1838529,0.6341409,0.01362054,0.009009765,0.007005174,0.001302027,0.02873748,0.01124825,0,0,0,0,2,0,0,0,3,0,0,0,0,1,0,0,2,0,0,4
"E11HA04-05","C11","Chinese","Genuine","Happy 4 CN",34,4.125,0.1680967,0.6654642,0.01165469,0.009045656,0.005557069,0.001099704,0.02163677,0.009370308,0,0,0,0,2,1,0,0,3,0,0,0,0,1,0,0,2,0,0,4
"E11HA05-04","C11","Chinese","Genuine","Happy 5 CN",1,0,0.725871,0.0353449,0.02685643,0.1280388,0.2166747,0.0157788,0.001333544,0.003467252,1,1,0,0,0,0,0,0,1,0,0,0,0,0,0,0,0,0,0,0
"E11HA05-04","C11","Chinese","Genuine","Happy 5 CN",2,0.125,0.7496338,0.03937434,0.02918599,0.1107281,0.1943223,0.01333668,0.001800905,0.003075215,1,0,0,0,0,0,0,0,1,0,0,0,0,0,0,0,0,0,0,0
"E11HA05-04","C11","Chinese","Genuine","Happy 5 CN",3,0.25,0.7713069,0.0472636,0.02615565,0.1141562,0.1764062,0.01130929,0.001638172,0.00311852,1,0,0,0,0,0,0,0,1,0,0,0,0,0,0,0,0,0,0,0
"E11HA05-04","C11","Chinese","Genuine","Happy 5 CN",4,0.375,0.7281716,0.1062366,0.02365112,0.1124585,0.1426846,0.008447311,0.002032709,0.002336138,0,0,0,0,0,0,0,0,1,0,0,0,0,0,0,0,0,0,0,0
"E11HA05-04","C11","Chinese","Genuine","Happy 5 CN",5,0.5,0.6287115,0.2295069,0.01882351,0.1153962,0.1067198,0.006337818,0.002134378,0.002703252,0,0,0,0,0,0,0,0,1,0,0,0,0,0,0,0,0,0,0,0
"E11HA05-04","C11","Chinese","Genuine","Happy 5 CN",6,0.625,0.5181967,0.3212786,0.01447674,0.1158996,0.07676739,0.004536959,0.002110488,0.00241483,0,0,0,0,0,1,0,0,1,0,0,0,0,0,0,0,0,0,0,0
"E11HA05-04","C11","Chinese","Genuine","Happy 5 CN",7,0.75,0.470375,0.3406773,0.01196244,0.1716756,0.05431268,0.003452677,0.002224599,0.001660572,0,0,0,0,0,1,0,0,2,0,0,0,0,0,0,0,0,0,0,0
"E11HA05-04","C11","Chinese","Genuine","Happy 5 CN",8,0.875,0.4201837,0.3676523,0.009652402,0.2085093,0.03827159,0.003281517,0.002346689,0.001141902,0,0,0,0,0,1,0,0,2,0,0,0,0,0,0,0,0,0,0,0
"E11HA05-04","C11","Chinese","Genuine","Happy 5 CN",9,1,0.3576135,0.4312059,0.007149994,0.2025933,0.02716319,0.002743944,0.002365304,0.000869847,0,0,0,0,1,1,0,0,2,0,0,0,0,0,0,0,0,0,0,0
"E11HA05-04","C11","Chinese","Genuine","Happy 5 CN",10,1.125,0.3311566,0.4399472,0.005992527,0.2293842,0.01907369,0.002557656,0.004353782,0.000918678,0,0,0,0,1,2,0,0,2,0,0,0,0,0,0,0,0,0,0,1
"E11HA05-04","C11","Chinese","Genuine","Happy 5 CN",11,1.25,0.3077127,0.4568272,0.005883477,0.2073883,0.01341119,0.001971012,0.006696931,0.00101702,0,0,0,0,1,2,0,0,2,0,0,0,0,0,0,0,0,0,0,1
"E11HA05-04","C11","Chinese","Genuine","Happy 5 CN",12,1.375,0.2789289,0.4929573,0.005244742,0.1719723,0.009596522,0.001566954,0.007718129,0.000700961,0,0,0,0,1,2,0,0,2,0,0,0,0,0,0,0,0,0,0,2
"E11HA05-04","C11","Chinese","Genuine","Happy 5 CN",13,1.5,0.2705921,0.4950972,0.004783952,0.136682,0.007086556,0.001219767,0.009579752,0.000691337,0,0,0,0,1,2,0,0,2,0,0,0,0,0,0,0,0,0,0,2
"E11HA05-04","C11","Chinese","Genuine","Happy 5 CN",14,1.625,0.2529188,0.520502,0.005491511,0.1167271,0.00532129,0.001005686,0.01376475,0.000635581,0,0,0,0,1,2,0,0,2,0,0,0,0,0,0,0,0,0,0,3
"E11HA05-04","C11","Chinese","Genuine","Happy 5 CN",15,1.75,0.2570842,0.5045958,0.004602648,0.09219557,0.004071041,0.000912916,0.01470007,0.00104725,0,0,0,0,1,2,0,0,2,0,0,0,0,0,0,0,0,0,0,3
"E11HA05-04","C11","Chinese","Genuine","Happy 5 CN",16,1.875,0.2620521,0.4897109,0.005276919,0.07079032,0.003197613,0.000888007,0.02429401,0.00129459,0,0,0,0,1,2,0,0,2,0,0,0,0,0,0,0,0,0,0,3
"E11HA05-04","C11","Chinese","Genuine","Happy 5 CN",17,2,0.2686025,0.4734964,0.007243018,0.05025773,0.004321722,0.000723051,0.0282251,0.001833334,0,0,0,0,1,2,0,0,2,0,0,0,0,0,0,0,0,0,0,3
"E11HA05-04","C11","Chinese","Genuine","Happy 5 CN",18,2.125,0.2376701,0.5329453,0.005649191,0.05381946,0.003410561,0.001297862,0.02256975,0.002497908,0,0,0,0,1,2,0,0,2,0,0,1,0,0,0,0,0,0,0,3
"E11HA05-04","C11","Chinese","Genuine","Happy 5 CN",19,2.25,0.2269686,0.5533751,0.004328873,0.06831467,0.002639791,0.001611073,0.01839516,0.00342921,0,0,0,0,1,2,0,0,2,0,0,1,0,0,0,0,0,0,0,3
"E11HA05-04","C11","Chinese","Genuine","Happy 5 CN",20,2.375,0.2232508,0.5608952,0.003413387,0.1068379,0.002053933,0.00255577,0.01514979,0.007403756,0,0,0,0,2,2,0,0,2,0,0,1,0,0,0,0,0,0,0,3
"E11HA05-04","C11","Chinese","Genuine","Happy 5 CN",21,2.5,0.2165503,0.5734416,0.002586378,0.1046653,0.001592837,0.002192273,0.01241695,0.006078759,0,0,0,0,2,2,0,0,2,0,0,1,0,0,0,0,0,0,0,3
"E11HA05-04","C11","Chinese","Genuine","Happy 5 CN",22,2.625,0.2049585,0.5962248,0.002161902,0.09166792,0.001402067,0.001865464,0.01198841,0.005082436,0,0,0,0,1,2,0,0,2,0,0,1,0,0,0,0,0,0,0,3
"E11HA05-04","C11","Chinese","Genuine","Happy 5 CN",23,2.75,0.1850147,0.6358484,0.002209753,0.07337312,0.001273676,0.001486001,0.01095781,0.004288166,0,0,0,0,1,2,0,0,2,0,0,1,0,0,0,0,0,0,0,3
"E11HA05-04","C11","Chinese","Genuine","Happy 5 CN",24,2.875,0.2098226,0.5890149,0.002736929,0.06403196,0.00196716,0.001396925,0.01471802,0.004658113,0,0,0,0,1,2,0,0,2,0,0,1,0,0,0,0,0,0,0,3
"E11HA05-04","C11","Chinese","Genuine","Happy 5 CN",25,3,0.2193355,0.5695522,0.002980873,0.06391897,0.002393444,0.001242702,0.01746564,0.004686653,0,0,0,0,1,2,0,0,2,0,0,1,0,0,0,0,0,0,0,3
"E11HA05-04","C11","Chinese","Genuine","Happy 5 CN",26,3.125,0.2712645,0.4649886,0.004980612,0.06992851,0.001787936,0.001263923,0.04554442,0.004954855,0,0,0,0,1,2,0,0,2,0,0,1,0,0,0,0,0,0,0,3
"E11HA05-04","C11","Chinese","Genuine","Happy 5 CN",27,3.25,0.3218153,0.3672435,0.006391099,0.06679097,0.001518424,0.001063903,0.07547665,0.003718373,0,0,0,0,1,2,0,0,2,0,0,1,0,0,0,0,0,0,0,4
"E11HA05-04","C11","Chinese","Genuine","Happy 5 CN",28,3.375,0.3248076,0.359068,0.006291604,0.06902621,0.001451942,0.001040874,0.0669185,0.004057768,0,0,0,0,1,2,0,0,2,0,0,1,0,0,0,0,0,0,0,4
"E11HA05-04","C11","Chinese","Genuine","Happy 5 CN",29,3.5,0.3256187,0.3554999,0.006750436,0.06776356,0.001213481,0.000892771,0.06995486,0.004648004,0,0,0,0,1,2,0,0,2,0,0,1,0,0,0,0,0,0,0,4
"E11HA05-04","C11","Chinese","Genuine","Happy 5 CN",30,3.625,0.3343434,0.3372414,0.00796137,0.0687448,0.001206799,0.000888687,0.0690468,0.006029043,0,0,0,0,1,2,0,0,2,0,0,1,0,0,0,0,0,0,0,4
"E11HA05-04","C11","Chinese","Genuine","Happy 5 CN",31,3.75,0.308141,0.3896508,0.00706077,0.06957461,0.001063507,0.000782414,0.05341874,0.004946286,0,0,0,0,1,2,0,0,2,0,0,1,0,0,0,0,0,0,0,4
"E11HA05-04","C11","Chinese","Genuine","Happy 5 CN",32,3.875,0.2775266,0.4498687,0.007061458,0.07473946,0.0009702,0.000597314,0.04040999,0.003591322,0,0,0,0,1,2,0,0,2,0,0,1,0,0,0,0,0,0,0,4
"E11HA05-04","C11","Chinese","Genuine","Happy 5 CN",33,4,0.2748595,0.45748,0.006138998,0.09032314,0.000878881,0.000529874,0.03094439,0.002915347,0,0,0,0,1,2,0,0,2,0,0,1,0,0,0,0,0,0,0,3
"E11HA05-04","C11","Chinese","Genuine","Happy 5 CN",34,4.125,0.2980209,0.4128184,0.006420899,0.1077704,0.001016689,0.000620891,0.02373727,0.002371033,0,0,0,0,1,2,0,0,2,0,0,0,0,0,0,0,0,0,0,3
"E11HA05-04","C11","Chinese","Genuine","Happy 5 CN",35,4.25,0.3225659,0.374097,0.008168322,0.1428232,0.001828804,0.000782332,0.01943951,0.002197058,0,0,0,0,1,2,0,0,2,0,0,0,0,0,0,0,0,0,0,3
"E11HA05-04","C11","Chinese","Genuine","Happy 5 CN",36,4.375,0.4305373,0.3109231,0.0086135,0.157726,0.005173743,0.002410247,0.01505288,0.001599969,0,0,0,0,1,2,0,0,2,0,0,0,0,0,0,0,0,0,0,3
"E11HA05-04","C11","Chinese","Genuine","Happy 5 CN",37,4.5,0.5498516,0.2414498,0.01345011,0.1486472,0.011989,0.003410834,0.01169452,0.002055559,0,0,0,0,1,2,0,0,1,0,0,0,0,0,0,0,0,0,0,2
"E11HA06-04","C11","Chinese","Genuine","Happy 6 CN",1,0,0.8567636,0.03195572,0.05585031,0.03525351,0.03622332,0.0176919,0.04513659,0.000712585,0,0,0,0,0,0,0,0,0,0,0,0,0,0,0,0,0,0,0,0
"E11HA06-04","C11","Chinese","Genuine","Happy 6 CN",2,0.125,0.8723753,0.03540604,0.05101484,0.0325355,0.03869259,0.01861059,0.04326852,0.005939431,0,0,0,0,0,0,0,0,0,0,0,0,0,0,0,0,0,0,0,0
"E11HA06-04","C11","Chinese","Genuine","Happy 6 CN",3,0.25,0.7886467,0.03158214,0.1204212,0.02611652,0.03251309,0.01487785,0.04642957,0.007423069,0,0,0,0,0,0,0,0,0,0,0,0,0,0,0,0,0,0,0,1
"E11HA06-04","C11","Chinese","Genuine","Happy 6 CN",4,0.375,0.7801796,0.03189187,0.1207273,0.03025478,0.02812721,0.0144357,0.04248696,0.01321157,0,0,0,0,0,0,0,0,0,0,0,0,0,0,0,0,0,0,0,1
"E11HA06-04","C11","Chinese","Genuine","Happy 6 CN",5,0.5,0.7933832,0.03492101,0.1063385,0.03598961,0.02578708,0.01793053,0.04047533,0.0164482,0,0,0,0,0,0,0,0,0,0,0,0,0,0,0,0,0,0,0,1
"E11HA06-04","C11","Chinese","Genuine","Happy 6 CN",6,0.625,0.8011434,0.05362431,0.08357188,0.04745143,0.02208714,0.02012978,0.03304485,0.01947284,0,0,0,0,0,0,0,0,0,0,0,0,0,0,0,0,0,0,0,1
"E11HA06-04","C11","Chinese","Genuine","Happy 6 CN",7,0.75,0.7925481,0.08352123,0.06339441,0.05687736,0.02277431,0.01970813,0.02791318,0.02243049,0,0,0,0,0,0,0,0,1,0,0,0,0,0,0,0,0,0,0,1
"E11HA06-04","C11","Chinese","Genuine","Happy 6 CN",8,0.875,0.7836763,0.1046629,0.05017532,0.07242072,0.02135846,0.01901292,0.02692986,0.02603695,0,0,0,0,0,0,0,0,1,0,0,0,0,0,0,0,0,0,0,1
"E11HA06-04","C11","Chinese","Genuine","Happy 6 CN",9,1,0.7413685,0.1489218,0.03827347,0.08138672,0.0187111,0.01636533,0.02346694,0.03562347,0,0,0,0,0,0,0,0,1,0,0,0,0,0,0,0,0,0,0,1
"E11HA06-04","C11","Chinese","Genuine","Happy 6 CN",10,1.125,0.6585091,0.234289,0.03061956,0.08423945,0.01580863,0.01330658,0.02183877,0.03800165,0,0,0,0,0,0,0,0,1,0,0,0,0,0,0,0,0,0,0,1
"E11HA06-04","C11","Chinese","Genuine","Happy 6 CN",11,1.25,0.5963024,0.2818892,0.02634607,0.09274917,0.01314957,0.01152222,0.02214927,0.03976499,0,0,0,0,0,0,0,0,1,0,0,0,0,0,0,0,0,0,0,1
"E11HA06-04","C11","Chinese","Genuine","Happy 6 CN",12,1.375,0.5560164,0.3149576,0.02367342,0.09403758,0.01192741,0.01059966,0.02083113,0.03255153,0,0,0,0,0,0,0,0,1,0,0,0,0,0,0,0,0,0,0,1
"E11HA06-04","C11","Chinese","Genuine","Happy 6 CN",13,1.5,0.4618629,0.4023837,0.02150924,0.09951866,0.009373308,0.009892186,0.01897327,0.02550595,0,0,0,0,0,0,0,0,2,0,0,0,0,0,0,0,0,0,0,1
"E11HA06-04","C11","Chinese","Genuine","Happy 6 CN",14,1.625,0.4076028,0.4362738,0.02082928,0.09104787,0.007934323,0.008728914,0.02050906,0.01871363,0,0,0,0,0,1,0,0,2,0,0,0,0,0,0,0,0,0,0,1
"E11HA06-04","C11","Chinese","Genuine","Happy 6 CN",15,1.75,0.3517902,0.4865986,0.01916313,0.08137587,0.007118305,0.007460825,0.01917629,0.01713021,0,0,0,0,0,1,0,0,2,0,0,0,0,0,0,0,0,0,0,1
"E11HA06-04","C11","Chinese","Genuine","Happy 6 CN",16,1.875,0.3072792,0.5190679,0.03306586,0.06134799,0.007255624,0.005851291,0.01534768,0.01235204,0,0,0,0,0,1,0,0,2,0,0,0,0,0,0,0,0,0,0,2
"E11HA06-04","C11","Chinese","Genuine","Happy 6 CN",17,2,0.2652218,0.5635957,0.03323125,0.052063,0.006277415,0.004844098,0.01425542,0.009176391,0,0,0,0,0,1,0,0,2,0,0,0,0,0,0,0,0,0,0,3
"E11HA06-04","C11","Chinese","Genuine","Happy 6 CN",18,2.125,0.2234061,0.6195859,0.02606317,0.04684487,0.006010252,0.004214827,0.01144314,0.006669894,0,0,0,0,0,1,0,0,2,0,0,0,0,0,0,0,0,0,0,3
"E11HA06-04","C11","Chinese","Genuine","Happy 6 CN",19,2.25,0.1875961,0.6713058,0.01992093,0.04304814,0.005429187,0.004110602,0.0089269,0.006015324,0,0,0,0,0,1,0,0,3,0,0,0,0,0,0,0,0,0,0,3
"E11HA06-04","C11","Chinese","Genuine","Happy 6 CN",20,2.375,0.1586365,0.7149243,0.01522357,0.03554913,0.004250768,0.003619726,0.007025855,0.006371471,0,0,0,0,1,1,0,0,3,0,0,0,0,0,0,0,0,0,0,2
"E11HA06-04","C11","Chinese","Genuine","Happy 6 CN",21,2.5,0.1314102,0.7593338,0.01123793,0.02684294,0.004137456,0.003578242,0.005002515,0.008024354,0,0,0,0,1,1,0,0,3,0,0,0,0,0,0,0,1,0,0,3
"E11HA06-04","C11","Chinese","Genuine","Happy 6 CN",22,2.625,0.1189775,0.7772874,0.008669306,0.0240295,0.004662285,0.003059829,0.003662884,0.009255685,0,0,0,0,1,1,0,0,3,0,0,0,0,1,0,0,2,1,0,3
"E11HA06-04","C11","Chinese","Genuine","Happy 6 CN",23,2.75,0.09899143,0.8125116,0.007039369,0.02084951,0.004420799,0.003330704,0.002827431,0.0128003,0,0,0,0,1,1,0,0,3,0,0,0,0,1,0,0,2,1,0,3
"E11HA06-04","C11","Chinese","Genuine","Happy 6 CN",24,2.875,0.1029106,0.8015504,0.005696345,0.02002048,0.003566556,0.003370045,0.00343271,0.01502103,0,0,0,0,1,1,0,0,3,0,0,0,0,1,0,0,3,1,0,3
"E11HA06-04","C11","Chinese","Genuine","Happy 6 CN",25,3,0.112964,0.7793388,0.004651131,0.02350663,0.003753167,0.003560272,0.004205566,0.02297221,0,0,0,0,1,1,0,0,3,0,0,0,0,1,0,0,3,1,0,3
"E11HA06-04","C11","Chinese","Genuine","Happy 6 CN",26,3.125,0.1259314,0.7519451,0.003859744,0.02626068,0.005212707,0.005693862,0.003482824,0.0263098,0,0,0,0,1,1,0,0,3,0,0,0,0,1,0,0,3,1,0,2
"E11HA06-04","C11","Chinese","Genuine","Happy 6 CN",27,3.25,0.1398491,0.7236423,0.003583216,0.03516181,0.006709128,0.007673003,0.003283495,0.02551771,0,0,0,0,1,1,0,0,3,0,0,0,0,1,0,0,3,1,0,2
"E11HA06-04","C11","Chinese","Genuine","Happy 6 CN",28,3.375,0.1609932,0.6833434,0.003636488,0.04952654,0.007710425,0.009565856,0.003602544,0.03039685,0,0,0,0,1,1,0,0,3,0,0,0,0,1,0,0,3,1,0,2
"E11HA06-04","C11","Chinese","Genuine","Happy 6 CN",29,3.5,0.1799309,0.6483208,0.003367219,0.0617742,0.00942666,0.01273111,0.003693247,0.02759879,0,0,0,0,1,1,0,0,3,0,0,0,0,1,0,0,3,1,0,2
"E11HA06-04","C11","Chinese","Genuine","Happy 6 CN",30,3.625,0.190357,0.6286388,0.00390151,0.06231486,0.009336336,0.01455112,0.003944638,0.02307822,0,0,0,0,1,1,0,0,3,0,0,0,0,1,0,0,3,1,0,2
"E11HA06-04","C11","Chinese","Genuine","Happy 6 CN",31,3.75,0.1836979,0.6409018,0.004012805,0.05342135,0.009558484,0.01299372,0.003693943,0.01975507,0,0,0,0,1,1,0,0,3,0,0,0,0,1,0,0,3,1,0,1
"E11HA06-04","C11","Chinese","Genuine","Happy 6 CN",32,3.875,0.1773475,0.6519477,0.00378623,0.05031263,0.008573255,0.0121613,0.003403265,0.01925801,0,0,0,0,1,1,0,0,3,0,0,0,0,1,0,0,3,1,0,1
"E11HA06-04","C11","Chinese","Genuine","Happy 6 CN",33,4,0.1576481,0.6901171,0.003585116,0.04330029,0.007781461,0.01090328,0.003140897,0.01678065,0,0,0,0,1,1,0,0,3,0,0,0,0,1,0,0,3,1,0,1
"E11HA06-04","C11","Chinese","Genuine","Happy 6 CN",34,4.125,0.1365975,0.7306238,0.003057629,0.04178422,0.006614197,0.01002275,0.002418003,0.01441836,0,0,0,0,1,1,0,0,3,0,0,0,0,1,0,0,3,1,0,1
"E11HA06-04","C11","Chinese","Genuine","Happy 6 CN",35,4.25,0.1120232,0.7785887,0.002683032,0.03132078,0.00481395,0.007664391,0.001748726,0.01281627,0,0,0,0,1,1,0,0,3,0,0,0,0,1,0,0,3,1,0,1
"E11HA06-04","C11","Chinese","Genuine","Happy 6 CN",36,4.375,0.09148851,0.8188365,0.002273707,0.02501621,0.003641895,0.005838242,0.001241447,0.01065928,0,0,0,0,1,1,0,0,3,0,0,0,0,1,0,0,3,1,0,1
"E11HA06-04","C11","Chinese","Genuine","Happy 6 CN",37,4.5,0.07529276,0.8506638,0.002784549,0.02043696,0.002791882,0.004418217,0.000907728,0.008791182,0,0,0,0,2,1,0,0,4,0,0,0,0,1,0,0,3,1,0,1
"E11HA06-04","C11","Chinese","Genuine","Happy 6 CN",38,4.625,0.06417596,0.872508,0.003088765,0.01537464,0.002530512,0.003192257,0.000679855,0.00711176,0,0,0,0,2,1,0,0,4,0,0,0,0,1,0,0,3,1,0,2
"E11HA06-04","C11","Chinese","Genuine","Happy 6 CN",39,4.75,0.0557269,0.8891379,0.002847463,0.01181359,0.001897584,0.002338116,0.000505195,0.00951484,0,0,0,0,2,1,0,0,4,0,0,0,0,1,0,0,3,1,0,2
"E11HA06-04","C11","Chinese","Genuine","Happy 6 CN",40,4.875,0.06310507,0.874197,0.00248925,0.009985042,0.001433805,0.0019149,0.000387705,0.01267844,0,0,0,0,2,1,0,0,4,0,0,0,0,1,0,0,3,1,0,2
"E11HA06-04","C11","Chinese","Genuine","Happy 6 CN",41,5,0.05702925,0.8862216,0.001987687,0.008790458,0.001105934,0.001491224,0.000290853,0.01196749,0,0,0,0,3,1,0,0,4,0,0,0,0,1,0,0,3,1,0,2
"E11HA06-04","C11","Chinese","Genuine","Happy 6 CN",42,5.125,0.04891783,0.902357,0.001525356,0.00747037,0.000867841,0.001114679,0.000225809,0.01184265,0,0,0,0,3,1,0,0,4,0,0,0,0,1,0,0,3,1,0,2
"E11HA06-04","C11","Chinese","Genuine","Happy 6 CN",43,5.25,0.04303529,0.914062,0.001185019,0.006010533,0.00067715,0.000835394,0.000167664,0.01522543,0,0,0,0,3,1,0,0,4,0,0,0,0,1,0,0,3,1,0,2
"E11HA06-04","C11","Chinese","Genuine","Happy 6 CN",44,5.375,0.03548337,0.9291245,0.000991815,0.005195901,0.000661555,0.000655048,0.000125972,0.01259242,0,0,0,0,3,0,0,0,4,0,0,0,0,1,0,0,4,1,0,2
"E11HA06-04","C11","Chinese","Genuine","Happy 6 CN",45,5.5,0.03245081,0.9351611,0.000803759,0.004609347,0.000643071,0.000500344,9.429e-05,0.01109105,0,0,0,0,3,0,0,0,4,0,0,0,0,1,0,0,4,1,0,2
"E11HA06-04","C11","Chinese","Genuine","Happy 6 CN",46,5.625,0.03040911,0.939225,0.000660395,0.004113473,0.000584013,0.000375965,7.2324e-05,0.009689912,0,0,0,0,3,0,0,0,4,0,0,0,0,1,0,0,4,1,0,2
"E11HA06-04","C11","Chinese","Genuine","Happy 6 CN",47,5.75,0.02872863,0.9425725,0.000709655,0.003833651,0.000686383,0.000302605,6.3402e-05,0.008133695,0,0,0,0,3,0,0,0,4,0,0,0,0,1,0,0,4,1,0,2
"E11HA06-04","C11","Chinese","Genuine","Happy 6 CN",48,5.875,0.02475566,0.9505091,0.000844556,0.003630139,0.000626404,0.000249377,5.0395e-05,0.008056138,0,0,0,0,3,0,0,0,4,0,0,0,0,1,0,0,4,1,0,2
"E11HA06-04","C11","Chinese","Genuine","Happy 6 CN",49,6,0.02113453,0.957745,0.000797114,0.003207649,0.000579169,0.000228353,4.1292e-05,0.008362569,0,0,0,0,3,0,0,0,4,0,0,0,0,1,0,0,3,1,0,3
"E11HA06-04","C11","Chinese","Genuine","Happy 6 CN",50,6.125,0.03222597,0.9355646,0.001588548,0.005122654,0.00082788,0.000277944,0.000240145,0.006263634,0,0,0,0,3,0,0,0,4,0,0,0,0,1,0,0,3,1,0,3
"E11HA06-04","C11","Chinese","Genuine","Happy 6 CN",51,6.25,0.04941516,0.9014502,0.002618331,0.009629579,0.001743382,0.000348602,0.000615188,0.005315273,0,0,0,0,3,0,0,0,4,0,0,0,0,1,0,0,3,1,0,3
"E11HA06-04","C11","Chinese","Genuine","Happy 6 CN",52,6.375,0.07013787,0.8600019,0.002942917,0.009099259,0.002627864,0.000358474,0.001062838,0.004005047,0,0,0,0,3,1,0,0,4,0,0,0,0,1,0,0,3,1,0,3
"E11HA06-04","C11","Chinese","Genuine","Happy 6 CN",53,6.5,0.0774789,0.8452666,0.002815654,0.01083601,0.002220399,0.00040321,0.001050909,0.003195744,0,0,0,0,3,1,0,0,4,0,0,0,0,1,0,0,3,1,0,3
"E11HA06-04","C11","Chinese","Genuine","Happy 6 CN",54,6.625,0.08011921,0.8401058,0.00221477,0.01041517,0.001956482,0.000347547,0.001320238,0.002490187,0,0,0,0,3,1,0,0,4,0,0,0,0,1,0,0,2,1,0,3
"E11HA06-04","C11","Chinese","Genuine","Happy 6 CN",55,6.75,0.08477281,0.8310469,0.00197865,0.008923805,0.002045876,0.000286961,0.001565564,0.002841136,0,0,0,0,3,1,0,0,4,0,0,0,0,1,0,0,2,0,0,3
"E11HA06-04","C11","Chinese","Genuine","Happy 6 CN",56,6.875,0.09355728,0.8136061,0.002093163,0.008548014,0.002032293,0.000212508,0.001979038,0.002562953,0,0,0,0,3,1,0,0,4,0,0,0,0,1,0,0,2,0,0,3
"E11HA06-04","C11","Chinese","Genuine","Happy 6 CN",57,7,0.1431878,0.7146005,0.006284786,0.00772598,0.002065898,0.000310023,0.01149674,0.002674657,0,0,0,0,3,1,0,0,4,0,0,0,0,1,0,0,1,0,0,3
"E11HA06-04","C11","Chinese","Genuine","Happy 6 CN",58,7.125,0.1888401,0.6239052,0.009245876,0.007288543,0.002194579,0.000377276,0.02845521,0.002794665,0,0,0,0,3,1,0,0,3,0,0,0,0,1,0,0,1,0,0,4
"E11HA06-04","C11","Chinese","Genuine","Happy 6 CN",59,7.25,0.2002418,0.6010735,0.009081505,0.006603854,0.002486124,0.000564541,0.03659775,0.003636201,0,0,0,0,2,1,0,0,3,0,0,0,0,1,0,0,1,0,0,4
"E11HA06-04","C11","Chinese","Genuine","Happy 6 CN",60,7.375,0.2076578,0.5865157,0.009827677,0.006836418,0.002223788,0.001503165,0.06578647,0.004814013,0,0,0,0,2,1,0,0,3,0,0,0,0,1,0,0,1,0,0,4
"E11HA06-04","C11","Chinese","Genuine","Happy 6 CN",61,7.5,0.2008087,0.6007339,0.009429537,0.006614838,0.002082305,0.001368931,0.06534773,0.003558051,0,0,0,0,2,1,0,0,3,0,0,0,0,1,0,0,1,0,0,4
"E11HA06-04","C11","Chinese","Genuine","Happy 6 CN",62,7.625,0.2027141,0.5975517,0.009155359,0.008223587,0.001697358,0.00105278,0.0626891,0.006200297,0,0,0,0,2,1,0,0,3,0,0,0,0,1,0,0,1,0,0,4
"E11HA06-04","C11","Chinese","Genuine","Happy 6 CN",63,7.75,0.2139813,0.5761449,0.00814121,0.007624285,0.00153628,0.001243085,0.05452607,0.005448851,0,0,0,0,3,1,0,0,3,0,0,0,0,1,0,0,0,0,0,4
"E11HA06-04","C11","Chinese","Genuine","Happy 6 CN",64,7.875,0.2404343,0.5239654,0.007739338,0.00714603,0.001259558,0.001053838,0.05086385,0.005965353,0,0,0,0,3,1,0,0,3,0,0,0,0,1,0,0,0,0,0,4
"E11HA06-04","C11","Chinese","Genuine","Happy 6 CN",65,8,0.2376124,0.5289766,0.007881594,0.009098426,0.0012817,0.00111983,0.05074686,0.007876107,0,0,0,0,3,1,0,0,3,0,0,0,0,1,0,0,0,0,0,4
"E11HA06-04","C11","Chinese","Genuine","Happy 6 CN",66,8.125,0.2394651,0.525781,0.008058687,0.01069822,0.001395491,0.000843521,0.04303505,0.00730839,0,0,0,0,2,1,0,0,3,0,0,0,0,1,0,0,0,0,0,4
"E11HA06-04","C11","Chinese","Genuine","Happy 6 CN",67,8.25,0.2211786,0.5615784,0.006402,0.01002736,0.001490403,0.000628845,0.03330996,0.005525861,0,0,0,0,2,1,0,0,3,0,0,0,0,1,0,0,0,0,0,4
"E11HA06-04","C11","Chinese","Genuine","Happy 6 CN",68,8.375,0.211347,0.5801277,0.004723462,0.01183349,0.001964325,0.000529029,0.02431084,0.00392044,0,0,0,0,2,1,0,0,3,0,0,0,0,1,0,0,0,0,0,4
"E11HA06-04","C11","Chinese","Genuine","Happy 6 CN",69,8.5,0.1914024,0.6191789,0.003856727,0.01054463,0.002303566,0.00041072,0.01708047,0.003134155,0,0,0,0,2,1,0,0,3,0,0,0,0,0,0,0,1,0,0,4
"E11HA06-04","C11","Chinese","Genuine","Happy 6 CN",70,8.625,0.1883246,0.6247852,0.003259667,0.009280179,0.003283494,0.000349228,0.01225631,0.002386007,0,0,0,0,2,1,0,0,3,0,0,0,0,0,0,0,1,0,0,4
"E11HA06-04","C11","Chinese","Genuine","Happy 6 CN",71,8.75,0.1996989,0.6016383,0.00275306,0.007011884,0.005640862,0.000307807,0.008624651,0.001836208,0,0,0,0,2,1,0,0,3,0,0,0,0,0,0,0,1,0,0,4
"E11HA06-04","C11","Chinese","Genuine","Happy 6 CN",72,8.875,0.1795298,0.6416843,0.002030195,0.009410664,0.005228657,0.000263496,0.00633279,0.0032273,0,0,0,0,1,1,0,0,3,0,0,0,0,0,0,0,1,0,0,4
"E11HA06-04","C11","Chinese","Genuine","Happy 6 CN",73,9,0.1631023,0.6743268,0.001492345,0.01573656,0.005297766,0.000387287,0.00458702,0.003540292,0,0,0,0,1,1,0,0,3,0,0,0,0,0,0,0,1,0,0,4
"E11HA06-04","C11","Chinese","Genuine","Happy 6 CN",74,9.125,0.1820682,0.6366289,0.001221277,0.05531107,0.005852019,0.001338556,0.003705855,0.003267576,0,0,0,0,1,1,0,0,3,0,0,0,0,0,0,0,2,0,0,3
"E11HA06-04","C11","Chinese","Genuine","Happy 6 CN",75,9.25,0.2035978,0.5939367,0.001103938,0.07608263,0.006673688,0.002502361,0.00317402,0.003045535,0,0,0,0,1,1,0,0,2,0,0,0,0,0,0,0,2,0,0,3
"E11HA06-04","C11","Chinese","Genuine","Happy 6 CN",76,9.375,0.2246531,0.5519343,0.000958547,0.09631126,0.006980683,0.003472212,0.002749643,0.00258542,0,0,0,0,1,1,0,0,2,0,0,0,0,0,0,0,2,0,0,3
"E11HA06-04","C11","Chinese","Genuine","Happy 6 CN",77,9.5,0.2419993,0.5171919,0.000779251,0.1046425,0.009597121,0.007263261,0.002245851,0.002202955,0,0,0,0,1,1,0,0,2,0,0,0,0,0,0,0,2,0,0,3
"E11HA06-04","C11","Chinese","Genuine","Happy 6 CN",78,9.625,0.2684741,0.4651091,0.000768417,0.1172474,0.01014832,0.01123919,0.001975575,0.001583636,0,0,0,0,1,1,0,0,2,0,0,0,0,0,0,0,2,0,0,2
"E13HA01-03","C13","Chinese","Genuine","Happy 1 CN",1,0,0.5723559,0.178022,0.002992193,0.3258967,0.00181315,0.009172473,0.004162681,0.008868552,0,0,0,0,1,0,0,0,1,0,0,0,0,0,0,0,0,0,0,0
"E13HA01-03","C13","Chinese","Genuine","Happy 1 CN",2,0.125,0.5709023,0.1772193,0.004300441,0.3175918,0.001922136,0.009778916,0.00414724,0.01131459,0,0,0,0,1,0,0,0,1,0,0,0,0,0,0,0,0,0,0,0
"E13HA01-03","C13","Chinese","Genuine","Happy 1 CN",3,0.25,0.4875027,0.2786716,0.004204182,0.2957643,0.001757939,0.008716059,0.004273242,0.01608289,0,0,0,0,1,0,0,0,1,0,0,0,0,0,0,0,0,0,0,0
"E13HA01-03","C13","Chinese","Genuine","Happy 1 CN",4,0.375,0.3749731,0.4278619,0.003578204,0.2346695,0.001363432,0.006890555,0.003602012,0.02017668,0,0,0,0,1,0,0,0,1,0,0,0,0,0,0,0,0,0,0,0
"E13HA01-03","C13","Chinese","Genuine","Happy 1 CN",5,0.5,0.2865214,0.5508546,0.003724423,0.1697181,0.001035016,0.006767017,0.003440499,0.04082701,0,0,0,0,1,1,0,0,1,0,0,0,0,0,0,0,0,0,0,0
"E13HA01-03","C13","Chinese","Genuine","Happy 1 CN",6,0.625,0.2311511,0.6233319,0.003446915,0.1202108,0.000790809,0.006976206,0.004760755,0.04334002,0,0,0,0,2,1,0,0,2,0,0,1,0,0,0,0,0,0,0,0
"E13HA01-03","C13","Chinese","Genuine","Happy 1 CN",7,0.75,0.212161,0.6348264,0.002969125,0.09068482,0.000598922,0.009316741,0.008775124,0.04482279,0,0,0,0,2,1,1,0,2,0,0,1,0,0,0,0,0,0,0,1
"E13HA01-03","C13","Chinese","Genuine","Happy 1 CN",8,0.875,0.2160255,0.6089661,0.003041786,0.06957275,0.000506785,0.0143292,0.01474022,0.03731654,0,0,1,0,3,1,1,0,2,0,0,1,0,0,0,0,0,0,0,1
"E13HA01-03","C13","Chinese","Genuine","Happy 1 CN",9,1,0.2114501,0.6055546,0.00306962,0.05584909,0.000480068,0.02091363,0.01908671,0.03809042,0,0,1,0,3,1,1,0,2,0,0,1,0,0,0,0,0,0,0,1
"E13HA01-03","C13","Chinese","Genuine","Happy 1 CN",10,1.125,0.2021822,0.6153994,0.004017586,0.04475014,0.000445568,0.02483077,0.01942983,0.02908712,0,0,1,0,3,1,1,0,2,0,0,1,0,0,0,0,0,0,0,1
"E13HA01-03","C13","Chinese","Genuine","Happy 1 CN",11,1.25,0.2026355,0.6085985,0.00400781,0.03818693,0.000410468,0.02422917,0.01885827,0.03054972,0,0,1,0,3,1,1,0,2,0,0,1,0,0,0,0,0,0,0,1
"E13HA01-03","C13","Chinese","Genuine","Happy 1 CN",12,1.375,0.1778732,0.6540623,0.004958998,0.02871954,0.000386407,0.02238204,0.01951716,0.0210077,0,0,1,0,3,1,1,0,2,0,0,1,0,0,0,0,0,0,0,2
"E13HA01-03","C13","Chinese","Genuine","Happy 1 CN",13,1.5,0.1665888,0.6737056,0.004586548,0.02781468,0.000401767,0.02083371,0.01694015,0.01977313,0,0,1,0,3,1,1,0,2,0,0,1,0,0,0,0,0,0,0,2
"E13HA01-03","C13","Chinese","Genuine","Happy 1 CN",14,1.625,0.1786949,0.6476089,0.00516395,0.03214715,0.000376272,0.02517598,0.0168014,0.02684388,0,0,1,0,3,2,1,0,2,0,0,1,0,0,0,0,0,0,0,2
"E13HA01-03","C13","Chinese","Genuine","Happy 1 CN",15,1.75,0.1859811,0.6316617,0.005385793,0.03082946,0.000423867,0.02474357,0.01811272,0.02804743,0,0,1,0,3,2,0,0,2,0,0,1,0,0,0,0,0,0,0,2
"E13HA01-03","C13","Chinese","Genuine","Happy 1 CN",16,1.875,0.188096,0.6265072,0.004423783,0.03441691,0.000380858,0.02061655,0.01588621,0.02498914,0,0,1,0,3,2,0,0,2,0,0,1,0,0,0,0,0,0,0,2
"E13HA01-03","C13","Chinese","Genuine","Happy 1 CN",17,2,0.2051167,0.592175,0.004085101,0.03128756,0.000324518,0.01913363,0.01709229,0.03393727,0,0,1,0,3,2,0,0,2,0,0,1,0,0,0,0,0,0,0,2
"E13HA01-03","C13","Chinese","Genuine","Happy 1 CN",18,2.125,0.1930821,0.6170925,0.02307311,0.02281219,0.000961981,0.01878677,0.04150992,0.05518625,0,0,1,0,3,1,0,0,2,0,0,1,0,0,0,0,0,0,0,3
"E13HA01-03","C13","Chinese","Genuine","Happy 1 CN",19,2.25,0.1805528,0.6416558,0.02654118,0.01723187,0.000791353,0.0156531,0.05439526,0.04877811,0,0,1,0,3,1,0,0,2,0,0,1,0,0,0,0,0,0,0,3
"E13HA01-03","C13","Chinese","Genuine","Happy 1 CN",20,2.375,0.1776783,0.6468399,0.02009441,0.01502544,0.000635425,0.01369094,0.05351957,0.04404461,0,0,1,0,3,1,0,0,2,0,0,0,0,0,0,0,1,0,0,3
"E13HA01-03","C13","Chinese","Genuine","Happy 1 CN",21,2.5,0.1676686,0.6662984,0.01428611,0.01299051,0.000604439,0.01067005,0.04226245,0.03088185,0,0,1,0,3,1,0,0,2,0,0,0,0,0,0,0,1,0,0,3
"E13HA01-03","C13","Chinese","Genuine","Happy 1 CN",22,2.625,0.1854294,0.6324098,0.01107796,0.02640732,0.000520924,0.01112941,0.03944235,0.02275492,0,0,1,0,3,1,0,0,2,0,0,0,0,0,0,0,2,0,0,3
"E13HA01-03","C13","Chinese","Genuine","Happy 1 CN",23,2.75,0.2612811,0.4959722,0.01216375,0.05618866,0.00050954,0.01316822,0.03887903,0.0187417,0,0,1,0,3,1,0,0,2,0,0,0,0,0,0,0,1,0,0,3
"E13HA02-03","C13","Chinese","Genuine","Happy 2 CN",1,0,0.2683516,0.4660208,0.002859571,0.08108395,0.000150633,0.004921771,0.02745565,0.04033714,0,0,0,0,2,2,0,0,1,0,0,0,0,0,0,0,0,0,0,1
"E13HA02-03","C13","Chinese","Genuine","Happy 2 CN",2,0.125,0.2498656,0.503385,0.003042949,0.06833868,0.000152393,0.005182338,0.02508467,0.04978703,0,0,0,0,2,1,0,0,1,0,0,0,0,0,0,0,0,0,0,1
"E13HA02-03","C13","Chinese","Genuine","Happy 2 CN",3,0.25,0.2267374,0.5497595,0.002678438,0.05344985,0.000139122,0.005607905,0.02423877,0.04851928,0,0,0,0,2,1,0,0,2,0,0,0,0,0,0,0,0,0,0,1
"E13HA02-03","C13","Chinese","Genuine","Happy 2 CN",4,0.375,0.2043314,0.5940226,0.002861716,0.04401267,0.000139303,0.005607527,0.02049665,0.05007976,0,0,1,0,2,2,0,0,2,0,0,0,0,0,0,0,0,0,0,1
"E13HA02-03","C13","Chinese","Genuine","Happy 2 CN",5,0.5,0.1873515,0.6274107,0.002923768,0.04126177,0.000134815,0.005563623,0.01778144,0.06284286,0,0,1,0,3,2,1,0,2,0,0,0,0,0,0,0,0,0,0,1
"E13HA02-03","C13","Chinese","Genuine","Happy 2 CN",6,0.625,0.183768,0.6340662,0.002595122,0.03728872,0.000171413,0.007014979,0.01542351,0.06271216,0,0,1,0,3,2,1,0,2,0,0,1,0,0,0,0,0,0,0,1
"E13HA02-03","C13","Chinese","Genuine","Happy 2 CN",7,0.75,0.1766392,0.647861,0.002232238,0.03406947,0.000146201,0.007193013,0.01306817,0.05223977,0,0,1,0,3,2,1,0,2,0,0,0,0,0,0,0,0,0,0,1
"E13HA02-03","C13","Chinese","Genuine","Happy 2 CN",8,0.875,0.1779413,0.6449302,0.002490167,0.03090389,0.000132098,0.007226356,0.01130892,0.04521119,0,0,1,0,3,2,1,0,2,0,0,1,0,0,0,0,0,0,0,2
"E13HA02-03","C13","Chinese","Genuine","Happy 2 CN",9,1,0.1786209,0.6435477,0.00243923,0.03227174,0.000115601,0.006923801,0.01033333,0.04212621,0,0,1,0,3,2,1,0,2,0,0,1,0,0,0,0,0,0,0,2
"E13HA02-03","C13","Chinese","Genuine","Happy 2 CN",10,1.125,0.1638855,0.6741325,0.002398155,0.03363629,0.000111478,0.005919339,0.01256732,0.04779359,0,0,1,0,3,2,1,0,2,0,0,1,0,0,0,0,0,0,0,2
"E13HA02-03","C13","Chinese","Genuine","Happy 2 CN",11,1.25,0.1789372,0.6453233,0.003484008,0.03858056,0.000129953,0.007193752,0.01747803,0.05002185,0,0,1,0,3,2,1,0,2,0,0,1,0,0,0,0,0,0,0,2
"E13HA02-03","C13","Chinese","Genuine","Happy 2 CN",12,1.375,0.1989628,0.6050763,0.004301642,0.04088707,0.000111103,0.007712306,0.0248413,0.06371487,0,0,1,0,3,2,1,0,2,0,0,1,0,0,0,0,0,0,0,2
"E13HA02-03","C13","Chinese","Genuine","Happy 2 CN",13,1.5,0.2110841,0.5802943,0.004539621,0.04190979,0.000102945,0.007715671,0.03256561,0.0686342,0,0,1,0,3,2,1,0,2,0,0,1,0,0,0,0,0,0,0,2
"E13HA02-03","C13","Chinese","Genuine","Happy 2 CN",14,1.625,0.1964405,0.6091499,0.004063874,0.04048543,9.6119e-05,0.00837996,0.0338221,0.05658204,0,0,1,0,3,2,1,0,2,0,0,1,0,0,0,0,0,0,0,2
"E13HA02-03","C13","Chinese","Genuine","Happy 2 CN",15,1.75,0.2213304,0.5599284,0.003512494,0.04670867,0.000120139,0.009350738,0.02951026,0.05459161,0,0,1,0,3,2,1,0,2,0,0,1,0,0,0,0,0,0,0,2
"E13HA02-03","C13","Chinese","Genuine","Happy 2 CN",16,1.875,0.2465843,0.5095076,0.003823621,0.0557109,0.000144795,0.01227146,0.03211763,0.04874508,0,0,1,0,3,2,1,0,2,0,0,1,0,0,0,0,0,0,0,2
"E13HA02-03","C13","Chinese","Genuine","Happy 2 CN",17,2,0.2560955,0.4901995,0.004485345,0.05924157,0.000162478,0.0124762,0.03350818,0.06237234,0,0,1,0,3,2,1,0,2,0,0,1,0,0,0,0,0,0,0,2
"E13HA02-03","C13","Chinese","Genuine","Happy 2 CN",18,2.125,0.2655745,0.4707714,0.00555844,0.07058346,0.00015207,0.01363348,0.03930227,0.09195179,0,0,1,0,3,2,1,0,1,0,0,2,0,0,0,0,0,0,0,1
"E13HA02-03","C13","Chinese","Genuine","Happy 2 CN",19,2.25,0.2582003,0.4852741,0.005788096,0.06533621,0.000145539,0.01134926,0.03326688,0.06561265,0,0,1,0,3,2,1,0,2,0,0,2,0,0,0,0,0,0,0,1
"E13HA02-03","C13","Chinese","Genuine","Happy 2 CN",20,2.375,0.2394141,0.5230575,0.005376804,0.06413364,0.000150863,0.0113467,0.02824563,0.06803952,0,0,1,0,3,2,1,0,2,0,0,2,0,0,0,0,0,0,0,1
"E13HA02-03","C13","Chinese","Genuine","Happy 2 CN",21,2.5,0.2430644,0.5155611,0.005551816,0.06286331,0.000163767,0.01110475,0.02399267,0.06566773,0,0,1,0,3,2,1,0,2,0,0,2,0,0,0,0,0,0,0,1
"E13HA02-03","C13","Chinese","Genuine","Happy 2 CN",22,2.625,0.2534929,0.4944606,0.005883317,0.06410267,0.000163086,0.01090789,0.02407653,0.04628024,0,0,1,0,3,2,1,0,2,0,0,2,0,0,0,0,0,0,0,1
"E13HA02-03","C13","Chinese","Genuine","Happy 2 CN",23,2.75,0.2675052,0.4661915,0.006135176,0.05812749,0.000167418,0.01142264,0.02506555,0.05688151,0,0,1,0,3,2,1,0,2,0,0,2,0,0,0,0,0,0,0,1
"E13HA02-03","C13","Chinese","Genuine","Happy 2 CN",24,2.875,0.2701866,0.4608789,0.006352087,0.06104829,0.000146237,0.01131563,0.02548492,0.0448862,0,0,1,0,3,2,1,0,2,0,0,2,0,0,0,0,0,0,0,1
"E13HA02-03","C13","Chinese","Genuine","Happy 2 CN",25,3,0.2734621,0.4545579,0.006485232,0.06619465,0.000152914,0.01208987,0.02316734,0.06815365,0,0,1,0,3,2,1,0,2,0,0,2,0,1,0,0,0,0,0,1
"E13HA02-03","C13","Chinese","Genuine","Happy 2 CN",26,3.125,0.2780757,0.4451491,0.007419162,0.06781492,0.000157784,0.01130868,0.02179794,0.06337968,0,0,1,0,3,2,1,0,2,1,0,2,0,1,0,0,0,0,0,1
"E13HA02-03","C13","Chinese","Genuine","Happy 2 CN",27,3.25,0.2634598,0.4743739,0.007253531,0.06623408,0.000150682,0.01040301,0.01958551,0.0961799,0,0,1,0,3,2,1,0,2,1,0,2,0,1,0,0,0,0,0,1
"E13HA02-03","C13","Chinese","Genuine","Happy 2 CN",28,3.375,0.253756,0.4938355,0.006671365,0.06097857,0.000150295,0.01041733,0.01826779,0.06970844,0,0,1,0,3,2,0,0,2,1,0,2,0,1,0,0,0,0,0,1
"E13HA02-03","C13","Chinese","Genuine","Happy 2 CN",29,3.5,0.2624698,0.4762238,0.006920325,0.06106509,0.000153074,0.01028651,0.01734993,0.07795084,0,0,1,0,3,2,0,0,2,1,0,2,0,1,0,0,0,0,0,1
"E13HA02-03","C13","Chinese","Genuine","Happy 2 CN",30,3.625,0.2715298,0.4581146,0.007416642,0.06373444,0.000153043,0.01098582,0.0166367,0.05956605,0,0,1,0,3,1,0,0,2,1,0,2,0,1,0,0,0,0,0,1
"E13HA02-03","C13","Chinese","Genuine","Happy 2 CN",31,3.75,0.2682394,0.4647951,0.00774066,0.05694009,0.000148423,0.01130542,0.01730576,0.06675727,0,0,1,0,3,1,0,0,2,1,0,2,0,1,0,0,0,0,0,1
"E13HA02-03","C13","Chinese","Genuine","Happy 2 CN",32,3.875,0.2516886,0.497973,0.007417889,0.05976057,0.000144726,0.01104147,0.01632801,0.086017,0,0,1,0,3,1,0,0,2,1,0,2,0,1,0,0,0,0,0,1
"E13HA02-03","C13","Chinese","Genuine","Happy 2 CN",33,4,0.2441019,0.513131,0.007785081,0.05707773,0.000151224,0.012947,0.01690356,0.08680798,0,0,1,0,3,1,0,0,2,0,0,2,0,1,0,0,0,0,0,1
"E13HA02-03","C13","Chinese","Genuine","Happy 2 CN",34,4.125,0.2266321,0.5481014,0.006810398,0.05022695,0.000134565,0.01188903,0.01565618,0.08881592,0,0,1,0,3,1,0,0,2,1,0,2,0,1,0,0,0,0,0,1
"E13HA02-03","C13","Chinese","Genuine","Happy 2 CN",35,4.25,0.216113,0.569121,0.006111572,0.04702637,0.00011896,0.01067364,0.01377475,0.1043272,0,0,1,0,3,1,0,0,2,1,0,1,0,1,0,0,0,0,0,1
"E13HA02-03","C13","Chinese","Genuine","Happy 2 CN",36,4.375,0.2060692,0.5891051,0.005594852,0.04318033,0.000105829,0.009500038,0.01225635,0.08188169,0,0,1,0,3,1,0,0,2,0,0,1,0,1,0,0,0,0,0,1
"E13HA02-03","C13","Chinese","Genuine","Happy 2 CN",37,4.5,0.2000961,0.6010313,0.005336578,0.04305692,0.000101837,0.009656001,0.01228599,0.09123053,0,0,1,0,3,1,0,0,2,0,0,1,0,1,0,0,0,0,0,1
"E13HA02-03","C13","Chinese","Genuine","Happy 2 CN",38,4.625,0.192393,0.6168115,0.004835358,0.04741192,0.000100959,0.009293975,0.01269805,0.09813099,0,0,1,0,3,1,0,0,2,0,0,1,0,1,0,0,0,0,0,1
"E13HA02-03","C13","Chinese","Genuine","Happy 2 CN",39,4.75,0.194638,0.6120697,0.004569815,0.0430831,8.9475e-05,0.009047315,0.01232567,0.1040045,0,0,1,0,3,1,0,0,2,0,0,1,0,1,0,0,0,0,0,1
"E13HA02-03","C13","Chinese","Genuine","Happy 2 CN",40,4.875,0.1985854,0.6046422,0.004960052,0.03969515,0.000105319,0.009997774,0.01396983,0.1228283,0,0,1,0,3,1,0,0,2,0,0,1,0,1,0,0,0,0,0,1
"E13HA02-03","C13","Chinese","Genuine","Happy 2 CN",41,5,0.1903168,0.6211947,0.004573936,0.03588386,0.000105519,0.009798147,0.01344666,0.08975168,0,0,1,0,3,1,0,0,2,0,0,1,0,1,0,0,0,0,0,1
"E13HA02-03","C13","Chinese","Genuine","Happy 2 CN",42,5.125,0.1946307,0.6125012,0.004359527,0.03838027,9.4974e-05,0.00876577,0.01298556,0.07805441,0,0,1,0,2,1,0,0,2,0,0,1,0,1,0,0,0,0,0,1
"E13HA02-03","C13","Chinese","Genuine","Happy 2 CN",43,5.25,0.184964,0.631851,0.004291231,0.03797889,8.8638e-05,0.008495767,0.01258541,0.07218581,0,0,1,0,2,1,0,0,2,0,0,1,0,1,0,0,0,0,0,1
"E13HA02-03","C13","Chinese","Genuine","Happy 2 CN",44,5.375,0.1901675,0.6215657,0.005225781,0.03718828,8.6438e-05,0.009263834,0.01184785,0.05092166,0,0,1,0,2,1,0,0,2,0,0,1,0,1,0,0,0,0,0,1
"E13HA02-03","C13","Chinese","Genuine","Happy 2 CN",45,5.5,0.1971598,0.6074178,0.005488941,0.03677732,8.7374e-05,0.009355574,0.01223163,0.03921796,0,0,1,0,2,1,0,0,2,0,0,1,0,1,0,0,0,0,0,1
"E13HA02-03","C13","Chinese","Genuine","Happy 2 CN",46,5.625,0.1863009,0.6290226,0.005070621,0.03549916,8.4456e-05,0.008609011,0.01110758,0.03992021,0,0,1,0,2,1,0,0,2,0,0,1,0,0,0,0,0,0,0,1
"E13HA02-03","C13","Chinese","Genuine","Happy 2 CN",47,5.75,0.1900499,0.6213937,0.004655474,0.03491668,7.9448e-05,0.007553098,0.01080427,0.0325331,0,0,1,0,2,1,0,0,2,0,0,1,0,0,0,0,0,0,0,1
"E13HA02-03","C13","Chinese","Genuine","Happy 2 CN",48,5.875,0.191102,0.6191071,0.004044861,0.03460188,8.5481e-05,0.007477738,0.01042647,0.04987322,0,0,1,0,2,1,0,0,2,0,0,1,0,0,0,0,0,0,0,1
"E13HA02-03","C13","Chinese","Genuine","Happy 2 CN",49,6,0.1859656,0.6295297,0.004081351,0.0359247,9.1425e-05,0.008240069,0.009802738,0.06510639,0,0,0,0,2,1,0,0,2,0,0,1,0,0,0,0,0,0,0,1
"E13HA02-03","C13","Chinese","Genuine","Happy 2 CN",50,6.125,0.1855289,0.630599,0.003678606,0.03773402,8.8072e-05,0.007666612,0.009710627,0.06086759,0,0,0,0,2,1,0,0,2,0,0,1,0,0,0,0,0,0,0,1
"E13HA02-03","C13","Chinese","Genuine","Happy 2 CN",51,6.25,0.1896048,0.6223294,0.003272709,0.0401499,7.9174e-05,0.008105271,0.009435188,0.05553346,0,0,0,0,2,1,0,0,2,0,0,1,0,0,0,0,0,0,0,1
"E13HA02-03","C13","Chinese","Genuine","Happy 2 CN",52,6.375,0.187375,0.6266833,0.003050162,0.04019413,6.8187e-05,0.009579532,0.00918689,0.05676983,0,0,1,0,2,1,0,0,2,0,0,1,0,0,0,0,0,0,0,1
"E13HA02-03","C13","Chinese","Genuine","Happy 2 CN",53,6.5,0.1832197,0.6348996,0.002698092,0.04011475,6.5449e-05,0.01061481,0.009057575,0.0421264,0,0,1,0,2,1,0,0,2,0,0,1,0,0,0,0,0,0,0,1
"E13HA02-03","C13","Chinese","Genuine","Happy 2 CN",54,6.625,0.1724623,0.6562543,0.002402727,0.04126401,5.976e-05,0.009752224,0.008070652,0.05637038,0,0,1,0,2,1,0,0,2,0,0,1,0,0,0,0,0,0,0,1
"E13HA02-03","C13","Chinese","Genuine","Happy 2 CN",55,6.75,0.1620511,0.6768233,0.002182846,0.0390197,6.7036e-05,0.008898776,0.007140825,0.05832813,0,0,1,0,2,1,0,0,2,0,0,1,0,0,0,0,0,0,0,1
"E13HA02-03","C13","Chinese","Genuine","Happy 2 CN",56,6.875,0.144987,0.710709,0.002366631,0.03359357,6.9261e-05,0.008336015,0.006699867,0.06601145,0,0,0,0,3,1,0,0,2,0,0,1,0,0,0,0,0,0,0,1
"E13HA02-03","C13","Chinese","Genuine","Happy 2 CN",57,7,0.1313253,0.7379349,0.002227458,0.02813251,6.5342e-05,0.006833614,0.005929559,0.05829155,0,0,0,0,3,1,0,0,2,0,0,1,0,0,0,0,0,0,0,1
"E13HA02-03","C13","Chinese","Genuine","Happy 2 CN",58,7.125,0.1558391,0.6891764,0.002601023,0.03801212,6.5003e-05,0.008629889,0.009036854,0.05922971,0,0,0,0,3,1,0,0,2,0,0,1,0,0,0,0,0,0,0,1
"E13HA02-03","C13","Chinese","Genuine","Happy 2 CN",59,7.25,0.1833099,0.6348768,0.003152701,0.04691648,6.3286e-05,0.008311733,0.01150525,0.08493343,0,0,0,0,3,1,0,0,2,0,0,1,0,0,0,0,0,0,0,1
"E13HA02-03","C13","Chinese","Genuine","Happy 2 CN",60,7.375,0.2237216,0.5549022,0.003595096,0.04536753,6.1113e-05,0.007852349,0.0167132,0.07786109,0,0,0,0,3,1,0,0,2,0,0,1,0,1,0,0,0,0,0,1
"E13HA02-03","C13","Chinese","Genuine","Happy 2 CN",61,7.5,0.2544807,0.4932483,0.02578482,0.03539069,0.000108227,0.007469454,0.08066583,0.08093132,0,0,1,0,3,1,0,0,2,0,0,1,0,1,0,0,0,0,0,2
"E13HA02-03","C13","Chinese","Genuine","Happy 2 CN",62,7.625,0.276494,0.4490578,0.02158169,0.03743588,9.5834e-05,0.007565611,0.07599099,0.07459003,0,0,1,0,3,1,0,0,2,0,0,1,0,1,0,0,0,0,0,2
"E13HA02-03","C13","Chinese","Genuine","Happy 2 CN",63,7.75,0.3129424,0.3797732,0.01936764,0.04841058,0.000102394,0.007826157,0.08104648,0.09368064,0,0,1,0,3,1,0,0,2,0,0,1,0,1,0,0,0,0,0,1
"E13HA02-03","C13","Chinese","Genuine","Happy 2 CN",64,7.875,0.35916,0.2892852,0.01768853,0.06522461,8.4189e-05,0.007313592,0.08044013,0.08877178,0,0,1,0,3,1,0,0,1,0,0,1,0,1,0,0,0,0,0,1
"E13HA02-03","C13","Chinese","Genuine","Happy 2 CN",65,8,0.3814534,0.2161349,0.02197473,0.0939367,7.0495e-05,0.00726952,0.0775851,0.1240999,0,0,1,0,3,1,0,0,1,0,0,1,0,0,0,0,0,0,0,1
"E13HA02-03","C13","Chinese","Genuine","Happy 2 CN",66,8.125,0.4131119,0.1750594,0.02458587,0.09321165,5.5975e-05,0.006371072,0.07667043,0.1136539,0,0,1,0,3,1,0,0,1,0,0,1,0,0,0,0,0,0,0,1
"E13HA02-03","C13","Chinese","Genuine","Happy 2 CN",67,8.25,0.4358363,0.1407711,0.0269039,0.1015464,4.891e-05,0.006336145,0.08419634,0.08980395,0,0,1,0,3,1,0,0,1,0,0,2,0,0,0,0,0,0,0,1
"E13HA02-03","C13","Chinese","Genuine","Happy 2 CN",68,8.375,0.4388933,0.1111724,0.02866996,0.1241051,4.2174e-05,0.007130375,0.1049254,0.07848281,0,0,1,0,3,1,0,0,1,0,0,2,0,0,0,0,0,0,0,1
"E13HA02-03","C13","Chinese","Genuine","Happy 2 CN",69,8.5,0.4530519,0.08796644,0.02769438,0.1387672,3.7477e-05,0.007870208,0.1124219,0.07258625,0,0,1,0,3,1,0,0,1,0,0,2,0,0,0,0,0,0,0,1
"E13HA03-03","C13","Chinese","Genuine","Happy 3 CN",1,0,0.376136,0.3544253,0.0069753,0.09184359,0.000557513,0.005453602,0.02774355,0.02039877,0,0,0,0,2,1,0,0,1,0,0,0,0,0,0,0,0,0,0,0
"E13HA03-03","C13","Chinese","Genuine","Happy 3 CN",2,0.125,0.3290006,0.4288518,0.006146978,0.08671298,0.000467732,0.005053423,0.025102,0.0232476,0,0,0,0,2,1,0,0,1,0,0,0,0,0,0,0,0,0,0,0
"E13HA03-03","C13","Chinese","Genuine","Happy 3 CN",3,0.25,0.2888842,0.4877648,0.006035934,0.08032736,0.000386422,0.004252443,0.02259824,0.02609111,0,0,0,0,2,1,0,0,1,0,0,0,0,0,0,0,0,0,0,0
"E13HA03-03","C13","Chinese","Genuine","Happy 3 CN",4,0.375,0.2416372,0.5624148,0.007262248,0.06543896,0.00030051,0.00500754,0.02342387,0.0324238,0,0,1,0,2,1,1,0,1,0,0,1,0,0,0,0,0,0,0,1
"E13HA03-03","C13","Chinese","Genuine","Happy 3 CN",5,0.5,0.1924325,0.6468483,0.006952718,0.05859115,0.000284857,0.006209622,0.02055607,0.05239456,0,0,1,0,2,1,1,0,2,0,0,1,0,0,0,0,0,0,0,1
"E13HA03-03","C13","Chinese","Genuine","Happy 3 CN",6,0.625,0.1430216,0.7359149,0.005877824,0.04469517,0.000263431,0.005356856,0.01853256,0.1226959,0,0,1,0,3,2,1,0,2,0,0,1,0,0,0,0,0,0,0,2
"E13HA03-03","C13","Chinese","Genuine","Happy 3 CN",7,0.75,0.1175049,0.7803034,0.004944207,0.03446323,0.000289312,0.005096932,0.01777327,0.1212468,0,0,1,0,3,2,1,0,2,0,0,1,0,0,0,0,0,0,0,2
"E13HA03-03","C13","Chinese","Genuine","Happy 3 CN",8,0.875,0.09550665,0.8197873,0.004299279,0.03020589,0.000278268,0.004244837,0.01676955,0.1415741,0,0,1,0,3,2,1,0,3,0,0,1,0,0,0,0,0,0,0,2
"E13HA03-03","C13","Chinese","Genuine","Happy 3 CN",9,1,0.0949261,0.8177254,0.003676154,0.02410878,0.000282067,0.0044732,0.01603359,0.1203038,0,0,1,0,3,2,1,0,3,0,0,0,0,0,0,0,0,0,0,2
"E13HA03-03","C13","Chinese","Genuine","Happy 3 CN",10,1.125,0.08916681,0.8269758,0.003082512,0.01911076,0.000275763,0.00415738,0.01549695,0.1004644,0,0,1,0,3,2,1,0,3,0,0,0,0,0,0,0,0,0,0,2
"E13HA03-03","C13","Chinese","Genuine","Happy 3 CN",11,1.25,0.09755692,0.8086476,0.002392118,0.01725806,0.000245291,0.003819244,0.01480867,0.08459717,0,0,1,0,3,2,1,0,3,0,0,0,0,0,0,0,0,0,0,2
"E13HA03-03","C13","Chinese","Genuine","Happy 3 CN",12,1.375,0.09940836,0.8038353,0.002041109,0.0163408,0.000207086,0.003830932,0.01457267,0.07335103,0,0,1,0,3,2,1,0,3,0,0,0,0,0,0,0,0,0,0,1
"E13HA03-03","C13","Chinese","Genuine","Happy 3 CN",13,1.5,0.1023729,0.797492,0.001859367,0.01539359,0.000186655,0.00387255,0.01388245,0.06753066,0,0,1,0,3,2,1,0,3,0,0,0,0,0,0,0,0,0,0,1
"E13HA03-03","C13","Chinese","Genuine","Happy 3 CN",14,1.625,0.1007623,0.800356,0.001822437,0.02425207,0.000168109,0.003961962,0.01385783,0.08031952,0,0,1,0,3,2,1,0,3,0,0,0,0,0,0,0,0,0,0,1
"E13HA03-03","C13","Chinese","Genuine","Happy 3 CN",15,1.75,0.1035258,0.7943029,0.001439781,0.0212836,0.000159095,0.003644156,0.01168138,0.06955021,0,0,1,0,3,2,1,0,3,0,0,0,0,0,0,0,0,0,0,1
"E13HA03-03","C13","Chinese","Genuine","Happy 3 CN",16,1.875,0.1008199,0.7994323,0.001346882,0.02999039,0.00013863,0.003507821,0.009944956,0.070111,0,0,1,0,3,2,1,0,3,0,0,0,0,0,0,0,0,0,0,1
"E13HA03-03","C13","Chinese","Genuine","Happy 3 CN",17,2,0.100986,0.7988763,0.001255427,0.03690612,0.000113339,0.004150359,0.0106167,0.06875262,0,0,1,0,3,2,1,0,3,0,0,0,0,0,0,0,0,0,0,1
"E13HA03-03","C13","Chinese","Genuine","Happy 3 CN",18,2.125,0.09788571,0.8049808,0.001157194,0.03932814,0.000103232,0.003947533,0.008808496,0.06352605,0,0,1,0,3,2,1,0,3,0,0,0,0,1,0,0,0,0,0,1
"E13HA03-03","C13","Chinese","Genuine","Happy 3 CN",19,2.25,0.1015701,0.7974448,0.001149891,0.03796138,9.8803e-05,0.004370752,0.00892684,0.06032352,0,0,1,0,3,2,1,0,3,0,0,0,0,1,0,0,0,0,0,1
"E13HA03-03","C13","Chinese","Genuine","Happy 3 CN",20,2.375,0.09763036,0.8052076,0.001121365,0.03671677,8.6264e-05,0.004248108,0.008259013,0.05989014,0,0,1,0,4,2,1,0,3,0,0,0,0,1,0,0,0,0,0,1
"E13HA03-03","C13","Chinese","Genuine","Happy 3 CN",21,2.5,0.09809886,0.804182,0.001104742,0.03217167,8.4064e-05,0.003816946,0.007151431,0.05260486,0,0,1,0,4,2,1,0,3,0,0,0,0,0,0,0,0,0,0,1
"E13HA03-03","C13","Chinese","Genuine","Happy 3 CN",22,2.625,0.1053941,0.7895287,0.001028614,0.03185038,7.5938e-05,0.003900787,0.006839901,0.04996518,0,0,1,0,4,2,1,0,3,0,0,0,0,0,0,0,0,0,0,1
"E13HA03-03","C13","Chinese","Genuine","Happy 3 CN",23,2.75,0.1127349,0.7748464,0.001202014,0.03533098,7.2477e-05,0.004910819,0.008178931,0.05433478,0,0,1,0,4,2,0,0,3,0,0,0,0,0,0,0,0,0,0,1
"E13HA03-03","C13","Chinese","Genuine","Happy 3 CN",24,2.875,0.1178374,0.764617,0.001166177,0.03187071,6.9116e-05,0.005316291,0.008799134,0.05147446,0,0,1,0,4,2,0,0,3,0,0,0,0,0,0,0,0,0,0,1
"E13HA03-03","C13","Chinese","Genuine","Happy 3 CN",25,3,0.1255266,0.7492424,0.001210819,0.03225789,7.8071e-05,0.006674589,0.007609135,0.05928169,0,0,1,0,3,2,0,0,3,0,0,0,0,0,0,0,0,0,0,1
"E13HA03-03","C13","Chinese","Genuine","Happy 3 CN",26,3.125,0.1614,0.6776998,0.00212462,0.05324777,0.000107638,0.007469609,0.007091047,0.04331987,0,0,1,0,3,2,0,0,3,0,0,0,0,1,0,0,0,0,0,1
"E13HA03-03","C13","Chinese","Genuine","Happy 3 CN",27,3.25,0.1736704,0.6531824,0.003384486,0.07160317,0.000123178,0.008754393,0.006806217,0.05258626,0,0,1,0,3,2,0,0,3,0,0,0,0,1,0,0,0,0,0,1
"E13HA03-03","C13","Chinese","Genuine","Happy 3 CN",28,3.375,0.1879689,0.6245603,0.00403611,0.07443018,0.000136819,0.01040514,0.00656037,0.05092504,0,0,1,0,3,2,0,0,3,0,0,0,0,0,0,0,0,0,0,1
"E13HA03-03","C13","Chinese","Genuine","Happy 3 CN",29,3.5,0.1786768,0.6430238,0.006137319,0.05705353,0.000131694,0.009133073,0.006522652,0.03685844,0,0,1,0,3,2,0,0,3,0,0,0,0,0,0,0,0,0,0,2
"E13HA03-03","C13","Chinese","Genuine","Happy 3 CN",30,3.625,0.1655239,0.6692741,0.005607003,0.04586835,0.000114069,0.008126554,0.006441677,0.04792802,0,0,1,0,3,2,0,0,3,0,0,0,0,1,0,0,0,0,0,3
"E13HA03-03","C13","Chinese","Genuine","Happy 3 CN",31,3.75,0.1507829,0.6987381,0.006044217,0.03588471,0.000117321,0.006643407,0.005727159,0.06580723,0,0,1,0,3,2,0,0,3,0,0,1,0,1,0,0,0,0,0,2
"E13HA03-03","C13","Chinese","Genuine","Happy 3 CN",32,3.875,0.1269446,0.7463998,0.004925666,0.02879846,0.000114661,0.005337916,0.004629509,0.04919669,0,0,1,0,3,2,0,0,3,0,0,1,0,0,0,0,0,0,0,2
"E13HA03-03","C13","Chinese","Genuine","Happy 3 CN",33,4,0.1321661,0.7360493,0.004447637,0.03318764,0.000104953,0.005562249,0.005189529,0.04614339,0,0,1,0,3,2,0,0,3,0,0,1,0,0,0,0,0,0,0,2
"E13HA03-03","C13","Chinese","Genuine","Happy 3 CN",34,4.125,0.1592591,0.6822406,0.006073672,0.03581917,8.9767e-05,0.005908966,0.008957938,0.09196056,0,0,1,0,3,2,0,0,3,0,0,1,0,0,0,0,0,0,0,2
"E13HA03-03","C13","Chinese","Genuine","Happy 3 CN",35,4.25,0.1959134,0.6104342,0.006548918,0.03875407,8.2235e-05,0.006283693,0.01505251,0.1149029,0,0,1,0,3,2,0,0,2,0,0,1,0,0,0,0,0,0,0,2
"E13HA03-03","C13","Chinese","Genuine","Happy 3 CN",36,4.375,0.2307362,0.541999,0.01839603,0.03121177,0.000225777,0.008994356,0.05514779,0.1391748,0,0,1,0,3,1,0,0,2,0,0,1,0,1,0,0,0,0,0,3
"E13HA03-03","C13","Chinese","Genuine","Happy 3 CN",37,4.5,0.2617712,0.481841,0.0316633,0.02695541,0.000343324,0.009109259,0.08623987,0.1463701,0,0,1,0,3,1,0,0,2,0,0,1,0,1,0,0,0,0,0,3
"E13HA03-03","C13","Chinese","Genuine","Happy 3 CN",38,4.625,0.2203247,0.5636156,0.02353415,0.02245196,0.000271888,0.007976002,0.07216345,0.1446917,0,0,1,0,3,1,0,0,2,0,0,1,0,1,0,0,0,0,0,3
"E13HA03-03","C13","Chinese","Genuine","Happy 3 CN",39,4.75,0.1797995,0.6435928,0.01705056,0.01926652,0.00022945,0.006573975,0.060384,0.1048223,0,0,1,0,3,1,0,0,2,0,0,1,0,1,0,0,0,0,0,3
"E13HA03-03","C13","Chinese","Genuine","Happy 3 CN",40,4.875,0.1496306,0.703018,0.01183746,0.01966279,0.000275105,0.00530913,0.0440714,0.07278733,0,0,1,0,3,1,0,0,2,0,0,0,0,1,0,0,1,0,0,3
"E13HA03-03","C13","Chinese","Genuine","Happy 3 CN",41,5,0.1214893,0.7585994,0.008178653,0.01629407,0.000586799,0.003922508,0.0307535,0.05007217,0,0,1,0,3,1,0,0,2,0,0,0,0,0,0,0,2,1,0,2
"E13HA03-03","C13","Chinese","Genuine","Happy 3 CN",42,5.125,0.0937477,0.8135985,0.005644871,0.01360371,0.000562299,0.002931859,0.02151362,0.03456092,0,0,1,0,3,1,0,0,2,0,0,0,0,0,0,0,3,1,0,2
"E13HA03-03","C13","Chinese","Genuine","Happy 3 CN",43,5.25,0.07616084,0.848435,0.003906323,0.01136152,0.000525857,0.002220037,0.01521312,0.02397483,0,0,1,0,3,1,0,0,3,0,0,0,0,0,0,0,3,1,0,2
"E13HA03-03","C13","Chinese","Genuine","Happy 3 CN",44,5.375,0.06643782,0.8676471,0.002723257,0.00918386,0.000501181,0.001613433,0.01075599,0.01655147,0,0,1,0,3,1,0,0,3,0,0,0,0,0,0,0,3,1,0,2
"E13HA03-03","C13","Chinese","Genuine","Happy 3 CN",45,5.5,0.05739503,0.8855718,0.001892812,0.00723367,0.000537153,0.001282551,0.00757278,0.01150239,0,0,1,0,3,1,0,0,3,0,0,0,0,0,0,0,3,1,0,1
"E13HA03-03","C13","Chinese","Genuine","Happy 3 CN",46,5.625,0.06638148,0.8680522,0.001478888,0.01787277,0.000548398,0.00220529,0.00749502,0.007945476,0,0,1,0,3,1,0,0,3,0,0,0,0,0,0,0,3,1,0,1
"E13HA03-03","C13","Chinese","Genuine","Happy 3 CN",47,5.75,0.1173948,0.7717042,0.00243206,0.05179539,0.000408931,0.002604128,0.01074094,0.02610765,0,0,1,0,3,1,0,0,2,0,0,0,0,0,0,0,3,1,0,1
"E13HA03-03","C13","Chinese","Genuine","Happy 3 CN",48,5.875,0.1546734,0.6985892,0.003958602,0.05244691,0.000326818,0.003672627,0.01347859,0.0631354,0,0,1,0,3,1,0,0,2,0,0,1,0,0,0,0,3,1,0,1
"E13HA03-03","C13","Chinese","Genuine","Happy 3 CN",49,6,0.1432436,0.7227633,0.004617253,0.04695281,0.000249614,0.003564199,0.01783118,0.09962912,0,0,1,0,3,1,0,0,2,0,0,1,0,0,0,0,2,1,0,1
"E13HA03-03","C13","Chinese","Genuine","Happy 3 CN",50,6.125,0.1208656,0.7692025,0.004824393,0.04353132,0.000230697,0.004596051,0.01725742,0.1174063,0,0,1,0,3,1,0,0,2,0,0,1,0,0,0,0,2,1,0,1
"E13HA03-03","C13","Chinese","Genuine","Happy 3 CN",51,6.25,0.1084193,0.7947809,0.005071315,0.03694246,0.000207144,0.004933983,0.02058985,0.127509,0,0,0,0,3,1,0,0,2,0,0,1,0,0,0,0,1,0,0,1
"E13HA03-03","C13","Chinese","Genuine","Happy 3 CN",52,6.375,0.1007022,0.8102564,0.004239936,0.03138518,0.000214809,0.005234684,0.01590998,0.1079521,0,0,0,0,3,2,0,0,2,0,0,1,0,0,0,0,1,0,0,1
"E13HA03-03","C13","Chinese","Genuine","Happy 3 CN",53,6.5,0.09966868,0.8107861,0.004803516,0.02988823,0.000182527,0.005487997,0.01668372,0.1092192,0,0,1,0,3,2,0,0,2,0,0,1,0,0,0,0,1,0,0,1
"E13HA03-03","C13","Chinese","Genuine","Happy 3 CN",54,6.625,0.1134675,0.7923864,0.004814951,0.02478792,0.000199615,0.005857056,0.0200917,0.09045827,0,0,1,0,3,1,0,0,2,0,0,1,0,0,0,0,1,0,0,1
"E13HA03-03","C13","Chinese","Genuine","Happy 3 CN",55,6.75,0.1203112,0.7821679,0.004842625,0.02292623,0.000184514,0.005747939,0.02177894,0.08641146,0,0,0,0,3,1,0,0,2,0,0,1,0,0,0,0,1,0,0,1
"E13HA03-03","C13","Chinese","Genuine","Happy 3 CN",56,6.875,0.1291074,0.7637919,0.003944008,0.02606382,0.000188071,0.005420294,0.01890272,0.08017925,0,0,0,0,3,2,0,0,2,0,0,1,0,0,0,0,0,0,0,1
"E13HA03-03","C13","Chinese","Genuine","Happy 3 CN",57,7,0.1134116,0.7928581,0.003799647,0.02532442,0.000199949,0.004659405,0.01776881,0.1011279,0,0,0,0,3,1,0,0,2,0,0,1,0,0,0,0,0,0,0,1
"E13HA03-03","C13","Chinese","Genuine","Happy 3 CN",58,7.125,0.1065561,0.8040743,0.003477046,0.02241639,0.000170634,0.004482321,0.01572881,0.1105435,0,0,0,0,3,1,0,0,2,0,0,1,0,0,0,0,0,0,0,1
"E13HA03-03","C13","Chinese","Genuine","Happy 3 CN",59,7.25,0.09843233,0.8168214,0.003495671,0.02563488,0.000159817,0.005612408,0.01630683,0.1208064,0,0,0,0,3,1,0,0,2,0,0,1,0,0,0,0,0,0,0,1
"E13HA03-03","C13","Chinese","Genuine","Happy 3 CN",60,7.375,0.09069553,0.8306363,0.003332782,0.02764149,0.000165526,0.005481702,0.01412555,0.1423647,0,0,0,0,3,1,0,0,2,0,0,1,0,0,0,0,0,0,0,1
"E13HA03-03","C13","Chinese","Genuine","Happy 3 CN",61,7.5,0.08834216,0.8341835,0.004027316,0.02837423,0.000177654,0.005425646,0.01304535,0.200895,0,0,0,0,3,1,0,0,2,0,0,1,0,0,0,0,0,0,0,1
"E13HA03-03","C13","Chinese","Genuine","Happy 3 CN",62,7.625,0.08479618,0.8415222,0.005360812,0.03124178,0.000189948,0.005034982,0.01262651,0.2793412,0,0,0,0,3,1,0,0,2,1,0,1,0,0,0,0,0,0,0,1
"E13HA03-03","C13","Chinese","Genuine","Happy 3 CN",63,7.75,0.1178239,0.7945989,0.00514116,0.03563555,0.000171122,0.004410433,0.01197601,0.2816723,0,0,0,0,3,1,0,0,2,1,0,1,0,0,0,0,0,0,0,1
"E13HA03-03","C13","Chinese","Genuine","Happy 3 CN",64,7.875,0.1449621,0.7648175,0.005863864,0.05128091,0.000166434,0.005438713,0.01211373,0.2299867,0,0,0,0,3,1,0,0,2,1,0,1,0,0,0,0,0,0,0,1
"E13HA03-03","C13","Chinese","Genuine","Happy 3 CN",65,8,0.2198576,0.6436237,0.01102452,0.07589266,0.000208012,0.007782244,0.01320599,0.2147775,0,0,0,0,3,1,0,0,2,1,0,1,0,0,0,0,0,0,0,1
"E13HA03-03","C13","Chinese","Genuine","Happy 3 CN",66,8.125,0.2925467,0.5567586,0.01145407,0.09398276,0.000236233,0.00749713,0.01374534,0.2380539,0,0,0,0,2,1,0,0,2,1,0,1,0,0,0,0,0,0,0,1
"E13HA03-03","C13","Chinese","Genuine","Happy 3 CN",67,8.25,0.3897993,0.4596974,0.0137761,0.1091947,0.000252042,0.007927147,0.01518761,0.2402206,0,0,0,0,2,1,0,0,1,1,0,1,0,0,0,0,0,0,0,1
"E13HA03-03","C13","Chinese","Genuine","Happy 3 CN",68,8.375,0.4663747,0.3929749,0.01313513,0.1207282,0.000424718,0.009027952,0.01487077,0.2280934,0,0,0,0,2,1,0,0,1,1,0,0,0,0,0,0,0,0,0,0
"E13HA03-03","C13","Chinese","Genuine","Happy 3 CN",69,8.5,0.5142967,0.3418545,0.01404748,0.1289166,0.000591637,0.01179907,0.01443559,0.2483896,0,0,0,0,2,1,0,0,1,1,0,0,0,0,0,0,0,0,0,0
"E13HA04-03","C13","Chinese","Genuine","Happy 4 CN",1,0,0.2213743,0.000360283,0.09794112,0.7764144,0.000202177,0.0115239,0.005513888,0.000576257,0,0,0,0,0,0,0,0,0,0,0,0,0,0,0,0,0,0,0,0
"E13HA04-03","C13","Chinese","Genuine","Happy 4 CN",2,0.125,0.2490083,0.001168818,0.09207815,0.724309,0.000193477,0.01238414,0.01018521,0.000396267,0,0,0,0,0,0,0,0,0,0,0,0,0,0,0,0,0,0,0,0
"E13HA04-03","C13","Chinese","Genuine","Happy 4 CN",3,0.25,0.2656923,0.01016716,0.07106882,0.654102,0.000196772,0.01388333,0.02023991,0.003350644,0,0,0,0,0,0,0,0,0,0,0,0,0,0,0,0,0,0,0,1
"E13HA04-03","C13","Chinese","Genuine","Happy 4 CN",4,0.375,0.2949342,0.1046737,0.05188199,0.5114411,0.000240415,0.01373325,0.01807326,0.004201596,0,0,0,0,0,0,0,0,0,0,0,0,0,0,0,0,0,0,0,1
"E13HA04-03","C13","Chinese","Genuine","Happy 4 CN",5,0.5,0.3039354,0.1872458,0.03768744,0.3984076,0.000233073,0.01186635,0.01597141,0.01329554,0,0,0,0,0,0,0,0,1,0,0,0,0,0,0,0,0,0,0,1
"E13HA04-03","C13","Chinese","Genuine","Happy 4 CN",6,0.625,0.2829047,0.2946851,0.02852071,0.2933197,0.000245084,0.01117498,0.01363148,0.02328841,0,0,1,0,0,0,0,0,1,0,0,0,0,0,0,0,0,0,0,1
"E13HA04-03","C13","Chinese","Genuine","Happy 4 CN",7,0.75,0.2681995,0.3682451,0.0218807,0.2192326,0.000247102,0.01253611,0.01168352,0.03612152,0,0,1,0,1,0,0,0,1,0,0,0,0,0,0,0,0,0,0,1
"E13HA04-03","C13","Chinese","Genuine","Happy 4 CN",8,0.875,0.245127,0.4443332,0.01708645,0.1623902,0.000209014,0.01078198,0.01038694,0.0645944,0,0,1,0,1,0,0,0,1,0,0,0,0,0,0,0,0,0,0,1
"E13HA04-03","C13","Chinese","Genuine","Happy 4 CN",9,1,0.2154149,0.5242789,0.01370701,0.1245677,0.000164833,0.008399587,0.008070566,0.08074397,0,0,1,0,1,1,0,0,2,0,0,0,0,0,0,0,0,0,0,1
"E13HA04-03","C13","Chinese","Genuine","Happy 4 CN",10,1.125,0.1833307,0.6025093,0.012258,0.09429255,0.000140542,0.008394741,0.006928242,0.0729928,0,0,1,0,1,1,0,0,2,0,0,0,0,0,0,0,0,0,0,2
"E13HA04-03","C13","Chinese","Genuine","Happy 4 CN",11,1.25,0.1604926,0.6578407,0.00981132,0.07470499,0.000122777,0.00771827,0.005603435,0.07581919,0,0,1,0,1,1,0,0,2,0,0,0,0,0,0,0,0,0,0,2
"E13HA04-03","C13","Chinese","Genuine","Happy 4 CN",12,1.375,0.1462782,0.6929207,0.008007085,0.06420246,0.000124756,0.008875552,0.004845664,0.07181215,0,0,1,0,1,1,0,0,2,0,0,0,0,0,0,0,0,0,0,2
"E13HA04-03","C13","Chinese","Genuine","Happy 4 CN",13,1.5,0.1460956,0.69798,0.007105754,0.06198153,0.000117534,0.00998015,0.004493062,0.07658573,0,0,1,0,1,1,0,0,2,0,0,0,0,0,0,0,0,0,0,1
"E13HA04-03","C13","Chinese","Genuine","Happy 4 CN",14,1.625,0.1642275,0.6648916,0.009260209,0.0643458,0.000124751,0.01007956,0.0055225,0.0920887,0,0,1,0,1,1,0,0,2,0,0,1,0,0,0,0,0,0,0,2
"E13HA04-03","C13","Chinese","Genuine","Happy 4 CN",15,1.75,0.1853306,0.624929,0.01721549,0.05791925,0.000229869,0.01033444,0.006890718,0.08915219,0,0,1,0,1,1,0,0,2,0,0,1,0,0,0,0,0,0,0,2
"E13HA04-03","C13","Chinese","Genuine","Happy 4 CN",16,1.875,0.1894094,0.6183361,0.01834528,0.05358071,0.000271446,0.01014077,0.007697734,0.07958331,0,0,1,0,1,1,0,0,2,0,0,1,0,0,0,0,0,0,0,3
"E13HA04-03","C13","Chinese","Genuine","Happy 4 CN",17,2,0.1929723,0.6122719,0.01757649,0.05602625,0.000292329,0.01082204,0.008839875,0.08133543,0,0,1,0,1,1,0,0,2,0,0,1,0,0,0,0,0,0,0,2
"E13HA04-03","C13","Chinese","Genuine","Happy 4 CN",18,2.125,0.2018187,0.5952375,0.01476556,0.06242604,0.000270882,0.01055222,0.009092782,0.0748318,0,0,1,0,1,1,0,0,2,0,0,1,0,0,0,0,0,0,0,2
"E13HA04-03","C13","Chinese","Genuine","Happy 4 CN",19,2.25,0.1914415,0.6165675,0.01252861,0.06681259,0.000252149,0.009497598,0.008845728,0.07732758,0,0,1,0,1,1,0,0,2,0,0,1,0,0,0,0,0,0,0,2
"E13HA04-03","C13","Chinese","Genuine","Happy 4 CN",20,2.375,0.1682873,0.663132,0.01083909,0.0604543,0.000217546,0.008723142,0.007073194,0.08440724,0,0,1,0,1,1,0,0,2,0,0,1,0,0,0,0,0,0,0,2
"E13HA04-03","C13","Chinese","Genuine","Happy 4 CN",21,2.5,0.1660525,0.6677296,0.009037321,0.05411338,0.000178646,0.008548819,0.006017609,0.08776761,0,0,1,0,1,1,0,0,3,0,0,1,0,0,0,0,0,0,0,2
"E13HA04-03","C13","Chinese","Genuine","Happy 4 CN",22,2.625,0.1544614,0.6910993,0.00701925,0.0534202,0.000162667,0.007412613,0.004911623,0.08404353,0,0,1,0,1,1,0,0,3,0,0,1,0,0,0,0,0,0,0,2
"E13HA04-03","C13","Chinese","Genuine","Happy 4 CN",23,2.75,0.1476985,0.7047094,0.005557465,0.05315435,0.000165857,0.00597789,0.003852327,0.08793452,0,0,1,0,2,1,0,0,3,0,0,1,0,0,0,0,0,0,0,1
"E13HA04-03","C13","Chinese","Genuine","Happy 4 CN",24,2.875,0.1361663,0.7278035,0.004496924,0.04843172,0.000154766,0.004862387,0.003312055,0.08314074,0,0,1,0,2,1,0,0,3,0,0,1,0,0,0,0,0,0,0,1
"E13HA04-03","C13","Chinese","Genuine","Happy 4 CN",25,3,0.1245598,0.7510204,0.003694023,0.04226554,0.000127814,0.00407809,0.00270598,0.06085153,0,0,1,0,2,1,0,0,3,0,0,1,0,0,0,0,0,0,0,1
"E13HA04-03","C13","Chinese","Genuine","Happy 4 CN",26,3.125,0.1093683,0.7814045,0.003097914,0.03750737,0.000106941,0.00333161,0.00215413,0.07263446,0,0,1,0,3,1,0,0,3,0,0,1,0,0,0,0,0,0,0,1
"E13HA04-03","C13","Chinese","Genuine","Happy 4 CN",27,3.25,0.1043283,0.7914739,0.002669278,0.03996791,9.3258e-05,0.003076036,0.001932746,0.1162397,0,0,1,0,3,1,0,0,3,0,0,1,0,0,0,0,0,0,0,1
"E13HA04-03","C13","Chinese","Genuine","Happy 4 CN",28,3.375,0.1070194,0.7860737,0.003342847,0.03854078,7.7254e-05,0.00340927,0.002470431,0.1524065,0,0,1,0,3,1,0,0,3,0,0,1,0,0,0,0,0,0,0,1
"E13HA04-03","C13","Chinese","Genuine","Happy 4 CN",29,3.5,0.1054747,0.7891386,0.00377984,0.03507986,0.000105695,0.004074393,0.002262278,0.1539561,0,0,1,0,3,1,0,0,3,0,0,1,0,0,0,0,0,0,0,1
"E13HA04-03","C13","Chinese","Genuine","Happy 4 CN",30,3.625,0.09823684,0.8036229,0.003322537,0.03058918,0.00010756,0.003683529,0.002037878,0.1334472,0,0,1,0,3,1,0,0,3,0,0,1,0,0,0,0,0,0,0,1
"E13HA04-03","C13","Chinese","Genuine","Happy 4 CN",31,3.75,0.1200193,0.7601742,0.003330365,0.03514129,0.00010119,0.00346264,0.002962866,0.155811,0,0,1,0,3,1,0,0,3,1,0,1,0,0,0,0,0,0,0,1
"E13HA04-03","C13","Chinese","Genuine","Happy 4 CN",32,3.875,0.1410009,0.7183797,0.003715261,0.04750961,9.4826e-05,0.003181072,0.00585215,0.1262544,0,0,1,0,3,1,0,0,3,1,0,1,0,0,0,0,0,0,0,1
"E13HA04-03","C13","Chinese","Genuine","Happy 4 CN",33,4,0.1419238,0.7166834,0.0033002,0.04612944,9.9967e-05,0.00321748,0.005625808,0.1044145,0,0,1,0,3,1,0,0,3,1,0,1,0,0,0,0,0,0,0,1
"E13HA04-03","C13","Chinese","Genuine","Happy 4 CN",34,4.125,0.157232,0.686102,0.003170147,0.04725595,0.000106248,0.003525727,0.005651113,0.1442077,0,0,1,0,3,1,0,0,3,1,0,1,0,0,0,0,0,0,0,1
"E13HA04-03","C13","Chinese","Genuine","Happy 4 CN",35,4.25,0.1736414,0.6533026,0.01706972,0.03928168,0.000265861,0.006571904,0.01639525,0.141328,0,0,1,0,3,1,0,0,3,1,0,1,0,0,0,0,0,0,0,2
"E13HA04-03","C13","Chinese","Genuine","Happy 4 CN",36,4.375,0.1751439,0.6502045,0.04058278,0.0304043,0.000426554,0.007271223,0.02244393,0.1682714,0,0,1,0,3,1,0,0,2,1,0,1,0,0,0,0,0,0,0,3
"E13HA04-03","C13","Chinese","Genuine","Happy 4 CN",37,4.5,0.1628167,0.6748062,0.03610126,0.0262768,0.000374853,0.007221533,0.0204688,0.1823963,0,0,1,0,3,1,0,0,2,1,0,1,0,0,0,0,0,0,0,3
"E13HA04-03","C13","Chinese","Genuine","Happy 4 CN",38,4.625,0.1375234,0.7253306,0.02614557,0.02450022,0.000277312,0.006967615,0.0174702,0.191498,0,0,1,0,3,1,0,0,3,1,0,1,0,0,0,0,0,0,0,3
"E13HA04-03","C13","Chinese","Genuine","Happy 4 CN",39,4.75,0.1193605,0.7616389,0.01904025,0.02241343,0.000206138,0.006137208,0.01419097,0.1926408,0,0,1,0,3,1,0,0,3,1,0,1,0,0,0,0,0,0,0,3
"E13HA04-03","C13","Chinese","Genuine","Happy 4 CN",40,4.875,0.109851,0.780664,0.01419573,0.02303077,0.000169388,0.006525058,0.01188989,0.2130965,0,0,1,0,3,1,0,0,3,1,0,1,0,0,0,0,0,0,0,3
"E13HA04-03","C13","Chinese","Genuine","Happy 4 CN",41,5,0.1058068,0.7887931,0.01060116,0.02257093,0.000155864,0.006808513,0.0093576,0.1872578,0,0,1,0,3,1,0,0,3,1,0,0,0,0,0,0,0,0,0,3
"E13HA04-03","C13","Chinese","Genuine","Happy 4 CN",42,5.125,0.09803085,0.8044674,0.007565284,0.01934584,0.000133743,0.00628506,0.007164232,0.1608818,0,0,1,0,3,1,0,0,3,1,0,0,0,0,0,0,0,0,0,2
"E13HA04-03","C13","Chinese","Genuine","Happy 4 CN",43,5.25,0.08142187,0.8377755,0.005316332,0.01675296,0.000135017,0.004767179,0.0051176,0.1270576,0,0,1,0,3,1,0,0,3,0,0,0,0,0,0,0,0,0,0,2
"E13HA04-03","C13","Chinese","Genuine","Happy 4 CN",44,5.375,0.07501462,0.8507904,0.003807072,0.01557568,0.000135704,0.004173996,0.003979177,0.09670367,0,0,0,0,3,1,0,0,3,0,0,0,0,0,0,0,0,0,0,2
"E13HA04-03","C13","Chinese","Genuine","Happy 4 CN",45,5.5,0.08392333,0.8336979,0.002887493,0.02064472,0.000188396,0.004542311,0.003419002,0.0768692,0,0,0,0,3,1,0,0,3,0,0,0,0,0,0,0,0,0,0,1
"E13HA04-03","C13","Chinese","Genuine","Happy 4 CN",46,5.625,0.1019228,0.803014,0.00239268,0.03406769,0.000245084,0.005172512,0.003542803,0.0633052,0,0,0,0,2,1,0,0,3,0,0,0,0,0,0,0,0,0,0,1
"E13HA04-03","C13","Chinese","Genuine","Happy 4 CN",47,5.75,0.1384071,0.7437099,0.002459538,0.06536206,0.000273734,0.005525528,0.0051683,0.04992679,0,0,0,0,2,1,0,0,2,0,0,0,0,0,0,0,0,0,0,1
"E13HA04-03","C13","Chinese","Genuine","Happy 4 CN",48,5.875,0.1881269,0.6557605,0.003183038,0.09806998,0.00026785,0.005434336,0.007802906,0.04787293,0,0,0,0,2,1,0,0,2,0,0,0,0,0,0,0,0,0,0,1
"E13HA04-03","C13","Chinese","Genuine","Happy 4 CN",49,6,0.2266153,0.5887746,0.003868084,0.1192193,0.000235324,0.005138344,0.00921136,0.04704233,0,0,0,0,2,1,0,0,2,0,0,0,0,0,0,0,0,0,0,1
"E13HA04-03","C13","Chinese","Genuine","Happy 4 CN",50,6.125,0.2521761,0.5427603,0.00438282,0.1246959,0.000211667,0.005331348,0.01196598,0.04020368,0,0,0,0,2,1,0,0,2,0,0,0,0,0,0,0,0,0,0,1
"E13HA04-03","C13","Chinese","Genuine","Happy 4 CN",51,6.25,0.282049,0.4901558,0.004779296,0.1463323,0.000211504,0.005568301,0.01250466,0.04178755,0,0,0,0,2,1,0,0,2,0,0,0,0,0,0,0,0,0,0,1
"E13HA05-03","C13","Chinese","Genuine","Happy 5 CN",1,0,0.4591546,0.01203453,0.03026224,0.5334217,0.000981605,0.0089321,0.01345194,0,0,0,0,0,1,0,0,0,0,0,0,0,0,0,0,0,0,0,0,0
"E13HA05-03","C13","Chinese","Genuine","Happy 5 CN",2,0.125,0.435419,0.02483117,0.02533423,0.5189422,0.000909271,0.01183511,0.01529349,0,0,0,0,0,1,0,0,0,0,0,0,0,0,0,0,0,0,0,0,0
"E13HA05-03","C13","Chinese","Genuine","Happy 5 CN",3,0.25,0.405098,0.1188276,0.01994578,0.4810726,0.000786809,0.01349723,0.01523994,0.003040787,0,0,0,0,1,1,0,0,0,0,0,0,0,0,0,0,0,0,0,0
"E13HA05-03","C13","Chinese","Genuine","Happy 5 CN",4,0.375,0.347206,0.2596986,0.01652957,0.3726472,0.000651284,0.01085327,0.01419501,0.02571305,0,0,1,0,1,1,0,0,1,0,0,0,0,0,0,0,0,0,0,0
"E13HA05-03","C13","Chinese","Genuine","Happy 5 CN",5,0.5,0.2646694,0.4392531,0.01222151,0.2605785,0.000491813,0.00943646,0.01462792,0.02862248,0,0,1,0,2,1,0,0,1,0,0,0,0,0,0,0,0,0,0,1
"E13HA05-03","C13","Chinese","Genuine","Happy 5 CN",6,0.625,0.1920212,0.5943627,0.008452371,0.1802851,0.000392039,0.006633208,0.0111207,0.02004782,0,0,1,0,3,1,0,0,1,0,0,0,0,0,0,0,1,0,0,1
"E13HA05-03","C13","Chinese","Genuine","Happy 5 CN",7,0.75,0.1414907,0.7021691,0.005826827,0.1242772,0.000397641,0.004575225,0.0080585,0.0173205,0,0,1,0,3,1,0,0,2,0,0,0,0,0,0,0,2,0,0,2
"E13HA05-03","C13","Chinese","Genuine","Happy 5 CN",8,0.875,0.1159768,0.7578351,0.004018004,0.08556779,0.000545307,0.003167617,0.005910088,0.01604632,0,0,1,0,3,1,0,0,3,0,0,0,0,0,0,0,2,0,0,2
"E13HA05-03","C13","Chinese","Genuine","Happy 5 CN",9,1,0.09576143,0.8014554,0.002775684,0.05907899,0.000438247,0.00219349,0.004304979,0.01279955,0,0,0,0,3,1,0,0,3,0,0,0,0,0,0,0,3,0,0,2
"E13HA05-03","C13","Chinese","Genuine","Happy 5 CN",10,1.125,0.08360776,0.827956,0.001932145,0.04098053,0.000360338,0.001529592,0.003172464,0.009047448,0,0,0,0,3,1,0,0,3,0,0,0,0,0,0,0,3,1,0,2
"E13HA05-03","C13","Chinese","Genuine","Happy 5 CN",11,1.25,0.07745254,0.8417746,0.001346504,0.02834973,0.000320169,0.001064306,0.002381758,0.006289336,0,0,0,0,3,1,0,0,3,0,0,0,0,0,0,0,3,1,0,3
"E13HA05-03","C13","Chinese","Genuine","Happy 5 CN",12,1.375,0.07257982,0.8525571,0.000950348,0.01965839,0.000258262,0.000747727,0.001879543,0.004408068,0,0,0,0,3,1,0,0,3,0,0,0,0,0,0,0,3,1,0,3
"E13HA05-03","C13","Chinese","Genuine","Happy 5 CN",13,1.5,0.06828645,0.8618571,0.000676748,0.01384794,0.000214344,0.000530895,0.001539272,0.003205692,0,0,0,0,3,1,1,0,3,0,0,0,0,0,0,0,4,1,0,3
"E13HA05-03","C13","Chinese","Genuine","Happy 5 CN",14,1.625,0.07642497,0.8460704,0.000510095,0.009940709,0.000195941,0.000431258,0.001619856,0.002793017,0,0,0,0,3,1,1,0,3,0,0,0,0,0,0,0,4,1,0,3
"E13HA05-03","C13","Chinese","Genuine","Happy 5 CN",15,1.75,0.07355973,0.8521383,0.000394463,0.007588948,0.000163725,0.000350538,0.002049143,0.00197023,0,0,0,0,3,1,1,0,3,0,0,0,0,0,0,0,4,1,0,3
"E13HA05-03","C13","Chinese","Genuine","Happy 5 CN",16,1.875,0.08879566,0.821918,0.002439719,0.005664259,0.000431627,0.000541303,0.00589708,0.001750039,0,0,1,0,3,1,1,0,3,0,0,0,0,0,0,0,4,1,0,4
"E13HA05-03","C13","Chinese","Genuine","Happy 5 CN",17,2,0.1053019,0.7891002,0.002501573,0.00689102,0.000422108,0.002743811,0.01113538,0.001344751,0,0,1,0,3,1,1,0,3,0,0,0,0,0,0,0,4,1,0,4
"E13HA05-03","C13","Chinese","Genuine","Happy 5 CN",18,2.125,0.1464024,0.7073495,0.004431214,0.01042336,0.000369173,0.007915867,0.02650432,0.01521982,0,0,1,0,3,1,1,0,3,0,0,0,0,0,0,0,3,1,0,4
"E13HA05-03","C13","Chinese","Genuine","Happy 5 CN",19,2.25,0.180273,0.6404065,0.004832455,0.024779,0.000357436,0.01028393,0.02806677,0.02361908,0,0,1,0,3,1,1,0,3,0,0,0,0,0,0,0,3,1,0,3
"E13HA05-03","C13","Chinese","Genuine","Happy 5 CN",20,2.375,0.2079785,0.5855344,0.005977957,0.02733485,0.000292796,0.01116933,0.03562067,0.03034194,0,0,1,0,3,1,1,0,3,0,0,1,0,0,0,0,3,1,0,3
"E13HA05-03","C13","Chinese","Genuine","Happy 5 CN",21,2.5,0.2455184,0.5109116,0.005672152,0.04176725,0.000235498,0.01189148,0.0447302,0.04513253,0,0,1,0,3,1,1,0,2,0,0,1,0,0,0,0,2,1,0,3
"E13HA05-03","C13","Chinese","Genuine","Happy 5 CN",22,2.625,0.260646,0.4805437,0.005777726,0.04766811,0.000194353,0.01009879,0.04197233,0.03778366,0,0,1,0,3,2,1,0,2,0,0,1,0,0,0,0,2,1,0,3
"E13HA05-03","C13","Chinese","Genuine","Happy 5 CN",23,2.75,0.2795596,0.443305,0.007345996,0.05563432,0.000184824,0.008785409,0.04118717,0.0513489,0,0,1,0,3,2,1,0,2,0,0,1,0,0,0,0,2,1,0,3
"E13HA05-03","C13","Chinese","Genuine","Happy 5 CN",24,2.875,0.2829329,0.4363388,0.0069583,0.06596669,0.000145607,0.007203919,0.04020528,0.05300868,0,0,1,0,3,2,1,0,2,0,0,1,0,0,0,0,1,0,0,3
"E13HA05-03","C13","Chinese","Genuine","Happy 5 CN",25,3,0.2717981,0.4585904,0.006070221,0.06720336,0.000121355,0.005903069,0.03875821,0.05695089,0,0,1,0,3,2,1,0,2,0,0,2,0,0,0,0,1,0,0,3
"E13HA05-03","C13","Chinese","Genuine","Happy 5 CN",26,3.125,0.2633598,0.4752687,0.00619048,0.06066069,0.000116191,0.005356147,0.04010275,0.05958584,0,0,1,0,3,2,1,0,2,0,0,2,0,0,0,0,1,0,0,2
"E13HA05-03","C13","Chinese","Genuine","Happy 5 CN",27,3.25,0.2571464,0.4887568,0.006425417,0.05390147,0.000142068,0.005226797,0.03478112,0.05819036,0,0,1,0,3,2,1,0,2,0,0,2,0,0,0,0,1,0,0,2
"E13HA05-03","C13","Chinese","Genuine","Happy 5 CN",28,3.375,0.2528905,0.4970555,0.005878136,0.06398476,0.000154134,0.004338547,0.03302364,0.04684972,0,0,1,0,3,2,1,0,2,0,0,2,0,0,0,0,0,0,0,2
"E13HA05-03","C13","Chinese","Genuine","Happy 5 CN",29,3.5,0.2360438,0.5304883,0.004537981,0.05502674,0.000140929,0.003975771,0.0302699,0.03696201,0,0,1,0,3,2,1,0,2,0,0,1,0,0,0,0,1,0,0,2
"E13HA05-03","C13","Chinese","Genuine","Happy 5 CN",30,3.625,0.2416243,0.5198982,0.003502466,0.08034922,0.000255998,0.006357932,0.02624501,0.02675445,0,0,1,0,3,2,1,0,1,0,0,1,0,0,0,0,1,0,0,2
"E13HA05-03","C13","Chinese","Genuine","Happy 5 CN",31,3.75,0.2591097,0.487023,0.002551803,0.1009551,0.000894098,0.008355411,0.02238309,0.01844321,0,0,1,0,3,1,1,0,1,0,0,1,0,0,0,0,2,0,0,2
"E13HA05-03","C13","Chinese","Genuine","Happy 5 CN",32,3.875,0.2942023,0.423299,0.001930138,0.138245,0.001745482,0.0102453,0.02282721,0.01278755,0,0,1,0,2,1,1,0,1,0,0,1,0,0,0,0,2,1,0,2
"E13HA05-03","C13","Chinese","Genuine","Happy 5 CN",33,4,0.3184612,0.3756209,0.004919664,0.1006388,0.001956972,0.0106528,0.04192511,0.009816326,0,0,1,0,2,1,1,0,1,0,0,1,0,0,0,0,3,1,0,3
"E13HA05-03","C13","Chinese","Genuine","Happy 5 CN",34,4.125,0.3234891,0.3872252,0.006990878,0.09364092,0.001568738,0.01000159,0.05641658,0.01180222,0,0,1,0,2,1,1,0,1,0,0,0,0,0,0,0,3,1,0,3
"E13HA05-03","C13","Chinese","Genuine","Happy 5 CN",35,4.25,0.3646924,0.2847481,0.01517106,0.1404327,0.001127166,0.01110333,0.06591672,0.01261178,0,0,1,0,2,1,1,0,1,0,0,0,0,0,0,0,2,1,0,3
"E13HA05-03","C13","Chinese","Genuine","Happy 5 CN",36,4.375,0.3956631,0.2013221,0.03782377,0.1743357,0.000808019,0.009090929,0.07843857,0.008672565,0,0,1,0,2,1,0,0,1,0,0,0,0,0,0,0,2,1,0,3
"E13HA05-03","C13","Chinese","Genuine","Happy 5 CN",37,4.5,0.3966497,0.1428561,0.0362693,0.2236594,0.000583319,0.009197133,0.09919553,0.005963742,0,0,1,0,2,1,0,0,1,0,0,0,0,0,0,0,1,0,0,3
"E13HA06-04","C13","Chinese","Genuine","Happy 6 CN",1,0,0.4081378,0.3397034,0.001789804,0.1294723,0.000373764,0.01338962,0.01051523,0.01780856,0,0,0,0,2,0,0,0,1,0,0,0,0,0,0,0,0,0,0,0
"E13HA06-04","C13","Chinese","Genuine","Happy 6 CN",2,0.125,0.396701,0.3537354,0.001823873,0.1221631,0.000377306,0.01520982,0.009786152,0.02266231,0,0,0,0,2,0,0,0,1,0,0,0,0,0,0,0,0,0,0,0
"E13HA06-04","C13","Chinese","Genuine","Happy 6 CN",3,0.25,0.4097052,0.3490812,0.001888304,0.1860686,0.000420928,0.01610848,0.008252401,0.02144832,0,0,0,0,2,0,0,0,1,0,0,0,0,0,0,0,0,0,0,0
"E13HA06-04","C13","Chinese","Genuine","Happy 6 CN",4,0.375,0.4161093,0.3456187,0.001642102,0.2215426,0.00043928,0.01460915,0.007760781,0.01792169,0,0,0,0,2,0,0,0,1,0,0,0,0,0,0,0,0,0,0,0
"E13HA06-04","C13","Chinese","Genuine","Happy 6 CN",5,0.5,0.4061986,0.3543838,0.001752752,0.2560306,0.000448484,0.01611906,0.007351259,0.01790906,0,0,0,0,2,0,0,0,1,0,0,0,0,0,0,0,0,0,0,0
"E13HA06-04","C13","Chinese","Genuine","Happy 6 CN",6,0.625,0.3595382,0.4174216,0.001558244,0.2116953,0.000417333,0.01381943,0.006951041,0.03578053,0,0,0,0,2,0,0,0,1,0,0,0,0,0,0,0,0,0,0,0
"E13HA06-04","C13","Chinese","Genuine","Happy 6 CN",7,0.75,0.31354,0.479289,0.001388107,0.1804789,0.000401625,0.01209825,0.005991663,0.02704274,0,0,0,0,2,0,0,0,1,0,0,0,0,0,0,0,0,0,0,0
"E13HA06-04","C13","Chinese","Genuine","Happy 6 CN",8,0.875,0.2818215,0.5194336,0.001751645,0.1582476,0.000369108,0.01328286,0.006518058,0.07070793,0,0,0,0,2,0,0,0,1,0,0,0,0,0,0,0,0,0,0,0
"E13HA06-04","C13","Chinese","Genuine","Happy 6 CN",9,1,0.2397422,0.5877192,0.001523905,0.1223292,0.000324177,0.01215671,0.005834098,0.07234973,0,0,0,0,2,0,0,0,1,0,0,0,0,0,0,0,0,0,0,0
"E13HA06-04","C13","Chinese","Genuine","Happy 6 CN",10,1.125,0.2119148,0.6254656,0.001542873,0.09715353,0.000283095,0.01378322,0.005991155,0.0591168,0,0,0,0,2,0,0,0,1,0,0,0,0,0,0,0,0,0,0,0
"E13HA06-04","C13","Chinese","Genuine","Happy 6 CN",11,1.25,0.1853933,0.6655583,0.001287545,0.08125794,0.000234668,0.01373819,0.007360586,0.052823,0,0,0,0,2,0,0,0,1,0,0,0,0,0,0,0,1,0,0,0
"E13HA06-04","C13","Chinese","Genuine","Happy 6 CN",12,1.375,0.1534048,0.7198139,0.001087568,0.0634634,0.000232291,0.01084005,0.008135776,0.04152785,0,0,0,0,2,0,0,0,2,0,0,0,0,0,0,0,1,0,0,0
"E13HA06-04","C13","Chinese","Genuine","Happy 6 CN",13,1.5,0.1312563,0.7599015,0.002476874,0.04398643,0.000613044,0.007867788,0.01290795,0.02969767,0,0,0,0,2,0,0,0,1,0,0,0,0,0,0,0,1,0,0,2
"E13HA06-04","C13","Chinese","Genuine","Happy 6 CN",14,1.625,0.1131732,0.7894906,0.003168019,0.03156696,0.000515027,0.006128707,0.0135454,0.02309078,0,0,0,0,2,0,0,0,2,0,0,0,0,0,0,0,1,0,0,3
"E13HA06-04","C13","Chinese","Genuine","Happy 6 CN",15,1.75,0.1039777,0.8048643,0.002978232,0.02408978,0.000425823,0.005278189,0.01376126,0.01949836,0,0,0,0,2,0,0,0,2,0,0,0,0,0,0,0,1,0,0,3
"E13HA06-04","C13","Chinese","Genuine","Happy 6 CN",16,1.875,0.1000997,0.809114,0.002556342,0.02253154,0.000345526,0.004488974,0.01448642,0.01592675,0,0,0,0,2,0,0,0,2,0,0,0,0,0,0,0,1,0,0,2
"E13HA06-04","C13","Chinese","Genuine","Happy 6 CN",17,2,0.1060935,0.7944891,0.002586477,0.02087333,0.000277416,0.004384018,0.01628289,0.0140008,0,0,1,0,2,1,0,0,2,0,0,0,0,0,0,0,2,0,0,2
"E13HA06-04","C13","Chinese","Genuine","Happy 6 CN",18,2.125,0.08755362,0.829535,0.002135767,0.01807887,0.000247193,0.003691461,0.01318691,0.01092921,0,0,1,0,3,1,0,0,2,0,0,0,0,0,0,0,2,0,0,2
"E13HA06-04","C13","Chinese","Genuine","Happy 6 CN",19,2.25,0.07561768,0.8520174,0.001977222,0.01518777,0.000249877,0.003272839,0.0118456,0.01071493,0,0,1,0,3,1,0,0,2,0,0,0,0,0,0,0,2,0,0,2
"E13HA06-04","C13","Chinese","Genuine","Happy 6 CN",20,2.375,0.06976078,0.8627726,0.001595663,0.01244577,0.000241409,0.002725935,0.009965579,0.009238758,0,0,1,0,3,1,0,0,2,0,0,0,0,0,0,0,2,0,0,2
"E13HA06-04","C13","Chinese","Genuine","Happy 6 CN",21,2.5,0.06131252,0.8789828,0.001202566,0.009528594,0.000237937,0.002046762,0.008539383,0.007352027,0,0,1,0,3,1,0,0,2,0,0,0,0,0,0,0,3,0,0,2
"E13HA06-04","C13","Chinese","Genuine","Happy 6 CN",22,2.625,0.06080808,0.8795381,0.00112217,0.007642362,0.000273754,0.001849944,0.009311161,0.005487649,0,0,0,0,3,1,0,0,2,0,0,0,0,0,0,0,3,0,0,2
"E13HA06-04","C13","Chinese","Genuine","Happy 6 CN",23,2.75,0.05395291,0.8929304,0.000835503,0.007369248,0.000366732,0.001457719,0.008861661,0.004100812,0,0,0,0,3,1,0,0,3,0,0,0,0,0,0,0,3,0,0,2
"E13HA06-04","C13","Chinese","Genuine","Happy 6 CN",24,2.875,0.04867496,0.9032359,0.000646272,0.006196532,0.000341126,0.001210308,0.00653538,0.003565914,0,0,0,0,3,1,0,0,3,0,0,0,0,0,0,0,3,0,0,2
"E13HA06-04","C13","Chinese","Genuine","Happy 6 CN",25,3,0.04542686,0.909589,0.000567491,0.005771319,0.00041956,0.00108374,0.005087448,0.004594175,0,0,0,0,3,1,0,0,3,0,0,0,0,0,0,0,3,0,0,1
"E13HA06-04","C13","Chinese","Genuine","Happy 6 CN",26,3.125,0.04981858,0.9007051,0.000484276,0.007709421,0.000406736,0.001249792,0.004268042,0.003362852,0,0,0,0,3,1,0,0,3,0,0,0,0,0,0,0,3,0,0,1
"E13HA06-04","C13","Chinese","Genuine","Happy 6 CN",27,3.25,0.06759253,0.8651857,0.000578858,0.01129538,0.000416073,0.00204002,0.006572597,0.002312486,0,0,0,0,3,1,0,0,3,0,0,0,0,0,0,0,3,0,0,1
"E13HA06-04","C13","Chinese","Genuine","Happy 6 CN",28,3.375,0.1357776,0.7329133,0.002363322,0.02957205,0.000473409,0.004699956,0.008205234,0.00761528,0,0,0,0,2,1,0,0,2,0,0,0,0,0,0,0,3,0,0,1
"E13HA06-04","C13","Chinese","Genuine","Happy 6 CN",29,3.5,0.2219815,0.5454216,0.006655712,0.08173703,0.00041613,0.004941536,0.01520805,0.005236694,0,0,0,0,2,1,0,0,2,0,0,0,0,0,0,0,2,0,0,1
"E13HA06-04","C13","Chinese","Genuine","Happy 6 CN",30,3.625,0.2864407,0.4255113,0.01211786,0.1068396,0.000332771,0.004695087,0.03132777,0.02935606,0,0,0,0,2,1,0,0,2,0,0,0,0,0,0,0,2,0,0,1
"E13HA06-04","C13","Chinese","Genuine","Happy 6 CN",31,3.75,0.3185429,0.3685781,0.01255262,0.1091366,0.000327977,0.006968581,0.03525734,0.02018687,0,0,0,0,2,1,0,0,2,0,0,0,0,0,0,0,2,0,0,2
"E13HA06-04","C13","Chinese","Genuine","Happy 6 CN",32,3.875,0.350861,0.3086748,0.0139914,0.1096981,0.000284019,0.006579228,0.04803054,0.01388162,0,0,0,0,2,1,0,0,1,0,0,0,0,0,0,0,1,0,0,2
"E13HA06-04","C13","Chinese","Genuine","Happy 6 CN",33,4,0.373109,0.2638052,0.01380158,0.1370595,0.000233444,0.006735058,0.04825439,0.009545782,0,0,0,0,2,1,0,0,1,0,0,0,0,0,0,0,1,0,0,1
"E14HA01-02","C14","Chinese","Genuine","Happy 1 CN",1,0,0.4975367,0.01502748,0.06510796,0.2337564,0.00382356,0.003727222,0.03406822,0,0,0,0,0,0,0,0,0,1,0,0,0,0,0,0,0,0,0,0,2
"E14HA01-02","C14","Chinese","Genuine","Happy 1 CN",2,0.125,0.5139942,0.0167688,0.05731602,0.2621716,0.006399196,0.002948998,0.02711064,0.000468598,0,0,0,0,0,0,0,0,1,0,0,0,0,0,0,0,0,0,0,2
"E14HA01-02","C14","Chinese","Genuine","Happy 1 CN",3,0.25,0.4343749,0.1650109,0.04810556,0.207745,0.005565914,0.002219117,0.02485563,0.002249956,0,0,0,0,0,0,0,0,1,0,0,0,0,0,0,0,0,0,0,2
"E14HA01-02","C14","Chinese","Genuine","Happy 1 CN",4,0.375,0.3160774,0.3910611,0.03468307,0.1518048,0.003994595,0.001651907,0.01721693,0.002044866,0,0,0,0,0,0,0,0,2,0,0,0,0,0,0,0,1,0,0,3
"E14HA01-02","C14","Chinese","Genuine","Happy 1 CN",5,0.5,0.2492114,0.5175418,0.02476812,0.1122341,0.002803851,0.001586653,0.01197742,0.001633314,0,0,0,0,1,0,0,0,2,0,0,0,0,0,0,0,1,0,0,3
"E14HA01-02","C14","Chinese","Genuine","Happy 1 CN",6,0.625,0.2128314,0.5853153,0.01726308,0.0780291,0.001989606,0.001151904,0.009011339,0.001395853,0,0,0,0,1,0,0,0,3,0,0,0,0,0,0,0,2,0,0,3
"E14HA01-02","C14","Chinese","Genuine","Happy 1 CN",7,0.75,0.169344,0.668861,0.01202044,0.05402837,0.001408413,0.000800297,0.006382878,0.001096373,0,0,0,0,1,0,0,0,3,0,0,0,0,0,0,0,2,0,0,3
"E14HA01-02","C14","Chinese","Genuine","Happy 1 CN",8,0.875,0.1322724,0.7406465,0.008381533,0.03746036,0.000996894,0.000558445,0.004588206,0.001018503,0,0,0,0,2,0,0,0,3,0,0,0,0,0,0,0,3,0,0,3
"E14HA01-02","C14","Chinese","Genuine","Happy 1 CN",9,1,0.1100343,0.7835011,0.005904783,0.02621056,0.000747735,0.000386354,0.003356694,0.001078247,0,0,0,0,2,0,0,0,4,0,0,0,0,0,0,0,3,1,0,3
"E14HA01-02","C14","Chinese","Genuine","Happy 1 CN",10,1.125,0.0812789,0.839897,0.004123834,0.01845772,0.000562625,0.000268719,0.00234466,0.000803548,0,0,0,0,2,0,0,0,4,0,0,0,0,0,0,0,3,1,0,3
"E14HA01-02","C14","Chinese","Genuine","Happy 1 CN",11,1.25,0.05974983,0.8821884,0.002907285,0.01328492,0.000441142,0.000186333,0.001663177,0.000568428,0,0,0,0,2,0,0,0,4,0,0,0,0,0,0,0,4,1,0,3
"E14HA01-02","C14","Chinese","Genuine","Happy 1 CN",12,1.375,0.04599915,0.9091625,0.002307186,0.009423375,0.000371916,0.000130157,0.00117817,0.000433821,0,0,0,0,2,0,0,0,4,0,0,0,0,0,0,0,4,1,0,3
"E14HA01-02","C14","Chinese","Genuine","Happy 1 CN",13,1.5,0.03647277,0.9278527,0.001771157,0.006742059,0.000383058,9.1419e-05,0.000828284,0.000380242,0,0,0,0,3,0,0,0,4,0,0,0,0,0,0,0,4,1,0,3
"E14HA01-02","C14","Chinese","Genuine","Happy 1 CN",14,1.625,0.0278441,0.9448607,0.001424421,0.004824677,0.000472066,6.5008e-05,0.000581588,0.000299233,0,0,0,0,3,0,0,0,4,0,0,0,0,0,0,0,4,1,0,4
"E14HA01-02","C14","Chinese","Genuine","Happy 1 CN",15,1.75,0.0217412,0.956895,0.001344188,0.003505035,0.000392698,4.5898e-05,0.000411756,0.000385181,0,0,0,0,3,0,0,0,4,0,0,0,0,0,0,0,4,1,0,4
"E14HA01-02","C14","Chinese","Genuine","Happy 1 CN",16,1.875,0.01829188,0.9636758,0.001134263,0.002647284,0.000342746,3.3266e-05,0.000350324,0.000426224,0,0,0,0,3,0,0,0,4,0,0,0,0,0,0,0,4,1,0,4
"E14HA01-02","C14","Chinese","Genuine","Happy 1 CN",17,2,0.01590051,0.9683775,0.000865791,0.002095289,0.000282934,2.5167e-05,0.000280972,0.000596171,0,0,0,0,3,0,0,0,4,0,0,0,0,0,0,0,4,1,0,4
"E14HA01-02","C14","Chinese","Genuine","Happy 1 CN",18,2.125,0.01491207,0.9702985,0.00068239,0.001565508,0.000319479,2.0147e-05,0.000221426,0.000677704,0,0,0,0,3,0,0,0,4,0,0,0,0,0,0,0,4,1,0,4
"E14HA01-02","C14","Chinese","Genuine","Happy 1 CN",19,2.25,0.01416903,0.9717463,0.00055778,0.001308817,0.000329689,1.7819e-05,0.000184732,0.000595383,0,0,0,0,3,0,0,0,4,0,0,0,0,0,0,0,4,1,0,3
"E14HA01-02","C14","Chinese","Genuine","Happy 1 CN",20,2.375,0.01385885,0.9723403,0.000460267,0.001117411,0.000379774,1.544e-05,0.000167354,0.000429388,0,0,0,0,3,0,0,0,4,0,0,0,0,0,0,0,4,1,0,3
"E14HA01-02","C14","Chinese","Genuine","Happy 1 CN",21,2.5,0.01440877,0.9712223,0.000343306,0.000965054,0.000368965,1.2538e-05,0.000201536,0.000706965,0,0,0,0,3,0,0,0,4,0,0,0,0,0,0,0,4,1,0,3
"E14HA01-02","C14","Chinese","Genuine","Happy 1 CN",22,2.625,0.01565115,0.9687251,0.000261592,0.000856046,0.000303871,1.3127e-05,0.000322663,0.000775786,0,0,0,0,3,0,0,0,4,0,0,0,0,0,0,0,4,1,0,3
"E14HA01-02","C14","Chinese","Genuine","Happy 1 CN",23,2.75,0.01429711,0.9714246,0.0002033,0.000953934,0.000319775,1.4812e-05,0.000366253,0.000711777,0,0,0,0,3,0,0,0,4,0,0,0,0,0,0,0,4,1,0,3
"E14HA01-02","C14","Chinese","Genuine","Happy 1 CN",24,2.875,0.01418716,0.9716386,0.000173395,0.001035084,0.000466547,1.8167e-05,0.000384891,0.000650727,0,0,0,0,3,0,0,0,4,0,0,0,0,0,0,0,4,1,0,3
"E14HA01-02","C14","Chinese","Genuine","Happy 1 CN",25,3,0.01527943,0.96945,0.000191184,0.001022612,0.000441812,1.6245e-05,0.000550283,0.00049156,0,0,0,0,2,0,0,0,4,0,0,0,0,0,0,0,4,1,0,4
"E14HA01-02","C14","Chinese","Genuine","Happy 1 CN",26,3.125,0.01915636,0.9616934,0.000216468,0.001018872,0.000449437,1.8991e-05,0.00081717,0.000418942,0,0,0,0,2,0,0,0,4,0,0,0,0,0,0,0,4,1,0,4
"E14HA01-02","C14","Chinese","Genuine","Happy 1 CN",27,3.25,0.02237333,0.9552576,0.000192035,0.001343167,0.000423092,2.3604e-05,0.001159982,0.000299688,0,0,0,0,2,0,0,0,4,0,0,0,0,0,0,0,4,1,0,4
"E14HA01-02","C14","Chinese","Genuine","Happy 1 CN",28,3.375,0.02122265,0.9575576,0.000190126,0.001431609,0.000345046,2.5702e-05,0.001423111,0.000276069,0,0,0,0,2,0,0,0,4,0,0,0,0,0,0,0,4,1,0,4
"E14HA01-02","C14","Chinese","Genuine","Happy 1 CN",29,3.5,0.02361261,0.9527768,0.000205951,0.001251698,0.000301996,2.4075e-05,0.001703035,0.000208569,0,0,0,0,2,0,0,0,4,0,0,0,0,0,0,0,4,1,0,4
"E14HA01-02","C14","Chinese","Genuine","Happy 1 CN",30,3.625,0.04111383,0.917774,0.000212196,0.001785239,0.000280581,6.2004e-05,0.006679552,0.000419193,0,0,1,0,2,0,0,0,4,0,0,0,0,0,0,0,4,1,0,4
"E14HA01-02","C14","Chinese","Genuine","Happy 1 CN",31,3.75,0.06467279,0.8706564,0.00021157,0.006187752,0.000252524,0.000200199,0.01878739,0.000340128,0,0,1,0,2,0,0,0,4,0,0,0,0,0,0,0,4,1,0,4
"E14HA01-02","C14","Chinese","Genuine","Happy 1 CN",32,3.875,0.08851172,0.8229967,0.000284445,0.0253539,0.000229164,0.000404472,0.02584441,0.000380973,0,0,1,0,2,0,0,0,4,0,0,0,0,0,0,0,4,1,0,4
"E14HA01-02","C14","Chinese","Genuine","Happy 1 CN",33,4,0.174348,0.651383,0.007298212,0.04273746,0.000205562,0.000502427,0.08303191,0.002240631,0,0,1,0,2,0,0,0,3,0,0,0,0,0,0,0,3,1,0,4
"E14HA01-02","C14","Chinese","Genuine","Happy 1 CN",34,4.125,0.2569456,0.4691502,0.02383933,0.06787021,0.000310177,0.000521304,0.08754254,0.001941795,0,0,1,0,1,0,0,0,3,0,0,0,0,0,0,0,3,1,0,4
"E14HA01-02","C14","Chinese","Genuine","Happy 1 CN",35,4.25,0.3141649,0.3420118,0.03291273,0.08509207,0.000332702,0.00046668,0.0945658,0.002450012,0,0,1,0,1,0,0,0,3,0,0,0,0,0,0,0,3,1,0,4
"E14HA01-02","C14","Chinese","Genuine","Happy 1 CN",36,4.375,0.3297709,0.2800424,0.03249267,0.1454523,0.000288935,0.000463673,0.07456205,0.003555275,0,0,1,0,1,0,0,0,3,0,0,0,0,0,0,0,3,1,0,4
"E14HA01-02","C14","Chinese","Genuine","Happy 1 CN",37,4.5,0.333815,0.25027,0.02924073,0.1998324,0.000271759,0.000621389,0.0635266,0.00427004,0,0,1,0,1,0,0,0,3,0,0,0,0,0,0,0,2,0,0,4
"E14HA01-02","C14","Chinese","Genuine","Happy 1 CN",38,4.625,0.3523012,0.2019732,0.02670559,0.2073106,0.000207805,0.000574644,0.05667076,0.006041827,0,0,1,0,1,0,0,0,3,0,0,0,0,0,0,0,2,0,0,4
"E14HA01-02","C14","Chinese","Genuine","Happy 1 CN",39,4.75,0.3586986,0.1709954,0.02698088,0.2249857,0.000174913,0.000502194,0.05593631,0.009516206,0,0,1,0,1,0,0,0,2,0,0,0,0,0,0,0,1,0,0,4
"E14HA01-02","C14","Chinese","Genuine","Happy 1 CN",40,4.875,0.3636059,0.1483397,0.02938987,0.2353931,0.000136057,0.000505491,0.06470117,0.00906669,0,0,0,0,1,0,0,0,2,0,0,0,0,0,0,0,1,0,0,4
"E14HA01-04","C14","Chinese","Genuine","Happy 1 CN",1,0,0.4113242,0.003343679,0.004784408,0.2146196,0.01946916,0.07087535,0.04536648,6.8687e-05,0,0,0,0,0,0,0,0,0,0,0,0,0,0,0,0,3,1,0,3
"E14HA01-04","C14","Chinese","Genuine","Happy 1 CN",2,0.125,0.4233148,0.01266696,0.005011616,0.1920682,0.0154705,0.07602639,0.06654298,6.456e-05,0,0,0,0,0,0,0,0,0,0,0,0,0,0,0,0,3,1,0,3
"E14HA01-04","C14","Chinese","Genuine","Happy 1 CN",3,0.25,0.4185798,0.03775834,0.004814798,0.1554004,0.01109416,0.05733822,0.1053182,8.1705e-05,0,0,0,0,0,0,0,0,0,0,0,0,0,0,0,0,3,1,0,3
"E14HA01-04","C14","Chinese","Genuine","Happy 1 CN",4,0.375,0.3927906,0.1285371,0.005035489,0.1137529,0.008318639,0.04149146,0.1198331,9.6406e-05,0,0,0,0,0,0,0,0,0,0,0,0,0,0,0,0,3,1,0,3
"E14HA01-04","C14","Chinese","Genuine","Happy 1 CN",5,0.5,0.3793853,0.1822184,0.003704452,0.1008472,0.005893738,0.02917143,0.1619442,0.000237192,0,0,0,0,0,0,0,0,0,0,0,0,0,0,0,0,3,1,0,3
"E14HA01-04","C14","Chinese","Genuine","Happy 1 CN",6,0.625,0.3728855,0.2137435,0.002757532,0.1066346,0.00415767,0.02049093,0.1904789,0.000292333,0,0,0,0,0,0,0,0,0,0,0,0,0,0,0,0,3,1,0,4
"E14HA01-04","C14","Chinese","Genuine","Happy 1 CN",7,0.75,0.3617882,0.2047279,0.002223405,0.1240753,0.002982474,0.01537357,0.232699,0.000303881,0,0,0,0,0,0,0,0,0,0,0,0,0,0,0,0,3,1,0,3
"E14HA01-04","C14","Chinese","Genuine","Happy 1 CN",8,0.875,0.3575282,0.1847006,0.001794293,0.1229326,0.002153887,0.01151926,0.2549705,0.000412614,0,0,0,0,0,0,0,0,1,0,0,0,0,0,0,0,3,1,0,3
"E14HA01-04","C14","Chinese","Genuine","Happy 1 CN",9,1,0.3591524,0.1826072,0.001586413,0.1328219,0.001535519,0.009012114,0.2612512,0.000483742,0,0,0,0,0,0,0,0,1,0,0,0,0,0,0,0,3,1,0,3
"E14HA01-04","C14","Chinese","Genuine","Happy 1 CN",10,1.125,0.3552663,0.1759433,0.001664226,0.1534669,0.001118369,0.00784889,0.2754898,0.000477166,0,0,1,0,0,0,0,0,1,0,0,0,0,0,0,0,3,1,0,3
"E14HA01-04","C14","Chinese","Genuine","Happy 1 CN",11,1.25,0.3481683,0.1700192,0.001485765,0.1571299,0.000818754,0.006225124,0.2941822,0.000337602,0,0,1,0,0,0,0,0,1,0,0,0,0,0,0,0,3,1,0,3
"E14HA01-04","C14","Chinese","Genuine","Happy 1 CN",12,1.375,0.3376912,0.1538802,0.001351745,0.1555562,0.000639987,0.005122062,0.3181871,0.000448353,0,0,1,0,0,0,0,0,1,0,0,0,0,0,0,0,3,1,0,3
"E14HA01-04","C14","Chinese","Genuine","Happy 1 CN",13,1.5,0.3257409,0.1372761,0.00115689,0.1572862,0.000524065,0.005124545,0.3442303,0.000631747,0,0,1,0,0,0,0,0,1,0,0,0,0,0,0,0,3,1,0,3
"E14HA01-04","C14","Chinese","Genuine","Happy 1 CN",14,1.625,0.3294898,0.1272079,0.000883256,0.1585315,0.000496178,0.005169725,0.3381861,0.000655454,0,0,1,0,0,0,0,0,1,0,0,0,0,0,0,0,3,1,0,3
"E14HA01-04","C14","Chinese","Genuine","Happy 1 CN",15,1.75,0.3407267,0.1254384,0.000724309,0.1791871,0.000453023,0.005596132,0.3167098,0.000704513,0,0,1,0,0,0,0,0,1,0,0,0,0,0,0,0,3,1,0,3
"E14HA01-04","C14","Chinese","Genuine","Happy 1 CN",16,1.875,0.3526505,0.1207802,0.000651685,0.1990621,0.000424207,0.006412333,0.290666,0.000670631,0,0,1,0,0,0,0,0,1,0,0,0,0,0,0,0,3,1,0,3
"E14HA01-04","C14","Chinese","Genuine","Happy 1 CN",17,2,0.3535633,0.1424483,0.000549867,0.1740949,0.000398891,0.006096665,0.2902636,0.000727218,0,0,1,0,0,0,0,0,1,0,0,0,0,0,0,0,3,1,0,3
"E14HA01-04","C14","Chinese","Genuine","Happy 1 CN",18,2.125,0.3491102,0.1489702,0.000504017,0.1629816,0.000346273,0.005428216,0.3000987,0.000698244,0,0,1,0,0,0,0,0,1,0,0,0,0,0,0,0,3,1,0,3
"E14HA01-04","C14","Chinese","Genuine","Happy 1 CN",19,2.25,0.3430182,0.1478955,0.000510497,0.169412,0.000323497,0.005331773,0.3129606,0.000762874,0,0,1,0,0,0,0,0,1,0,0,0,0,0,0,0,3,1,0,3
"E14HA01-04","C14","Chinese","Genuine","Happy 1 CN",20,2.375,0.338636,0.1449251,0.000490733,0.1702546,0.000297916,0.005584206,0.3222556,0.000758433,0,0,1,0,0,0,0,0,1,0,0,0,0,0,0,0,3,1,0,4
"E14HA01-04","C14","Chinese","Genuine","Happy 1 CN",21,2.5,0.340909,0.1402604,0.000482688,0.1848164,0.000283898,0.006019586,0.3181522,0.000728793,0,0,1,0,0,0,0,0,0,0,0,0,0,0,0,0,3,1,0,3
"E14HA01-04","C14","Chinese","Genuine","Happy 1 CN",22,2.625,0.3461021,0.1338928,0.000454943,0.1894404,0.000331378,0.006156245,0.3081052,0.000770375,0,0,1,0,0,0,0,0,0,0,0,0,0,0,0,0,3,1,0,3
"E14HA01-04","C14","Chinese","Genuine","Happy 1 CN",23,2.75,0.3308413,0.1124329,0.000482276,0.2015472,0.000327136,0.006835283,0.3388236,0.000736722,0,0,1,0,0,0,0,0,0,0,0,0,0,0,0,0,3,1,0,3
"E14HA01-04","C14","Chinese","Genuine","Happy 1 CN",24,2.875,0.3229483,0.09642786,0.000500507,0.2052335,0.000322371,0.007600655,0.3554786,0.000766309,0,0,1,0,0,0,0,0,0,0,0,0,0,0,0,0,3,1,0,3
"E14HA01-04","C14","Chinese","Genuine","Happy 1 CN",25,3,0.3204486,0.0882906,0.000595991,0.1942508,0.000323607,0.008388365,0.3605998,0.000773183,0,0,1,0,0,0,0,0,0,0,0,0,0,0,0,0,3,1,0,3
"E14HA01-04","C14","Chinese","Genuine","Happy 1 CN",26,3.125,0.3070899,0.07825316,0.000680227,0.1883758,0.000319666,0.009917017,0.387471,0.000758321,0,0,1,0,0,0,0,0,0,0,0,0,0,0,0,0,3,1,0,3
"E14HA01-04","C14","Chinese","Genuine","Happy 1 CN",27,3.25,0.3002488,0.08120693,0.000788671,0.1715043,0.000349531,0.009687373,0.4011804,0.000728801,0,0,1,0,0,0,0,0,0,0,0,0,0,0,0,0,3,1,0,3
"E14HA01-04","C14","Chinese","Genuine","Happy 1 CN",28,3.375,0.283296,0.07816515,0.001506392,0.123292,0.000783746,0.009002153,0.4347753,0.000646272,0,0,1,0,0,0,0,0,0,0,0,0,0,0,0,0,3,1,0,4
"E14HA01-04","C14","Chinese","Genuine","Happy 1 CN",29,3.5,0.3037003,0.06952419,0.001201044,0.1805011,0.000777038,0.009467151,0.3917414,0.000601231,0,0,1,0,0,0,0,0,0,0,0,0,0,0,0,0,3,1,0,4
"E14HA01-04","C14","Chinese","Genuine","Happy 1 CN",30,3.625,0.3114338,0.06838535,0.001135974,0.202591,0.000835848,0.009894449,0.3808496,0.000446779,0,0,1,0,0,0,0,0,0,0,0,0,0,0,0,0,3,1,0,3
"E14HA01-04","C14","Chinese","Genuine","Happy 1 CN",31,3.75,0.3155746,0.06328085,0.000995412,0.2513204,0.00093894,0.0135071,0.3462855,0.000668166,0,0,1,0,0,0,0,0,0,0,0,0,0,0,0,0,3,1,0,3
"E14HA01-04","C14","Chinese","Genuine","Happy 1 CN",32,3.875,0.3080556,0.06547928,0.00083043,0.3077201,0.001312177,0.01361555,0.2937291,0.00088756,0,0,1,0,0,0,0,0,0,0,0,0,0,0,0,0,3,1,0,3
"E14HA01-04","C14","Chinese","Genuine","Happy 1 CN",33,4,0.3020701,0.06964576,0.000872625,0.3512455,0.001756066,0.01377185,0.2601349,0.000942967,0,0,1,0,0,0,0,0,0,0,0,0,0,0,0,0,3,1,0,3
"E14HA01-04","C14","Chinese","Genuine","Happy 1 CN",34,4.125,0.2914212,0.06631801,0.000885345,0.3931521,0.002386998,0.01286292,0.2414772,0.000753934,0,0,1,0,0,0,0,0,0,0,0,0,0,0,0,0,3,1,0,3
"E14HA01-04","C14","Chinese","Genuine","Happy 1 CN",35,4.25,0.2896214,0.06713855,0.00079997,0.4085934,0.002767282,0.01684701,0.2319149,0.000903322,0,0,1,0,0,0,0,0,0,0,0,0,0,0,0,0,3,1,0,3
"E14HA01-04","C14","Chinese","Genuine","Happy 1 CN",36,4.375,0.3037011,0.06854257,0.000994034,0.3906666,0.002782851,0.01848098,0.2235392,0.00084853,0,0,1,0,0,0,0,0,0,0,0,0,0,0,0,0,3,1,0,3
"E14HA01-04","C14","Chinese","Genuine","Happy 1 CN",37,4.5,0.3212624,0.06232264,0.001403124,0.3623205,0.00264729,0.01761733,0.2328226,0.000600738,0,0,1,0,0,0,0,0,0,0,0,0,0,0,0,0,3,1,0,3
"E14HA01-04","C14","Chinese","Genuine","Happy 1 CN",38,4.625,0.3168038,0.06524941,0.00173258,0.2913091,0.002165231,0.01618818,0.2858696,0.000504794,0,0,1,0,0,0,0,0,0,0,0,0,0,0,0,0,3,1,0,3
"E14HA01-04","C14","Chinese","Genuine","Happy 1 CN",39,4.75,0.3068407,0.06275998,0.001801437,0.2463739,0.001741175,0.01526274,0.334299,0.000483419,0,0,1,0,0,0,0,0,0,0,0,0,0,0,0,0,3,1,0,3
"E14HA02-01","C14","Chinese","Genuine","Happy 2 CN",1,0,0.6013651,0.00016715,0.09971835,0.2864325,0.003888691,0.003225356,0.01787715,5.3824e-05,0,0,0,0,0,0,0,0,0,0,0,0,0,0,0,0,1,0,0,2
"E14HA02-01","C14","Chinese","Genuine","Happy 2 CN",2,0.125,0.5713278,0.000229879,0.1118749,0.2810211,0.004572914,0.004144673,0.01919251,3.7012e-05,0,0,0,0,0,0,0,0,0,0,0,0,0,0,0,0,1,0,0,2
"E14HA02-01","C14","Chinese","Genuine","Happy 2 CN",3,0.25,0.5293726,0.000271023,0.1172565,0.2866609,0.003724815,0.004069788,0.02277981,6.0362e-05,0,0,0,0,0,0,0,0,0,0,0,0,0,0,0,0,1,0,0,2
"E14HA02-01","C14","Chinese","Genuine","Happy 2 CN",4,0.375,0.4945139,0.000488174,0.1096467,0.2786132,0.003091981,0.003822888,0.03285852,7.8337e-05,0,0,0,0,0,0,0,0,0,0,0,0,0,0,0,0,1,0,0,3
"E14HA02-01","C14","Chinese","Genuine","Happy 2 CN",5,0.5,0.4306669,0.000802568,0.09327967,0.3342909,0.002367423,0.004070705,0.03936689,5.3869e-05,0,0,0,0,0,0,0,0,0,0,0,0,0,0,0,0,1,0,0,3
"E14HA02-01","C14","Chinese","Genuine","Happy 2 CN",6,0.625,0.3876197,0.001832548,0.0841179,0.3613451,0.001710032,0.004102623,0.05318294,0.000245211,0,0,0,0,0,0,0,0,0,0,0,0,0,0,0,0,1,0,0,3
"E14HA02-01","C14","Chinese","Genuine","Happy 2 CN",7,0.75,0.3578425,0.01096003,0.06858612,0.3791113,0.00120055,0.003149534,0.08907676,0.000275469,0,0,0,0,0,0,0,0,0,0,0,0,0,0,0,0,1,0,0,3
"E14HA02-01","C14","Chinese","Genuine","Happy 2 CN",8,0.875,0.331116,0.01352987,0.05980916,0.4033458,0.00084312,0.002413635,0.1128593,0.000189428,0,0,0,0,0,0,0,0,0,0,0,0,0,0,0,0,0,0,0,3
"E14HA02-01","C14","Chinese","Genuine","Happy 2 CN",9,1,0.3578822,0.03309075,0.04788107,0.3299736,0.000610706,0.001916395,0.1251945,0.000130261,0,0,0,0,0,0,0,0,0,0,0,0,0,0,0,0,0,0,0,3
"E14HA02-01","C14","Chinese","Genuine","Happy 2 CN",10,1.125,0.3748496,0.05261353,0.04838385,0.2821441,0.000466066,0.001476782,0.139322,9.3604e-05,0,0,0,0,1,0,0,0,0,0,0,0,0,0,0,0,0,0,0,3
"E14HA02-01","C14","Chinese","Genuine","Happy 2 CN",11,1.25,0.37204,0.08543082,0.05746982,0.2370105,0.000359535,0.001302156,0.1797496,6.4367e-05,0,0,0,0,1,1,0,0,0,0,0,0,0,0,0,0,0,0,0,3
"E14HA02-01","C14","Chinese","Genuine","Happy 2 CN",12,1.375,0.3639298,0.1550565,0.0480889,0.2024421,0.000281183,0.001156951,0.1672205,7.5401e-05,0,0,0,0,1,1,0,0,0,0,0,0,0,0,0,0,0,0,0,3
"E14HA02-01","C14","Chinese","Genuine","Happy 2 CN",13,1.5,0.3689913,0.1815229,0.04512247,0.2004301,0.000241946,0.001136404,0.1823087,0.000259437,0,0,0,0,1,1,0,0,1,0,0,0,0,0,0,0,0,0,0,3
"E14HA02-01","C14","Chinese","Genuine","Happy 2 CN",14,1.625,0.3497325,0.2452265,0.04024898,0.1812015,0.000252411,0.00114186,0.1645874,0.000315215,0,0,0,0,1,1,0,0,1,0,0,0,0,0,0,0,0,0,0,3
"E14HA02-01","C14","Chinese","Genuine","Happy 2 CN",15,1.75,0.3539598,0.2540749,0.03625571,0.1676644,0.000313421,0.001170752,0.175975,0.000399703,0,0,0,0,2,1,0,0,1,0,0,0,0,0,0,0,0,0,0,3
"E14HA02-01","C14","Chinese","Genuine","Happy 2 CN",16,1.875,0.3650636,0.2437551,0.03590316,0.1760615,0.000354955,0.001139447,0.1626498,0.000438081,0,0,0,0,2,1,0,0,1,0,0,0,0,0,0,0,0,0,0,3
"E14HA02-01","C14","Chinese","Genuine","Happy 2 CN",17,2,0.3655857,0.2508807,0.03514097,0.1655099,0.000382199,0.001290075,0.1633017,0.000493854,0,0,0,0,2,1,0,0,1,0,0,0,0,0,0,0,0,0,0,3
"E14HA02-01","C14","Chinese","Genuine","Happy 2 CN",18,2.125,0.3695394,0.2485958,0.03421419,0.1701773,0.000355779,0.001139291,0.1534074,0.000694558,0,0,0,0,3,1,0,0,1,0,0,0,0,0,0,0,0,0,0,3
"E14HA02-01","C14","Chinese","Genuine","Happy 2 CN",19,2.25,0.3495707,0.292426,0.06179392,0.1277903,0.000378531,0.0010078,0.1466239,0.001097133,0,0,0,0,2,1,0,0,1,0,0,0,0,0,0,0,0,0,0,3
"E14HA02-01","C14","Chinese","Genuine","Happy 2 CN",20,2.375,0.334573,0.3250625,0.04922476,0.1410609,0.000306772,0.000753208,0.1223885,0.001128254,0,0,0,0,2,1,0,0,2,0,0,0,0,0,0,0,0,0,0,3
"E14HA02-01","C14","Chinese","Genuine","Happy 2 CN",21,2.5,0.3282271,0.3395729,0.04061176,0.1512402,0.000256646,0.000594856,0.1031421,0.00091377,0,0,0,0,2,0,0,0,2,0,0,0,0,0,0,0,0,0,0,3
"E14HA02-01","C14","Chinese","Genuine","Happy 2 CN",22,2.625,0.2873522,0.4225653,0.03046818,0.1495952,0.000209353,0.00054576,0.08199501,0.000819068,0,0,0,0,2,0,0,0,2,0,0,0,0,0,0,0,0,0,0,4
"E14HA02-01","C14","Chinese","Genuine","Happy 2 CN",23,2.75,0.2050746,0.5879732,0.02099821,0.1045085,0.000247215,0.000378447,0.05656087,0.000645821,0,0,0,0,2,0,0,0,3,0,0,0,0,0,0,0,1,0,0,3
"E14HA02-01","C14","Chinese","Genuine","Happy 2 CN",24,2.875,0.1479424,0.7028241,0.01452052,0.07365295,0.000295961,0.000262039,0.0389369,0.000462257,0,0,0,0,2,0,0,0,3,0,0,0,0,0,0,0,3,0,0,4
"E14HA02-01","C14","Chinese","Genuine","Happy 2 CN",25,3,0.105605,0.7879022,0.01013879,0.05127792,0.000259223,0.000181587,0.02681586,0.00054638,0,0,0,0,2,0,0,0,3,0,0,0,0,0,0,0,3,0,0,4
"E14HA02-01","C14","Chinese","Genuine","Happy 2 CN",26,3.125,0.07558223,0.848225,0.007058604,0.0358916,0.00024795,0.000126355,0.01846198,0.000558743,0,0,0,0,2,0,0,0,4,0,0,0,0,0,0,0,3,1,0,4
"E14HA02-01","C14","Chinese","Genuine","Happy 2 CN",27,3.25,0.05393446,0.8917112,0.005052574,0.02549071,0.000227695,8.93e-05,0.01272508,0.000552756,0,0,0,0,2,0,0,0,4,0,0,0,0,0,0,0,3,1,0,4
"E14HA02-01","C14","Chinese","Genuine","Happy 2 CN",28,3.375,0.0391339,0.9214435,0.003526683,0.01833806,0.000247933,6.9633e-05,0.008797286,0.0004689,0,0,0,0,2,0,0,0,4,0,0,0,0,0,0,0,4,1,0,4
"E14HA02-01","C14","Chinese","Genuine","Happy 2 CN",29,3.5,0.03678054,0.9262405,0.002436359,0.02100601,0.000250057,0.00013415,0.006543925,0.000330356,0,0,0,0,2,0,0,0,4,0,0,0,0,0,0,0,4,1,0,3
"E14HA02-01","C14","Chinese","Genuine","Happy 2 CN",30,3.625,0.07302351,0.8538289,0.001883932,0.06858537,0.00044637,0.00042479,0.01396589,0.000298217,0,0,0,0,2,1,0,0,3,0,0,0,0,0,0,0,4,1,0,3
"E14HA02-01","C14","Chinese","Genuine","Happy 2 CN",31,3.75,0.1563632,0.6634777,0.002448476,0.1477294,0.000649666,0.000927825,0.01936807,0.000205071,0,0,0,0,2,1,0,0,3,0,0,0,0,0,0,0,4,1,0,3
"E14HA02-01","C14","Chinese","Genuine","Happy 2 CN",32,3.875,0.2343744,0.4630235,0.009230249,0.1607301,0.000794399,0.001074031,0.04962341,0.000144087,0,0,0,0,2,1,0,0,3,0,0,0,0,0,0,0,3,1,0,4
"E14HA02-01","C14","Chinese","Genuine","Happy 2 CN",33,4,0.2819608,0.3254028,0.02110794,0.1814213,0.001021436,0.001724147,0.0686902,9.9083e-05,0,0,0,0,1,1,0,0,3,0,0,0,0,0,0,0,3,1,0,4
"E14HA02-01","C14","Chinese","Genuine","Happy 2 CN",34,4.125,0.3036916,0.2321676,0.0352844,0.2176483,0.001018307,0.001905582,0.08470805,6.8135e-05,0,0,0,0,1,1,0,0,2,0,0,0,0,0,0,0,3,1,0,4
"E14HA02-01","C14","Chinese","Genuine","Happy 2 CN",35,4.25,0.3324787,0.1714755,0.06070018,0.2148923,0.000928619,0.002135929,0.09276104,4.6853e-05,0,0,0,0,1,1,0,0,2,0,0,0,0,0,0,0,3,1,0,4
"E14HA02-01","C14","Chinese","Genuine","Happy 2 CN",36,4.375,0.3509714,0.1316659,0.0697597,0.2155413,0.000807235,0.002604091,0.1061109,3.2219e-05,0,0,0,0,1,1,1,0,2,0,0,0,0,0,0,0,3,1,0,4
"E14HA02-01","C14","Chinese","Genuine","Happy 2 CN",37,4.5,0.3623619,0.106069,0.08750613,0.2185824,0.000907285,0.002698319,0.1132973,2.2156e-05,0,0,0,0,1,1,1,0,1,0,0,0,0,0,0,0,2,0,0,4
"E14HA02-01","C14","Chinese","Genuine","Happy 2 CN",38,4.625,0.3851199,0.09967327,0.08688758,0.1908338,0.001037598,0.002820525,0.1146433,1.5235e-05,0,0,0,0,1,1,1,0,1,0,0,0,0,0,0,0,2,0,0,4
"E14HA02-01","C14","Chinese","Genuine","Happy 2 CN",39,4.75,0.3858927,0.09339508,0.08908607,0.2015473,0.000741186,0.00217493,0.1191721,1.0477e-05,0,0,0,0,1,1,1,0,1,0,0,0,0,0,0,0,2,0,0,4
"E14HA02-01","C14","Chinese","Genuine","Happy 2 CN",40,4.875,0.3761037,0.1022127,0.08053126,0.2296142,0.00052335,0.001632717,0.1053229,7.204e-06,0,0,0,0,1,1,1,0,1,0,0,0,0,0,0,0,1,0,0,4
"E14HA02-01","C14","Chinese","Genuine","Happy 2 CN",41,5,0.3816949,0.1323445,0.07836545,0.224208,0.000388664,0.001491236,0.1029982,4.954e-06,0,0,0,0,1,1,0,0,1,0,0,0,0,0,0,0,1,0,0,3
"E14HA02-01","C14","Chinese","Genuine","Happy 2 CN",42,5.125,0.3763142,0.1753809,0.06631058,0.2389098,0.000318087,0.001415352,0.09070107,3.407e-06,0,0,0,0,1,1,0,0,1,0,0,0,0,0,0,0,1,0,0,3
"E14HA02-01","C14","Chinese","Genuine","Happy 2 CN",43,5.25,0.3593596,0.2319224,0.05808859,0.2319208,0.00026951,0.001195128,0.07972211,2.343e-06,0,0,0,0,1,1,0,0,2,0,0,0,0,0,0,0,1,0,0,3
"E14HA02-01","C14","Chinese","Genuine","Happy 2 CN",44,5.375,0.3315958,0.3029339,0.05369022,0.198528,0.000222744,0.001115764,0.09336664,0.000820811,0,0,0,0,1,1,0,0,2,0,0,0,0,0,0,0,1,0,0,3
"E14HA02-01","C14","Chinese","Genuine","Happy 2 CN",45,5.5,0.2948835,0.3869731,0.04370819,0.2213258,0.000178792,0.001112043,0.08324455,0.001732468,0,0,0,0,1,1,0,0,2,0,0,0,0,0,0,0,1,0,0,3
"E14HA02-01","C14","Chinese","Genuine","Happy 2 CN",46,5.625,0.2590921,0.4658798,0.03347914,0.234282,0.000167054,0.001028623,0.07568261,0.002751511,0,0,0,0,1,1,0,0,2,0,0,0,0,0,0,0,0,0,0,3
"E14HA02-01","C14","Chinese","Genuine","Happy 2 CN",47,5.75,0.2579499,0.4732113,0.0262136,0.2463332,0.000198166,0.000949837,0.06977765,0.002917528,0,0,0,0,1,1,0,0,2,0,0,0,0,0,0,0,0,0,0,3
"E14HA02-01","C14","Chinese","Genuine","Happy 2 CN",48,5.875,0.248355,0.495885,0.0225299,0.2205654,0.000218807,0.000813247,0.05921695,0.002757803,0,0,0,0,1,1,0,0,2,0,0,0,0,0,0,0,0,0,0,3
"E14HA02-01","C14","Chinese","Genuine","Happy 2 CN",49,6,0.2648217,0.4653338,0.02191802,0.2350434,0.000228307,0.000906775,0.05712034,0.003197037,0,0,0,0,1,1,0,0,2,0,0,0,0,0,0,0,0,0,0,3
"E14HA02-01","C14","Chinese","Genuine","Happy 2 CN",50,6.125,0.2584739,0.479672,0.02045859,0.2302717,0.000276016,0.000907367,0.05514129,0.002665198,0,0,0,0,1,1,0,0,3,0,0,0,0,0,0,0,0,0,0,3
"E14HA02-01","C14","Chinese","Genuine","Happy 2 CN",51,6.25,0.2683097,0.4611474,0.01764026,0.2380671,0.000252345,0.000787118,0.05443952,0.002157921,0,0,0,0,1,1,0,0,3,0,0,0,0,0,0,0,0,0,0,3
"E14HA02-01","C14","Chinese","Genuine","Happy 2 CN",52,6.375,0.273662,0.4511869,0.01577561,0.2488834,0.00025699,0.000693476,0.04697125,0.002111517,0,0,0,0,1,1,0,0,3,0,0,0,0,0,0,0,0,0,0,3
"E14HA02-01","C14","Chinese","Genuine","Happy 2 CN",53,6.5,0.2674341,0.4641547,0.01374684,0.2529544,0.000256819,0.000577638,0.0404418,0.002072115,0,0,0,0,1,1,0,0,3,0,0,0,0,0,0,0,0,0,0,3
"E14HA02-01","C14","Chinese","Genuine","Happy 2 CN",54,6.625,0.2698013,0.459786,0.01415733,0.2592869,0.000282923,0.000506338,0.03436789,0.002027947,0,0,0,0,1,1,0,0,3,0,0,0,0,0,0,0,0,0,0,4
"E14HA02-01","C14","Chinese","Genuine","Happy 2 CN",55,6.75,0.2731199,0.4534772,0.01677918,0.2566528,0.000326729,0.000479841,0.03289428,0.002592704,0,0,0,0,1,1,0,0,3,0,0,0,0,0,0,0,0,0,0,4
"E14HA02-01","C14","Chinese","Genuine","Happy 2 CN",56,6.875,0.3076781,0.3744414,0.01883635,0.2495391,0.000310007,0.000424565,0.04330884,0.004003384,0,0,0,0,1,1,0,0,3,0,0,0,0,0,0,0,0,0,0,4
"E14HA02-01","C14","Chinese","Genuine","Happy 2 CN",57,7,0.3304796,0.2618369,0.02374439,0.2478855,0.000261525,0.000356331,0.04615445,0.002817892,0,0,0,0,1,1,0,0,2,0,0,0,0,0,0,0,0,0,0,4
"E14HA02-01","C14","Chinese","Genuine","Happy 2 CN",58,7.125,0.332022,0.180686,0.05007123,0.2760691,0.000238326,0.000474012,0.05461719,0.00199805,0,0,0,0,0,1,0,0,2,0,0,0,0,0,0,0,0,0,0,4
"E14HA02-01","C14","Chinese","Genuine","Happy 2 CN",59,7.25,0.3131392,0.1248285,0.06477574,0.333565,0.000214991,0.000745172,0.05543986,0.001373971,0,0,0,0,0,1,0,0,2,0,0,0,0,0,0,0,0,0,0,4
"E14HA02-01","C14","Chinese","Genuine","Happy 2 CN",60,7.375,0.3068873,0.09226478,0.05425024,0.361348,0.000272891,0.001079319,0.0536833,0.00094482,0,0,0,0,0,1,0,0,2,0,0,0,0,0,0,0,0,0,0,4
"E14HA02-01","C14","Chinese","Genuine","Happy 2 CN",61,7.5,0.3111335,0.07032435,0.04970831,0.3657628,0.000280053,0.000936856,0.05171107,0.000718571,0,0,0,0,0,1,0,0,1,0,0,0,0,0,0,0,0,0,0,3
"E14HA02-02","C14","Chinese","Genuine","Happy 2 CN",1,0,0.2856322,0.01070909,0.02770988,0.4841369,0.000673015,0.001469304,0.04391869,0,0,0,0,0,0,1,0,0,0,0,0,0,0,0,0,0,0,0,0,3
"E14HA02-02","C14","Chinese","Genuine","Happy 2 CN",2,0.125,0.2873586,0.0122877,0.03624848,0.4757958,0.000759042,0.001593425,0.0390317,0,0,0,0,0,0,1,0,0,0,0,0,0,0,0,0,0,0,0,0,3
"E14HA02-02","C14","Chinese","Genuine","Happy 2 CN",3,0.25,0.2957567,0.02532469,0.0432474,0.4547797,0.000728156,0.001507295,0.03770357,0,0,0,0,0,0,1,0,0,0,0,0,0,0,0,0,0,0,0,0,3
"E14HA02-02","C14","Chinese","Genuine","Happy 2 CN",4,0.375,0.2748713,0.1874823,0.040673,0.425837,0.000699113,0.00122134,0.0298884,1.4368e-05,0,0,0,0,0,1,0,0,1,0,0,0,0,0,0,0,0,0,0,3
"E14HA02-02","C14","Chinese","Genuine","Happy 2 CN",5,0.5,0.2348449,0.3497032,0.0331184,0.325572,0.000556586,0.001049748,0.04310475,0.000148038,0,0,0,0,0,1,0,0,1,0,0,0,0,0,0,0,0,0,0,3
"E14HA02-02","C14","Chinese","Genuine","Happy 2 CN",6,0.625,0.2060494,0.4637226,0.03446637,0.2575235,0.00043559,0.000860223,0.05088152,0.000158588,0,0,0,0,0,0,0,0,1,0,0,0,0,0,0,0,0,0,0,3
"E14HA02-02","C14","Chinese","Genuine","Happy 2 CN",7,0.75,0.173311,0.5679915,0.03192655,0.2210765,0.00041278,0.000673466,0.0385538,0.000131989,0,0,0,0,1,0,0,0,2,0,0,0,0,0,0,0,0,0,0,3
"E14HA02-02","C14","Chinese","Genuine","Happy 2 CN",8,0.875,0.1535672,0.634151,0.02645325,0.1722473,0.000350548,0.000521897,0.03146976,0.000477916,0,0,0,0,1,0,0,0,2,0,0,0,0,0,0,0,1,0,0,4
"E14HA02-02","C14","Chinese","Genuine","Happy 2 CN",9,1,0.1398937,0.6798386,0.02071754,0.1457638,0.000283777,0.000441556,0.0249623,0.000412082,0,0,0,0,1,0,0,0,3,0,0,0,0,0,0,0,1,0,0,4
"E14HA02-02","C14","Chinese","Genuine","Happy 2 CN",10,1.125,0.1284595,0.7153209,0.01720944,0.1531452,0.000277911,0.000402264,0.0216018,0.000645185,0,0,0,0,1,0,0,0,3,0,0,0,0,0,0,0,1,0,0,4
"E14HA02-02","C14","Chinese","Genuine","Happy 2 CN",11,1.25,0.1483651,0.6841989,0.01195774,0.1608676,0.000470389,0.000781474,0.02091668,0.000563189,0,0,0,0,1,0,0,0,3,0,0,0,0,0,0,0,2,0,0,3
"E14HA02-02","C14","Chinese","Genuine","Happy 2 CN",12,1.375,0.1794496,0.6280034,0.008294011,0.1853804,0.000506287,0.001499018,0.02334685,0.000545131,0,0,0,0,1,0,0,0,3,0,0,0,0,0,0,0,3,0,0,4
"E14HA02-02","C14","Chinese","Genuine","Happy 2 CN",13,1.5,0.1950908,0.6009197,0.005831218,0.2325864,0.000511129,0.002225445,0.02606894,0.000814373,0,0,0,0,1,1,0,0,2,0,0,0,0,0,0,0,3,0,0,3
"E14HA02-02","C14","Chinese","Genuine","Happy 2 CN",14,1.625,0.2175902,0.5253666,0.004353992,0.3055575,0.000501173,0.003466479,0.02809565,0.000742991,0,0,0,0,1,1,0,0,2,0,0,0,0,0,0,0,3,0,0,3
"E14HA02-02","C14","Chinese","Genuine","Happy 2 CN",15,1.75,0.2436398,0.4684645,0.003794807,0.335153,0.000409463,0.004998922,0.03138445,0.000534681,0,0,0,0,1,1,0,0,2,0,0,0,0,0,0,0,3,0,0,3
"E14HA02-02","C14","Chinese","Genuine","Happy 2 CN",16,1.875,0.2492774,0.4324051,0.004089987,0.3799228,0.000364935,0.006133896,0.03365284,0.000434468,0,0,0,0,1,1,0,0,2,0,0,0,0,0,0,0,3,0,0,3
"E14HA02-02","C14","Chinese","Genuine","Happy 2 CN",17,2,0.2601076,0.3922639,0.004334766,0.3967873,0.000300114,0.006088885,0.03550575,0.000318989,0,0,0,0,1,1,0,0,2,0,0,0,0,0,0,0,3,0,0,3
"E14HA02-02","C14","Chinese","Genuine","Happy 2 CN",18,2.125,0.2785296,0.3577588,0.006848076,0.3871013,0.000255516,0.00465085,0.04187128,0.000299976,0,0,0,0,1,0,0,0,2,0,0,0,0,0,0,0,3,0,0,3
"E14HA02-02","C14","Chinese","Genuine","Happy 2 CN",19,2.25,0.2927137,0.3263627,0.01091856,0.376994,0.000229485,0.003842169,0.04974221,0.000295475,0,0,0,0,0,0,0,0,2,0,0,0,0,0,0,0,3,0,0,4
"E14HA02-02","C14","Chinese","Genuine","Happy 2 CN",20,2.375,0.2940953,0.2993065,0.01176623,0.3867069,0.000222776,0.003709662,0.04969928,0.000287329,0,0,0,0,0,0,0,0,1,0,0,0,0,0,0,0,3,0,0,4
"E14HA02-02","C14","Chinese","Genuine","Happy 2 CN",21,2.5,0.2892191,0.2651302,0.01370595,0.4058582,0.000242175,0.003372495,0.04699524,0.000256726,0,0,0,0,0,0,0,0,1,0,0,0,0,0,0,0,3,0,0,4
"E14HA02-02","C14","Chinese","Genuine","Happy 2 CN",22,2.625,0.2888596,0.2220668,0.02243097,0.4143884,0.000307745,0.002642761,0.04315924,0.000378915,0,0,0,0,0,0,0,0,1,0,0,0,0,0,0,0,3,0,0,4
"E14HA02-02","C14","Chinese","Genuine","Happy 2 CN",23,2.75,0.3088776,0.1834528,0.03126076,0.3802353,0.000303534,0.002177739,0.04364923,0.000383149,0,0,0,0,0,0,0,0,1,0,0,0,0,0,0,0,2,0,0,4
"E14HA02-02","C14","Chinese","Genuine","Happy 2 CN",24,2.875,0.3420462,0.1618207,0.04425467,0.3192664,0.000324274,0.001684921,0.04460846,0.000339623,0,0,0,0,0,0,0,0,1,0,0,0,0,0,0,0,2,0,0,4
"E14HA02-02","C14","Chinese","Genuine","Happy 2 CN",25,3,0.361883,0.1377933,0.04488881,0.2836984,0.000361479,0.001542771,0.05814611,0.000295926,0,0,0,0,0,0,0,0,1,0,0,0,0,0,0,0,2,0,0,4
"E14HA02-02","C14","Chinese","Genuine","Happy 2 CN",26,3.125,0.3705416,0.1014111,0.04863557,0.2887852,0.000574622,0.001216006,0.05525828,0.00102291,0,0,0,0,0,0,0,0,1,0,0,0,0,0,0,0,2,0,0,4
"E14HA02-02","C14","Chinese","Genuine","Happy 2 CN",27,3.25,0.3690264,0.07571672,0.04757107,0.3198439,0.000666968,0.000980699,0.05253221,0.001126717,0,0,0,0,0,0,0,0,1,0,0,0,0,0,0,0,1,0,0,4
"E14HA02-02","C14","Chinese","Genuine","Happy 2 CN",28,3.375,0.3550273,0.0598133,0.04361478,0.3453885,0.000648703,0.000820147,0.04850592,0.001083652,0,0,0,0,0,0,0,0,1,0,0,0,0,0,0,0,1,0,0,4
"E14HA02-02","C14","Chinese","Genuine","Happy 2 CN",29,3.5,0.3505917,0.04691163,0.03762304,0.357298,0.000664883,0.00073177,0.04598573,0.001193592,0,0,0,0,0,0,0,0,1,0,0,0,0,0,0,0,1,0,0,4
"E14HA02-02","C14","Chinese","Genuine","Happy 2 CN",30,3.625,0.3793934,0.04145423,0.03557843,0.3273324,0.00077195,0.000593723,0.04225037,0.001402377,0,0,0,0,0,0,0,0,1,0,0,0,0,0,0,0,1,0,0,3
"E14HA02-02","C14","Chinese","Genuine","Happy 2 CN",31,3.75,0.4098306,0.03226657,0.04243925,0.3274743,0.000895215,0.000553157,0.03542912,0.001069416,0,0,0,0,0,0,0,0,1,0,0,0,0,0,0,0,1,0,0,3
"E14HA02-02","C14","Chinese","Genuine","Happy 2 CN",32,3.875,0.4146788,0.02804981,0.04229536,0.3302062,0.000892698,0.000504254,0.03465634,0.00090744,0,0,0,0,0,0,0,0,1,0,0,0,0,0,0,0,1,0,0,3
"E14HA02-02","C14","Chinese","Genuine","Happy 2 CN",33,4,0.423961,0.02323787,0.03992795,0.3473359,0.000923255,0.000461715,0.03243254,0.000990724,0,0,0,0,0,0,0,0,1,0,0,0,0,0,0,0,0,0,0,3
"E14HA02-02","C14","Chinese","Genuine","Happy 2 CN",34,4.125,0.4284903,0.02344455,0.04602657,0.3493289,0.001098317,0.000494047,0.03041526,0.000755943,0,0,0,0,0,0,0,0,1,0,0,0,0,0,0,0,0,0,0,3
"E14HA02-02","C14","Chinese","Genuine","Happy 2 CN",35,4.25,0.4204094,0.02293787,0.04210459,0.3597629,0.001285002,0.000570044,0.02631136,0.000818888,0,0,0,0,0,0,0,0,1,0,0,0,0,0,0,0,0,0,0,3
"E14HA02-02","C14","Chinese","Genuine","Happy 2 CN",36,4.375,0.4522986,0.0230933,0.0383433,0.3346266,0.001296305,0.000653364,0.02319468,0.001166504,0,0,0,0,0,0,0,0,1,0,0,0,0,0,0,0,0,0,0,3
"E14HA04-01","C14","Chinese","Genuine","Happy 4 CN",1,0,0.6805636,0.001906058,0.07597646,0.1631708,0.01804202,0.003127926,0.003778902,0.000275007,0,0,0,0,0,0,0,0,0,0,0,0,0,0,0,0,0,0,0,1
"E14HA04-01","C14","Chinese","Genuine","Happy 4 CN",2,0.125,0.6741153,0.001871575,0.07671652,0.1700968,0.01958531,0.005178201,0.003578211,0.000316553,0,0,0,0,0,0,0,0,0,0,0,0,0,0,0,0,0,0,0,1
"E14HA04-01","C14","Chinese","Genuine","Happy 4 CN",3,0.25,0.69722,0.001721049,0.0719704,0.1688533,0.01748586,0.004214901,0.003597357,0.000662759,0,0,0,0,0,0,0,0,0,0,0,0,0,0,0,0,0,0,0,1
"E14HA04-01","C14","Chinese","Genuine","Happy 4 CN",4,0.375,0.6494684,0.002871747,0.07314572,0.2006817,0.01422908,0.003806468,0.005046403,0.00049446,0,0,0,0,0,0,0,0,0,0,0,0,0,0,0,0,0,0,0,1
"E14HA04-01","C14","Chinese","Genuine","Happy 4 CN",5,0.5,0.5189044,0.06898119,0.05122777,0.3268427,0.01164263,0.008563145,0.006284186,0.000340019,0,0,0,0,0,0,0,0,0,0,0,0,0,0,0,0,1,0,0,1
"E14HA04-01","C14","Chinese","Genuine","Happy 4 CN",6,0.625,0.4129835,0.2482757,0.03567004,0.3562466,0.008885156,0.008763294,0.008200792,0.00038118,0,0,0,0,0,0,0,0,1,0,0,0,0,0,0,0,2,0,0,1
"E14HA04-01","C14","Chinese","Genuine","Happy 4 CN",7,0.75,0.3727741,0.3068651,0.02533473,0.3609485,0.007326212,0.01082607,0.009874085,0.000332541,0,0,0,0,0,0,0,0,1,0,0,0,0,0,0,0,2,0,0,1
"E14HA04-01","C14","Chinese","Genuine","Happy 4 CN",8,0.875,0.3194255,0.3980832,0.017895,0.3455397,0.00569043,0.01033781,0.012323,0.000451791,0,0,0,0,0,0,0,0,1,0,0,0,0,0,0,0,3,0,0,1
"E14HA04-01","C14","Chinese","Genuine","Happy 4 CN",9,1,0.2428884,0.5396441,0.01265382,0.2986249,0.004009432,0.007829781,0.01115163,0.000419799,0,0,0,0,0,0,0,0,1,0,0,0,0,0,0,0,3,0,0,2
"E14HA04-01","C14","Chinese","Genuine","Happy 4 CN",10,1.125,0.1708958,0.6756893,0.008895257,0.2097433,0.002933367,0.005500828,0.007926668,0.000316492,0,0,0,0,1,0,0,0,2,0,0,0,0,0,0,0,3,0,0,2
"E14HA04-01","C14","Chinese","Genuine","Happy 4 CN",11,1.25,0.1187855,0.7744499,0.006211335,0.1450866,0.002144164,0.003807153,0.005491009,0.000461227,0,0,0,0,1,0,0,0,3,0,0,0,0,0,0,0,3,0,0,2
"E14HA04-01","C14","Chinese","Genuine","Happy 4 CN",12,1.375,0.0824554,0.8433554,0.004315455,0.1005719,0.001514129,0.002623209,0.00382973,0.000360433,0,0,0,0,1,0,0,0,3,0,0,0,0,0,0,0,3,0,0,2
"E14HA04-01","C14","Chinese","Genuine","Happy 4 CN",13,1.5,0.05781652,0.8900513,0.003090715,0.0698403,0.001101151,0.001812045,0.002668564,0.000413098,0,0,0,0,1,0,0,0,3,0,0,0,0,0,0,0,4,0,0,2
"E14HA04-01","C14","Chinese","Genuine","Happy 4 CN",14,1.625,0.04070307,0.9225028,0.002254967,0.04848076,0.000807685,0.001253517,0.001859388,0.000386558,0,0,0,0,1,0,0,0,3,0,0,0,0,0,0,0,4,0,0,2
"E14HA04-01","C14","Chinese","Genuine","Happy 4 CN",15,1.75,0.02892774,0.9448325,0.001609136,0.03363409,0.000577646,0.000864877,0.001319276,0.000327945,0,0,0,0,1,0,0,0,3,0,0,0,0,0,0,0,4,0,0,2
"E14HA04-01","C14","Chinese","Genuine","Happy 4 CN",16,1.875,0.02101128,0.9598259,0.001159235,0.0233194,0.00041791,0.000597573,0.00097831,0.000234154,0,0,0,0,1,0,0,0,4,0,0,0,0,0,0,0,4,0,0,3
"E14HA04-01","C14","Chinese","Genuine","Happy 4 CN",17,2,0.01577555,0.96972,0.000863927,0.01629116,0.000317278,0.000413141,0.000725853,0.00016603,0,0,0,0,1,0,0,0,4,0,0,0,0,0,0,0,4,0,0,3
"E14HA04-01","C14","Chinese","Genuine","Happy 4 CN",18,2.125,0.01199644,0.9768812,0.000816699,0.01180815,0.000254161,0.000285746,0.000555865,0.000220143,0,0,0,0,2,0,0,0,4,0,0,0,0,0,0,0,4,0,0,3
"E14HA04-01","C14","Chinese","Genuine","Happy 4 CN",19,2.25,0.01015106,0.980299,0.000755782,0.009099599,0.000275721,0.000201678,0.000436518,0.000370997,0,0,0,0,2,0,0,0,4,0,0,0,0,0,0,0,4,0,0,3
"E14HA04-01","C14","Chinese","Genuine","Happy 4 CN",20,2.375,0.009176113,0.9820611,0.000687626,0.007959694,0.000287321,0.000151547,0.000385126,0.000420582,0,0,0,0,2,0,0,0,4,0,0,0,0,0,0,0,4,0,0,3
"E14HA04-01","C14","Chinese","Genuine","Happy 4 CN",21,2.5,0.009087393,0.9821094,0.000608542,0.007853473,0.000277082,0.000152759,0.000372577,0.00037455,0,0,0,0,2,0,0,0,4,0,0,0,0,0,0,0,4,0,0,3
"E14HA04-01","C14","Chinese","Genuine","Happy 4 CN",22,2.625,0.009627763,0.9809399,0.00058522,0.007510379,0.000250794,0.000212788,0.000362295,0.000269675,0,0,0,0,2,0,0,0,4,0,0,0,0,0,0,0,4,0,0,3
"E14HA04-01","C14","Chinese","Genuine","Happy 4 CN",23,2.75,0.009343499,0.9814475,0.000529112,0.00704517,0.000224036,0.000197364,0.00034794,0.000381425,0,0,0,0,2,0,0,0,4,0,0,0,0,0,0,0,4,0,0,3
"E14HA04-01","C14","Chinese","Genuine","Happy 4 CN",24,2.875,0.008930899,0.9822307,0.000427796,0.006081691,0.000206253,0.000149242,0.000330179,0.000351523,0,0,0,0,2,0,0,0,4,0,0,0,0,0,0,0,4,0,0,3
"E14HA04-01","C14","Chinese","Genuine","Happy 4 CN",25,3,0.009176497,0.9817106,0.00034018,0.006778468,0.000212079,0.000127854,0.00045413,0.000313794,0,0,0,0,1,0,0,0,4,0,0,0,0,0,0,0,4,0,0,3
"E14HA04-01","C14","Chinese","Genuine","Happy 4 CN",26,3.125,0.04111005,0.9178239,0.000272171,0.06869405,0.000260758,0.000646498,0.00385581,0.000258793,0,0,0,0,1,0,0,0,3,0,0,0,0,0,0,0,4,0,0,3
"E14HA04-01","C14","Chinese","Genuine","Happy 4 CN",27,3.25,0.1400808,0.6706187,0.003486234,0.1360697,0.000249873,0.001364772,0.03130246,0.000194684,0,0,0,0,1,1,0,0,3,0,0,0,0,0,0,0,4,0,0,3
"E14HA04-01","C14","Chinese","Genuine","Happy 4 CN",28,3.375,0.2029332,0.4669651,0.01513709,0.1945314,0.000197051,0.001376554,0.04475759,0.000140384,0,0,0,0,1,1,0,0,3,0,0,0,0,0,0,0,3,0,0,3
"E14HA04-01","C14","Chinese","Genuine","Happy 4 CN",29,3.5,0.2742799,0.3226371,0.04283372,0.1785698,0.000150613,0.001231275,0.04598738,9.6536e-05,0,0,0,0,1,1,0,0,3,0,0,0,0,0,0,0,3,0,0,3
"E14HA04-01","C14","Chinese","Genuine","Happy 4 CN",30,3.625,0.3288108,0.2257539,0.06358136,0.1531158,0.000131137,0.001643837,0.06004729,0.000138204,0,0,0,0,1,1,0,0,2,0,0,0,0,0,0,0,3,0,0,3
"E14HA04-01","C14","Chinese","Genuine","Happy 4 CN",31,3.75,0.3602652,0.1570911,0.06803961,0.1510243,0.000111901,0.001696904,0.0726537,0.000115408,0,0,0,0,1,1,0,0,2,0,0,0,0,0,0,0,3,0,0,3
"E14HA04-01","C14","Chinese","Genuine","Happy 4 CN",32,3.875,0.378926,0.1120917,0.09710731,0.1242678,0.00012267,0.001488539,0.08261324,7.9361e-05,0,0,0,0,1,1,0,0,2,0,0,0,0,0,0,0,2,0,0,3
"E14HA04-01","C14","Chinese","Genuine","Happy 4 CN",33,4,0.3936131,0.07861114,0.1082879,0.1322712,0.000254018,0.001225675,0.06567762,5.4573e-05,0,0,0,0,1,1,0,0,1,0,0,0,0,0,0,0,2,0,0,3
"E14HA04-01","C14","Chinese","Genuine","Happy 4 CN",34,4.125,0.3812475,0.06227474,0.1290877,0.1826983,0.000293467,0.002129187,0.05487203,3.7527e-05,0,0,0,0,1,1,0,0,1,0,0,0,0,0,0,0,2,0,0,3
"E14HA04-01","C14","Chinese","Genuine","Happy 4 CN",35,4.25,0.3459435,0.0459734,0.1267545,0.2709982,0.000255745,0.005076916,0.048276,0.000404927,0,0,0,0,0,1,0,0,1,0,0,0,0,0,0,0,2,0,0,3
"E14HA04-01","C14","Chinese","Genuine","Happy 4 CN",36,4.375,0.3325618,0.03319426,0.121218,0.3097217,0.000225523,0.006189045,0.06233843,0.000807918,0,0,0,0,0,1,0,0,1,0,0,0,0,0,0,0,1,0,0,3
"E14HA04-01","C14","Chinese","Genuine","Happy 4 CN",37,4.5,0.3321066,0.02423448,0.1382858,0.3191388,0.00016374,0.005055903,0.05641612,0.001156218,0,0,0,0,0,1,0,0,1,0,0,0,0,0,0,0,1,0,0,3
"E14HA04-01","C14","Chinese","Genuine","Happy 4 CN",38,4.625,0.3358697,0.01761083,0.1378523,0.3173423,0.000118719,0.003934627,0.05818168,0.001202139,0,0,0,0,0,1,0,0,0,0,0,0,0,0,0,0,1,0,0,3
"E14HA04-01","C14","Chinese","Genuine","Happy 4 CN",39,4.75,0.3403634,0.0273631,0.1183678,0.3119251,0.000101133,0.005072037,0.08009815,0.001039639,0,0,0,0,0,1,0,0,0,0,0,0,0,0,0,0,1,0,0,3
"E14HA04-01","C14","Chinese","Genuine","Happy 4 CN",40,4.875,0.3443466,0.04096692,0.12473,0.3066002,8.2082e-05,0.00423925,0.07175405,0.001173209,0,0,0,0,0,1,0,0,1,0,0,0,0,0,0,0,1,0,0,3
"E14HA04-01","C14","Chinese","Genuine","Happy 4 CN",41,5,0.3526124,0.1094296,0.1419263,0.267037,0.000113108,0.00335678,0.07263838,0.001113461,0,0,0,0,0,1,0,0,1,0,0,0,0,0,0,0,1,0,0,3
"E14HA04-01","C14","Chinese","Genuine","Happy 4 CN",42,5.125,0.358812,0.1554406,0.1299554,0.2412299,0.00011966,0.00268515,0.08311538,0.000928203,0,0,0,0,1,1,0,0,1,0,0,0,0,0,0,0,1,0,0,4
"E14HA04-01","C14","Chinese","Genuine","Happy 4 CN",43,5.25,0.3426214,0.2280795,0.1237761,0.1971812,0.000126795,0.002227896,0.0940481,0.002364622,0,0,0,0,1,1,0,0,1,0,0,0,0,0,0,0,1,0,0,4
"E14HA04-01","C14","Chinese","Genuine","Happy 4 CN",44,5.375,0.3443533,0.2519519,0.1070722,0.1571016,0.00015855,0.002301201,0.1238279,0.002589455,0,0,0,0,1,1,0,0,1,0,0,0,0,0,0,0,0,0,0,4
"E14HA04-01","C14","Chinese","Genuine","Happy 4 CN",45,5.5,0.3455421,0.2690745,0.09575833,0.1339704,0.000186398,0.00245302,0.1347302,0.002994403,0,0,0,0,1,1,0,0,1,0,0,0,0,0,0,0,0,0,0,4
"E14HA04-01","C14","Chinese","Genuine","Happy 4 CN",46,5.625,0.3168668,0.3392836,0.07458261,0.1161723,0.000178803,0.00227149,0.1394231,0.002650395,0,0,0,0,1,1,0,0,1,0,0,0,0,0,0,0,0,0,0,4
"E14HA04-01","C14","Chinese","Genuine","Happy 4 CN",47,5.75,0.3073981,0.3672792,0.06442749,0.1243518,0.000170373,0.002407043,0.1574827,0.002293152,0,0,0,0,1,1,0,0,1,0,0,0,0,0,0,0,0,0,0,4
"E14HA04-01","C14","Chinese","Genuine","Happy 4 CN",48,5.875,0.3280734,0.3322891,0.05708634,0.1405398,0.000159217,0.002521845,0.1578609,0.002403327,0,0,0,0,1,1,0,0,1,0,0,0,0,0,0,0,0,0,0,4
"E14HA04-01","C14","Chinese","Genuine","Happy 4 CN",49,6,0.3294443,0.3336594,0.0552963,0.1392699,0.0001348,0.001982368,0.1728712,0.002300542,0,0,0,0,1,0,0,0,1,0,0,0,0,0,0,0,0,0,0,4
"E14HA04-01","C14","Chinese","Genuine","Happy 4 CN",50,6.125,0.3373281,0.3208171,0.05023544,0.1590897,0.000138209,0.002160506,0.1693323,0.002420837,0,0,0,0,1,0,0,0,1,0,0,0,0,0,0,0,0,0,0,4
"E14HA04-01","C14","Chinese","Genuine","Happy 4 CN",51,6.25,0.3544051,0.2886513,0.05010849,0.1531043,0.000134951,0.00211485,0.1673941,0.002529263,0,0,0,0,1,0,0,0,1,0,0,0,0,0,0,0,0,0,0,4
"E14HA04-01","C14","Chinese","Genuine","Happy 4 CN",52,6.375,0.3671797,0.2485122,0.05054317,0.1659244,0.000122479,0.002057081,0.1809362,0.002051042,0,0,0,0,1,0,0,0,1,0,0,0,0,0,0,0,0,0,0,4
"E14HA04-01","C14","Chinese","Genuine","Happy 4 CN",53,6.5,0.3776352,0.2124907,0.04942679,0.1647703,0.00011476,0.001959248,0.1869008,0.001856584,0,0,0,0,1,0,0,0,1,0,0,0,0,0,0,0,0,0,0,4
"E14HA04-01","C14","Chinese","Genuine","Happy 4 CN",54,6.625,0.3802409,0.1735486,0.04904698,0.174312,0.00011247,0.002074585,0.2003682,0.001536719,0,0,0,0,1,0,0,0,1,0,0,0,0,0,0,0,0,0,0,4
"E14HA04-01","C14","Chinese","Genuine","Happy 4 CN",55,6.75,0.3791273,0.1719021,0.04490083,0.1973045,0.000114468,0.002197385,0.1693253,0.00145311,0,0,0,0,1,0,0,0,1,0,0,0,0,0,0,0,0,0,0,4
"E14HA04-01","C14","Chinese","Genuine","Happy 4 CN",56,6.875,0.3745145,0.1646801,0.04524279,0.2210383,0.000126435,0.002163965,0.1446284,0.001281765,0,0,0,0,1,0,0,0,1,0,0,0,0,0,0,0,0,0,0,4
"E14HA04-01","C14","Chinese","Genuine","Happy 4 CN",57,7,0.3752934,0.1793753,0.04986712,0.229876,0.000132793,0.002056747,0.1260135,0.001407426,0,0,0,0,1,0,0,0,1,0,0,0,0,0,0,0,0,0,0,4
"E14HA04-01","C14","Chinese","Genuine","Happy 4 CN",58,7.125,0.3765475,0.1730021,0.05100194,0.2342456,0.000179345,0.002587692,0.1141116,0.001730228,0,0,0,0,1,0,0,0,1,0,0,0,0,0,0,0,0,0,0,4
"E14HA04-01","C14","Chinese","Genuine","Happy 4 CN",59,7.25,0.3850202,0.1760802,0.05568415,0.2228178,0.000167571,0.002222989,0.1020011,0.001819506,0,0,0,0,1,0,0,0,1,0,0,0,0,0,0,0,0,0,0,4
"E14HA04-01","C14","Chinese","Genuine","Happy 4 CN",60,7.375,0.3870983,0.1890734,0.0647319,0.1641643,0.000265348,0.002296461,0.123151,0.004151913,0,0,0,0,1,0,0,0,1,0,0,0,0,0,0,0,0,0,0,4
"E14HA04-01","C14","Chinese","Genuine","Happy 4 CN",61,7.5,0.3940817,0.1871282,0.093895,0.1217786,0.000319701,0.002204402,0.1295457,0.005097993,0,0,0,0,1,0,0,0,1,0,0,0,0,0,0,0,0,0,0,4
"E14HA04-01","C14","Chinese","Genuine","Happy 4 CN",62,7.625,0.3986659,0.1589719,0.09347244,0.1415683,0.000268131,0.00256783,0.1141308,0.004899616,0,0,0,0,1,0,0,0,1,0,0,0,0,0,0,0,0,0,0,4
"E14HA04-01","C14","Chinese","Genuine","Happy 4 CN",63,7.75,0.4060956,0.1283994,0.09401161,0.147027,0.000238462,0.002645764,0.1124409,0.005906292,0,0,0,0,1,0,0,0,1,0,0,0,0,0,0,0,0,0,0,4
"E14HA04-01","C14","Chinese","Genuine","Happy 4 CN",64,7.875,0.3996653,0.1155476,0.0854321,0.1732849,0.00023195,0.002868281,0.1032691,0.005367971,0,0,0,0,1,0,0,0,1,0,0,0,0,0,0,0,0,0,0,4
"E14HA04-01","C14","Chinese","Genuine","Happy 4 CN",65,8,0.3957517,0.1188729,0.07689057,0.1905662,0.000225465,0.002527352,0.09314717,0.004756048,0,0,0,0,1,0,0,0,1,0,0,0,0,0,0,0,0,0,0,4
"E14HA04-01","C14","Chinese","Genuine","Happy 4 CN",66,8.125,0.3968967,0.127024,0.07462792,0.195288,0.000233576,0.002301145,0.08620166,0.005643877,0,0,0,0,1,0,0,0,1,0,0,0,0,0,0,0,0,0,0,4
"E14HA04-01","C14","Chinese","Genuine","Happy 4 CN",67,8.25,0.3929058,0.1503149,0.07170387,0.2082804,0.000233278,0.001936331,0.082259,0.005439743,0,0,0,0,1,0,0,0,1,0,0,0,0,0,0,0,0,0,0,4
"E14HA07-01","C14","Chinese","Genuine","Happy 7 CN",1,0,0.2685843,0.02685524,0.04444677,0.4733367,0.000684576,0.000658901,0.03113566,0,0,0,0,0,0,0,0,0,1,0,0,0,0,0,0,0,0,0,0,4
"E14HA07-01","C14","Chinese","Genuine","Happy 7 CN",2,0.125,0.2682674,0.03575955,0.04840514,0.4756191,0.000654862,0.000594805,0.03134518,0,0,0,0,0,0,0,0,0,1,0,0,0,0,0,0,0,0,0,0,4
"E14HA07-01","C14","Chinese","Genuine","Happy 7 CN",3,0.25,0.286164,0.04575238,0.05044416,0.4407988,0.000671732,0.000513614,0.03736323,1.7841e-05,0,0,0,0,0,0,0,0,1,0,0,0,0,0,0,0,0,0,0,4
"E14HA07-01","C14","Chinese","Genuine","Happy 7 CN",4,0.375,0.3056826,0.05316624,0.0478933,0.403679,0.000725547,0.00048493,0.04611983,8.0693e-05,0,0,0,0,0,0,0,0,1,0,0,0,0,0,0,0,0,0,0,4
"E14HA07-01","C14","Chinese","Genuine","Happy 7 CN",5,0.5,0.3145804,0.04880725,0.04623625,0.3927923,0.000629861,0.000522699,0.05561635,0.000100749,0,0,0,0,0,0,0,0,1,0,0,0,0,0,0,0,0,0,0,4
"E14HA07-01","C14","Chinese","Genuine","Happy 7 CN",6,0.625,0.3381096,0.0401411,0.04220572,0.3547607,0.000527933,0.000593175,0.09001289,9.6223e-05,0,0,0,0,0,1,0,0,1,0,0,0,0,0,0,0,0,0,0,4
"E14HA07-01","C14","Chinese","Genuine","Happy 7 CN",7,0.75,0.3386927,0.03503673,0.04098283,0.3540308,0.000513551,0.00072291,0.09489342,0.000117064,0,0,0,0,0,1,0,0,0,0,0,0,0,0,0,0,0,0,0,4
"E14HA07-01","C14","Chinese","Genuine","Happy 7 CN",8,0.875,0.3536189,0.0352154,0.03845686,0.3178992,0.000453385,0.000754369,0.1224956,9.1812e-05,0,0,0,0,0,1,0,0,0,0,0,0,0,0,0,0,0,0,0,4
"E14HA07-01","C14","Chinese","Genuine","Happy 7 CN",9,1,0.3669985,0.05357596,0.03935671,0.2741882,0.000399518,0.000927805,0.1519978,8.9419e-05,0,0,0,0,0,1,0,0,0,0,0,0,0,0,0,0,0,0,0,3
"E14HA07-01","C14","Chinese","Genuine","Happy 7 CN",10,1.125,0.3722012,0.1059165,0.03365261,0.2404043,0.000529386,0.001752475,0.1813716,6.1489e-05,0,0,0,0,0,1,0,0,0,0,0,0,0,0,0,0,0,0,0,3
"E14HA07-01","C14","Chinese","Genuine","Happy 7 CN",11,1.25,0.3586576,0.1837603,0.02932627,0.1909243,0.000548482,0.002283902,0.1920187,4.2284e-05,0,0,0,0,0,1,0,0,0,0,0,0,0,0,0,0,0,0,0,3
"E14HA07-01","C14","Chinese","Genuine","Happy 7 CN",12,1.375,0.3267058,0.2800238,0.02407105,0.155341,0.000531094,0.003815033,0.1655985,2.9077e-05,0,0,0,0,0,1,0,0,0,0,0,0,0,0,0,0,1,0,0,3
"E14HA07-01","C14","Chinese","Genuine","Happy 7 CN",13,1.5,0.2696977,0.4156772,0.02000641,0.1287682,0.000587009,0.004695231,0.1357167,3.5592e-05,0,0,0,0,0,1,0,0,1,0,0,0,0,0,0,0,1,0,0,3
"E14HA07-01","C14","Chinese","Genuine","Happy 7 CN",14,1.625,0.2265892,0.5162976,0.01706276,0.1042534,0.000590745,0.004339925,0.1260881,3.9842e-05,0,0,0,0,0,1,0,0,1,0,0,0,0,0,0,0,1,0,0,3
"E14HA07-01","C14","Chinese","Genuine","Happy 7 CN",15,1.75,0.1751239,0.6288223,0.01430589,0.08444206,0.000521882,0.003760875,0.1078833,4.8712e-05,0,0,0,0,1,1,0,0,1,0,0,0,0,0,0,0,1,0,0,3
"E14HA07-01","C14","Chinese","Genuine","Happy 7 CN",16,1.875,0.1229041,0.7397997,0.0100634,0.06030347,0.000473944,0.002649387,0.07478211,5.4764e-05,0,0,0,0,1,1,0,0,2,0,0,0,0,0,0,0,2,0,0,3
"E14HA07-01","C14","Chinese","Genuine","Happy 7 CN",17,2,0.08739503,0.8153131,0.007098234,0.04234523,0.000417199,0.001835716,0.05156689,9.3066e-05,0,0,0,0,1,1,0,0,3,0,0,0,0,0,0,0,2,0,0,3
"E14HA07-01","C14","Chinese","Genuine","Happy 7 CN",18,2.125,0.06463859,0.8639172,0.005051755,0.03116581,0.000455669,0.001279595,0.03564431,0.000202371,0,0,0,0,1,1,0,0,3,0,0,0,0,0,0,0,2,0,0,3
"E14HA07-01","C14","Chinese","Genuine","Happy 7 CN",19,2.25,0.05062195,0.8940762,0.003640425,0.02259373,0.000387118,0.000893628,0.02499348,0.000544637,0,0,0,0,2,1,0,0,3,0,0,0,0,0,0,0,3,0,0,4
"E14HA07-01","C14","Chinese","Genuine","Happy 7 CN",20,2.375,0.04440077,0.9079803,0.002804683,0.01654276,0.000304426,0.00061985,0.01737905,0.000433695,0,0,0,0,2,1,0,0,3,0,0,0,0,0,0,0,3,0,0,4
"E14HA07-01","C14","Chinese","Genuine","Happy 7 CN",21,2.5,0.04156721,0.9146526,0.002408756,0.01257273,0.000228639,0.000431547,0.01228143,0.000573849,0,0,0,0,2,1,0,0,3,0,0,0,0,0,0,0,3,0,0,4
"E14HA07-01","C14","Chinese","Genuine","Happy 7 CN",22,2.625,0.04061778,0.9172426,0.001908935,0.009740592,0.000211058,0.000303492,0.008670011,0.000405086,0,0,0,0,3,0,0,0,4,0,0,0,0,0,0,0,3,0,0,4
"E14HA07-01","C14","Chinese","Genuine","Happy 7 CN",23,2.75,0.04579593,0.9073616,0.001684456,0.007730331,0.000204339,0.000218444,0.006162937,0.000306752,0,0,0,0,3,0,0,0,4,0,0,0,0,0,0,0,3,0,0,3
"E14HA07-01","C14","Chinese","Genuine","Happy 7 CN",24,2.875,0.04375312,0.9117741,0.001435466,0.006498875,0.000182361,0.000156978,0.004413306,0.000337375,0,0,0,0,3,0,0,0,4,0,0,0,0,0,0,0,3,0,0,3
"E14HA07-01","C14","Chinese","Genuine","Happy 7 CN",25,3,0.04115696,0.9171912,0.001355898,0.006970617,0.00018079,0.000125674,0.003131287,0.000517259,0,0,0,0,3,0,0,0,4,0,0,0,0,0,0,0,3,0,0,3
"E14HA07-01","C14","Chinese","Genuine","Happy 7 CN",26,3.125,0.0352551,0.9291495,0.001160286,0.007349546,0.000253805,0.000100325,0.002294433,0.000506581,0,0,0,0,3,0,0,0,4,0,0,0,0,0,0,0,3,0,0,3
"E14HA07-01","C14","Chinese","Genuine","Happy 7 CN",27,3.25,0.03780635,0.9241533,0.000887079,0.01083219,0.000266977,0.000142685,0.00217896,0.000381611,0,0,0,0,3,0,0,0,4,0,0,0,0,0,0,0,3,0,0,3
"E14HA07-01","C14","Chinese","Genuine","Happy 7 CN",28,3.375,0.05098357,0.897875,0.000745981,0.04591836,0.00023573,0.000191563,0.006606069,0.000579085,0,0,0,0,3,0,0,0,4,0,0,0,0,0,0,0,3,0,0,3
"E14HA07-01","C14","Chinese","Genuine","Happy 7 CN",29,3.5,0.1046462,0.790674,0.005776566,0.1049052,0.0002505,0.000171157,0.01369801,0.000710462,0,0,0,0,2,0,0,0,3,0,0,0,0,0,0,0,3,0,0,3
"E14HA07-01","C14","Chinese","Genuine","Happy 7 CN",30,3.625,0.1738305,0.6528143,0.00924045,0.1211378,0.000265309,0.000245877,0.03026342,0.00086522,0,0,0,0,2,1,0,0,3,0,0,0,0,0,0,0,3,0,0,3
"E14HA07-01","C14","Chinese","Genuine","Happy 7 CN",31,3.75,0.2369955,0.5267056,0.0191478,0.1270216,0.000239276,0.000409307,0.05875417,0.000704409,0,0,0,0,2,1,0,0,3,0,0,0,0,0,0,0,3,0,0,3
"E14HA07-01","C14","Chinese","Genuine","Happy 7 CN",32,3.875,0.2780262,0.4448257,0.02748618,0.1337897,0.000207531,0.000646072,0.08772989,0.000697162,0,0,0,0,2,1,0,0,3,0,0,0,0,0,0,0,2,0,0,3
"E14HA07-01","C14","Chinese","Genuine","Happy 7 CN",33,4,0.3163998,0.3680165,0.02989639,0.1415018,0.000189555,0.000678166,0.09527157,0.001111432,0,0,0,0,2,1,0,0,3,0,0,0,0,0,0,0,2,0,0,3
"E14HA07-01","C14","Chinese","Genuine","Happy 7 CN",34,4.125,0.3415618,0.3054981,0.03565798,0.1619612,0.000238711,0.000844935,0.1128536,0.001053202,0,0,0,0,2,1,0,0,3,0,0,0,0,0,0,0,1,0,0,3
"E14HA07-01","C14","Chinese","Genuine","Happy 7 CN",35,4.25,0.3545631,0.2833459,0.04147323,0.1634742,0.00025064,0.000871537,0.111003,0.001097733,0,0,0,0,2,1,0,0,3,0,0,0,0,0,0,0,1,0,0,3
"E14HA07-01","C14","Chinese","Genuine","Happy 7 CN",36,4.375,0.3633968,0.2681143,0.04096271,0.179706,0.000275241,0.001123944,0.1088487,0.001061445,0,0,0,0,2,1,0,0,2,0,0,0,0,0,0,0,1,0,0,3
"E14HA07-01","C14","Chinese","Genuine","Happy 7 CN",37,4.5,0.3481155,0.3002881,0.0321081,0.2009654,0.000239387,0.001080857,0.1155786,0.000971156,0,0,0,0,2,1,0,0,2,0,0,0,0,0,0,0,1,0,0,3
"E14HA07-01","C14","Chinese","Genuine","Happy 7 CN",38,4.625,0.2592163,0.4791738,0.02209721,0.1644819,0.000232151,0.000868983,0.08261866,0.000667821,0,0,0,0,1,1,0,0,3,0,0,0,0,0,0,0,2,0,0,3
"E14HA07-01","C14","Chinese","Genuine","Happy 7 CN",39,4.75,0.2052283,0.5878978,0.01521249,0.1322216,0.000435627,0.000845357,0.05954173,0.000478553,0,0,0,0,1,1,0,0,3,0,0,0,0,0,0,0,3,0,0,3
"E14HA07-01","C14","Chinese","Genuine","Happy 7 CN",40,4.875,0.176897,0.645075,0.01047334,0.1226556,0.000521812,0.001049779,0.04487153,0.000335201,0,0,0,0,1,1,0,0,2,0,0,0,0,0,0,0,3,0,0,4
"E14HA07-01","C14","Chinese","Genuine","Happy 7 CN",41,5,0.1544822,0.6902584,0.007237198,0.121271,0.000583365,0.001076935,0.03529302,0.000230503,0,0,1,0,1,1,0,0,2,0,0,0,0,0,0,0,3,0,0,3
"E14HA07-01","C14","Chinese","Genuine","Happy 7 CN",42,5.125,0.1523789,0.6947087,0.005007106,0.1259988,0.000546589,0.001213373,0.02894128,0.000158507,0,0,1,0,1,1,0,0,2,0,0,0,0,0,0,0,3,0,0,3
"E14HA07-01","C14","Chinese","Genuine","Happy 7 CN",43,5.25,0.1454324,0.7087695,0.003463151,0.1796113,0.000594926,0.00132918,0.02271536,0.000134601,0,0,1,0,1,1,0,0,2,0,0,0,0,0,0,0,4,1,0,3
"E14HA07-01","C14","Chinese","Genuine","Happy 7 CN",44,5.375,0.2010953,0.5975614,0.00240504,0.2302444,0.000792162,0.003070394,0.03261546,0.000201793,0,0,0,0,1,1,0,0,2,0,0,0,0,0,0,0,4,1,0,3
"E14HA07-01","C14","Chinese","Genuine","Happy 7 CN",45,5.5,0.2132532,0.5315539,0.001734014,0.3207723,0.000762998,0.00598925,0.03546405,0.000371213,0,0,0,0,1,1,0,0,2,0,0,0,0,0,0,0,4,1,0,3
"E14HA07-01","C14","Chinese","Genuine","Happy 7 CN",46,5.625,0.2299161,0.3758868,0.01223588,0.3675516,0.000584938,0.004219228,0.03908685,0.000297201,0,0,0,0,1,1,0,0,2,0,0,0,0,0,0,0,3,1,0,3
"E14HA07-01","C14","Chinese","Genuine","Happy 7 CN",47,5.75,0.2331979,0.2839672,0.01382681,0.4156039,0.000439985,0.003039843,0.04533422,0.00119745,0,0,0,0,1,1,0,0,2,0,0,0,0,0,0,0,3,1,0,3
"E14HA07-01","C14","Chinese","Genuine","Happy 7 CN",48,5.875,0.2561023,0.2315475,0.02162685,0.4069663,0.000423508,0.002395414,0.05150927,0.001489365,0,0,0,0,1,1,0,0,2,0,0,0,0,0,0,0,3,1,0,3
"E14HA07-01","C14","Chinese","Genuine","Happy 7 CN",49,6,0.2635903,0.2677631,0.01793228,0.4175583,0.000373442,0.001972579,0.05033674,0.002163027,0,0,0,0,1,1,0,0,2,0,0,0,0,0,0,0,3,1,0,3
"E14HA07-01","C14","Chinese","Genuine","Happy 7 CN",50,6.125,0.2737412,0.2417303,0.01546634,0.415259,0.00029534,0.001524135,0.05059832,0.001890969,0,0,0,0,1,1,0,0,2,0,0,0,0,0,0,0,2,0,0,3
"E14HA07-01","C14","Chinese","Genuine","Happy 7 CN",51,6.25,0.2984885,0.205857,0.01559274,0.3780279,0.000292913,0.001202544,0.06307836,0.002874512,0,0,0,0,1,1,0,0,2,0,0,0,0,0,0,0,2,0,0,3
"E14HA07-01","C14","Chinese","Genuine","Happy 7 CN",52,6.375,0.3119568,0.2081164,0.01636885,0.3593422,0.000332247,0.000966479,0.06244089,0.003229508,0,0,0,0,1,1,0,0,2,0,0,0,0,0,0,0,1,0,0,3
"E14HA07-01","C14","Chinese","Genuine","Happy 7 CN",53,6.5,0.3229081,0.2096296,0.01931726,0.3431701,0.000334356,0.00089184,0.06372488,0.003056029,0,0,0,0,1,1,0,0,2,0,0,0,0,0,0,0,1,0,0,3
"E14HA07-01","C14","Chinese","Genuine","Happy 7 CN",54,6.625,0.3381959,0.2160167,0.0207386,0.3163425,0.000315747,0.000745718,0.06088968,0.002829589,0,0,0,0,1,1,0,0,2,0,0,0,0,0,0,0,1,0,0,3
"E14HA07-01","C14","Chinese","Genuine","Happy 7 CN",55,6.75,0.3381696,0.2242285,0.02527123,0.3190081,0.000330442,0.000643234,0.05991492,0.00296325,0,0,0,0,1,1,0,0,2,0,0,0,0,0,0,0,1,0,0,3
"E14HA07-01","C14","Chinese","Genuine","Happy 7 CN",56,6.875,0.3495835,0.2108112,0.02637782,0.297991,0.000339518,0.000587212,0.08123223,0.002588989,0,0,0,0,1,1,0,0,2,0,0,0,0,0,0,0,1,0,0,3
"E14HA07-01","C14","Chinese","Genuine","Happy 7 CN",57,7,0.3509295,0.2152126,0.02365795,0.2964981,0.000351502,0.000550955,0.07620467,0.002352374,0,0,0,0,1,1,0,0,2,0,0,0,0,0,0,0,0,0,0,3
"E14HA07-01","C14","Chinese","Genuine","Happy 7 CN",58,7.125,0.3592804,0.1974345,0.0228729,0.2810229,0.000379732,0.000515687,0.0745535,0.002308933,0,0,0,0,1,1,0,0,2,0,0,0,0,0,0,0,0,0,0,3
"E14HA07-01","C14","Chinese","Genuine","Happy 7 CN",59,7.25,0.3465179,0.2495213,0.04284943,0.2035882,0.00037548,0.000547717,0.1128249,0.002252687,0,0,0,0,1,1,0,0,2,0,0,0,0,0,0,0,0,0,0,3
"E14HA07-01","C14","Chinese","Genuine","Happy 7 CN",60,7.375,0.3331583,0.2944152,0.03967172,0.1807385,0.00032106,0.000495145,0.09555513,0.002295301,0,0,0,0,1,1,0,0,2,0,0,0,0,0,0,0,0,0,0,4
"E14HA07-01","C14","Chinese","Genuine","Happy 7 CN",61,7.5,0.3259887,0.3212975,0.03524195,0.1932652,0.000303442,0.000605827,0.08674487,0.002030303,0,0,0,0,1,1,0,0,2,0,0,0,0,0,0,0,0,0,0,4
"E17HA02-01","C17","Chinese","Genuine","Happy 2 CN",1,0,0.5732147,0.001497986,0.2197485,0.06247307,0.001372687,0.0019113,0.03247879,0,0,0,0,0,0,0,0,0,0,0,0,0,0,0,0,0,0,0,0,1
"E17HA02-01","C17","Chinese","Genuine","Happy 2 CN",2,0.125,0.5590129,0.00304245,0.2089732,0.0617501,0.003033604,0.001768254,0.02806749,0,0,0,0,0,0,0,0,0,0,0,0,0,0,0,0,0,0,0,0,1
"E17HA02-01","C17","Chinese","Genuine","Happy 2 CN",3,0.25,0.5482522,0.004619624,0.1936094,0.0557588,0.003782067,0.001633563,0.02252851,0,0,0,0,0,0,0,0,0,0,0,0,0,0,0,0,0,0,0,0,1
"E17HA02-01","C17","Chinese","Genuine","Happy 2 CN",4,0.375,0.5278816,0.009625015,0.1634947,0.06545241,0.006706339,0.002402297,0.02009025,0,0,0,0,0,0,0,0,0,0,0,0,0,0,0,0,0,0,0,0,1
"E17HA02-01","C17","Chinese","Genuine","Happy 2 CN",5,0.5,0.5085497,0.0140344,0.1389362,0.08223215,0.007499508,0.003393314,0.01714041,3.7656e-05,0,0,0,0,0,0,0,0,0,0,0,0,0,0,0,0,0,0,0,1
"E17HA02-01","C17","Chinese","Genuine","Happy 2 CN",6,0.625,0.5001702,0.01577127,0.1185373,0.08601589,0.007317473,0.003726427,0.01642112,0.00016755,0,0,0,0,0,0,0,0,0,0,0,0,0,0,0,0,0,0,0,1
"E17HA02-01","C17","Chinese","Genuine","Happy 2 CN",7,0.75,0.499713,0.02215644,0.1029057,0.08762845,0.008390111,0.004597237,0.01414328,0.000115217,0,0,0,0,0,0,0,0,0,0,0,0,0,0,0,0,0,0,0,1
"E17HA02-01","C17","Chinese","Genuine","Happy 2 CN",8,0.875,0.4900069,0.02926993,0.08468955,0.09626008,0.008019255,0.00518849,0.0146509,7.923e-05,0,0,0,0,0,0,0,0,0,0,0,0,0,0,0,0,0,0,0,1
"E17HA02-01","C17","Chinese","Genuine","Happy 2 CN",9,1,0.4901,0.03488486,0.07502054,0.0904768,0.008492308,0.004926058,0.01471946,5.4483e-05,0,0,0,0,0,0,0,0,0,0,0,0,0,0,0,0,0,0,0,1
"E17HA02-01","C17","Chinese","Genuine","Happy 2 CN",10,1.125,0.4856868,0.03548297,0.06609102,0.09066962,0.008698361,0.004311522,0.01423577,3.7465e-05,0,0,0,0,0,0,0,0,0,0,0,0,0,0,0,0,0,0,0,1
"E17HA02-01","C17","Chinese","Genuine","Happy 2 CN",11,1.25,0.4777115,0.03490244,0.07363926,0.09537291,0.008586208,0.004619787,0.01508279,7.5326e-05,0,0,0,0,0,0,0,0,0,0,0,0,0,0,0,0,0,0,0,1
"E17HA02-01","C17","Chinese","Genuine","Happy 2 CN",12,1.375,0.4693353,0.03677494,0.07092275,0.1035493,0.008871221,0.004992297,0.01479036,5.1798e-05,0,0,0,0,0,0,0,0,0,0,0,0,0,0,0,0,0,0,0,1
"E17HA02-01","C17","Chinese","Genuine","Happy 2 CN",13,1.5,0.4625826,0.04859985,0.06337928,0.109216,0.009347459,0.004552715,0.01367202,0.000202449,0,0,0,0,0,0,0,0,0,0,0,0,0,0,0,0,0,0,0,1
"E17HA02-01","C17","Chinese","Genuine","Happy 2 CN",14,1.625,0.4630966,0.06205076,0.05898534,0.1028713,0.008266704,0.003878566,0.0120565,0.000139215,0,0,0,0,0,0,0,0,0,0,0,0,0,0,0,0,0,0,0,1
"E17HA02-01","C17","Chinese","Genuine","Happy 2 CN",15,1.75,0.4596153,0.07860601,0.06082416,0.10497,0.007359482,0.003538334,0.01136666,0.000558284,0,0,0,0,0,0,0,0,0,0,0,0,0,0,0,0,0,0,0,1
"E17HA02-01","C17","Chinese","Genuine","Happy 2 CN",16,1.875,0.450381,0.1014083,0.05516036,0.1004774,0.006825817,0.003365555,0.01099219,0.00114609,0,0,0,0,0,0,0,0,0,0,0,0,0,0,0,0,0,0,0,1
"E17HA02-01","C17","Chinese","Genuine","Happy 2 CN",17,2,0.4470659,0.1121707,0.05167046,0.09481386,0.006178404,0.002979548,0.01076012,0.001092169,0,0,0,0,0,0,0,0,0,0,0,0,0,0,0,0,0,0,0,1
"E17HA02-01","C17","Chinese","Genuine","Happy 2 CN",18,2.125,0.4485429,0.1117808,0.04888539,0.09814558,0.005733596,0.003366036,0.01019864,0.000751037,0,0,0,0,0,0,0,0,0,0,0,0,0,0,0,0,0,0,0,1
"E17HA02-01","C17","Chinese","Genuine","Happy 2 CN",19,2.25,0.4530304,0.1006829,0.04992745,0.09549303,0.006306985,0.004101458,0.01076454,0.000516455,0,0,0,0,0,0,0,0,0,0,0,0,0,0,0,0,0,0,0,1
"E17HA02-01","C17","Chinese","Genuine","Happy 2 CN",20,2.375,0.4573373,0.0933602,0.05457712,0.08374667,0.00622208,0.003913803,0.01088556,0.000355144,0,0,0,0,0,0,0,0,0,0,0,0,0,0,0,0,0,0,0,1
"E17HA02-01","C17","Chinese","Genuine","Happy 2 CN",21,2.5,0.4570205,0.08687811,0.05439483,0.08811191,0.005645218,0.004292324,0.01289777,0.000533982,0,0,0,0,0,0,0,0,0,0,0,0,0,0,0,0,0,0,0,1
"E17HA02-01","C17","Chinese","Genuine","Happy 2 CN",22,2.625,0.4576229,0.08764198,0.05288738,0.0878978,0.005851035,0.004573895,0.01290477,0.000468297,0,0,0,0,0,0,0,0,0,0,0,0,0,0,0,0,0,0,0,1
"E17HA02-01","C17","Chinese","Genuine","Happy 2 CN",23,2.75,0.4512164,0.08203261,0.05219289,0.1021218,0.005487751,0.004841475,0.01411987,0.001285568,0,0,0,0,0,0,0,0,0,0,0,0,0,0,0,0,0,0,0,1
"E17HA02-01","C17","Chinese","Genuine","Happy 2 CN",24,2.875,0.4508649,0.08838452,0.06796458,0.09183212,0.004569427,0.0046018,0.02004797,0.000884029,0,0,0,0,0,0,0,0,0,0,0,0,0,0,0,0,0,0,0,2
"E17HA02-01","C17","Chinese","Genuine","Happy 2 CN",25,3,0.4539815,0.07900052,0.07370329,0.08588098,0.004060492,0.003811353,0.02152991,0.000607908,0,0,0,0,0,0,0,0,0,0,0,0,0,0,0,0,0,0,0,2
"E17HA02-01","C17","Chinese","Genuine","Happy 2 CN",26,3.125,0.4530146,0.07793036,0.07603864,0.09284133,0.004096965,0.003453831,0.0260408,0.000418031,0,0,0,0,0,0,0,0,0,0,0,0,0,0,0,0,0,0,0,2
"E17HA02-01","C17","Chinese","Genuine","Happy 2 CN",27,3.25,0.4536693,0.08416495,0.07229318,0.09571885,0.004505921,0.003196493,0.0303988,0.000287462,0,0,0,0,0,0,0,0,0,0,0,0,0,0,0,0,0,0,0,2
"E17HA02-01","C17","Chinese","Genuine","Happy 2 CN",28,3.375,0.4515489,0.07631133,0.07729863,0.1023683,0.004525571,0.002999248,0.03565458,0.000197675,0,0,0,0,0,0,0,0,0,0,0,0,0,0,0,0,0,0,0,2
"E17HA02-01","C17","Chinese","Genuine","Happy 2 CN",29,3.5,0.4546649,0.08028562,0.07093236,0.09015225,0.005062995,0.003160132,0.03409756,0.000135932,0,0,0,0,0,0,0,0,0,0,0,0,0,0,0,0,0,0,0,2
"E17HA02-01","C17","Chinese","Genuine","Happy 2 CN",30,3.625,0.4566339,0.07993071,0.07636522,0.08835695,0.005210389,0.002894823,0.03726693,9.3475e-05,0,0,0,0,0,0,0,0,0,0,0,0,0,0,0,0,0,0,0,2
"E17HA02-01","C17","Chinese","Genuine","Happy 2 CN",31,3.75,0.4555278,0.08804119,0.07758217,0.09377493,0.005961851,0.002989465,0.03570947,6.4278e-05,0,0,0,0,0,0,0,0,0,0,0,0,0,0,0,0,0,0,0,2
"E17HA02-01","C17","Chinese","Genuine","Happy 2 CN",32,3.875,0.4523216,0.09885682,0.07051171,0.09720723,0.006562317,0.003218377,0.03062063,4.4201e-05,0,0,0,0,0,0,0,0,0,0,0,0,0,0,0,0,0,0,0,2
"E17HA02-01","C17","Chinese","Genuine","Happy 2 CN",33,4,0.4481585,0.1124911,0.06273091,0.0868073,0.006133783,0.00290011,0.02646412,3.0395e-05,0,0,0,0,0,0,0,0,0,0,0,0,0,0,0,0,0,0,0,2
"E17HA02-01","C17","Chinese","Genuine","Happy 2 CN",34,4.125,0.4520273,0.1044416,0.06384704,0.07769628,0.005759513,0.003082312,0.02616674,2.0902e-05,0,0,0,0,0,0,0,0,0,0,0,0,0,0,0,0,0,0,0,2
"E17HA02-01","C17","Chinese","Genuine","Happy 2 CN",35,4.25,0.449567,0.1094008,0.05994188,0.08969255,0.005963692,0.003215053,0.02369226,1.4373e-05,0,0,0,0,0,0,0,0,0,0,0,0,0,0,0,0,0,0,0,2
"E17HA02-01","C17","Chinese","Genuine","Happy 2 CN",36,4.375,0.4519041,0.1048493,0.06351854,0.09021455,0.007034997,0.003531242,0.02780229,9.884e-06,0,0,0,0,0,0,0,0,0,0,0,0,0,0,0,0,0,0,0,2
"E17HA02-01","C17","Chinese","Genuine","Happy 2 CN",37,4.5,0.4472528,0.09769878,0.06750724,0.1043712,0.009834021,0.006214201,0.02473814,6.797e-06,0,0,0,0,0,0,0,0,0,0,0,0,0,0,0,0,0,0,0,2
"E17HA02-01","C17","Chinese","Genuine","Happy 2 CN",38,4.625,0.4384545,0.08697046,0.06788507,0.1249475,0.009906077,0.006363071,0.02843141,4.674e-06,0,0,0,0,0,0,0,0,0,0,0,0,0,0,0,0,0,0,0,2
"E17HA02-01","C17","Chinese","Genuine","Happy 2 CN",39,4.75,0.4374166,0.07856765,0.07342283,0.1280741,0.009592061,0.006037672,0.02855624,3.214e-06,0,0,0,0,1,0,0,0,0,0,0,0,0,0,0,0,0,0,0,2
"E17HA02-01","C17","Chinese","Genuine","Happy 2 CN",40,4.875,0.4368189,0.07467072,0.0797341,0.1310845,0.009443427,0.007171152,0.02656566,2.21e-06,0,0,0,0,1,0,0,0,0,0,0,0,0,0,0,0,0,0,0,1
"E17HA02-01","C17","Chinese","Genuine","Happy 2 CN",41,5,0.4352459,0.08554109,0.09773949,0.1134604,0.007694042,0.005799408,0.0306569,1.52e-06,0,0,0,0,1,0,0,0,0,0,0,0,0,0,0,0,0,0,0,2
"E17HA02-01","C17","Chinese","Genuine","Happy 2 CN",42,5.125,0.4317792,0.1067982,0.1105184,0.08636903,0.005798967,0.004486721,0.03814168,1.045e-06,0,0,0,0,1,0,0,0,0,0,0,0,0,0,0,0,0,0,0,3
"E17HA02-01","C17","Chinese","Genuine","Happy 2 CN",43,5.25,0.4286213,0.124119,0.1147706,0.06825165,0.005551748,0.004506233,0.03456608,7.19e-07,0,0,0,0,1,0,0,0,0,0,0,0,0,0,0,0,0,0,0,3
"E17HA02-01","C17","Chinese","Genuine","Happy 2 CN",44,5.375,0.4252577,0.1385617,0.1062108,0.05779257,0.00597455,0.004923441,0.03333423,4.94e-07,0,0,0,0,1,0,0,0,0,0,0,0,0,0,0,0,0,0,0,3
"E17HA02-01","C17","Chinese","Genuine","Happy 2 CN",45,5.5,0.430054,0.1336749,0.1000764,0.05036364,0.006144919,0.005038037,0.03711854,3.4e-07,0,0,0,0,1,0,0,0,0,0,0,0,0,0,0,0,0,0,0,3
"E17HA02-01","C17","Chinese","Genuine","Happy 2 CN",46,5.625,0.434781,0.1267118,0.1014309,0.06667498,0.005896313,0.005528783,0.04100773,2.34e-07,0,0,0,0,1,0,0,0,0,0,0,0,0,0,0,0,0,0,0,3
"E17HA02-01","C17","Chinese","Genuine","Happy 2 CN",47,5.75,0.4270241,0.1443512,0.102244,0.05680725,0.005342283,0.00617074,0.03605452,1.61e-07,0,0,0,0,1,0,0,0,0,0,0,0,0,0,0,0,0,0,0,3
"E17HA02-01","C17","Chinese","Genuine","Happy 2 CN",48,5.875,0.4327486,0.134325,0.1027925,0.05334637,0.005495409,0.006169685,0.03737146,1.11e-07,0,0,0,0,1,0,0,0,0,0,0,0,0,0,0,0,0,0,0,3
"E17HA02-01","C17","Chinese","Genuine","Happy 2 CN",49,6,0.4318529,0.1370544,0.101192,0.05875972,0.005258338,0.006640171,0.03622204,7.6e-08,0,0,0,0,1,0,0,0,0,0,0,0,0,0,0,0,0,0,0,3
"E17HA02-01","C17","Chinese","Genuine","Happy 2 CN",50,6.125,0.4299191,0.1422712,0.101155,0.05982014,0.00487856,0.006341712,0.03392278,0.000821859,0,0,0,0,1,0,0,0,0,0,0,0,0,0,0,0,0,0,0,3
"E17HA02-01","C17","Chinese","Genuine","Happy 2 CN",51,6.25,0.4348022,0.1335658,0.09871507,0.05767212,0.004637102,0.005948612,0.03716521,0.000565156,0,0,0,0,1,0,0,0,0,0,0,0,0,0,0,0,0,0,0,3
"E17HA02-01","C17","Chinese","Genuine","Happy 2 CN",52,6.375,0.4338194,0.1360902,0.1005708,0.05524598,0.004521396,0.00532339,0.03623823,0.000478698,0,0,0,0,1,0,0,0,0,0,0,0,0,0,0,0,0,0,0,3
"E17HA02-01","C17","Chinese","Genuine","Happy 2 CN",53,6.5,0.4368204,0.1302671,0.100425,0.05358337,0.004040963,0.004653815,0.03477358,0.00032918,0,0,0,0,1,0,0,0,0,0,0,0,0,0,0,0,0,0,0,3
"E17HA02-01","C17","Chinese","Genuine","Happy 2 CN",54,6.625,0.4412047,0.1238381,0.1046477,0.05373186,0.003927957,0.003733587,0.03424037,0.000226362,0,0,0,0,1,0,0,0,0,0,0,0,0,0,0,0,0,0,0,3
"E17HA02-01","C17","Chinese","Genuine","Happy 2 CN",55,6.75,0.4333055,0.1405672,0.1036427,0.05152014,0.003893097,0.003385704,0.03250704,0.00015566,0,0,0,0,1,0,0,0,0,0,0,0,0,0,0,0,0,0,0,3
"E17HA02-01","C17","Chinese","Genuine","Happy 2 CN",56,6.875,0.434549,0.137913,0.1048972,0.04804292,0.003710174,0.003148497,0.03666128,0.00010704,0,0,0,0,1,0,0,0,0,0,0,0,0,0,0,0,0,0,0,3
"E17HA02-01","C17","Chinese","Genuine","Happy 2 CN",57,7,0.439088,0.1278723,0.0959909,0.05527782,0.003162436,0.002861741,0.03995318,7.3607e-05,0,0,0,0,1,0,0,0,0,0,0,0,0,0,0,0,0,0,0,4
"E17HA02-01","C17","Chinese","Genuine","Happy 2 CN",58,7.125,0.4423977,0.1162746,0.08799794,0.07233448,0.005072269,0.003594425,0.03812039,5.0616e-05,0,0,0,0,1,0,0,0,0,0,0,0,0,0,0,0,0,0,0,3
"E17HA02-01","C17","Chinese","Genuine","Happy 2 CN",59,7.25,0.4421639,0.1234751,0.07767,0.07538278,0.007236864,0.004668946,0.03219575,3.4807e-05,0,0,0,0,1,0,0,0,0,0,0,0,0,0,0,0,0,0,0,3
"E17HA02-01","C17","Chinese","Genuine","Happy 2 CN",60,7.375,0.4441519,0.1096252,0.0675374,0.09190816,0.01043849,0.005890236,0.03026215,2.3935e-05,0,0,0,0,1,0,0,0,0,0,0,0,0,0,0,0,0,0,0,3
"E17HA02-01","C17","Chinese","Genuine","Happy 2 CN",61,7.5,0.4395618,0.09064713,0.06381863,0.1144905,0.01086329,0.006322304,0.02923049,1.6459e-05,0,0,0,0,1,0,0,0,0,0,0,0,0,0,0,0,0,0,0,3
"E17HA02-01","C17","Chinese","Genuine","Happy 2 CN",62,7.625,0.4492304,0.07918349,0.0659015,0.1103946,0.01229851,0.006236783,0.02845154,1.1318e-05,0,0,0,0,1,0,0,0,0,0,0,0,0,0,0,0,0,0,0,2
"E17HA02-01","C17","Chinese","Genuine","Happy 2 CN",63,7.75,0.4523514,0.07094024,0.06480549,0.1158493,0.01248288,0.005965321,0.02438801,7.783e-06,0,0,0,0,1,0,0,0,0,0,0,0,0,0,0,0,0,0,0,2
"E17HA02-01","C17","Chinese","Genuine","Happy 2 CN",64,7.875,0.4583322,0.0644533,0.0656928,0.1142726,0.01261831,0.00551395,0.02024183,5.352e-06,0,0,0,0,0,0,0,0,0,0,0,0,0,0,0,0,0,0,0,2
"E17HA02-01","C17","Chinese","Genuine","Happy 2 CN",65,8,0.4680545,0.05776711,0.06672928,0.1046988,0.01215548,0.004713714,0.01742887,3.68e-06,0,0,0,0,0,0,0,0,0,0,0,0,0,0,0,0,0,0,0,1
"E17HA02-01","C17","Chinese","Genuine","Happy 2 CN",66,8.125,0.4830382,0.05173953,0.06265357,0.09632459,0.01202545,0.004116282,0.01540846,2.531e-06,0,0,0,0,0,0,0,0,0,0,0,0,0,0,0,0,0,0,0,1
"E17HA02-01","C17","Chinese","Genuine","Happy 2 CN",67,8.25,0.4859841,0.04754607,0.06665859,0.08724675,0.01226914,0.003715548,0.0152667,0.000592247,0,0,0,0,0,0,0,0,0,0,0,0,0,0,0,0,0,0,0,1
"E17HA02-01","C17","Chinese","Genuine","Happy 2 CN",68,8.375,0.4899909,0.03823197,0.06806694,0.07598364,0.0127391,0.003586582,0.01539029,0.000726293,0,0,0,0,0,0,0,0,0,0,0,0,0,0,0,0,0,0,0,1
"E17HA02-01","C17","Chinese","Genuine","Happy 2 CN",69,8.5,0.4961753,0.03524615,0.06508829,0.07269606,0.01389114,0.003793787,0.01555875,0.000844525,0,0,0,0,0,0,0,0,0,0,0,0,0,0,0,0,0,0,0,1
"E17HA02-01","C17","Chinese","Genuine","Happy 2 CN",70,8.625,0.494951,0.03051436,0.06243948,0.06973816,0.01504067,0.003956967,0.01521439,0.000727867,0,0,0,0,0,0,0,0,0,0,0,0,0,0,0,0,0,0,0,1
"E17HA02-02","C17","Chinese","Genuine","Happy 2 CN",1,0,0.508115,0.03510111,0.04776277,0.08662476,0.004003425,0.001232007,0.03091707,0,0,0,0,0,0,0,0,0,0,0,0,0,0,0,0,0,0,0,0,1
"E17HA02-02","C17","Chinese","Genuine","Happy 2 CN",2,0.125,0.5014099,0.03734956,0.05062979,0.08414739,0.006500762,0.001410495,0.02582263,0,0,0,0,0,0,0,0,0,0,0,0,0,0,0,0,0,0,0,0,1
"E17HA02-02","C17","Chinese","Genuine","Happy 2 CN",3,0.25,0.4963871,0.03979759,0.05657756,0.07925683,0.006930947,0.001495434,0.02170476,0,0,0,0,0,0,0,0,0,0,0,0,0,0,0,0,0,0,0,0,1
"E17HA02-02","C17","Chinese","Genuine","Happy 2 CN",4,0.375,0.493168,0.04566943,0.06193375,0.07234509,0.007646595,0.00175728,0.02232879,0,0,0,0,0,0,0,0,0,0,0,0,0,0,0,0,0,0,0,0,1
"E17HA02-02","C17","Chinese","Genuine","Happy 2 CN",5,0.5,0.4856718,0.04712787,0.07216021,0.07460142,0.008524284,0.001978146,0.02110434,0.001261886,0,0,0,0,0,0,0,0,0,0,0,0,0,0,0,0,0,0,0,1
"E17HA02-02","C17","Chinese","Genuine","Happy 2 CN",6,0.625,0.4801969,0.06055978,0.07161392,0.06585845,0.008631989,0.002210101,0.02219705,0.000867744,0,0,0,0,0,0,0,0,0,0,0,0,0,0,0,0,0,0,0,1
"E17HA02-02","C17","Chinese","Genuine","Happy 2 CN",7,0.75,0.4758813,0.06694239,0.07520983,0.06334633,0.008784307,0.00253375,0.024366,0.000596709,0,0,0,0,0,0,0,0,0,0,0,0,0,0,0,0,0,0,0,1
"E17HA02-02","C17","Chinese","Genuine","Happy 2 CN",8,0.875,0.4710214,0.07845454,0.07877468,0.07024213,0.00927403,0.002691027,0.02222575,0.000410331,0,0,0,0,0,0,0,0,0,0,0,0,0,0,0,0,0,0,0,1
"E17HA02-02","C17","Chinese","Genuine","Happy 2 CN",9,1,0.4614301,0.09421916,0.0745066,0.08236855,0.009660667,0.003712146,0.02283493,0.000282166,0,0,0,0,0,0,0,0,0,0,0,0,0,0,0,0,0,0,0,1
"E17HA02-02","C17","Chinese","Genuine","Happy 2 CN",10,1.125,0.4472592,0.1215051,0.07050624,0.09008895,0.011107,0.004402879,0.02073905,0.000194033,0,0,0,0,0,0,0,0,0,0,0,0,0,0,0,0,0,0,0,1
"E17HA02-02","C17","Chinese","Genuine","Happy 2 CN",11,1.25,0.4355502,0.1429412,0.06714844,0.1033466,0.01156495,0.005951728,0.01956977,0.000133428,0,0,0,0,0,0,0,0,0,0,0,0,0,0,0,0,0,0,0,1
"E17HA02-02","C17","Chinese","Genuine","Happy 2 CN",12,1.375,0.4207398,0.1716793,0.05892189,0.09987894,0.01233408,0.005854166,0.01784761,9.1753e-05,0,0,0,0,0,0,0,0,0,0,0,0,0,0,0,0,0,0,0,1
"E17HA02-02","C17","Chinese","Genuine","Happy 2 CN",13,1.5,0.3951562,0.220383,0.05302278,0.09374737,0.01229501,0.005542976,0.01599122,6.3094e-05,0,0,0,0,1,0,0,0,1,0,0,0,0,0,0,0,0,0,0,1
"E17HA02-02","C17","Chinese","Genuine","Happy 2 CN",14,1.625,0.359071,0.2904055,0.04646702,0.09249373,0.01034171,0.005939602,0.0170704,4.3387e-05,0,0,0,0,1,0,0,0,1,0,0,0,0,0,0,0,0,0,0,1
"E17HA02-02","C17","Chinese","Genuine","Happy 2 CN",15,1.75,0.3476871,0.3120459,0.04400029,0.08205235,0.01032016,0.005787075,0.01727026,2.9835e-05,0,0,0,0,1,0,0,0,1,0,0,0,0,0,0,0,0,0,0,1
"E17HA02-02","C17","Chinese","Genuine","Happy 2 CN",16,1.875,0.3538996,0.299196,0.0495645,0.0838371,0.01184839,0.005850625,0.01674852,0.000533708,0,0,0,0,1,0,0,0,1,0,0,0,0,0,0,0,0,0,0,1
"E17HA02-02","C17","Chinese","Genuine","Happy 2 CN",17,2,0.3520412,0.3022503,0.04698009,0.0778345,0.01023718,0.005748452,0.01909881,0.001108981,0,0,0,0,1,0,0,0,1,0,0,0,0,0,0,0,0,0,0,1
"E17HA02-02","C17","Chinese","Genuine","Happy 2 CN",18,2.125,0.345367,0.3141701,0.0431124,0.08203653,0.00962029,0.005514043,0.02808696,0.003026909,0,0,0,0,1,0,0,0,1,0,0,0,0,0,0,0,0,0,0,1
"E17HA02-02","C17","Chinese","Genuine","Happy 2 CN",19,2.25,0.3426059,0.3186717,0.04594249,0.07289711,0.00801045,0.004579633,0.03480081,0.005889181,0,0,0,0,1,0,0,0,1,0,0,0,0,0,0,0,0,0,0,1
"E17HA02-02","C17","Chinese","Genuine","Happy 2 CN",20,2.375,0.3270688,0.3493789,0.04659036,0.06378612,0.006957651,0.00363474,0.03303632,0.008508859,0,0,0,0,1,0,0,0,1,0,0,0,0,0,0,0,0,0,0,1
"E17HA02-02","C17","Chinese","Genuine","Happy 2 CN",21,2.5,0.3417596,0.319275,0.05360958,0.05882954,0.005370599,0.003138087,0.04277761,0.007392505,0,0,0,0,1,0,0,0,1,0,0,0,0,0,0,0,0,0,0,1
"E17HA02-02","C17","Chinese","Genuine","Happy 2 CN",22,2.625,0.3542149,0.2938367,0.05665649,0.05805133,0.004075117,0.00240186,0.04950326,0.005254458,0,0,0,0,1,0,0,0,1,0,0,0,0,0,0,0,0,0,0,2
"E17HA02-02","C17","Chinese","Genuine","Happy 2 CN",23,2.75,0.3629878,0.2761599,0.05260966,0.05762072,0.004388084,0.002003664,0.04990192,0.004995551,0,0,0,0,1,0,0,0,1,0,0,0,0,0,0,0,0,0,0,2
"E17HA02-02","C17","Chinese","Genuine","Happy 2 CN",24,2.875,0.3539649,0.2939858,0.05430473,0.05737662,0.004501378,0.002357065,0.05213376,0.00457028,0,0,0,0,1,0,0,0,1,0,0,0,0,0,0,0,0,0,0,2
"E17HA02-02","C17","Chinese","Genuine","Happy 2 CN",25,3,0.3421682,0.3172489,0.04996305,0.06177852,0.005606701,0.00284093,0.06113694,0.003847986,0,0,0,0,1,0,0,0,1,0,0,0,0,0,0,0,0,0,0,2
"E17HA02-02","C17","Chinese","Genuine","Happy 2 CN",26,3.125,0.340419,0.3206385,0.04727951,0.06978658,0.005216842,0.002524191,0.06202,0.004602394,0,0,0,0,1,0,0,0,1,0,0,0,0,0,0,0,0,0,0,2
"E17HA02-02","C17","Chinese","Genuine","Happy 2 CN",27,3.25,0.3448201,0.3119637,0.0514524,0.07172588,0.00465086,0.002260184,0.05989708,0.005873173,0,0,0,0,1,0,0,0,1,0,0,0,0,0,0,0,0,0,0,2
"E17HA02-02","C17","Chinese","Genuine","Happy 2 CN",28,3.375,0.3450144,0.3115323,0.05242655,0.0765835,0.004388506,0.002407396,0.06084155,0.008053924,0,0,0,0,1,0,0,0,1,0,0,0,0,0,0,0,0,0,0,2
"E17HA02-02","C17","Chinese","Genuine","Happy 2 CN",29,3.5,0.3469549,0.3074464,0.04647981,0.08105498,0.004889285,0.002408467,0.05878474,0.007930407,0,0,0,0,1,0,0,0,1,0,0,0,0,0,0,0,0,0,0,2
"E17HA02-02","C17","Chinese","Genuine","Happy 2 CN",30,3.625,0.3263056,0.3488844,0.04332475,0.07603735,0.00603554,0.002420849,0.05256879,0.007617312,0,0,0,0,1,0,0,0,1,0,0,0,0,0,0,0,0,0,0,2
"E17HA02-02","C17","Chinese","Genuine","Happy 2 CN",31,3.75,0.3133502,0.3749759,0.04197251,0.07109064,0.006907867,0.002766998,0.04702262,0.007194406,0,0,0,0,1,0,0,0,1,0,0,0,0,0,0,0,0,0,0,2
"E17HA02-02","C17","Chinese","Genuine","Happy 2 CN",32,3.875,0.3194924,0.3626232,0.04239817,0.0767552,0.007610328,0.003778198,0.04412063,0.005487549,0,0,0,0,1,0,0,0,1,0,0,0,0,0,0,0,0,0,0,2
"E17HA02-02","C17","Chinese","Genuine","Happy 2 CN",33,4,0.3315709,0.3387748,0.04166837,0.08245238,0.00783061,0.004656673,0.04489478,0.004648951,0,0,0,0,1,0,0,0,1,0,0,0,0,0,0,0,0,0,0,2
"E17HA02-02","C17","Chinese","Genuine","Happy 2 CN",34,4.125,0.3415443,0.3190353,0.03969466,0.08295996,0.007865652,0.004899159,0.04342259,0.003794555,0,0,0,0,1,0,0,0,1,0,0,0,0,0,0,0,0,0,0,2
"E17HA02-02","C17","Chinese","Genuine","Happy 2 CN",35,4.25,0.3442907,0.3136443,0.042006,0.08601495,0.008134612,0.005558789,0.04316317,0.002714729,0,0,0,0,1,0,0,0,1,0,0,0,0,0,0,0,0,0,0,1
"E17HA02-02","C17","Chinese","Genuine","Happy 2 CN",36,4.375,0.3490907,0.3045104,0.04747071,0.08194609,0.008294067,0.006825654,0.04092139,0.0018668,0,0,0,0,1,0,0,0,1,0,0,0,0,0,0,0,0,0,0,1
"E17HA02-02","C17","Chinese","Genuine","Happy 2 CN",37,4.5,0.362345,0.2793752,0.04734929,0.07678618,0.008266792,0.006802553,0.03826653,0.001283716,0,0,0,0,1,0,0,0,1,0,0,0,0,0,0,0,0,0,0,1
"E17HA02-02","C17","Chinese","Genuine","Happy 2 CN",38,4.625,0.3800336,0.2442634,0.04715775,0.08662519,0.008330289,0.006682968,0.0387117,0.000882755,0,0,0,0,1,0,0,0,1,0,0,0,0,0,0,0,0,0,0,1
"E17HA02-02","C17","Chinese","Genuine","Happy 2 CN",39,4.75,0.3889024,0.2269899,0.04439426,0.08731682,0.009458663,0.006335967,0.03323792,0.000607032,0,0,0,0,1,0,0,0,1,0,0,0,0,0,0,0,0,0,0,1
"E17HA02-02","C17","Chinese","Genuine","Happy 2 CN",40,4.875,0.3959157,0.1922671,0.04171003,0.1176179,0.01144751,0.006568572,0.03008455,0.000417429,0,0,0,0,1,0,0,0,1,0,0,0,0,0,0,0,0,0,0,1
"E17HA02-02","C17","Chinese","Genuine","Happy 2 CN",41,5,0.4014827,0.18737,0.04376191,0.1233455,0.01010736,0.006048623,0.02861995,0.000287048,0,0,0,0,1,0,0,0,1,0,0,0,0,0,0,0,0,0,0,1
"E17HA02-02","C17","Chinese","Genuine","Happy 2 CN",42,5.125,0.4061666,0.1825857,0.04327825,0.1293691,0.009135652,0.006253948,0.02849088,0.00019739,0,0,0,0,1,0,0,0,1,0,0,0,0,0,0,0,0,0,0,1
"E17HA02-02","C17","Chinese","Genuine","Happy 2 CN",43,5.25,0.4157949,0.1670215,0.04325791,0.1291161,0.009038975,0.006295273,0.02900787,0.000135737,0,0,0,0,1,0,0,0,1,0,0,0,0,0,0,0,0,0,0,1
"E17HA02-02","C17","Chinese","Genuine","Happy 2 CN",44,5.375,0.4100929,0.1801698,0.05383618,0.1040174,0.007382217,0.006324495,0.02986343,9.334e-05,0,0,0,0,1,0,0,0,1,0,0,0,0,0,0,0,0,0,0,1
"E17HA02-02","C17","Chinese","Genuine","Happy 2 CN",45,5.5,0.3975424,0.2081393,0.05590837,0.08513108,0.006731865,0.005343795,0.03250881,6.4186e-05,0,0,0,0,1,0,0,0,1,0,0,0,0,0,0,0,0,0,0,1
"E17HA02-02","C17","Chinese","Genuine","Happy 2 CN",46,5.625,0.4046343,0.1950565,0.0685268,0.07543129,0.005981037,0.004535516,0.03829413,0.000528929,0,0,0,0,1,0,0,0,1,0,0,0,0,0,0,0,0,0,0,1
"E17HA02-02","C17","Chinese","Genuine","Happy 2 CN",47,5.75,0.4068254,0.1903651,0.07481892,0.07914282,0.004983329,0.003910541,0.04595547,0.001609165,0,0,0,0,1,0,0,0,1,0,0,0,0,0,0,0,0,0,0,2
"E17HA02-02","C17","Chinese","Genuine","Happy 2 CN",48,5.875,0.4077724,0.1882957,0.08246334,0.08080402,0.004605554,0.0037814,0.04879869,0.001106552,0,0,0,0,1,0,0,0,1,0,0,0,0,0,0,0,0,0,0,2
"E17HA03-01","C17","Chinese","Genuine","Happy 3 CN",1,0,0.4662909,0.07098529,0.1067155,0.03648323,0.00168549,0.001567792,0.02218802,0.00634045,0,0,0,0,0,0,0,0,0,0,0,0,0,0,0,0,0,0,0,2
"E17HA03-01","C17","Chinese","Genuine","Happy 3 CN",2,0.125,0.4565732,0.08048517,0.121189,0.03677006,0.002037773,0.001709503,0.02042886,0.0121221,0,0,0,0,0,0,0,0,0,0,0,0,0,0,0,0,0,0,0,2
"E17HA03-01","C17","Chinese","Genuine","Happy 3 CN",3,0.25,0.4362308,0.1256516,0.1164945,0.04339941,0.002085022,0.00183408,0.01755261,0.01327324,0,0,0,0,0,0,0,0,0,0,0,0,0,0,0,0,0,0,0,2
"E17HA03-01","C17","Chinese","Genuine","Happy 3 CN",4,0.375,0.4029443,0.1940565,0.1170342,0.0452485,0.001871589,0.001781373,0.01465521,0.01290444,0,0,0,0,0,0,0,0,0,0,0,0,0,0,0,0,0,0,0,2
"E17HA03-01","C17","Chinese","Genuine","Happy 3 CN",5,0.5,0.3782497,0.2447212,0.1079036,0.06021691,0.002033367,0.002841424,0.01298661,0.01182317,0,0,0,0,0,0,0,0,0,0,0,0,0,0,0,0,0,0,0,2
"E17HA03-01","C17","Chinese","Genuine","Happy 3 CN",6,0.625,0.3676203,0.2662105,0.1129425,0.06109686,0.002084708,0.003119876,0.01493508,0.01085738,0,0,0,0,0,0,0,0,0,0,0,0,0,0,0,0,0,0,0,2
"E17HA03-01","C17","Chinese","Genuine","Happy 3 CN",7,0.75,0.3454896,0.3112279,0.1054103,0.05391902,0.002011304,0.003326669,0.0159142,0.009343604,0,0,0,0,0,0,0,0,0,0,0,0,0,0,0,0,0,0,0,2
"E17HA03-01","C17","Chinese","Genuine","Happy 3 CN",8,0.875,0.2869585,0.4277217,0.1015452,0.04215432,0.001879626,0.002533652,0.01821537,0.007691956,0,0,0,0,0,0,0,0,1,0,0,0,0,0,0,0,0,0,0,2
"E17HA03-01","C17","Chinese","Genuine","Happy 3 CN",9,1,0.2320515,0.5370375,0.08360729,0.02997353,0.001722658,0.001886102,0.01555895,0.00881573,0,0,0,0,0,0,0,0,1,0,0,0,0,0,0,0,1,0,0,2
"E17HA03-01","C17","Chinese","Genuine","Happy 3 CN",10,1.125,0.1993918,0.6020114,0.06665061,0.02155787,0.001785879,0.001371861,0.01285505,0.007510995,0,0,0,0,0,0,0,0,1,0,0,0,0,0,0,0,1,0,0,2
"E17HA03-01","C17","Chinese","Genuine","Happy 3 CN",11,1.25,0.1826576,0.6352424,0.05094074,0.01610734,0.001843445,0.00100735,0.01462188,0.007923048,0,0,0,0,0,0,0,0,2,0,0,0,0,0,0,0,1,0,0,2
"E17HA03-01","C17","Chinese","Genuine","Happy 3 CN",12,1.375,0.162867,0.6746762,0.04289127,0.01250167,0.00213109,0.000789318,0.0129905,0.01005894,0,0,0,0,1,0,0,0,2,0,0,0,0,0,0,0,2,0,0,2
"E17HA03-01","C17","Chinese","Genuine","Happy 3 CN",13,1.5,0.1483076,0.7037264,0.04546099,0.01095934,0.002082104,0.00063587,0.01172072,0.008731911,0,0,0,0,1,0,0,0,2,0,0,0,0,0,0,0,2,0,0,2
"E17HA03-01","C17","Chinese","Genuine","Happy 3 CN",14,1.625,0.1519105,0.6965281,0.05123691,0.01113161,0.002186155,0.000713307,0.01350399,0.008782831,0,0,0,0,1,0,0,0,2,0,0,0,0,0,0,0,2,0,0,2
"E17HA03-01","C17","Chinese","Genuine","Happy 3 CN",15,1.75,0.163437,0.6736892,0.06948049,0.01622307,0.00207165,0.001515304,0.0124348,0.01179782,0,0,0,0,1,0,0,0,2,0,0,0,0,0,0,0,2,0,0,2
"E17HA03-01","C17","Chinese","Genuine","Happy 3 CN",16,1.875,0.1928631,0.6149464,0.08786765,0.02923098,0.002541031,0.002929434,0.01291869,0.01596062,0,0,0,0,1,0,0,0,2,0,0,0,0,0,0,0,2,0,0,2
"E17HA03-01","C17","Chinese","Genuine","Happy 3 CN",17,2,0.2284093,0.5443516,0.09183718,0.04197179,0.002259592,0.004555502,0.01752141,0.01424877,0,0,0,0,1,0,0,0,2,0,0,0,0,0,0,0,1,0,0,2
"E17HA03-01","C17","Chinese","Genuine","Happy 3 CN",18,2.125,0.2395055,0.5235146,0.08397076,0.05172481,0.002421307,0.004946631,0.01720672,0.01946804,0,0,0,0,1,0,0,0,1,0,0,0,0,0,0,0,1,0,0,2
"E17HA03-01","C17","Chinese","Genuine","Happy 3 CN",19,2.25,0.266173,0.470024,0.08732548,0.07263578,0.002566485,0.005960632,0.01614672,0.02197785,0,0,0,0,0,0,0,0,1,0,0,0,0,0,0,0,1,0,0,2
"E17HA03-01","C17","Chinese","Genuine","Happy 3 CN",20,2.375,0.2709766,0.4611554,0.0982865,0.08821049,0.003539971,0.006676876,0.01369336,0.03699964,0,0,0,0,1,0,0,0,1,0,0,0,0,0,0,0,1,0,0,2
"E17HA03-01","C17","Chinese","Genuine","Happy 3 CN",21,2.5,0.2786628,0.4465227,0.1297754,0.07660239,0.004472544,0.00665404,0.01506729,0.03542313,0,0,0,0,1,0,0,0,1,0,0,0,0,0,0,0,1,0,0,1
"E17HA03-01","C17","Chinese","Genuine","Happy 3 CN",22,2.625,0.288054,0.430023,0.127191,0.0687203,0.004836149,0.007558885,0.01250092,0.03152997,0,0,0,0,1,0,0,0,1,0,0,0,0,0,0,0,0,0,0,1
"E17HA03-01","C17","Chinese","Genuine","Happy 3 CN",23,2.75,0.308659,0.3900537,0.1095795,0.06512635,0.005049085,0.007661747,0.01203402,0.03627297,0,0,0,0,1,0,0,0,1,0,0,0,0,0,0,0,0,0,0,1
"E17HA03-01","C17","Chinese","Genuine","Happy 3 CN",24,2.875,0.3315448,0.3447003,0.1084845,0.06994223,0.005213073,0.007294027,0.01306141,0.03943869,0,0,0,0,0,0,0,0,1,0,0,0,0,0,0,0,0,0,0,1
"E17HA03-01","C17","Chinese","Genuine","Happy 3 CN",25,3,0.3418132,0.3277174,0.1303026,0.08263028,0.004325624,0.006331532,0.01398177,0.04429659,0,0,0,0,0,0,0,0,1,0,0,0,0,0,0,0,0,0,0,1
"E17HA03-01","C17","Chinese","Genuine","Happy 3 CN",26,3.125,0.363239,0.2907586,0.1319128,0.07850464,0.003590671,0.005934494,0.01678628,0.04468612,0,0,0,0,0,0,0,0,1,0,0,0,0,0,0,0,0,0,0,1
"E17HA03-01","C17","Chinese","Genuine","Happy 3 CN",27,3.25,0.3585818,0.2568885,0.186994,0.07171046,0.002794962,0.004874433,0.02371308,0.03599023,0,0,0,0,0,0,0,0,1,0,0,0,0,0,0,0,0,0,0,2
"E17HA03-01","C17","Chinese","Genuine","Happy 3 CN",28,3.375,0.3762297,0.2325088,0.1702512,0.08176719,0.003061196,0.005091886,0.02038305,0.02828369,0,0,0,0,0,0,0,0,1,0,0,0,0,0,0,0,0,0,0,2
"E17HA03-01","C17","Chinese","Genuine","Happy 3 CN",29,3.5,0.3963185,0.2088273,0.1481118,0.07749151,0.005385259,0.006564237,0.01663733,0.02771204,0,0,0,0,0,0,0,0,1,0,0,0,0,0,0,0,0,0,0,2
"E17HA03-01","C17","Chinese","Genuine","Happy 3 CN",30,3.625,0.410282,0.1923419,0.1282671,0.06906483,0.005313159,0.006815355,0.01548793,0.04244383,0,0,0,0,0,0,0,0,0,0,0,0,0,0,0,0,0,0,0,2
"E17HA03-01","C17","Chinese","Genuine","Happy 3 CN",31,3.75,0.4329239,0.1621212,0.1147925,0.07303736,0.005156028,0.006022323,0.01522686,0.0572563,0,0,0,0,0,0,0,0,0,0,0,0,0,0,0,0,0,0,0,1
"E17HA03-01","C17","Chinese","Genuine","Happy 3 CN",32,3.875,0.4490301,0.1329902,0.1056357,0.06711589,0.005840683,0.006587979,0.01382653,0.06294033,0,0,0,0,0,0,0,0,0,0,0,0,0,0,0,0,0,0,0,1
"E17HA03-01","C17","Chinese","Genuine","Happy 3 CN",33,4,0.4495583,0.1103813,0.1167651,0.06019238,0.006006694,0.005757087,0.01470299,0.05548651,0,0,0,0,0,0,0,0,0,0,0,0,0,0,0,0,0,0,0,1
"E17HA05-05","C17","Chinese","Genuine","Happy 5 CN",1,0,0.5546451,0.000257162,0.4174421,0.01777134,0.002976716,0.001006953,0.007604917,0,0,0,0,0,0,0,0,0,0,0,0,0,0,0,0,0,0,0,0,0
"E17HA05-05","C17","Chinese","Genuine","Happy 5 CN",2,0.125,0.5092291,0.000288492,0.4263272,0.01715738,0.002568159,0.00125943,0.01268911,0,0,0,0,0,0,0,0,0,0,0,0,0,0,0,0,0,0,0,0,0
"E17HA05-05","C17","Chinese","Genuine","Happy 5 CN",3,0.25,0.4650978,0.000759946,0.4298094,0.01783965,0.002477776,0.001138014,0.01396219,0,0,0,0,0,0,0,0,0,0,0,0,0,0,0,0,0,0,0,0,0
"E17HA05-05","C17","Chinese","Genuine","Happy 5 CN",4,0.375,0.4426028,0.002128513,0.3909799,0.02527857,0.003251898,0.001236197,0.01391639,0,0,0,0,0,0,0,0,0,0,0,0,0,0,0,0,0,0,0,0,0
"E17HA05-05","C17","Chinese","Genuine","Happy 5 CN",5,0.5,0.4340563,0.01250587,0.3313155,0.03125442,0.004199137,0.001556289,0.01306984,0.000900504,0,0,0,0,0,0,0,0,0,0,0,0,0,0,0,0,0,0,0,0
"E17HA05-05","C17","Chinese","Genuine","Happy 5 CN",6,0.625,0.4405237,0.01884613,0.2661762,0.03576592,0.003842356,0.001331652,0.0127005,0.000619237,0,0,0,0,0,0,0,0,0,0,0,0,0,0,0,0,0,0,0,1
"E17HA05-05","C17","Chinese","Genuine","Happy 5 CN",7,0.75,0.4332792,0.02118083,0.2418128,0.04056276,0.003162654,0.001256302,0.01977297,0.000425822,0,0,0,0,0,0,0,0,0,0,0,0,0,0,0,0,0,0,0,1
"E17HA05-05","C17","Chinese","Genuine","Happy 5 CN",8,0.875,0.417877,0.02325039,0.2429664,0.03879806,0.002545067,0.00110472,0.02571294,0.000292819,0,0,0,0,0,0,0,0,0,0,0,0,0,0,0,0,0,0,0,1
"E17HA05-05","C17","Chinese","Genuine","Happy 5 CN",9,1,0.393719,0.02282365,0.2726038,0.0361636,0.002049851,0.00106505,0.0387123,0.000201359,0,0,0,0,0,0,0,0,0,0,0,0,0,0,0,0,0,0,0,2
"E17HA05-05","C17","Chinese","Genuine","Happy 5 CN",10,1.125,0.3952234,0.02292587,0.2575724,0.03513948,0.001895191,0.000980452,0.04426981,0.000138466,0,0,0,0,0,0,0,0,0,0,0,0,0,0,0,0,0,0,0,2
"E17HA05-05","C17","Chinese","Genuine","Happy 5 CN",11,1.25,0.401405,0.01973459,0.2406929,0.04070939,0.001988392,0.001090498,0.03929874,9.5217e-05,0,0,0,0,0,0,0,0,0,0,0,0,0,0,0,0,0,0,0,2
"E17HA05-05","C17","Chinese","Genuine","Happy 5 CN",12,1.375,0.4197596,0.01590129,0.2175556,0.04558438,0.002316115,0.001013324,0.031093,6.5476e-05,0,0,0,0,0,0,0,0,0,0,0,0,0,0,0,0,0,0,0,2
"E17HA05-05","C17","Chinese","Genuine","Happy 5 CN",13,1.5,0.4288189,0.01566266,0.1956274,0.05015273,0.003573286,0.001096385,0.02646502,0.000449514,0,0,0,0,0,0,0,0,0,0,0,0,0,0,0,0,0,0,0,2
"E17HA05-05","C17","Chinese","Genuine","Happy 5 CN",14,1.625,0.4365102,0.01447674,0.1764783,0.05563252,0.003739164,0.000996286,0.02257216,0.000309111,0,0,0,0,0,0,0,0,0,0,0,0,0,0,0,0,0,0,0,1
"E17HA05-05","C17","Chinese","Genuine","Happy 5 CN",15,1.75,0.4340178,0.01410228,0.174134,0.05249494,0.004317941,0.001232568,0.0202599,0.000212562,0,0,0,0,0,0,0,0,0,0,0,0,0,0,0,0,0,0,0,1
"E17HA05-05","C17","Chinese","Genuine","Happy 5 CN",16,1.875,0.4343165,0.01225085,0.1692467,0.05197516,0.004543255,0.001203649,0.0186316,0.00014617,0,0,0,0,0,0,0,0,0,0,0,0,0,0,0,0,0,0,0,1
"E17HA05-05","C17","Chinese","Genuine","Happy 5 CN",17,2,0.4293126,0.01223891,0.1777934,0.05045383,0.004019938,0.001296152,0.0165471,0.000100514,0,0,0,0,0,0,0,0,0,0,0,0,0,0,0,0,0,0,0,1
"E17HA05-05","C17","Chinese","Genuine","Happy 5 CN",18,2.125,0.4261192,0.01318497,0.1855203,0.04610692,0.003486094,0.00115751,0.0157272,6.9119e-05,0,0,0,0,0,0,0,0,0,0,0,0,0,0,0,0,0,0,0,1
"E17HA05-05","C17","Chinese","Genuine","Happy 5 CN",19,2.25,0.4044014,0.01367221,0.2319176,0.03716228,0.003244273,0.001150607,0.02102919,0.000308246,0,0,0,0,0,0,0,0,0,0,0,0,0,0,0,0,0,0,0,2
"E17HA05-05","C17","Chinese","Genuine","Happy 5 CN",20,2.375,0.3935669,0.01510315,0.2598328,0.0312884,0.003205109,0.001270605,0.02344593,0.000529954,0,0,0,0,0,0,0,0,0,0,0,0,0,0,0,0,0,0,0,2
"E17HA05-05","C17","Chinese","Genuine","Happy 5 CN",21,2.5,0.3896227,0.01988248,0.2696924,0.02744561,0.003000291,0.00134308,0.02488139,0.00080124,0,0,0,0,0,0,0,0,0,0,0,0,0,0,0,0,0,0,0,2
"E17HA05-05","C17","Chinese","Genuine","Happy 5 CN",22,2.625,0.3819882,0.0177553,0.2858709,0.0249976,0.002704534,0.00151329,0.02634206,0.000550977,0,0,0,0,0,0,0,0,0,0,0,0,0,0,0,0,0,0,0,2
"E17HA05-05","C17","Chinese","Genuine","Happy 5 CN",23,2.75,0.3739068,0.01597398,0.304976,0.02149493,0.002315778,0.001626407,0.02949935,0.000378883,0,0,0,0,0,0,0,0,0,0,0,0,0,0,0,0,0,0,0,3
"E17HA05-05","C17","Chinese","Genuine","Happy 5 CN",24,2.875,0.3636698,0.01397759,0.3262228,0.02047414,0.002254817,0.001723596,0.02734806,0.000260541,0,0,0,0,0,0,0,0,0,0,0,0,0,0,0,0,0,0,0,2
"E17HA05-05","C17","Chinese","Genuine","Happy 5 CN",25,3,0.409107,0.0109664,0.2891669,0.02371844,0.002461322,0.001517669,0.02312774,0.000466571,0,0,0,0,0,0,0,0,0,0,0,0,0,0,0,0,0,0,0,2
"E17HA05-05","C17","Chinese","Genuine","Happy 5 CN",26,3.125,0.44578,0.008895572,0.2595757,0.04134916,0.002971868,0.001472174,0.01901322,0.000431882,0,0,0,0,0,0,0,0,0,0,0,0,0,0,0,0,0,0,0,2
"E17HA05-05","C17","Chinese","Genuine","Happy 5 CN",27,3.25,0.4701803,0.006936941,0.2362847,0.04523261,0.003776116,0.001558705,0.0165575,0.000417691,0,0,0,0,0,0,0,0,0,0,0,0,0,0,0,0,0,0,0,1
"E17HA05-05","C17","Chinese","Genuine","Happy 5 CN",28,3.375,0.4979309,0.005499186,0.1990963,0.05183498,0.004470242,0.001458637,0.01342478,0.000287227,0,0,0,0,0,0,0,0,0,0,0,0,0,0,0,0,0,0,0,1
"E17HA05-05","C17","Chinese","Genuine","Happy 5 CN",29,3.5,0.5297083,0.004483318,0.1779865,0.05638062,0.00514684,0.001547045,0.0115377,0.000197514,0,0,0,0,0,0,0,0,0,0,0,0,0,0,0,0,0,0,0,1
"E17HA05-05","C17","Chinese","Genuine","Happy 5 CN",30,3.625,0.5607456,0.003758494,0.1679513,0.05489381,0.005380527,0.001603648,0.01030121,0.000135822,0,0,0,0,0,0,0,0,0,0,0,0,0,0,0,0,0,0,0,1
"E17HA06-02","C17","Chinese","Genuine","Happy 6 CN",1,0,0.3994823,0.06573556,0.2065355,0.06423181,0.000681588,0.001058236,0.07663676,0,0,0,0,0,0,0,0,0,0,0,0,0,0,0,0,0,0,0,0,4
"E17HA06-02","C17","Chinese","Genuine","Happy 6 CN",2,0.125,0.4256429,0.06173808,0.1698827,0.07033091,0.002059084,0.001332066,0.06614595,0,0,0,0,0,0,0,0,0,0,0,0,0,0,0,0,0,0,0,0,4
"E17HA06-02","C17","Chinese","Genuine","Happy 6 CN",3,0.25,0.445567,0.06627034,0.1362226,0.06845321,0.00464747,0.001672838,0.05168544,0,0,0,0,0,0,0,0,0,0,0,0,0,0,0,0,0,0,0,0,4
"E17HA06-02","C17","Chinese","Genuine","Happy 6 CN",4,0.375,0.4441458,0.08886035,0.1231615,0.06068864,0.005014929,0.002307901,0.04346398,0.002550287,0,0,0,0,0,0,0,0,0,0,0,0,0,0,0,0,0,0,0,3
"E17HA06-02","C17","Chinese","Genuine","Happy 6 CN",5,0.5,0.4469883,0.0986294,0.1100195,0.05692154,0.005963832,0.002432436,0.03511173,0.004529286,0,0,0,0,0,0,0,0,0,0,0,0,0,0,0,0,0,0,0,3
"E17HA06-02","C17","Chinese","Genuine","Happy 6 CN",6,0.625,0.4456478,0.1063918,0.1069606,0.05917068,0.005284178,0.002633269,0.03160196,0.005131222,0,0,0,0,0,0,0,0,0,0,0,0,0,0,0,0,0,0,0,3
"E17HA06-02","C17","Chinese","Genuine","Happy 6 CN",7,0.75,0.4426557,0.101467,0.1194734,0.05973631,0.004996941,0.002327258,0.02681421,0.006938387,0,0,0,0,0,0,0,0,0,0,0,0,0,0,0,0,0,0,0,3
"E17HA06-02","C17","Chinese","Genuine","Happy 6 CN",8,0.875,0.4436991,0.08688724,0.1210231,0.06104014,0.004936884,0.002023712,0.02311139,0.004771224,0,0,0,0,0,0,0,0,0,0,0,0,0,0,0,0,0,0,0,2
"E17HA06-02","C17","Chinese","Genuine","Happy 6 CN",9,1,0.4413353,0.08908564,0.1289055,0.0713596,0.004702742,0.001927739,0.0186492,0.009372285,0,0,0,0,0,0,0,0,0,0,0,0,0,0,0,0,0,0,0,2
"E17HA06-02","C17","Chinese","Genuine","Happy 6 CN",10,1.125,0.4370399,0.1152287,0.1168922,0.06318564,0.00540804,0.001950381,0.01587363,0.01637073,0,0,0,0,0,0,0,0,0,0,0,0,0,0,0,0,0,0,0,2
"E17HA06-02","C17","Chinese","Genuine","Happy 6 CN",11,1.25,0.4418719,0.115962,0.1170795,0.05252951,0.004762341,0.001589877,0.01439073,0.02108738,0,0,0,0,0,0,0,0,0,0,0,0,0,0,0,0,0,0,0,2
"E17HA06-02","C17","Chinese","Genuine","Happy 6 CN",12,1.375,0.4394077,0.1264188,0.1238735,0.04434368,0.004127151,0.001846076,0.01703792,0.02982674,0,0,0,0,0,0,0,0,0,0,0,0,0,0,0,0,0,0,0,2
"E17HA06-02","C17","Chinese","Genuine","Happy 6 CN",13,1.5,0.4296649,0.1468674,0.1277484,0.03675099,0.00336937,0.001864169,0.02355036,0.02849249,0,0,0,0,0,0,0,0,0,0,0,0,0,0,0,0,0,0,0,2
"E17HA06-02","C17","Chinese","Genuine","Happy 6 CN",14,1.625,0.4191739,0.1692241,0.1323684,0.03471844,0.002581818,0.002006457,0.02274194,0.0304507,0,0,0,0,0,0,0,0,0,0,0,0,0,0,0,0,0,0,0,2
"E17HA06-02","C17","Chinese","Genuine","Happy 6 CN",15,1.75,0.4146054,0.1778334,0.1407684,0.03762969,0.002111672,0.00261102,0.0222517,0.03072252,0,0,0,0,0,0,0,0,0,0,0,0,0,0,0,0,0,0,0,2
"E17HA06-02","C17","Chinese","Genuine","Happy 6 CN",16,1.875,0.4098542,0.187442,0.1430273,0.05356935,0.0022719,0.002688585,0.01985124,0.03485111,0,0,0,0,0,0,0,0,1,0,0,0,0,0,0,0,0,0,0,2
"E17HA06-02","C17","Chinese","Genuine","Happy 6 CN",17,2,0.4167341,0.1613595,0.1445167,0.05456256,0.002209248,0.002291495,0.0180754,0.03648385,0,0,0,0,0,0,0,0,1,0,0,0,0,0,0,0,0,0,0,1
"E17HA06-02","C17","Chinese","Genuine","Happy 6 CN",18,2.125,0.4239196,0.1545022,0.1251513,0.05772113,0.002497924,0.002081042,0.01605846,0.03292082,0,0,0,0,0,0,0,0,1,0,0,0,0,0,0,0,0,0,0,1
"E17HA06-02","C17","Chinese","Genuine","Happy 6 CN",19,2.25,0.4263952,0.1525363,0.1068223,0.05737062,0.002327628,0.002383448,0.01416159,0.02540093,0,0,0,0,0,0,0,0,1,0,0,0,0,0,0,0,0,0,0,1
"E17HA06-02","C17","Chinese","Genuine","Happy 6 CN",20,2.375,0.4314773,0.1462649,0.09678508,0.05779337,0.002632581,0.003108036,0.01319755,0.02238782,0,0,0,0,0,0,0,0,0,0,0,0,0,0,0,0,0,0,0,1
"E17HA06-02","C17","Chinese","Genuine","Happy 6 CN",21,2.5,0.435509,0.1474195,0.07449885,0.06708192,0.003183064,0.003125807,0.01307509,0.02443926,0,0,0,0,0,0,0,0,0,0,0,0,0,0,0,0,0,0,0,1
"E17HA06-02","C17","Chinese","Genuine","Happy 6 CN",22,2.625,0.4235911,0.1670193,0.06591396,0.08669361,0.004580137,0.003894115,0.01427964,0.02225482,0,0,0,0,0,0,0,0,0,0,0,0,0,0,0,0,0,0,0,1
"E17HA06-02","C17","Chinese","Genuine","Happy 6 CN",23,2.75,0.395781,0.2187506,0.05195498,0.09618779,0.006563505,0.004845378,0.01675362,0.0157137,0,0,0,0,0,0,0,0,0,0,0,0,0,0,0,0,1,0,0,1
"E17HA06-02","C17","Chinese","Genuine","Happy 6 CN",24,2.875,0.3627335,0.2823605,0.05565528,0.07878688,0.007481395,0.003874653,0.02963905,0.01213636,0,0,0,0,0,0,0,0,1,0,0,0,0,0,0,0,1,0,0,2
"E17HA06-02","C17","Chinese","Genuine","Happy 6 CN",25,3,0.3511378,0.3050973,0.06579132,0.06546674,0.006902091,0.00337391,0.03878262,0.009712598,0,0,0,0,0,0,0,0,1,0,0,0,0,0,0,0,1,0,0,2
"E17HA06-02","C17","Chinese","Genuine","Happy 6 CN",26,3.125,0.3699575,0.2719836,0.0699998,0.06466696,0.006375466,0.002779194,0.03729627,0.007560931,0,0,0,0,0,0,0,0,1,0,0,0,0,0,0,0,1,0,0,2
"E17HA06-02","C17","Chinese","Genuine","Happy 6 CN",27,3.25,0.3960772,0.226959,0.07433359,0.07028504,0.007576756,0.002895557,0.03687529,0.005647733,0,0,0,0,0,0,0,0,1,0,0,0,0,0,0,0,1,0,0,2
"E17HA06-02","C17","Chinese","Genuine","Happy 6 CN",28,3.375,0.4197467,0.1887524,0.08928121,0.05900341,0.00610855,0.002581542,0.03341875,0.009895723,0,0,0,0,0,0,0,0,1,0,0,0,0,0,0,0,1,0,0,2
"E17HA06-02","C17","Chinese","Genuine","Happy 6 CN",29,3.5,0.430308,0.1796678,0.1074984,0.04870812,0.004856359,0.00209627,0.02929978,0.007253144,0,0,0,0,0,0,0,0,1,0,0,0,0,0,0,0,1,0,0,2
"E17HA06-02","C17","Chinese","Genuine","Happy 6 CN",30,3.625,0.4415051,0.1520748,0.1071973,0.04402176,0.003982165,0.002236801,0.04254523,0.005459089,0,0,0,0,0,0,0,0,0,0,0,0,0,0,0,0,1,0,0,2
"E17HA06-02","C17","Chinese","Genuine","Happy 6 CN",31,3.75,0.4614617,0.1321949,0.09534698,0.04359894,0.004807054,0.002306772,0.03640249,0.006183557,0,0,0,0,0,0,0,0,0,0,0,0,0,0,0,0,0,0,0,2
"E17HA06-02","C17","Chinese","Genuine","Happy 6 CN",32,3.875,0.4686365,0.122693,0.09143847,0.04795257,0.006222848,0.002364945,0.03266735,0.00425216,0,0,0,0,0,0,0,0,0,0,0,0,0,0,0,0,0,0,0,1
"E17HA06-02","C17","Chinese","Genuine","Happy 6 CN",33,4,0.4723622,0.1170068,0.09421101,0.04401199,0.005455845,0.002189803,0.02988167,0.0151702,0,0,0,0,0,0,0,0,0,0,0,0,0,0,0,0,0,0,0,1
"E17HA06-02","C17","Chinese","Genuine","Happy 6 CN",34,4.125,0.457827,0.1024192,0.1248572,0.04197836,0.004536585,0.002031689,0.02664612,0.01956245,0,0,0,0,0,0,0,0,0,0,0,0,0,0,0,0,0,0,0,1
"E17HA06-02","C17","Chinese","Genuine","Happy 6 CN",35,4.25,0.4540664,0.1149308,0.1228109,0.03884374,0.004004682,0.002104626,0.02303117,0.02013403,0,0,0,0,0,0,0,0,0,0,0,0,0,0,0,0,0,0,0,1
"E17HA06-02","C17","Chinese","Genuine","Happy 6 CN",36,4.375,0.447495,0.12824,0.1381552,0.03703177,0.004057957,0.001988729,0.02062799,0.02796637,0,0,0,0,0,0,0,0,0,0,0,0,0,0,0,0,0,0,0,1
"E17HA06-02","C17","Chinese","Genuine","Happy 6 CN",37,4.5,0.4578361,0.1245283,0.132838,0.03858012,0.00445249,0.001936861,0.01846591,0.03263886,0,0,0,0,0,0,0,0,0,0,0,0,0,0,0,0,0,0,0,1
"E17HA06-02","C17","Chinese","Genuine","Happy 6 CN",38,4.625,0.4681133,0.1118232,0.1149467,0.05345258,0.004805461,0.002358984,0.01788907,0.0277032,0,0,0,0,0,0,0,0,0,0,0,0,0,0,0,0,0,0,0,1
"E17HA06-02","C17","Chinese","Genuine","Happy 6 CN",39,4.75,0.46671,0.1019162,0.1135417,0.06476771,0.004890962,0.002536822,0.01543766,0.02800433,0,0,0,0,0,0,0,0,0,0,0,0,0,0,0,0,0,0,0,1
"E17HA06-02","C17","Chinese","Genuine","Happy 6 CN",40,4.875,0.4661514,0.1067083,0.1109639,0.0666271,0.004715066,0.002724064,0.01367559,0.03297063,0,0,0,0,0,0,0,0,0,0,0,0,0,0,0,0,0,0,0,1
"E17HA06-02","C17","Chinese","Genuine","Happy 6 CN",41,5,0.4560928,0.124007,0.1163769,0.06538782,0.004753161,0.002543836,0.01390396,0.03636246,0,0,0,0,0,0,0,0,0,0,0,0,0,0,0,0,0,0,0,1
"E17HA06-02","C17","Chinese","Genuine","Happy 6 CN",42,5.125,0.4525155,0.1291559,0.1095207,0.06507117,0.005036745,0.002951609,0.01316883,0.03470722,0,0,0,0,0,0,0,0,0,0,0,0,0,0,0,0,0,0,0,1
"E17HA06-02","C17","Chinese","Genuine","Happy 6 CN",43,5.25,0.4521606,0.1238254,0.1197514,0.06084217,0.00455599,0.002671654,0.01576022,0.03979193,0,0,0,0,0,0,0,0,0,0,0,0,0,0,0,0,0,0,0,1
"E17HA06-02","C17","Chinese","Genuine","Happy 6 CN",44,5.375,0.4611548,0.1196068,0.1147608,0.05486503,0.004809777,0.002531077,0.01515609,0.03585139,0,0,0,0,0,0,0,0,0,0,0,0,0,0,0,0,0,0,0,0
"E17HA06-02","C17","Chinese","Genuine","Happy 6 CN",45,5.5,0.4711775,0.1081371,0.1131815,0.05453109,0.005214571,0.002490242,0.01494431,0.03435929,0,0,0,0,0,0,0,0,0,0,0,0,0,0,0,0,0,0,0,1
"E17HA06-02","C17","Chinese","Genuine","Happy 6 CN",46,5.625,0.4490176,0.09914996,0.143912,0.04752803,0.00396539,0.002123111,0.02447376,0.02449018,0,0,0,0,0,0,0,0,0,0,0,0,0,0,0,0,0,0,0,2
"E17HA06-02","C17","Chinese","Genuine","Happy 6 CN",47,5.75,0.4591442,0.09475224,0.129468,0.0508513,0.004983458,0.00251411,0.02217619,0.01902415,0,0,0,0,0,0,0,0,0,0,0,0,0,0,0,0,0,0,0,2
"E17HA06-02","C17","Chinese","Genuine","Happy 6 CN",48,5.875,0.4656468,0.0890162,0.1298465,0.04877431,0.007713066,0.004093241,0.01964921,0.03841014,0,0,0,0,0,0,0,0,0,0,0,0,0,0,0,0,0,0,0,1
"E17HA06-02","C17","Chinese","Genuine","Happy 6 CN",49,6,0.4783838,0.08494993,0.1118197,0.05434639,0.009149003,0.007857279,0.01668868,0.03509005,0,0,0,0,0,0,0,0,0,0,0,0,0,0,0,0,0,0,0,1
"E17HA06-02","C17","Chinese","Genuine","Happy 6 CN",50,6.125,0.4815553,0.07664789,0.1041758,0.06311375,0.01022254,0.009874752,0.01519184,0.02924922,0,0,0,0,0,0,0,0,0,0,0,0,0,0,0,0,0,0,0,1
"E17HA07-02","C17","Chinese","Genuine","Happy 7 CN",1,0,0.5641293,0.0166691,0.1131275,0.1369894,0.005523321,0.00140514,0.01387089,0,0,0,0,0,0,0,0,0,0,0,0,0,0,0,0,0,0,0,0,1
"E17HA07-02","C17","Chinese","Genuine","Happy 7 CN",2,0.125,0.5551813,0.01748628,0.1144927,0.1075084,0.006356352,0.001437803,0.01397483,0,0,0,0,0,0,0,0,0,0,0,0,0,0,0,0,0,0,0,0,0
"E17HA07-02","C17","Chinese","Genuine","Happy 7 CN",3,0.25,0.5434771,0.01897124,0.1179544,0.1043366,0.006212051,0.001342213,0.01458799,0,0,0,0,0,0,0,0,0,0,0,0,0,0,0,0,0,0,0,0,0
"E17HA07-02","C17","Chinese","Genuine","Happy 7 CN",4,0.375,0.5537839,0.02396376,0.1106887,0.08771669,0.005757043,0.001151359,0.01502505,0,0,0,0,0,0,0,0,0,0,0,0,0,0,0,0,0,0,0,0,0
"E17HA07-02","C17","Chinese","Genuine","Happy 7 CN",5,0.5,0.5498828,0.02657867,0.1026437,0.08358932,0.005124163,0.000998506,0.0140019,0.000642986,0,0,0,0,0,0,0,0,0,0,0,0,0,0,0,0,0,0,0,0
"E17HA07-02","C17","Chinese","Genuine","Happy 7 CN",6,0.625,0.5248415,0.04509313,0.1113618,0.07509819,0.004696667,0.000994758,0.01743029,0.003223785,0,0,0,0,0,0,0,0,0,0,0,0,0,0,0,0,0,0,0,1
"E17HA07-02","C17","Chinese","Genuine","Happy 7 CN",7,0.75,0.4945645,0.09084599,0.0976359,0.07055458,0.004933989,0.001155407,0.01616291,0.002216855,0,0,0,0,0,0,0,0,0,0,0,0,0,0,0,0,0,0,0,1
"E17HA07-02","C17","Chinese","Genuine","Happy 7 CN",8,0.875,0.4733138,0.1189283,0.1058388,0.06397279,0.004412767,0.001080024,0.01702296,0.00273298,0,0,0,0,0,0,0,0,0,0,0,0,0,0,0,0,0,0,0,1
"E17HA07-02","C17","Chinese","Genuine","Happy 7 CN",9,1,0.4568683,0.1438115,0.09808663,0.05653877,0.004848804,0.001081874,0.01771244,0.007962053,0,0,0,0,0,0,0,0,0,0,0,0,0,0,0,0,0,0,0,1
"E17HA07-02","C17","Chinese","Genuine","Happy 7 CN",10,1.125,0.4414827,0.1673977,0.09021871,0.05360545,0.005138087,0.00130304,0.01842484,0.006264375,0,0,0,0,0,0,0,0,0,0,0,0,0,0,0,0,0,0,0,1
"E17HA07-02","C17","Chinese","Genuine","Happy 7 CN",11,1.25,0.4388107,0.1358482,0.1143661,0.05155114,0.005476212,0.00146762,0.01888926,0.005178727,0,0,0,0,0,0,0,0,0,0,0,0,0,0,0,0,0,0,0,1
"E17HA07-02","C17","Chinese","Genuine","Happy 7 CN",12,1.375,0.4397829,0.1427247,0.1064612,0.04301503,0.004902226,0.001585405,0.01920864,0.004352656,0,0,0,0,0,0,0,0,0,0,0,0,0,0,0,0,0,0,0,1
"E17HA07-02","C17","Chinese","Genuine","Happy 7 CN",13,1.5,0.4155611,0.1136917,0.1606535,0.03342456,0.003698129,0.001236963,0.02454065,0.00299313,0,0,0,0,0,0,0,0,0,0,0,0,0,0,0,0,0,0,0,2
"E17HA07-02","C17","Chinese","Genuine","Happy 7 CN",14,1.625,0.4070412,0.09442584,0.1857592,0.03023662,0.003043489,0.001038074,0.02460731,0.002164545,0,0,0,0,0,0,0,0,0,0,0,0,0,0,0,0,0,0,0,3
"E17HA07-02","C17","Chinese","Genuine","Happy 7 CN",15,1.75,0.4031252,0.07921349,0.197081,0.02983307,0.002737641,0.000898643,0.03326688,0.00150973,0,0,0,0,0,0,0,0,0,0,0,0,0,0,0,0,0,0,0,3
"E17HA07-02","C17","Chinese","Genuine","Happy 7 CN",16,1.875,0.3880294,0.06559888,0.2301348,0.02961988,0.002598385,0.000833894,0.04890402,0.001038175,0,0,0,0,0,0,0,0,0,0,0,0,0,0,0,0,0,0,0,3
"E17HA07-02","C17","Chinese","Genuine","Happy 7 CN",17,2,0.3886141,0.06524581,0.2316105,0.02630613,0.002440226,0.000728182,0.05478102,0.000759004,0,0,0,0,0,0,0,0,0,0,0,0,0,0,0,0,0,0,0,3
"E17HA07-02","C17","Chinese","Genuine","Happy 7 CN",18,2.125,0.3804696,0.05772036,0.2492338,0.02374622,0.002190279,0.000695119,0.06002199,0.000574131,0,0,0,0,0,0,0,0,0,0,0,0,0,0,0,0,0,0,0,3
"E17HA07-02","C17","Chinese","Genuine","Happy 7 CN",19,2.25,0.3787149,0.05356058,0.2528803,0.02131046,0.001905809,0.000637666,0.06969459,0.000445143,0,0,0,0,0,0,0,0,0,0,0,0,0,0,0,0,0,0,0,3
"E17HA07-02","C17","Chinese","Genuine","Happy 7 CN",20,2.375,0.3811518,0.0533042,0.2496068,0.02212737,0.001659801,0.000619727,0.0701196,0.000408833,0,0,0,0,0,0,0,0,0,0,0,0,0,0,0,0,0,0,0,4
"E17HA07-02","C17","Chinese","Genuine","Happy 7 CN",21,2.5,0.4004819,0.05818294,0.2116343,0.02644605,0.001919871,0.000783472,0.0634288,0.000281137,0,0,0,0,0,0,0,0,0,0,0,0,0,0,0,0,0,0,0,3
"E17HA07-02","C17","Chinese","Genuine","Happy 7 CN",22,2.625,0.4296415,0.06698021,0.1656476,0.0350903,0.002772254,0.001125065,0.05109605,0.000705366,0,0,0,0,0,0,0,0,0,0,0,0,0,0,0,0,0,0,0,3
"E17HA07-02","C17","Chinese","Genuine","Happy 7 CN",23,2.75,0.4302553,0.098516,0.1321114,0.04849867,0.004914948,0.002469897,0.04910101,0.001008799,0,0,0,0,0,0,0,0,0,0,0,0,0,0,0,0,0,0,0,3
"E17HA07-02","C17","Chinese","Genuine","Happy 7 CN",24,2.875,0.4188481,0.136741,0.09963959,0.05528396,0.006170809,0.002343321,0.04314375,0.001129814,0,0,0,0,0,0,0,0,0,0,0,0,0,0,0,0,0,0,0,3
"E17HA07-02","C17","Chinese","Genuine","Happy 7 CN",25,3,0.4093286,0.1708568,0.08021616,0.06935701,0.008650959,0.003313997,0.03683555,0.001066775,0,0,0,0,0,0,0,0,0,0,0,0,0,0,0,0,1,0,0,2
"E17HA07-02","C17","Chinese","Genuine","Happy 7 CN",26,3.125,0.4364132,0.1321311,0.07129527,0.07346398,0.008681701,0.003208999,0.03070401,0.001103193,0,0,0,0,0,0,0,0,0,0,0,0,0,0,0,0,1,0,0,2
"E17HA07-02","C17","Chinese","Genuine","Happy 7 CN",27,3.25,0.4566459,0.1039611,0.06232549,0.08232891,0.0077629,0.002866306,0.02519172,0.001006461,0,0,0,0,0,0,0,0,0,0,0,0,0,0,0,0,0,0,0,2
"E17HA07-02","C17","Chinese","Genuine","Happy 7 CN",28,3.375,0.4629806,0.09111074,0.08270714,0.06919389,0.006971625,0.002673311,0.02801274,0.001498292,0,0,0,0,0,0,0,0,0,0,0,0,0,0,0,0,0,0,0,1
"E17HA07-02","C17","Chinese","Genuine","Happy 7 CN",29,3.5,0.4560663,0.08512225,0.1115188,0.05671342,0.006595123,0.002396616,0.0240279,0.00265287,0,0,0,0,0,0,0,0,0,0,0,0,0,0,0,0,0,0,0,1
"E18HA01-02","C18","Chinese","Genuine","Happy 1 CN",1,0,0.2107643,0.01571475,0.01137976,0.6165419,0.000348622,0.00091722,0.06556805,0,0,0,0,0,0,0,0,0,0,0,0,0,0,0,3,2,0,0,0,1
"E18HA01-02","C18","Chinese","Genuine","Happy 1 CN",2,0.125,0.2246535,0.02076557,0.01325271,0.5816746,0.000284854,0.00078977,0.05862869,0,0,0,0,0,0,0,0,0,0,0,0,0,0,0,3,1,0,0,0,1
"E18HA01-02","C18","Chinese","Genuine","Happy 1 CN",3,0.25,0.2219138,0.02038128,0.01366748,0.5863882,0.000212586,0.000815072,0.06228167,0,0,0,0,0,0,0,0,0,0,0,0,0,0,0,3,1,0,0,0,1
"E18HA01-02","C18","Chinese","Genuine","Happy 1 CN",4,0.375,0.2131462,0.03946458,0.01274335,0.5965574,0.000164583,0.000667457,0.06349869,0,0,0,0,0,0,0,0,0,0,0,0,1,0,0,3,1,0,0,0,1
"E18HA01-02","C18","Chinese","Genuine","Happy 1 CN",5,0.5,0.2322213,0.1686779,0.009862105,0.4761816,0.000204174,0.000877603,0.07569933,0,0,0,0,0,0,0,0,0,0,0,0,0,0,0,2,1,0,0,0,2
"E18HA01-02","C18","Chinese","Genuine","Happy 1 CN",6,0.625,0.202717,0.3423288,0.007269932,0.406149,0.000172183,0.000674607,0.06876144,0,0,0,0,0,1,0,0,0,1,0,0,0,0,0,2,1,0,0,0,3
"E18HA01-02","C18","Chinese","Genuine","Happy 1 CN",7,0.75,0.1803881,0.4657871,0.005100839,0.3418843,0.000161654,0.000566285,0.05700252,0,0,0,0,0,1,0,0,0,1,0,0,0,0,0,2,1,1,0,0,3
"E18HA01-02","C18","Chinese","Genuine","Happy 1 CN",8,0.875,0.1717339,0.5372765,0.003721898,0.3199794,0.000138975,0.000501145,0.04735265,0,0,0,0,0,1,0,0,0,1,0,0,0,0,0,2,1,1,0,0,3
"E18HA01-02","C18","Chinese","Genuine","Happy 1 CN",9,1,0.1700777,0.5778628,0.002976327,0.3011011,0.000102637,0.000438404,0.0487406,0,0,0,0,0,2,0,0,0,2,0,0,0,0,0,2,0,1,0,0,3
"E18HA01-02","C18","Chinese","Genuine","Happy 1 CN",10,1.125,0.1652,0.6132602,0.0024715,0.2900114,8.1114e-05,0.00045935,0.05511374,0,0,0,0,0,2,0,0,0,2,0,0,0,0,0,2,0,1,0,0,3
"E18HA01-02","C18","Chinese","Genuine","Happy 1 CN",11,1.25,0.1579624,0.6454118,0.002282353,0.3044502,8.1169e-05,0.000567911,0.05437364,0,0,0,0,0,3,0,0,0,2,0,0,0,0,0,1,0,1,0,0,3
"E18HA01-02","C18","Chinese","Genuine","Happy 1 CN",12,1.375,0.1578497,0.6577752,0.001966005,0.3418514,7.858e-05,0.000751518,0.05971051,0.000350082,0,0,0,0,3,0,0,0,2,0,0,0,0,0,1,0,1,0,0,3
"E18HA01-02","C18","Chinese","Genuine","Happy 1 CN",13,1.5,0.1652634,0.65133,0.00245297,0.3521389,7.0944e-05,0.001089621,0.05612531,0.000240736,0,0,0,0,3,0,0,0,2,0,0,0,0,0,1,0,2,0,0,3
"E18HA01-02","C18","Chinese","Genuine","Happy 1 CN",14,1.625,0.1449609,0.6976632,0.001921858,0.3491811,6.1373e-05,0.000821438,0.05302901,0.000165543,0,0,0,0,3,0,0,0,2,0,0,0,0,0,1,0,2,0,0,3
"E18HA01-02","C18","Chinese","Genuine","Happy 1 CN",15,1.75,0.1641663,0.6631718,0.00234188,0.3967206,4.9315e-05,0.000764787,0.05544184,0.000130213,0,0,0,0,3,0,0,0,2,0,0,0,0,0,1,0,2,0,0,3
"E18HA01-02","C18","Chinese","Genuine","Happy 1 CN",16,1.875,0.1580776,0.6780578,0.002000388,0.3677679,4.7729e-05,0.000734196,0.05220742,8.9542e-05,0,0,0,0,3,0,0,0,2,0,0,0,0,0,1,0,1,0,0,3
"E18HA01-02","C18","Chinese","Genuine","Happy 1 CN",17,2,0.1699381,0.6561959,0.003053189,0.348426,4.0052e-05,0.000646799,0.05943367,8.2841e-05,0,0,0,0,3,0,0,0,2,0,0,0,0,0,1,0,1,0,0,3
"E18HA01-02","C18","Chinese","Genuine","Happy 1 CN",18,2.125,0.1838132,0.6297268,0.002922994,0.3477684,3.5368e-05,0.000700279,0.07105961,5.6966e-05,0,0,0,0,3,0,0,0,2,0,0,1,0,0,1,0,1,0,0,3
"E18HA01-02","C18","Chinese","Genuine","Happy 1 CN",19,2.25,0.1904363,0.61733,0.002950696,0.3530057,3.0403e-05,0.000851248,0.08973173,3.9173e-05,0,0,0,0,3,0,0,0,2,0,0,1,0,0,1,0,1,0,0,3
"E18HA01-02","C18","Chinese","Genuine","Happy 1 CN",20,2.375,0.194612,0.6097284,0.002827766,0.354223,4.57e-05,0.000925696,0.093345,2.6938e-05,0,0,0,0,3,0,0,0,2,0,0,1,0,0,1,0,1,0,0,3
"E18HA01-02","C18","Chinese","Genuine","Happy 1 CN",21,2.5,0.2170982,0.5299342,0.002865389,0.3896875,5.0464e-05,0.001460555,0.1391169,1.8524e-05,0,0,0,0,3,0,0,0,2,0,0,1,0,0,1,0,1,0,0,3
"E18HA01-02","C18","Chinese","Genuine","Happy 1 CN",22,2.625,0.2223576,0.3742829,0.003117895,0.435519,4.2508e-05,0.00235447,0.1712717,1.2738e-05,0,0,0,0,3,0,0,0,2,0,0,1,0,0,1,0,1,0,0,3
"E18HA01-02","C18","Chinese","Genuine","Happy 1 CN",23,2.75,0.2539947,0.2626931,0.009581799,0.4101833,3.9534e-05,0.002112815,0.1657541,8.759e-06,0,0,0,0,2,0,0,0,1,0,0,1,0,0,1,0,1,0,0,3
"E18HA01-02","C18","Chinese","Genuine","Happy 1 CN",24,2.875,0.2826627,0.183112,0.02533875,0.3789214,3.3344e-05,0.003562158,0.2040538,6.023e-06,0,0,0,0,2,0,0,0,1,0,1,1,0,0,1,0,1,0,0,3
"E18HA05-01","C18","Chinese","Genuine","Happy 5 CN",1,0,0.302478,0.002071969,0.04452603,0.4059795,0.002386925,0.00274575,0.00117264,0,1,0,0,0,0,0,0,0,0,0,0,0,0,0,3,1,0,0,0,1
"E18HA05-01","C18","Chinese","Genuine","Happy 5 CN",2,0.125,0.3144485,0.002083761,0.04919723,0.3839393,0.002050461,0.002516869,0.001291937,0,1,0,0,0,0,0,0,0,0,0,0,0,0,0,3,1,0,0,0,1
"E18HA05-01","C18","Chinese","Genuine","Happy 5 CN",3,0.25,0.3397214,0.002062326,0.05495721,0.3339108,0.00172131,0.002319699,0.001398982,0,1,0,0,0,0,0,0,0,0,0,0,0,0,0,3,1,0,0,0,1
"E18HA05-01","C18","Chinese","Genuine","Happy 5 CN",4,0.375,0.3376507,0.002322683,0.05670999,0.3360355,0.001430813,0.00241975,0.001679783,0,1,0,0,0,0,0,0,0,0,0,0,0,0,0,3,1,0,0,0,1
"E18HA05-01","C18","Chinese","Genuine","Happy 5 CN",5,0.5,0.3387457,0.01028561,0.05857415,0.3332918,0.00110973,0.00232543,0.002980045,0,1,0,0,0,0,0,0,0,0,0,0,0,0,0,3,1,0,0,0,1
"E18HA05-01","C18","Chinese","Genuine","Happy 5 CN",6,0.625,0.3313971,0.01954237,0.06064115,0.3468821,0.000848186,0.002090156,0.004101015,0,1,0,0,0,0,0,0,0,0,0,0,0,0,0,3,1,0,0,0,1
"E18HA05-01","C18","Chinese","Genuine","Happy 5 CN",7,0.75,0.3634668,0.03140523,0.08312736,0.2659842,0.000620432,0.001753732,0.01264018,0,1,0,0,0,0,0,0,0,0,0,1,0,0,0,3,1,0,0,0,3
"E18HA05-01","C18","Chinese","Genuine","Happy 5 CN",8,0.875,0.3632167,0.1074461,0.07917251,0.2564064,0.000481735,0.001298953,0.01556252,0,1,0,0,0,0,0,0,0,0,0,1,0,0,0,3,1,0,0,0,3
"E18HA05-01","C18","Chinese","Genuine","Happy 5 CN",9,1,0.3371199,0.2117248,0.06593639,0.2287391,0.000489646,0.000943996,0.01470572,0,1,0,0,0,0,0,0,0,0,0,1,1,0,0,3,1,0,0,0,3
"E18HA05-01","C18","Chinese","Genuine","Happy 5 CN",10,1.125,0.3309143,0.2601828,0.05710376,0.1936436,0.000466151,0.000802596,0.01929821,0,1,0,0,0,1,0,0,0,0,0,1,1,0,0,3,1,0,0,0,3
"E18HA05-01","C18","Chinese","Genuine","Happy 5 CN",11,1.25,0.3062131,0.3341207,0.04541021,0.1766041,0.000426633,0.000675455,0.02146077,0,0,0,0,0,1,0,0,0,0,0,1,1,0,0,3,1,0,0,0,3
"E18HA05-01","C18","Chinese","Genuine","Happy 5 CN",12,1.375,0.3203379,0.322738,0.04323593,0.19302,0.000388839,0.000701689,0.01991235,0,0,0,0,0,1,0,0,0,0,0,1,0,0,0,2,1,0,0,0,3
"E18HA05-01","C18","Chinese","Genuine","Happy 5 CN",13,1.5,0.3236757,0.3277305,0.04437375,0.2275896,0.000451778,0.001162141,0.02227332,0,0,0,0,0,1,0,0,0,0,0,1,0,0,0,2,1,0,0,0,3
"E18HA05-01","C18","Chinese","Genuine","Happy 5 CN",14,1.625,0.321716,0.3395079,0.03780308,0.2118608,0.000411483,0.001546773,0.03086195,0,0,0,0,0,1,0,0,0,0,0,1,0,0,0,2,1,0,0,0,3
"E18HA05-01","C18","Chinese","Genuine","Happy 5 CN",15,1.75,0.3327555,0.3229735,0.03246713,0.1676948,0.000529451,0.001386711,0.05004205,0,0,0,0,0,1,0,0,0,0,0,1,0,0,0,2,1,0,0,0,4
"E18HA05-01","C18","Chinese","Genuine","Happy 5 CN",16,1.875,0.342145,0.3079693,0.03199624,0.1576821,0.000708322,0.001685981,0.1025032,0,0,0,0,0,1,0,0,0,0,0,0,0,0,0,1,1,0,0,0,4
"E18HA05-01","C18","Chinese","Genuine","Happy 5 CN",17,2,0.3306414,0.3336116,0.02817082,0.1338549,0.001092745,0.001545223,0.1075069,0,0,0,0,0,2,0,0,0,0,0,0,0,0,0,1,1,0,0,0,4
"E18HA05-01","C18","Chinese","Genuine","Happy 5 CN",18,2.125,0.3167892,0.3630447,0.0251839,0.1091249,0.001090441,0.001352306,0.1259093,0,0,0,0,0,2,0,0,0,0,0,0,0,0,0,1,0,0,0,0,4
"E18HA05-01","C18","Chinese","Genuine","Happy 5 CN",19,2.25,0.2947053,0.4083492,0.0195042,0.1688636,0.001026298,0.002144197,0.1299382,0,0,0,0,0,2,0,0,0,1,0,0,0,0,0,1,0,0,0,0,4
"E18HA05-01","C18","Chinese","Genuine","Happy 5 CN",20,2.375,0.2924266,0.4136941,0.01600405,0.1690456,0.001319391,0.002575411,0.1523407,0,0,0,0,0,2,0,0,0,1,0,0,0,0,0,1,0,0,0,0,4
"E18HA05-01","C18","Chinese","Genuine","Happy 5 CN",21,2.5,0.2582965,0.4825284,0.01308689,0.1833633,0.00149435,0.002253278,0.1309143,0,0,0,0,0,2,0,0,0,1,0,0,0,0,0,1,0,0,0,0,4
"E18HA05-01","C18","Chinese","Genuine","Happy 5 CN",22,2.625,0.2185079,0.5624665,0.01129777,0.1833704,0.002091123,0.002079843,0.1146314,0,0,0,0,0,2,0,0,0,1,0,0,0,0,0,1,0,0,0,0,4
"E18HA05-01","C18","Chinese","Genuine","Happy 5 CN",23,2.75,0.1799433,0.6397941,0.0119888,0.1793756,0.00152141,0.001668198,0.08754519,0,0,0,0,0,2,0,0,0,1,0,0,0,0,0,1,0,0,0,0,4
"E18HA05-01","C18","Chinese","Genuine","Happy 5 CN",24,2.875,0.1480283,0.7037387,0.01123665,0.2095411,0.001085863,0.001209435,0.0644787,0,0,0,0,0,2,0,0,0,1,0,0,0,0,0,1,0,0,0,0,4
"E18HA05-01","C18","Chinese","Genuine","Happy 5 CN",25,3,0.1414237,0.7171141,0.009918963,0.2216234,0.000820805,0.001113819,0.05349123,0,0,0,0,0,2,0,0,0,1,0,0,0,0,0,1,0,0,0,0,4
"E18HA05-01","C18","Chinese","Genuine","Happy 5 CN",26,3.125,0.2091578,0.5700516,0.01481031,0.2411605,0.000590058,0.000989941,0.05529135,0,0,0,0,0,2,0,0,0,1,0,0,0,0,0,2,1,0,0,0,4
"E18HA05-01","C18","Chinese","Genuine","Happy 5 CN",27,3.25,0.2519088,0.468756,0.02285955,0.2621501,0.000441478,0.00080199,0.05529555,0,0,0,0,0,2,0,0,0,1,0,0,0,0,0,2,1,0,0,0,4
"E18HA05-01","C18","Chinese","Genuine","Happy 5 CN",28,3.375,0.2769754,0.3597205,0.05030094,0.2853271,0.000326069,0.000696226,0.04880591,0,0,0,0,0,2,0,0,0,1,0,0,0,0,0,2,1,0,0,0,4
"E18HA05-01","C18","Chinese","Genuine","Happy 5 CN",29,3.5,0.3008497,0.263608,0.06004415,0.2882912,0.000234352,0.000593178,0.05829211,0,0,0,0,0,2,0,0,0,1,0,1,0,0,0,2,1,0,0,0,4
"E18HA05-01","C18","Chinese","Genuine","Happy 5 CN",30,3.625,0.318269,0.1931158,0.05305517,0.2890272,0.000185349,0.000516358,0.05697235,0,0,0,0,0,1,0,0,0,1,0,1,0,0,0,2,1,0,0,0,3
"E18HA05-01","C18","Chinese","Genuine","Happy 5 CN",31,3.75,0.3485482,0.1376474,0.05899368,0.2539641,0.00014966,0.000530347,0.05510765,0,0,0,0,0,1,0,0,0,0,0,1,0,0,0,2,1,0,0,0,3
"E18HA05-01","C18","Chinese","Genuine","Happy 5 CN",32,3.875,0.3600685,0.1032842,0.05743552,0.2487056,0.000161787,0.000839985,0.06172292,0,0,0,0,0,1,0,0,0,0,0,1,0,0,0,2,1,0,0,0,3
"E18HA05-03","C18","Chinese","Genuine","Happy 5 CN",1,0,0.3311004,0.2426312,0.006106949,0.3378491,9.6228e-05,0.000846242,0.2918156,0,0,0,0,0,3,0,0,0,0,0,0,2,0,0,1,0,0,0,0,4
"E18HA05-03","C18","Chinese","Genuine","Happy 5 CN",2,0.125,0.2393718,0.4558282,0.004299066,0.4027048,7.3443e-05,0.00068907,0.214325,0,0,0,0,0,3,0,0,0,1,0,0,1,0,0,0,0,0,0,0,4
"E18HA05-03","C18","Chinese","Genuine","Happy 5 CN",3,0.25,0.1739854,0.6070575,0.002996301,0.3524416,6.2626e-05,0.000533374,0.1625846,0,0,0,0,0,3,0,0,0,1,0,0,1,0,0,0,0,1,0,0,4
"E18HA05-03","C18","Chinese","Genuine","Happy 5 CN",4,0.375,0.1306394,0.7078192,0.002125261,0.3646038,5.171e-05,0.000459556,0.12465,0,0,0,0,0,3,0,0,0,1,0,0,1,0,0,1,0,1,0,0,4
"E18HA05-03","C18","Chinese","Genuine","Happy 5 CN",5,0.5,0.09692434,0.7849107,0.001543725,0.3927385,3.8425e-05,0.00043466,0.09340643,0,0,0,0,0,3,0,0,0,2,0,0,1,0,0,1,0,1,0,0,4
"E18HA05-03","C18","Chinese","Genuine","Happy 5 CN",6,0.625,0.07570051,0.8340076,0.001222219,0.396907,3.0918e-05,0.000460602,0.07209858,0,0,0,0,0,3,0,0,0,2,0,0,1,0,0,1,0,2,0,0,4
"E18HA05-03","C18","Chinese","Genuine","Happy 5 CN",7,0.75,0.06211037,0.8657886,0.000921885,0.3987646,2.9434e-05,0.000475705,0.05644736,0,0,0,0,0,3,0,0,0,2,0,0,1,0,0,1,0,2,0,0,4
"E18HA05-03","C18","Chinese","Genuine","Happy 5 CN",8,0.875,0.05110728,0.8909307,0.000864646,0.3582056,3.5575e-05,0.000477,0.04574264,0,0,0,0,0,3,0,0,0,2,0,0,0,0,0,1,0,2,0,0,4
"E18HA05-03","C18","Chinese","Genuine","Happy 5 CN",9,1,0.04645353,0.9023903,0.000698353,0.3690192,4.3623e-05,0.000517404,0.03762069,0,0,0,0,0,3,0,0,0,2,0,0,0,0,0,1,0,2,0,0,4
"E18HA05-03","C18","Chinese","Genuine","Happy 5 CN",10,1.125,0.04704095,0.902721,0.000771381,0.3738099,3.7229e-05,0.000500574,0.03574109,0,0,0,0,0,3,0,0,0,2,0,0,0,0,0,1,0,2,0,0,4
"E18HA05-03","C18","Chinese","Genuine","Happy 5 CN",11,1.25,0.04203178,0.9137446,0.000615333,0.4025447,3.5248e-05,0.000547492,0.03351458,0,0,0,0,0,3,0,0,0,2,0,0,0,0,0,1,0,2,0,0,4
"E18HA05-03","C18","Chinese","Genuine","Happy 5 CN",12,1.375,0.04291079,0.9126784,0.000717953,0.3983072,3.3481e-05,0.000612464,0.03597779,0,0,0,0,0,3,0,0,0,2,0,0,0,0,0,1,0,2,0,0,4
"E18HA05-03","C18","Chinese","Genuine","Happy 5 CN",13,1.5,0.04712333,0.9047424,0.00072115,0.367017,3.0785e-05,0.000668151,0.03184686,0,0,0,0,0,4,0,0,0,2,0,0,0,0,0,0,0,2,0,0,4
"E18HA05-03","C18","Chinese","Genuine","Happy 5 CN",14,1.625,0.05272118,0.8938734,0.001041527,0.3754071,3.4597e-05,0.000961898,0.03730559,0,0,0,0,0,3,0,0,0,2,0,0,0,0,0,0,0,2,0,0,4
"E18HA05-03","C18","Chinese","Genuine","Happy 5 CN",15,1.75,0.04425535,0.9110286,0.001029262,0.3341293,3.0353e-05,0.000827971,0.03467025,0,0,0,0,0,3,0,0,0,2,0,0,0,0,0,0,0,2,0,0,4
"E18HA05-03","C18","Chinese","Genuine","Happy 5 CN",16,1.875,0.04173193,0.916225,0.000998484,0.3343638,2.7038e-05,0.000777772,0.03109793,0,0,0,0,0,4,0,0,0,2,0,0,0,0,0,0,0,2,0,0,4
"E18HA05-03","C18","Chinese","Genuine","Happy 5 CN",17,2,0.03832256,0.9231455,0.000925302,0.3202742,2.2283e-05,0.000712228,0.03016557,0,0,0,0,0,4,0,0,0,2,0,0,0,0,0,0,0,2,0,0,4
"E18HA05-03","C18","Chinese","Genuine","Happy 5 CN",18,2.125,0.04030433,0.9192572,0.00081061,0.3419915,2.4843e-05,0.000802191,0.03801797,0,0,0,0,0,4,0,0,0,2,0,0,0,0,0,0,0,2,0,0,4
"E18HA05-03","C18","Chinese","Genuine","Happy 5 CN",19,2.25,0.04668794,0.9065429,0.000880257,0.3870868,3.1036e-05,0.001098957,0.04967042,0,0,0,0,0,4,0,0,0,2,0,0,0,0,0,0,0,2,0,0,4
"E18HA05-03","C18","Chinese","Genuine","Happy 5 CN",20,2.375,0.05813245,0.8837221,0.003415613,0.3381109,3.749e-05,0.001554348,0.0910809,0,0,0,0,0,3,0,0,0,2,0,0,0,0,0,0,0,2,0,0,4
"E18HA05-03","C18","Chinese","Genuine","Happy 5 CN",21,2.5,0.07451111,0.8510929,0.003295111,0.3174447,7.0828e-05,0.003284063,0.1322484,0,0,0,0,0,3,0,0,0,2,0,0,0,0,0,0,0,2,0,0,4
"E18HA05-03","C18","Chinese","Genuine","Happy 5 CN",22,2.625,0.0911945,0.8178741,0.003032498,0.3151466,8.6324e-05,0.004539837,0.1337263,0,0,0,0,0,3,0,0,0,2,0,0,0,0,0,0,0,2,0,0,4
"E18HA05-03","C18","Chinese","Genuine","Happy 5 CN",23,2.75,0.1083781,0.7837188,0.003107429,0.3441544,0.000124526,0.004818368,0.1578247,0,0,0,0,0,3,0,0,0,2,0,0,0,0,0,0,0,1,0,0,4
"E18HA05-03","C18","Chinese","Genuine","Happy 5 CN",24,2.875,0.1228183,0.7551289,0.003020652,0.3467028,0.000255673,0.007121456,0.1859698,0,0,0,0,0,3,0,0,0,2,0,0,0,0,0,0,0,2,0,0,4
"E18HA05-03","C18","Chinese","Genuine","Happy 5 CN",25,3,0.1168674,0.7673633,0.003171518,0.3379271,0.000316178,0.008650869,0.1924563,0,0,0,0,0,3,0,0,0,2,0,0,0,0,0,0,0,1,0,0,5
"E18HA05-03","C18","Chinese","Genuine","Happy 5 CN",26,3.125,0.1219107,0.7573831,0.003121306,0.3220079,0.000440724,0.007906388,0.2342845,0,0,0,0,0,3,0,0,0,2,0,0,0,0,0,0,0,2,0,0,5
"E18HA05-03","C18","Chinese","Genuine","Happy 5 CN",27,3.25,0.1288866,0.7435428,0.004264337,0.307856,0.000529082,0.006505688,0.2789325,0,0,0,0,0,3,0,0,0,2,0,0,0,0,0,0,0,1,0,0,5
"E18HA05-03","C18","Chinese","Genuine","Happy 5 CN",28,3.375,0.1135023,0.773978,0.004379866,0.2858882,0.00053145,0.005124095,0.2878751,0,0,0,0,0,3,0,0,0,2,0,0,0,0,0,0,0,1,0,0,5
"E18HA05-03","C18","Chinese","Genuine","Happy 5 CN",29,3.5,0.1205174,0.7603953,0.004582708,0.2621906,0.000756022,0.004696098,0.2234051,0,0,0,0,0,3,0,0,0,2,0,0,0,0,0,0,0,1,0,0,5
"E18HA05-03","C18","Chinese","Genuine","Happy 5 CN",30,3.625,0.1099577,0.7812599,0.004048522,0.2484854,0.000653969,0.004252799,0.1722802,0,0,0,0,0,2,0,0,0,2,0,0,0,0,0,0,0,2,0,0,4
"E18HA05-03","C18","Chinese","Genuine","Happy 5 CN",31,3.75,0.09585352,0.8092089,0.003331567,0.2456946,0.000484725,0.003353274,0.1377514,0,0,0,0,0,2,0,0,0,2,0,0,0,0,0,0,0,1,0,0,4
"E18HA05-03","C18","Chinese","Genuine","Happy 5 CN",32,3.875,0.09232385,0.8162949,0.003006155,0.2373883,0.000353376,0.002896622,0.1153847,0,0,0,0,0,2,0,0,0,2,0,0,0,0,0,0,0,1,0,0,4
"E18HA05-03","C18","Chinese","Genuine","Happy 5 CN",33,4,0.1544062,0.6921822,0.003307402,0.2442668,0.000284558,0.003305709,0.1185616,0,0,0,0,0,2,0,0,0,1,0,0,0,0,0,0,0,1,0,0,4
"E18HA05-03","C18","Chinese","Genuine","Happy 5 CN",34,4.125,0.2035857,0.4886443,0.006658484,0.2855706,0.000211024,0.002629968,0.1179943,0,0,0,0,0,2,0,0,0,1,0,0,0,0,0,1,0,1,0,0,4
"E18HA05-03","C18","Chinese","Genuine","Happy 5 CN",35,4.25,0.267635,0.3675952,0.01377579,0.2536054,0.000154894,0.001981384,0.1304344,0,0,0,0,0,2,0,0,0,1,0,0,0,0,0,1,0,1,0,0,4
"E18HA05-03","C18","Chinese","Genuine","Happy 5 CN",36,4.375,0.3118975,0.3034764,0.01838504,0.2313,0.000129113,0.001878335,0.1185565,0,0,0,0,0,2,0,0,0,1,0,0,0,0,0,1,0,1,0,0,4
"E18HA05-03","C18","Chinese","Genuine","Happy 5 CN",37,4.5,0.3345103,0.277644,0.01948578,0.2316017,0.000110851,0.001897693,0.1284862,0,0,0,0,0,2,0,0,0,1,0,0,0,0,0,1,0,1,0,0,4
"E18HA05-03","C18","Chinese","Genuine","Happy 5 CN",38,4.625,0.3471688,0.26924,0.01741,0.2316015,0.000104579,0.002486858,0.1217697,0,0,0,0,0,2,0,0,0,1,0,0,0,0,0,1,0,1,0,0,4
"E18HA05-03","C18","Chinese","Genuine","Happy 5 CN",39,4.75,0.3295946,0.3065221,0.01540171,0.2900131,8.9421e-05,0.002615415,0.1116876,0,0,0,0,0,2,0,0,0,1,0,0,0,0,0,1,0,1,0,0,4
"E18HA05-03","C18","Chinese","Genuine","Happy 5 CN",40,4.875,0.3365071,0.2587485,0.01867261,0.2922586,9.0103e-05,0.00274199,0.1115395,0,0,0,0,0,2,0,0,0,1,0,0,0,0,0,1,0,0,0,0,4
"E18HA06-01","C18","Chinese","Genuine","Happy 6 CN",1,0,0.208712,0.005366578,0.1282558,0.6146578,0.00033277,0.001363122,0.0125326,0,0,0,0,0,0,0,0,0,0,0,0,0,0,0,2,1,0,0,0,2
"E18HA06-01","C18","Chinese","Genuine","Happy 6 CN",2,0.125,0.1963038,0.005230349,0.1220664,0.6411543,0.000290898,0.001298974,0.01333682,0,0,0,0,0,0,0,0,0,0,0,0,0,0,0,2,1,0,0,0,2
"E18HA06-01","C18","Chinese","Genuine","Happy 6 CN",3,0.25,0.1936151,0.006120695,0.09671427,0.6460552,0.000238271,0.001342195,0.02550449,0,0,0,0,0,0,0,0,0,0,0,0,0,0,0,3,1,0,0,0,3
"E18HA06-01","C18","Chinese","Genuine","Happy 6 CN",4,0.375,0.1869387,0.007512742,0.0828075,0.6566045,0.000206806,0.001463798,0.02490654,0,0,0,0,0,0,0,0,0,0,0,0,0,0,0,3,1,0,0,0,3
"E18HA06-01","C18","Chinese","Genuine","Happy 6 CN",5,0.5,0.2009397,0.01011916,0.08996221,0.6389057,0.000228864,0.001348357,0.02729604,0,0,0,0,0,0,0,0,0,0,0,0,0,0,0,3,1,0,0,0,3
"E18HA06-01","C18","Chinese","Genuine","Happy 6 CN",6,0.625,0.2064296,0.01431603,0.08202471,0.629667,0.00021581,0.001357197,0.03317115,0,0,0,0,0,0,0,0,0,0,0,0,0,0,0,3,1,0,0,0,3
"E18HA06-01","C18","Chinese","Genuine","Happy 6 CN",7,0.75,0.189748,0.01452173,0.07046808,0.6536037,0.000203443,0.001060845,0.0373171,0,0,0,0,0,0,0,0,0,0,0,0,0,0,0,3,1,0,0,0,3
"E18HA06-01","C18","Chinese","Genuine","Happy 6 CN",8,0.875,0.269905,0.01452098,0.07621067,0.4906904,0.000274532,0.001154156,0.03970503,0,0,0,0,0,0,0,0,0,0,0,0,0,0,0,3,1,0,0,0,3
"E18HA06-01","C18","Chinese","Genuine","Happy 6 CN",9,1,0.2460209,0.0217998,0.05697637,0.5301549,0.000300612,0.000991603,0.05026118,0,0,0,0,0,0,0,0,0,0,0,0,1,0,0,3,1,0,0,0,3
"E18HA06-01","C18","Chinese","Genuine","Happy 6 CN",10,1.125,0.2393548,0.01960402,0.0462171,0.5386863,0.000292977,0.000864112,0.0675565,0,0,0,0,0,0,0,0,0,0,0,0,1,0,0,3,1,0,0,0,3
"E18HA06-01","C18","Chinese","Genuine","Happy 6 CN",11,1.25,0.230611,0.01814258,0.03582027,0.5544085,0.000306641,0.000790885,0.09844464,0,0,0,0,0,0,0,0,0,0,0,0,1,0,0,3,1,0,0,0,3
"E18HA06-01","C18","Chinese","Genuine","Happy 6 CN",12,1.375,0.2005392,0.01863871,0.03037915,0.6101648,0.000271026,0.000692289,0.1192383,0,0,0,0,0,0,0,0,0,0,0,0,1,0,0,2,1,0,0,0,3
"E18HA06-01","C18","Chinese","Genuine","Happy 6 CN",13,1.5,0.2090783,0.01894512,0.02507508,0.5914033,0.000239902,0.000658394,0.1340155,0,0,0,0,0,0,0,0,0,0,0,0,1,0,0,2,1,0,0,0,3
"E18HA06-01","C18","Chinese","Genuine","Happy 6 CN",14,1.625,0.2361851,0.02091026,0.01945804,0.5360666,0.000204906,0.00080732,0.1495441,0,0,0,0,0,0,0,0,0,0,0,0,1,0,0,2,1,0,0,0,3
"E18HA06-01","C18","Chinese","Genuine","Happy 6 CN",15,1.75,0.2583483,0.02704693,0.01603241,0.4906904,0.000216361,0.00088017,0.1493515,0,0,0,0,0,0,0,0,0,0,0,0,1,0,0,2,1,0,0,0,3
"E18HA06-01","C18","Chinese","Genuine","Happy 6 CN",16,1.875,0.2309272,0.03459818,0.01201047,0.5456131,0.000259747,0.000985304,0.1404145,0,0,0,0,0,0,0,0,0,0,0,0,1,0,0,2,1,0,0,0,3
"E18HA06-01","C18","Chinese","Genuine","Happy 6 CN",17,2,0.2414293,0.03357573,0.01111766,0.525359,0.000217496,0.001445589,0.1413439,0,0,0,0,0,0,0,0,0,0,0,0,1,0,0,2,1,0,0,0,3
"E18HA06-01","C18","Chinese","Genuine","Happy 6 CN",18,2.125,0.2750139,0.04073862,0.01131326,0.4580788,0.00021072,0.001371214,0.1523495,0,0,0,0,0,0,0,0,0,0,0,0,1,0,0,2,1,0,0,0,3
"E18HA06-01","C18","Chinese","Genuine","Happy 6 CN",19,2.25,0.2853112,0.0441403,0.01057412,0.4403329,0.000205627,0.00221213,0.172638,0,0,0,0,0,0,0,0,0,0,0,0,1,0,0,2,1,0,0,0,3
"E18HA06-01","C18","Chinese","Genuine","Happy 6 CN",20,2.375,0.2869172,0.04987627,0.009642167,0.4373113,0.000197259,0.002445665,0.1777444,0,0,0,0,0,0,0,0,0,0,0,0,1,0,0,2,1,0,0,0,3
"E18HA06-01","C18","Chinese","Genuine","Happy 6 CN",21,2.5,0.2736303,0.0493761,0.01541754,0.4622742,0.00015919,0.002537348,0.1595137,0,0,0,0,0,0,0,0,0,0,0,0,1,0,0,2,1,0,0,0,3
"E18HA06-01","C18","Chinese","Genuine","Happy 6 CN",22,2.625,0.2710474,0.04840016,0.01851887,0.4671848,0.000139249,0.00259122,0.1423321,0,0,0,0,0,0,0,0,0,0,0,0,1,0,0,2,1,0,0,0,3
"E18HA06-01","C18","Chinese","Genuine","Happy 6 CN",23,2.75,0.2680051,0.06224971,0.01791357,0.472512,0.000131243,0.002803081,0.129076,0,0,0,0,0,1,0,0,0,0,0,0,1,0,0,2,1,0,0,0,3
"E18HA06-01","C18","Chinese","Genuine","Happy 6 CN",24,2.875,0.3235065,0.07250416,0.02869819,0.3496179,0.000148069,0.002838491,0.1324208,0,0,0,0,0,1,0,0,0,0,0,0,1,0,0,1,1,0,0,0,4
"E18HA06-01","C18","Chinese","Genuine","Happy 6 CN",25,3,0.3094619,0.06261893,0.03092059,0.3800881,0.000115995,0.002544647,0.1129005,0,0,0,0,0,1,0,0,0,0,0,1,1,0,0,2,1,0,0,0,4
"E18HA06-01","C18","Chinese","Genuine","Happy 6 CN",26,3.125,0.2854808,0.05641496,0.02945065,0.4303904,9.7213e-05,0.002006709,0.1025074,0,0,0,0,0,1,0,0,0,0,0,1,1,0,0,2,1,0,0,0,4
"E18HA06-01","C18","Chinese","Genuine","Happy 6 CN",27,3.25,0.2813592,0.05147839,0.03326721,0.439664,8.9135e-05,0.001786192,0.09028836,0,0,0,0,0,1,0,0,0,0,0,1,0,0,0,2,1,0,0,0,4
"E18HA06-01","C18","Chinese","Genuine","Happy 6 CN",28,3.375,0.2781772,0.04791082,0.02909331,0.4472204,7.8909e-05,0.001358617,0.08417492,0,0,0,0,0,1,0,0,0,0,0,1,1,0,0,2,1,0,0,0,4
"E18HA07-01","C18","Chinese","Genuine","Happy 7 CN",1,0,0.2245764,0.01153411,0.01034045,0.5726035,5.6536e-05,0.000710568,0.1648916,0,0,0,0,0,0,0,0,0,0,0,0,1,0,0,2,2,0,0,0,1
"E18HA07-01","C18","Chinese","Genuine","Happy 7 CN",2,0.125,0.2262284,0.011307,0.0141727,0.5638669,4.4213e-05,0.000749701,0.1803782,0,0,0,0,0,0,0,0,0,0,0,0,1,0,0,2,2,0,0,0,1
"E18HA07-01","C18","Chinese","Genuine","Happy 7 CN",3,0.25,0.2005998,0.01637556,0.01319008,0.6118571,3.6885e-05,0.000770015,0.1633063,0,0,0,0,0,0,0,0,0,0,0,0,1,0,0,2,2,0,0,0,1
"E18HA07-01","C18","Chinese","Genuine","Happy 7 CN",4,0.375,0.2176965,0.01873736,0.0205242,0.5756439,3.2294e-05,0.00077364,0.1421511,0,0,0,0,0,0,0,0,0,0,0,0,1,0,0,2,2,0,0,0,1
"E18HA07-01","C18","Chinese","Genuine","Happy 7 CN",5,0.5,0.2240945,0.02309892,0.01836286,0.5603217,2.7815e-05,0.000667173,0.146182,0,0,0,0,0,1,0,0,0,0,0,0,1,0,0,2,2,0,0,0,1
"E18HA07-01","C18","Chinese","Genuine","Happy 7 CN",6,0.625,0.2627893,0.06599528,0.01413201,0.4817548,0.000174956,0.004556176,0.1482226,0,0,0,0,0,1,0,0,0,0,0,0,1,0,0,2,1,0,0,0,2
"E18HA07-01","C18","Chinese","Genuine","Happy 7 CN",7,0.75,0.211455,0.2962425,0.01021158,0.3704085,0.000265118,0.003175428,0.1038748,0,0,0,0,0,1,0,0,0,1,0,0,1,0,0,2,1,1,0,0,3
"E18HA07-01","C18","Chinese","Genuine","Happy 7 CN",8,0.875,0.182278,0.4423266,0.007277832,0.3099533,0.000241555,0.002199835,0.07606035,0,0,0,0,0,1,0,0,0,1,0,0,1,0,0,2,1,1,0,0,3
"E18HA07-01","C18","Chinese","Genuine","Happy 7 CN",9,1,0.1729849,0.5212424,0.005133509,0.286106,0.00021151,0.001532977,0.05769182,0,0,0,0,0,1,0,0,0,1,0,0,1,0,0,2,1,1,0,0,3
"E18HA07-01","C18","Chinese","Genuine","Happy 7 CN",10,1.125,0.1665076,0.5757034,0.003743452,0.3125368,0.000179974,0.001119814,0.04793935,0.000808789,0,0,0,0,1,0,0,0,2,0,0,1,0,0,2,1,1,0,0,3
"E18HA07-01","C18","Chinese","Genuine","Happy 7 CN",11,1.25,0.1602049,0.6168328,0.003292133,0.2747899,0.000165072,0.000882509,0.03999579,0.000556168,0,0,0,0,1,0,0,0,2,0,0,1,0,0,1,0,1,0,0,3
"E18HA07-01","C18","Chinese","Genuine","Happy 7 CN",12,1.375,0.1876345,0.5815918,0.003672867,0.3106009,0.000130078,0.000676523,0.04261664,0.000382453,0,0,0,0,2,0,0,0,2,0,0,1,0,0,2,0,1,0,0,3
"E18HA07-01","C18","Chinese","Genuine","Happy 7 CN",13,1.5,0.1936198,0.5831625,0.002952336,0.3190003,0.000101901,0.000504608,0.0425964,0.000262996,0,0,0,0,2,0,0,0,2,0,0,1,0,0,2,0,1,0,0,4
"E18HA07-01","C18","Chinese","Genuine","Happy 7 CN",14,1.625,0.2128424,0.5540422,0.002397154,0.3271943,7.8101e-05,0.000511275,0.07112503,0.000180851,0,0,0,0,2,0,0,0,2,0,0,1,0,0,2,0,1,0,0,4
"E18HA07-01","C18","Chinese","Genuine","Happy 7 CN",15,1.75,0.2311379,0.523907,0.001964899,0.3336677,6.4102e-05,0.000653887,0.09863085,0.000124363,0,0,0,0,2,0,0,0,2,0,0,1,0,0,1,0,1,0,0,4
"E18HA07-01","C18","Chinese","Genuine","Happy 7 CN",16,1.875,0.2298611,0.530825,0.002004975,0.3195961,4.8479e-05,0.000572995,0.1103607,8.5519e-05,0,0,0,0,2,0,0,0,2,0,0,1,0,0,1,0,1,0,0,4
"E18HA07-01","C18","Chinese","Genuine","Happy 7 CN",17,2,0.2272013,0.5391442,0.00170725,0.2997411,4.6191e-05,0.000617546,0.1422194,5.8808e-05,0,0,0,0,2,0,0,0,2,0,0,1,0,0,1,0,1,0,0,4
"E18HA07-01","C18","Chinese","Genuine","Happy 7 CN",18,2.125,0.2392488,0.5171129,0.001574059,0.2573754,5.1074e-05,0.00060165,0.1394534,4.0439e-05,0,0,0,0,2,0,0,0,2,0,0,1,0,0,1,0,2,0,0,4
"E18HA07-01","C18","Chinese","Genuine","Happy 7 CN",19,2.25,0.2337655,0.5294949,0.001354293,0.2444393,4.4374e-05,0.000502677,0.1192761,2.7808e-05,0,0,0,0,2,0,0,0,2,0,0,1,0,0,1,0,1,0,0,4
"E18HA07-01","C18","Chinese","Genuine","Happy 7 CN",20,2.375,0.2193141,0.5598257,0.004794493,0.2478844,4.6053e-05,0.000433268,0.1012962,1.9123e-05,0,0,0,0,2,0,0,0,2,0,0,1,0,0,1,0,1,0,0,4
"E18HA07-01","C18","Chinese","Genuine","Happy 7 CN",21,2.5,0.2012981,0.6131681,0.02007387,0.2455226,0.000138976,0.000802388,0.07152837,0.000504364,0,0,0,0,2,0,0,0,2,0,0,1,0,0,0,0,1,0,0,3
"E18HA07-01","C18","Chinese","Genuine","Happy 7 CN",22,2.625,,,,,,,,,,,,,,,,,,,,,,,,,,,,
"E18HA07-03","C18","Chinese","Genuine","Happy 7 CN",1,0,0.2512686,0.008304963,0.01507936,0.4145282,4.0125e-05,0.004824409,0.5002377,0,0,0,0,0,1,0,0,0,0,0,1,0,0,0,2,2,0,0,0,3
"E18HA07-03","C18","Chinese","Genuine","Happy 7 CN",2,0.125,0.2696474,0.008355997,0.01641567,0.4046421,5.1713e-05,0.004843428,0.4308571,0,0,0,0,0,1,0,0,0,0,0,1,0,0,0,1,1,0,0,0,3
"E18HA07-03","C18","Chinese","Genuine","Happy 7 CN",3,0.25,0.287908,0.007855323,0.02764143,0.3872413,6.0859e-05,0.0059988,0.4029853,0,0,0,0,0,1,0,0,0,0,0,1,0,0,0,1,1,0,0,0,3
"E18HA07-03","C18","Chinese","Genuine","Happy 7 CN",4,0.375,0.3019867,0.008761513,0.03376706,0.3754536,6.8794e-05,0.007872751,0.3317844,0,0,0,0,0,1,0,0,0,0,0,0,0,0,0,1,1,0,0,0,2
"E18HA07-03","C18","Chinese","Genuine","Happy 7 CN",5,0.5,0.2987629,0.01092902,0.03077797,0.3913722,7.9907e-05,0.009770062,0.2972304,0,0,0,0,0,1,0,0,0,0,0,0,0,0,0,1,1,0,0,0,2
"E18HA07-03","C18","Chinese","Genuine","Happy 7 CN",6,0.625,0.3114179,0.01057973,0.02277672,0.3733203,0.000111222,0.03614816,0.2709981,0,0,0,0,0,1,0,0,0,0,0,0,0,0,0,1,1,0,0,0,2
"E18HA07-03","C18","Chinese","Genuine","Happy 7 CN",7,0.75,0.3376609,0.02334433,0.01729083,0.3274832,0.000430333,0.03164066,0.217807,0.000376951,0,0,0,0,1,0,0,0,0,0,0,0,0,0,1,1,0,0,0,1
"E18HA07-03","C18","Chinese","Genuine","Happy 7 CN",8,0.875,0.3547716,0.04976328,0.01327417,0.2951415,0.000543999,0.02753768,0.1808435,0.000266166,0,0,0,0,1,0,0,0,0,0,0,0,0,0,1,1,0,0,0,1
"E18HA07-03","C18","Chinese","Genuine","Happy 7 CN",9,1,0.3073195,0.2211564,0.01029996,0.2704852,0.000394845,0.01914129,0.1333174,0.000183031,0,0,0,0,1,0,0,0,0,0,0,0,0,0,1,0,1,0,0,2
"E18HA07-03","C18","Chinese","Genuine","Happy 7 CN",10,1.125,0.2644628,0.3582205,0.007838418,0.2889769,0.000297056,0.01324691,0.1004118,0.000125862,0,0,0,0,1,0,0,0,1,0,0,1,0,0,1,0,1,0,0,3
"E18HA07-03","C18","Chinese","Genuine","Happy 7 CN",11,1.25,0.2273578,0.4677041,0.005947254,0.3109668,0.000214825,0.009159368,0.08075729,8.655e-05,0,0,0,0,2,0,0,0,1,0,0,1,0,0,1,0,1,0,0,3
"E18HA07-03","C18","Chinese","Genuine","Happy 7 CN",12,1.375,0.1932255,0.5602187,0.004507183,0.3064919,0.000154714,0.006372181,0.06387356,0.000799462,0,0,0,0,2,0,0,0,1,0,0,1,0,0,1,0,1,0,0,3
"E18HA07-03","C18","Chinese","Genuine","Happy 7 CN",13,1.5,0.1658449,0.6317019,0.003291939,0.2924216,0.000112411,0.004478617,0.05653773,0.000549755,0,0,0,0,3,0,0,0,2,0,0,1,0,0,1,0,1,0,0,3
"E18HA07-03","C18","Chinese","Genuine","Happy 7 CN",14,1.625,0.1627816,0.6493782,0.003700041,0.3246543,8.6004e-05,0.003151495,0.05544987,0.000603059,0,0,0,0,3,0,0,0,2,0,0,1,0,0,1,0,1,0,0,3
"E18HA07-03","C18","Chinese","Genuine","Happy 7 CN",15,1.75,0.1929158,0.5972275,0.004543028,0.3126139,6.6464e-05,0.002425913,0.07706548,0.000414697,0,0,0,0,3,0,0,0,2,0,0,1,0,0,1,0,1,0,0,3
"E18HA07-03","C18","Chinese","Genuine","Happy 7 CN",16,1.875,0.2428982,0.5005403,0.006326313,0.3086402,6.0045e-05,0.002413823,0.1050852,0.00050381,0,0,0,0,2,0,0,0,2,0,0,1,0,0,1,0,1,0,0,3
"E18HA07-03","C18","Chinese","Genuine","Happy 7 CN",17,2,0.2566037,0.4875886,0.05913723,0.2749925,8.4363e-05,0.002788492,0.07540575,0.000346448,0,0,0,0,2,0,0,0,2,0,0,1,0,0,1,0,1,0,0,3
"E18HA07-03","C18","Chinese","Genuine","Happy 7 CN",18,2.125,0.2828298,0.41194,0.05940509,0.2909506,0.000152174,0.002466923,0.06008083,0.000238237,0,0,0,0,2,0,0,0,2,0,0,1,0,0,0,0,1,0,0,3
"E18HA07-03","C18","Chinese","Genuine","Happy 7 CN",19,2.25,0.2952804,0.3807528,0.06324442,0.3119173,0.00020079,0.002370056,0.04573407,0.000163825,0,0,0,0,2,0,0,0,2,0,0,1,0,0,0,0,1,0,0,2
"E18HA07-03","C18","Chinese","Genuine","Happy 7 CN",20,2.375,0.3115724,0.3492199,0.1426496,0.2342813,0.000196353,0.003592648,0.03358495,0.000112655,0,0,0,0,2,0,0,0,2,0,0,0,0,0,0,0,1,0,0,2
"E18HA07-03","C18","Chinese","Genuine","Happy 7 CN",21,2.5,0.328037,0.3480021,0.1220135,0.2084497,0.000503539,0.004225725,0.02335249,7.7468e-05,0,0,0,0,2,0,0,0,1,0,0,0,0,0,0,0,1,0,0,2
"E18HA07-03","C18","Chinese","Genuine","Happy 7 CN",22,2.625,0.3499125,0.3318936,0.1757624,0.1598007,0.000441737,0.003509589,0.01651792,5.3271e-05,0,0,0,0,1,0,0,0,2,0,0,0,0,0,0,0,1,0,1,1
"E18HA07-03","C18","Chinese","Genuine","Happy 7 CN",23,2.75,0.3585072,0.2752718,0.1340039,0.2027004,0.000601727,0.003525903,0.01151685,0.000259186,0,0,0,0,1,0,0,0,2,0,0,0,0,0,0,0,1,0,0,1
"E18HA07-03","C18","Chinese","Genuine","Happy 7 CN",24,2.875,0.3350573,0.3306258,0.09287562,0.1987125,0.001252468,0.004852388,0.01708227,0.000411966,0,0,0,0,1,0,0,0,2,0,0,0,0,0,0,0,1,0,0,1
"E18HA07-03","C18","Chinese","Genuine","Happy 7 CN",25,3,0.3153995,0.3717784,0.06563142,0.2037157,0.00144117,0.004573762,0.02545262,0.000283291,0,0,0,1,1,0,0,0,2,0,0,0,0,0,0,0,1,0,0,1
"E18HA07-03","C18","Chinese","Genuine","Happy 7 CN",26,3.125,0.3067366,0.3887188,0.04660051,0.2292062,0.001096513,0.003771331,0.06175191,0.000194807,0,0,0,0,1,0,0,0,2,0,0,0,0,0,0,0,1,0,0,1
"E18HA07-03","C18","Chinese","Genuine","Happy 7 CN",27,3.25,0.3032263,0.3956622,0.03258666,0.2609445,0.000957516,0.004495246,0.08614495,0.00013396,0,0,0,0,1,0,0,0,2,0,0,0,0,0,0,0,1,0,0,1
"E18HA07-03","C18","Chinese","Genuine","Happy 7 CN",28,3.375,0.3027363,0.3953281,0.02287822,0.3036693,0.000805936,0.004818224,0.1185117,9.2118e-05,0,0,0,0,1,0,0,0,2,0,0,0,0,0,0,0,1,0,0,1
"E18HA07-03","C18","Chinese","Genuine","Happy 7 CN",29,3.5,0.3082218,0.3768887,0.01624881,0.3218391,0.000637868,0.004701145,0.1476017,6.3346e-05,0,0,0,0,1,0,0,0,1,0,0,0,0,0,0,0,1,0,0,2
"E18HA07-03","C18","Chinese","Genuine","Happy 7 CN",30,3.625,0.3188935,0.3530863,0.01168142,0.3129909,0.000506943,0.004365142,0.200424,4.356e-05,0,0,0,0,1,0,0,0,1,0,0,0,0,0,0,0,1,0,0,2
"E18HA07-03","C18","Chinese","Genuine","Happy 7 CN",31,3.75,0.3146152,0.3517757,0.008677927,0.3374487,0.000378632,0.004744858,0.2376894,2.9954e-05,0,0,0,0,1,0,0,0,1,0,0,0,0,0,0,0,1,0,0,2
"E18HA07-03","C18","Chinese","Genuine","Happy 7 CN",32,3.875,0.3024866,0.3821352,0.006759618,0.3288165,0.000283032,0.004582004,0.2159864,2.0598e-05,0,0,0,0,1,0,0,0,1,0,0,0,0,0,0,0,1,0,0,3
"E18HA07-03","C18","Chinese","Genuine","Happy 7 CN",33,4,0.3115207,0.3440506,0.005622119,0.3112393,0.000227379,0.006384328,0.2541929,0.000119848,0,0,0,0,1,0,0,0,1,0,0,0,0,0,0,0,1,0,0,3
"E18HA07-03","C18","Chinese","Genuine","Happy 7 CN",34,4.125,0.3053304,0.3297245,0.00438534,0.2859778,0.000203673,0.00649274,0.3052672,0.000157317,0,0,0,0,1,0,0,0,1,0,0,0,0,0,0,0,1,0,0,3
"E18HA07-03","C18","Chinese","Genuine","Happy 7 CN",35,4.25,0.2893691,0.2850023,0.003913487,0.2916032,0.000184992,0.006874355,0.3636244,0.000350337,0,0,0,0,1,0,0,0,1,0,0,0,0,0,0,0,1,0,0,3
"E18HA07-03","C18","Chinese","Genuine","Happy 7 CN",36,4.375,0.3039702,0.274297,0.003516708,0.3015538,0.000219478,0.00678957,0.3535139,0.000336474,0,0,0,0,1,0,0,0,1,0,0,0,0,0,0,0,1,0,0,3
"E18HA07-03","C18","Chinese","Genuine","Happy 7 CN",37,4.5,0.2910614,0.248468,0.0029744,0.3143108,0.000187896,0.007729991,0.3926498,0.000231525,0,0,0,0,2,0,0,0,1,0,0,0,0,0,0,0,1,0,0,3
"E18HA07-03","C18","Chinese","Genuine","Happy 7 CN",38,4.625,0.2794293,0.2096334,0.002628523,0.3020044,0.000228365,0.009471237,0.4247994,0.00015921,0,0,0,0,1,0,0,0,1,0,0,0,0,0,0,0,1,0,0,3
"E18HA07-03","C18","Chinese","Genuine","Happy 7 CN",39,4.75,0.2876712,0.1498017,0.01442373,0.2655872,0.000322865,0.0102064,0.4392448,0.000109482,0,0,0,0,1,0,0,0,1,0,0,0,0,0,0,0,1,0,0,3
"E18HA07-03","C18","Chinese","Genuine","Happy 7 CN",40,4.875,0.2679184,0.1039697,0.04954318,0.3551418,0.000237486,0.007396603,0.3516443,7.5286e-05,0,0,0,0,1,0,0,0,1,0,0,0,0,0,0,0,1,0,0,3
"E18HA07-03","C18","Chinese","Genuine","Happy 7 CN",41,5,0.235499,0.07330099,0.04952337,0.4573249,0.000224104,0.006464233,0.2621728,5.1771e-05,0,0,0,0,1,0,0,0,1,0,0,0,0,0,1,0,1,0,0,3
"E19HA02-04","C19","Chinese","Genuine","Happy 2 CN",1,0,0.346765,0.001149956,0.01463628,0.08969538,0.1405937,0.3122386,0.003305962,0,2,2,0,0,0,0,0,0,0,0,0,0,0,0,0,0,4,2,0,0
"E19HA02-04","C19","Chinese","Genuine","Happy 2 CN",2,0.125,0.2889323,0.002805661,0.2220193,0.06313781,0.09684548,0.2160004,0.186306,7.3572e-05,1,1,1,0,0,0,0,0,0,0,0,0,0,0,0,0,3,1,0,2
"E19HA02-04","C19","Chinese","Genuine","Happy 2 CN",3,0.25,0.2533146,0.2050162,0.1534107,0.04347675,0.06696255,0.1485773,0.1321886,5.0674e-05,1,1,1,0,0,0,0,0,1,0,0,0,0,0,0,0,4,1,0,3
"E19HA02-04","C19","Chinese","Genuine","Happy 2 CN",4,0.375,0.218479,0.3647532,0.1096802,0.02992602,0.04607617,0.1022848,0.09550036,0.000147538,1,1,1,0,1,0,0,0,1,0,0,0,0,0,0,0,4,1,0,3
"E19HA02-04","C19","Chinese","Genuine","Happy 2 CN",5,0.5,0.2144815,0.4346826,0.07548536,0.02065341,0.03191331,0.07047546,0.06764349,0.000123801,1,1,1,0,1,0,0,0,2,0,0,0,0,0,0,0,4,1,0,3
"E19HA02-04","C19","Chinese","Genuine","Happy 2 CN",6,0.625,0.1993825,0.50747,0.05198899,0.01435764,0.02215621,0.04850456,0.04755415,0.00022912,1,0,1,0,2,0,0,0,2,0,0,0,0,0,0,0,4,1,0,3
"E19HA02-04","C19","Chinese","Genuine","Happy 2 CN",7,0.75,0.1527438,0.6300344,0.0358084,0.009966649,0.01525465,0.03335837,0.03295869,0.000314141,1,0,1,0,2,0,0,0,3,0,0,0,0,0,0,0,4,1,0,3
"E19HA02-04","C19","Chinese","Genuine","Happy 2 CN",8,0.875,0.120511,0.7146392,0.02466918,0.006982796,0.01049513,0.02294003,0.02270451,0.000241076,0,0,1,0,3,0,0,0,3,0,0,0,0,0,0,0,4,1,0,4
"E19HA02-04","C19","Chinese","Genuine","Happy 2 CN",9,1,0.1125793,0.7443517,0.01699678,0.00502813,0.007223921,0.0157759,0.01570033,0.00020688,0,0,1,0,3,0,0,0,3,0,0,0,0,0,0,0,4,1,0,4
"E19HA02-04","C19","Chinese","Genuine","Happy 2 CN",10,1.125,0.1049902,0.7690531,0.01170276,0.003552082,0.004978662,0.01084895,0.01089149,0.000462959,0,0,1,0,3,0,0,0,3,0,0,0,0,0,0,0,4,1,0,4
"E19HA02-04","C19","Chinese","Genuine","Happy 2 CN",11,1.25,0.08998343,0.8056154,0.008081242,0.002551218,0.003429186,0.0074607,0.007611064,0.00061045,0,0,1,0,3,0,0,0,4,0,0,0,0,0,0,0,4,1,0,4
"E19HA02-04","C19","Chinese","Genuine","Happy 2 CN",12,1.375,0.0778044,0.8344768,0.00556803,0.001795317,0.002368042,0.005130621,0.0052712,0.000550247,0,0,1,0,3,0,0,0,4,0,0,0,0,0,0,0,4,1,0,4
"E19HA02-04","C19","Chinese","Genuine","Happy 2 CN",13,1.5,0.06637096,0.8604404,0.003839609,0.001268059,0.001632084,0.003528577,0.003721372,0.000476161,0,0,1,0,3,0,0,0,4,0,0,0,0,0,0,0,4,1,0,4
"E19HA02-04","C19","Chinese","Genuine","Happy 2 CN",14,1.625,0.06147175,0.8723683,0.002658777,0.000915161,0.001129123,0.002427054,0.00263897,0.000363229,0,0,1,0,3,0,0,0,4,0,0,0,0,0,0,0,4,1,0,4
"E19HA02-04","C19","Chinese","Genuine","Happy 2 CN",15,1.75,0.05366871,0.8894387,0.001849632,0.000687297,0.000790291,0.001669726,0.001943711,0.000331573,0,0,1,0,3,0,0,0,4,0,0,0,0,0,0,0,4,1,0,3
"E19HA02-04","C19","Chinese","Genuine","Happy 2 CN",16,1.875,0.0489397,0.8999037,0.001289813,0.000532908,0.000557352,0.001148618,0.001493178,0.000262901,0,0,1,0,3,0,0,0,4,0,0,0,0,0,0,0,5,1,0,3
"E19HA02-04","C19","Chinese","Genuine","Happy 2 CN",17,2,0.04409043,0.9102947,0.000905546,0.000428343,0.000398082,0.00079027,0.001221591,0.00019242,0,0,0,0,3,0,0,0,4,0,0,0,0,0,0,0,5,1,0,3
"E19HA02-04","C19","Chinese","Genuine","Happy 2 CN",18,2.125,0.04447818,0.9099953,0.000633537,0.000359555,0.000286897,0.000544105,0.0009369,0.000264931,0,0,0,0,3,0,0,0,4,0,0,0,0,0,0,0,5,1,0,3
"E19HA02-04","C19","Chinese","Genuine","Happy 2 CN",19,2.25,0.04372595,0.9118272,0.000447098,0.000311244,0.000206613,0.000374833,0.000814265,0.000254519,0,0,0,0,3,0,0,0,4,0,0,0,0,0,0,0,5,1,0,3
"E19HA02-04","C19","Chinese","Genuine","Happy 2 CN",20,2.375,0.04385116,0.911802,0.000321682,0.000278528,0.000157357,0.000259327,0.000828087,0.000237288,0,0,0,0,3,0,0,0,4,0,0,0,0,0,0,0,5,1,0,3
"E19HA02-04","C19","Chinese","Genuine","Happy 2 CN",21,2.5,0.04877566,0.9021078,0.000234481,0.000307296,0.000176238,0.000180296,0.001036543,0.000401979,0,0,0,0,3,0,0,0,4,0,0,0,0,0,0,0,5,1,0,3
"E19HA02-04","C19","Chinese","Genuine","Happy 2 CN",22,2.625,0.04766414,0.9044374,0.000171103,0.000271131,0.000174484,0.00012509,0.000930077,0.00049047,0,0,0,0,3,0,0,0,4,0,0,0,0,0,0,0,5,1,0,2
"E19HA02-04","C19","Chinese","Genuine","Happy 2 CN",23,2.75,0.04726486,0.9053091,0.000128599,0.000260543,0.000211152,8.8211e-05,0.000742373,0.000417184,0,0,0,0,3,0,0,0,4,0,0,0,0,0,0,0,5,1,0,2
"E19HA02-04","C19","Chinese","Genuine","Happy 2 CN",24,2.875,0.0467326,0.9064239,0.000107215,0.000235699,0.000219566,6.3434e-05,0.000604159,0.000409345,0,0,0,0,3,0,0,0,4,0,0,0,0,0,0,0,5,1,0,2
"E19HA02-04","C19","Chinese","Genuine","Happy 2 CN",25,3,0.04624223,0.9074393,9.5753e-05,0.000223386,0.000203505,4.6325e-05,0.000685792,0.000396476,0,0,0,0,3,0,0,0,4,0,0,0,0,0,0,0,5,1,0,2
"E19HA02-04","C19","Chinese","Genuine","Happy 2 CN",26,3.125,0.05114788,0.8976518,0.000101695,0.000209107,0.000179878,3.4555e-05,0.00071193,0.000476295,0,0,0,0,3,0,0,0,4,0,0,0,0,0,0,0,5,1,0,2
"E19HA02-04","C19","Chinese","Genuine","Happy 2 CN",27,3.25,0.0648343,0.8702953,8.6575e-05,0.000197795,0.000150889,2.5256e-05,0.000647829,0.000627296,0,0,0,0,3,0,0,0,4,0,0,0,0,0,0,0,5,1,0,2
"E19HA02-04","C19","Chinese","Genuine","Happy 2 CN",28,3.375,0.06396779,0.8720396,9.6536e-05,0.000202655,0.000123188,1.9591e-05,0.000622621,0.001441,0,0,0,0,3,0,0,0,4,0,0,0,0,0,0,0,5,1,0,2
"E19HA02-04","C19","Chinese","Genuine","Happy 2 CN",29,3.5,0.0632001,0.8735827,9.8982e-05,0.000166416,9.7877e-05,1.5218e-05,0.000558497,0.001572122,0,0,0,0,3,0,0,0,4,0,0,0,0,0,0,0,5,1,0,2
"E19HA02-04","C19","Chinese","Genuine","Happy 2 CN",30,3.625,0.06134675,0.8772948,8.2081e-05,0.000151103,9.2985e-05,1.1688e-05,0.000537607,0.001561567,0,0,0,0,3,0,0,0,4,0,0,0,0,0,0,0,5,1,0,2
"E19HA02-04","C19","Chinese","Genuine","Happy 2 CN",31,3.75,0.05620464,0.8875827,7.8178e-05,0.000131094,8.8855e-05,8.978e-06,0.000506264,0.001276343,0,0,0,0,3,0,0,0,4,0,0,0,0,0,0,0,5,1,0,2
"E19HA02-04","C19","Chinese","Genuine","Happy 2 CN",32,3.875,0.05198592,0.8960226,8.6896e-05,0.000115408,9.5677e-05,8.247e-06,0.000500141,0.001064595,0,0,0,0,3,0,0,0,4,0,0,0,0,0,0,0,5,1,0,2
"E19HA02-04","C19","Chinese","Genuine","Happy 2 CN",33,4,0.05297589,0.8940444,0.000103305,0.000112845,0.000118309,8.271e-06,0.000440186,0.000962298,0,0,0,0,3,0,0,0,4,0,0,0,0,0,0,0,5,1,0,2
"E19HA02-04","C19","Chinese","Genuine","Happy 2 CN",34,4.125,0.05402383,0.8919497,0.000134227,0.0001241,0.000112428,1.0235e-05,0.000364264,0.000876196,0,0,0,0,3,0,0,0,4,0,0,0,0,0,0,0,5,1,0,2
"E19HA02-04","C19","Chinese","Genuine","Happy 2 CN",35,4.25,0.05628796,0.8874223,0.000165999,0.000176839,0.000119693,1.1195e-05,0.00032569,0.000892754,0,0,0,0,3,0,0,0,4,0,0,0,0,0,0,0,5,1,0,1
"E19HA02-04","C19","Chinese","Genuine","Happy 2 CN",36,4.375,0.0606291,0.8787406,0.000173126,0.000249164,0.000127815,1.662e-05,0.000334564,0.000831644,0,0,0,0,3,0,0,0,4,0,0,0,0,0,0,0,5,1,0,1
"E19HA02-04","C19","Chinese","Genuine","Happy 2 CN",37,4.5,0.06267692,0.8746454,0.000178163,0.000277903,0.000122663,1.5476e-05,0.000414447,0.000888868,0,0,0,0,3,0,0,0,4,0,0,0,0,0,0,0,5,1,0,1
"E19HA02-04","C19","Chinese","Genuine","Happy 2 CN",38,4.625,0.07026469,0.85947,0.000166652,0.000279811,0.000178898,1.8508e-05,0.000504602,0.000910988,0,0,0,0,3,0,0,0,4,0,0,0,0,0,0,0,5,1,0,1
"E19HA02-04","C19","Chinese","Genuine","Happy 2 CN",39,4.75,0.0885846,0.8228304,0.000312685,0.001043317,0.001228229,0.000100482,0.001130162,0.001079177,0,0,0,0,3,0,0,0,4,0,0,0,0,0,0,0,5,1,0,2
"E19HA02-04","C19","Chinese","Genuine","Happy 2 CN",40,4.875,0.1113523,0.7772959,0.000505822,0.004102592,0.000907274,0.000377531,0.005176161,0.001257171,0,0,0,0,3,0,0,0,3,0,0,0,0,0,0,0,4,1,0,3
"E19HA03-05","C19","Chinese","Genuine","Happy 3 CN",1,0,0.2681179,0.4662541,0.0089532,0.2002807,0.001457831,0.0303344,0.01348856,0.000660425,0,0,0,0,1,1,0,0,1,0,0,0,0,0,0,0,4,1,0,1
"E19HA03-05","C19","Chinese","Genuine","Happy 3 CN",2,0.125,0.3134724,0.3381132,0.03689636,0.1941004,0.001111352,0.04406478,0.05711417,0.000647611,0,0,0,0,1,1,0,0,1,0,0,0,0,0,0,0,4,1,0,1
"E19HA03-05","C19","Chinese","Genuine","Happy 3 CN",3,0.25,0.3501788,0.2736064,0.02888673,0.1772519,0.001021432,0.05493591,0.07225014,0.000549907,0,0,1,0,1,1,0,0,1,0,0,0,0,0,0,0,4,1,0,1
"E19HA03-05","C19","Chinese","Genuine","Happy 3 CN",4,0.375,0.3238389,0.3348921,0.02224212,0.1561942,0.001123852,0.0520025,0.05799442,0.00050941,0,0,1,0,1,1,0,0,1,0,0,0,0,0,0,0,4,1,0,1
"E19HA03-05","C19","Chinese","Genuine","Happy 3 CN",5,0.5,0.2710754,0.4458655,0.01560982,0.1148684,0.000938137,0.03743547,0.04054786,0.000415661,0,0,0,0,1,1,0,0,1,0,0,0,0,0,0,0,4,1,0,2
"E19HA03-05","C19","Chinese","Genuine","Happy 3 CN",6,0.625,0.2146645,0.5624303,0.01088512,0.07946168,0.000664305,0.02578846,0.02807147,0.000446157,0,0,0,0,1,1,0,0,2,0,0,0,0,0,0,0,4,1,0,2
"E19HA03-05","C19","Chinese","Genuine","Happy 3 CN",7,0.75,0.1721458,0.6500417,0.007634029,0.0547607,0.000466123,0.01774683,0.01964854,0.00042609,0,0,0,0,1,1,0,0,2,0,0,0,0,0,0,0,4,0,0,3
"E19HA03-05","C19","Chinese","Genuine","Happy 3 CN",8,0.875,0.1437485,0.7086063,0.005315461,0.03776935,0.000326142,0.01220646,0.01363831,0.00032481,0,0,0,0,2,0,0,0,3,0,0,0,0,0,0,0,4,0,0,3
"E19HA03-05","C19","Chinese","Genuine","Happy 3 CN",9,1,0.1119934,0.7733335,0.003676781,0.02609638,0.000229183,0.008394439,0.009415009,0.000726551,0,0,0,0,2,0,0,0,3,0,0,0,0,0,0,0,4,0,0,3
"E19HA03-05","C19","Chinese","Genuine","Happy 3 CN",10,1.125,0.102624,0.7929094,0.002560276,0.01810256,0.0001653,0.005773209,0.006510581,0.00277796,0,0,0,0,2,0,0,0,3,0,0,0,0,0,0,0,4,0,0,3
"E19HA03-05","C19","Chinese","Genuine","Happy 3 CN",11,1.25,0.08897832,0.8207763,0.00176698,0.01269132,0.000122778,0.003970775,0.004550439,0.002175398,0,0,0,0,3,0,0,0,3,0,0,0,0,0,0,0,4,1,0,4
"E19HA03-05","C19","Chinese","Genuine","Happy 3 CN",12,1.375,0.07754352,0.8440418,0.001243149,0.0137362,0.000715627,0.002773676,0.003743938,0.001576583,0,0,1,0,3,0,0,0,4,0,0,0,0,0,0,0,4,2,0,3
"E19HA03-05","C19","Chinese","Genuine","Happy 3 CN",13,1.5,0.05497857,0.889444,0.001225299,0.01176813,0.001488851,0.001991482,0.003082184,0.00119924,0,0,1,0,3,0,0,0,3,0,0,0,0,0,0,0,4,2,0,3
"E19HA03-05","C19","Chinese","Genuine","Happy 3 CN",14,1.625,0.03873696,0.9221145,0.00234826,0.009518977,0.001710562,0.001518805,0.003826033,0.000893224,0,0,1,0,3,0,0,0,3,0,0,0,0,0,0,0,4,2,1,3
"E19HA03-05","C19","Chinese","Genuine","Happy 3 CN",15,1.75,0.02742711,0.9448628,0.006207029,0.007749203,0.002222125,0.00116486,0.003954215,0.000614231,0,0,1,0,3,0,0,0,3,0,0,0,0,0,0,0,4,2,1,3
"E19HA03-05","C19","Chinese","Genuine","Happy 3 CN",16,1.875,0.0208266,0.9581523,0.02072519,0.005578218,0.002435656,0.001089614,0.00577933,0.000532132,0,0,1,0,3,0,0,0,3,0,0,0,0,0,0,0,4,2,1,3
"E19HA03-05","C19","Chinese","Genuine","Happy 3 CN",17,2,0.01491252,0.9700415,0.01737486,0.005596539,0.003066627,0.000915265,0.004985918,0.00039288,0,0,0,0,3,0,0,0,3,0,0,0,0,0,0,0,4,2,1,3
"E19HA03-05","C19","Chinese","Genuine","Happy 3 CN",18,2.125,0.0107312,0.9784458,0.01352686,0.004729568,0.004301044,0.000643067,0.003547495,0.000385859,0,0,0,0,3,0,0,0,3,0,0,0,0,0,0,0,4,3,1,3
"E19HA03-05","C19","Chinese","Genuine","Happy 3 CN",19,2.25,0.01136772,0.9772016,0.009927175,0.005693817,0.004454097,0.00047166,0.002592579,0.000580305,0,0,1,0,3,0,0,0,3,0,0,0,0,0,0,0,4,3,1,3
"E19HA03-05","C19","Chinese","Genuine","Happy 3 CN",20,2.375,0.01449807,0.9709606,0.007015006,0.004032438,0.003202803,0.000330657,0.002113603,0.000481767,0,0,0,0,3,0,0,0,3,0,0,0,0,0,0,0,4,3,1,3
"E19HA03-05","C19","Chinese","Genuine","Happy 3 CN",21,2.5,0.01581903,0.9683322,0.005011674,0.002879962,0.002231156,0.000230358,0.001529943,0.00045535,0,0,0,0,3,0,0,0,3,0,0,0,0,0,0,0,4,2,1,3
"E19HA03-05","C19","Chinese","Genuine","Happy 3 CN",22,2.625,0.01984338,0.9602928,0.003527464,0.002065171,0.001574154,0.000160483,0.001124904,0.000336532,0,0,0,0,3,0,0,0,4,0,0,0,0,0,0,0,4,2,1,3
"E19HA03-05","C19","Chinese","Genuine","Happy 3 CN",23,2.75,0.02181853,0.9563489,0.002533595,0.001487905,0.001109867,0.000114036,0.000944179,0.00029552,0,0,0,0,3,0,0,0,4,0,0,0,0,0,0,0,4,2,1,3
"E19HA03-05","C19","Chinese","Genuine","Happy 3 CN",24,2.875,0.02184249,0.9563053,0.001842416,0.001138856,0.000790005,8.186e-05,0.000714575,0.000427342,0,0,0,0,3,0,0,0,4,0,0,0,0,0,0,0,5,2,0,3
"E19HA03-05","C19","Chinese","Genuine","Happy 3 CN",25,3,0.02114995,0.9576935,0.001323292,0.001582011,0.000727832,6.1527e-05,0.000549527,0.000351972,0,0,0,0,3,0,0,0,4,0,0,0,0,0,0,0,5,2,0,3
"E19HA03-05","C19","Chinese","Genuine","Happy 3 CN",26,3.125,0.02207829,0.9558388,0.000980359,0.004302593,0.000735816,5.2514e-05,0.000476189,0.000311422,0,0,0,0,3,0,0,0,4,0,0,0,0,0,0,0,5,2,0,3
"E19HA03-05","C19","Chinese","Genuine","Happy 3 CN",27,3.25,0.02000387,0.9599891,0.000772446,0.006617191,0.001055311,5.0299e-05,0.000403632,0.000350724,0,0,0,0,3,0,0,0,4,0,0,0,0,0,0,0,4,3,0,3
"E19HA03-05","C19","Chinese","Genuine","Happy 3 CN",28,3.375,0.02111477,0.9577683,0.000619905,0.006896903,0.001056057,5.1078e-05,0.000406996,0.000419278,0,0,0,0,3,0,0,0,4,0,0,0,0,0,0,0,4,3,0,3
"E19HA03-05","C19","Chinese","Genuine","Happy 3 CN",29,3.5,0.02853959,0.9429194,0.0005176,0.006821036,0.00098374,4.5198e-05,0.000345744,0.000653974,0,0,0,0,3,0,0,0,4,0,0,0,0,0,0,0,5,3,0,3
"E19HA03-05","C19","Chinese","Genuine","Happy 3 CN",30,3.625,0.03499863,0.9300017,0.000382947,0.005857425,0.000804123,3.6911e-05,0.000323635,0.000960675,0,0,0,0,3,0,0,0,4,0,0,0,0,0,0,0,5,3,0,3
"E19HA03-05","C19","Chinese","Genuine","Happy 3 CN",31,3.75,0.04184395,0.9163114,0.000277028,0.004496101,0.000708366,2.901e-05,0.00034646,0.00114291,0,0,0,0,3,0,0,0,4,0,0,0,0,0,0,0,5,3,0,3
"E19HA03-05","C19","Chinese","Genuine","Happy 3 CN",32,3.875,0.04741319,0.9051731,0.000209176,0.003275367,0.000534326,2.095e-05,0.000340006,0.001350708,0,0,0,0,3,0,0,0,4,0,0,0,0,0,0,0,5,2,0,3
"E19HA03-05","C19","Chinese","Genuine","Happy 3 CN",33,4,0.06186934,0.8762609,0.000162902,0.002499494,0.0003789,1.5736e-05,0.000334654,0.001380879,0,0,0,0,3,0,0,0,4,0,0,0,0,0,0,0,5,2,0,3
"E19HA03-05","C19","Chinese","Genuine","Happy 3 CN",34,4.125,0.061488,0.8770237,0.000126746,0.00221021,0.000276632,1.2047e-05,0.000276708,0.001844165,0,0,0,0,3,0,0,0,4,0,0,0,0,0,0,0,5,2,0,4
"E19HA03-05","C19","Chinese","Genuine","Happy 3 CN",35,4.25,0.07557636,0.848847,0.000103587,0.001591081,0.000227403,9.691e-06,0.000305992,0.003078804,0,0,0,0,3,0,0,0,4,0,0,0,0,0,0,0,5,2,0,4
"E19HA03-05","C19","Chinese","Genuine","Happy 3 CN",36,4.375,0.07205527,0.8558893,9.6943e-05,0.001160852,0.000185289,7.374e-06,0.000249081,0.004062753,0,0,0,0,3,0,0,0,4,0,0,0,0,0,0,0,5,1,0,4
"E19HA03-05","C19","Chinese","Genuine","Happy 3 CN",37,4.5,0.07577834,0.8484433,8.3051e-05,0.000944474,0.000188956,6.251e-06,0.000202674,0.003136728,0,0,0,0,3,0,0,0,4,0,0,0,0,0,0,0,5,1,0,4
"E19HA03-05","C19","Chinese","Genuine","Happy 3 CN",38,4.625,0.06955629,0.8608874,7.8817e-05,0.0007007,0.000160239,4.762e-06,0.000141286,0.002174154,0,0,0,0,4,0,0,0,4,0,0,0,0,0,0,0,4,1,0,4
"E19HA03-05","C19","Chinese","Genuine","Happy 3 CN",39,4.75,0.06158255,0.8768349,8.6798e-05,0.000527498,0.000136366,3.915e-06,0.000100385,0.001620766,0,0,0,0,4,0,0,0,4,0,0,0,0,0,0,0,4,1,0,4
"E19HA03-05","C19","Chinese","Genuine","Happy 3 CN",40,4.875,0.06454682,0.8709064,8.801e-05,0.000416592,0.000111642,3.632e-06,7.4522e-05,0.001422263,0,0,0,0,4,0,0,0,4,0,0,0,0,0,0,0,4,1,0,4
"E19HA03-05","C19","Chinese","Genuine","Happy 3 CN",41,5,0.06274733,0.8745054,7.5677e-05,0.000320816,0.000106355,2.995e-06,5.3647e-05,0.001190037,0,0,0,0,4,0,0,0,4,0,0,0,0,0,0,0,4,1,0,4
"E19HA03-05","C19","Chinese","Genuine","Happy 3 CN",42,5.125,0.06023992,0.8795202,7.202e-05,0.000263128,8.7984e-05,2.535e-06,3.8518e-05,0.001401864,0,0,0,0,4,0,0,0,4,0,0,0,0,0,0,0,4,1,0,4
"E19HA03-05","C19","Chinese","Genuine","Happy 3 CN",43,5.25,0.06221274,0.8755746,7.3323e-05,0.000287188,6.9496e-05,2.795e-06,7.9746e-05,0.002270195,0,0,0,0,4,0,0,0,4,0,0,0,0,0,0,0,4,1,0,4
"E19HA03-05","C19","Chinese","Genuine","Happy 3 CN",44,5.375,0.06118534,0.8776294,0.000134127,0.000250754,6.0094e-05,2.83e-06,0.000229057,0.003700466,0,0,0,0,4,0,0,0,4,0,0,0,0,0,0,0,4,1,0,4
"E19HA03-05","C19","Chinese","Genuine","Happy 3 CN",45,5.5,0.05881143,0.8823771,0.000181351,0.000236769,5.0871e-05,3.337e-06,0.000278381,0.003110006,0,0,0,0,4,0,0,0,4,0,0,0,0,0,0,0,4,1,0,4
"E19HA03-05","C19","Chinese","Genuine","Happy 3 CN",46,5.625,0.05888283,0.8822344,0.000183694,0.000274474,0.000238659,1.1132e-05,0.000408682,0.003758681,0,0,0,0,4,0,0,0,4,0,0,0,0,0,0,0,4,1,0,4
"E19HA03-05","C19","Chinese","Genuine","Happy 3 CN",47,5.75,0.04790128,0.9041975,0.000206195,0.000229952,0.000179145,1.2305e-05,0.000539244,0.002672703,0,0,0,0,3,0,0,0,4,0,0,0,0,0,0,0,4,1,0,5
"E19HA03-05","C19","Chinese","Genuine","Happy 3 CN",48,5.875,0.03749311,0.9250138,0.000184469,0.000209544,0.000138832,1.1444e-05,0.000613546,0.002054235,0,0,0,0,3,0,0,0,4,0,0,0,0,0,0,0,5,1,0,5
"E19HA03-05","C19","Chinese","Genuine","Happy 3 CN",49,6,0.02957834,0.9408433,0.000202599,0.000475665,0.000122938,9.559e-06,0.000569498,0.001473982,0,0,0,0,3,0,0,0,4,0,0,0,0,0,0,0,5,1,0,4
"E19HA03-05","C19","Chinese","Genuine","Happy 3 CN",50,6.125,0.0300995,0.939801,0.000223088,0.000582858,0.000107248,1.1034e-05,0.00234704,0.001274377,0,0,0,0,3,0,0,0,4,0,0,0,0,0,0,0,4,1,0,4
"E19HA03-05","C19","Chinese","Genuine","Happy 3 CN",51,6.25,0.03781033,0.9243793,0.000182504,0.000590062,7.8939e-05,1.3749e-05,0.02703558,0.001032374,0,0,1,0,3,0,1,0,4,0,0,0,0,0,0,0,4,1,0,4
"E19HA03-05","C19","Chinese","Genuine","Happy 3 CN",52,6.375,0.0320917,0.9358166,0.000144841,0.000598876,0.000100037,1.4619e-05,0.0206642,0.001181132,0,0,1,0,3,0,1,0,4,0,0,0,0,0,0,0,4,1,0,4
"E19HA03-05","C19","Chinese","Genuine","Happy 3 CN",53,6.5,0.04237788,0.9152443,0.000121624,0.000576538,0.00010211,1.5804e-05,0.01609493,0.000960565,0,0,1,0,3,0,1,0,4,0,0,0,0,0,0,0,4,1,0,4
"E19HA03-05","C19","Chinese","Genuine","Happy 3 CN",54,6.625,0.04476893,0.9104621,0.000142799,0.000590721,8.6238e-05,1.1914e-05,0.01132892,0.000662016,0,0,1,0,3,0,1,0,4,0,0,0,0,0,0,0,5,1,0,4
"E19HA03-05","C19","Chinese","Genuine","Happy 3 CN",55,6.75,0.04434822,0.9113036,0.000120454,0.000508971,6.9903e-05,8.897e-06,0.007860645,0.000654127,0,0,1,0,3,0,1,0,4,0,0,0,0,0,0,0,5,1,0,4
"E19HA03-05","C19","Chinese","Genuine","Happy 3 CN",56,6.875,0.04936202,0.9012759,0.00010037,0.000435474,5.503e-05,6.77e-06,0.005457827,0.001901778,0,0,0,0,3,0,1,0,4,0,0,0,0,0,0,0,5,1,0,4
"E19HA03-05","C19","Chinese","Genuine","Happy 3 CN",57,7,0.05274536,0.8945093,8.3004e-05,0.000385312,4.4292e-05,5.198e-06,0.003772446,0.002385758,0,0,0,0,4,0,0,0,4,0,0,0,0,0,0,0,5,1,0,4
"E19HA03-05","C19","Chinese","Genuine","Happy 3 CN",58,7.125,0.05229092,0.8954182,9.7951e-05,0.00056748,3.7248e-05,4.93e-06,0.00273707,0.003335265,0,0,0,0,4,0,0,0,4,0,0,0,0,0,0,0,5,1,0,4
"E19HA03-05","C19","Chinese","Genuine","Happy 3 CN",59,7.25,0.06012937,0.8797413,9.6494e-05,0.000765602,3.4298e-05,4.723e-06,0.001938844,0.003715644,0,0,0,0,4,0,0,0,4,0,0,0,0,0,0,0,5,1,0,4
"E19HA03-05","C19","Chinese","Genuine","Happy 3 CN",60,7.375,0.05889119,0.8822176,7.8459e-05,0.000658063,3.2478e-05,3.567e-06,0.001354643,0.005320059,0,0,0,0,4,0,0,0,4,0,0,0,0,0,0,0,5,1,0,4
"E19HA03-05","C19","Chinese","Genuine","Happy 3 CN",61,7.5,0.06773854,0.8645229,6.9215e-05,0.000583429,3.3076e-05,3.138e-06,0.000944301,0.008685978,0,0,0,0,4,0,0,0,4,0,0,0,0,0,0,0,5,1,0,4
"E19HA03-05","C19","Chinese","Genuine","Happy 3 CN",62,7.625,0.07178482,0.8564304,7.1293e-05,0.000533801,2.9132e-05,2.651e-06,0.000673821,0.008841582,0,0,0,0,4,0,0,0,4,0,0,0,0,0,0,0,5,1,0,4
"E19HA03-05","C19","Chinese","Genuine","Happy 3 CN",63,7.75,0.07480948,0.8503811,6.752e-05,0.000449734,2.9557e-05,2.138e-06,0.000484558,0.009105057,0,0,0,0,4,0,0,0,4,0,0,0,0,0,0,0,5,1,0,4
"E19HA03-05","C19","Chinese","Genuine","Happy 3 CN",64,7.875,0.0740515,0.851897,7.5382e-05,0.000454319,2.541e-05,2.011e-06,0.000405943,0.008999729,0,0,0,0,4,0,0,0,4,0,0,0,0,0,0,0,5,1,0,4
"E19HA03-05","C19","Chinese","Genuine","Happy 3 CN",65,8,0.07104252,0.857915,0.000133371,0.000417221,2.4807e-05,3.055e-06,0.000541849,0.007013937,0,0,0,0,4,0,0,0,4,0,0,0,0,0,0,0,5,1,0,4
"E19HA03-05","C19","Chinese","Genuine","Happy 3 CN",66,8.125,0.07393546,0.8521291,0.000145895,0.000359883,3.683e-05,4.117e-06,0.000769647,0.005997634,0,0,0,0,4,0,0,0,4,0,0,0,0,0,0,0,5,1,0,4
"E19HA03-05","C19","Chinese","Genuine","Happy 3 CN",67,8.25,0.06678088,0.8664383,0.000185589,0.000289445,3.9563e-05,3.805e-06,0.000607197,0.004453924,0,0,0,0,3,0,0,0,4,0,0,0,0,0,0,0,5,0,0,4
"E19HA03-05","C19","Chinese","Genuine","Happy 3 CN",68,8.375,0.05791745,0.884165,0.000245048,0.000261197,3.6438e-05,5.551e-06,0.000503604,0.003360412,0,0,0,0,3,0,0,0,4,0,0,0,0,0,0,0,5,0,0,4
"E19HA03-05","C19","Chinese","Genuine","Happy 3 CN",69,8.5,0.05149056,0.8970188,0.000409986,0.000248871,4.3934e-05,6.851e-06,0.000446134,0.002515299,0,0,0,0,3,0,0,0,4,0,0,0,0,0,0,0,5,0,0,4
"E19HA03-05","C19","Chinese","Genuine","Happy 3 CN",70,8.625,0.07263891,0.8547221,0.000735224,0.000213394,0.000190925,1.2559e-05,0.000550245,0.002478088,0,0,0,0,3,0,0,0,4,0,0,0,0,0,0,0,5,0,0,4
"E19HA03-05","C19","Chinese","Genuine","Happy 3 CN",71,8.75,0.07094027,0.8581194,0.000644133,0.000220106,0.000171123,1.6076e-05,0.000569955,0.001978108,0,0,0,0,3,0,0,0,4,0,0,0,0,0,0,0,5,1,0,4
"E19HA03-05","C19","Chinese","Genuine","Happy 3 CN",72,8.875,0.06222317,0.8755536,0.00063257,0.000193853,0.000156507,1.9259e-05,0.000615172,0.001445827,0,0,0,0,3,0,0,0,4,0,0,0,0,0,0,0,5,1,0,4
"E19HA03-05","C19","Chinese","Genuine","Happy 3 CN",73,9,0.06605302,0.8678939,0.000645871,0.000440092,0.000242223,9.5238e-05,0.004624191,0.001034411,0,0,0,0,3,0,0,0,4,0,0,0,0,0,0,0,5,1,0,4
"E19HA03-05","C19","Chinese","Genuine","Happy 3 CN",74,9.125,0.1556221,0.6887608,0.000534515,0.00203136,0.000842182,0.000438921,0.06341071,0.000785197,0,0,1,0,3,0,0,0,3,0,0,0,0,0,0,0,4,1,0,4
"E19HA03-05","C19","Chinese","Genuine","Happy 3 CN",75,9.25,0.2122515,0.5765656,0.005783267,0.004580056,0.001235685,0.000701498,0.06286488,0.000636093,0,0,1,0,3,0,0,0,3,0,0,0,0,0,0,0,4,1,0,4
"E19HA03-05","C19","Chinese","Genuine","Happy 3 CN",76,9.375,0.2287261,0.5438125,0.006933019,0.004413552,0.001258769,0.001562645,0.06587344,0.000508153,0,0,1,0,3,0,0,0,3,0,0,0,0,0,0,0,4,1,0,4
"E19HA03-05","C19","Chinese","Genuine","Happy 3 CN",77,9.5,0.1904737,0.6199435,0.009129632,0.004570558,0.001199958,0.002181985,0.04898914,0.000408458,0,0,1,0,3,0,0,0,3,0,0,0,0,0,0,0,4,1,0,4
"E19HA03-05","C19","Chinese","Genuine","Happy 3 CN",78,9.625,0.1535241,0.6935698,0.006591234,0.006562103,0.001307036,0.002609302,0.0356124,0.000410396,0,0,1,0,3,0,0,0,3,0,0,0,0,0,0,0,4,1,0,4
"E19HA03-05","C19","Chinese","Genuine","Happy 3 CN",79,9.75,0.1430503,0.7143351,0.004633666,0.02408873,0.002173699,0.004373734,0.02559109,0.000438783,0,0,1,0,3,0,0,0,3,0,0,0,0,0,0,0,4,1,0,4
"E19HA03-05","C19","Chinese","Genuine","Happy 3 CN",80,9.875,0.1256232,0.7490798,0.00338693,0.07371084,0.001600846,0.004951873,0.01922595,0.000918041,0,0,1,0,3,1,0,0,3,0,0,0,0,0,0,0,4,1,0,3
"E19HA03-06","C19","Chinese","Genuine","Happy 3 CN",1,0,0.4474092,0.1001299,0.01213659,0.009639889,0.1203909,0.03250179,0.000887181,0.000317016,0,0,0,0,0,0,0,0,1,0,0,0,0,0,0,0,4,3,0,0
"E19HA03-06","C19","Chinese","Genuine","Happy 3 CN",2,0.125,0.3155971,0.3653899,0.009846436,0.007811449,0.08559133,0.0228214,0.000862648,0.000313379,0,0,0,0,1,0,0,0,1,0,0,0,0,0,0,0,4,3,0,0
"E19HA03-06","C19","Chinese","Genuine","Happy 3 CN",3,0.25,0.2221328,0.5533942,0.007728515,0.006877881,0.05989337,0.01579493,0.000950718,0.000330269,0,0,0,0,1,0,0,0,2,0,0,0,0,0,0,0,4,3,0,1
"E19HA03-06","C19","Chinese","Genuine","Happy 3 CN",4,0.375,0.1613985,0.6755945,0.005625805,0.005710398,0.04176632,0.01091873,0.001201181,0.000240425,0,0,1,0,1,0,0,0,2,0,0,0,0,0,0,0,4,3,0,2
"E19HA03-06","C19","Chinese","Genuine","Happy 3 CN",5,0.5,0.1191303,0.7606333,0.003996124,0.00448792,0.02892737,0.007521351,0.001157719,0.00020942,0,0,1,0,2,0,0,0,3,0,0,0,0,0,0,0,4,3,0,2
"E19HA03-06","C19","Chinese","Genuine","Happy 3 CN",6,0.625,0.0920506,0.8151382,0.002840246,0.003519972,0.01998574,0.005182073,0.001126366,0.000273091,0,0,1,0,2,0,0,0,3,0,0,0,0,0,0,0,4,3,0,3
"E19HA03-06","C19","Chinese","Genuine","Happy 3 CN",7,0.75,0.07290033,0.8536763,0.00202392,0.002845834,0.01376573,0.003568827,0.001003413,0.000240138,0,0,1,0,3,0,0,0,3,0,0,0,0,0,0,0,4,3,0,3
"E19HA03-06","C19","Chinese","Genuine","Happy 3 CN",8,0.875,0.06605595,0.8675284,0.001500782,0.002523032,0.009485838,0.002457639,0.000848735,0.000313207,0,0,1,0,3,0,0,0,3,0,0,0,0,0,0,0,4,3,0,3
"E19HA03-06","C19","Chinese","Genuine","Happy 3 CN",9,1,0.06087646,0.8779998,0.001073391,0.002005366,0.006532302,0.001691052,0.000669113,0.000325602,0,0,1,0,3,0,0,0,3,0,0,0,0,0,0,0,4,3,0,3
"E19HA03-06","C19","Chinese","Genuine","Happy 3 CN",10,1.125,0.05544879,0.8889323,0.000750984,0.00150179,0.004495749,0.001164102,0.000526245,0.000325058,0,0,0,0,3,0,0,0,3,0,0,0,0,0,0,0,4,2,0,3
"E19HA03-06","C19","Chinese","Genuine","Happy 3 CN",11,1.25,0.05213342,0.8956162,0.00053268,0.001101839,0.00309496,0.000801331,0.000438844,0.00093558,0,0,0,0,3,0,0,0,3,0,0,0,0,0,0,0,4,2,0,3
"E19HA03-06","C19","Chinese","Genuine","Happy 3 CN",12,1.375,0.06134134,0.8772369,0.000427701,0.0008868,0.002135267,0.000551754,0.000405176,0.001143248,0,0,0,0,3,0,0,0,4,0,0,0,0,0,0,0,5,2,0,3
"E19HA03-06","C19","Chinese","Genuine","Happy 3 CN",13,1.5,0.06516176,0.8696212,0.000353817,0.000709065,0.00147185,0.000379624,0.000315426,0.000797266,0,0,0,0,3,0,0,0,4,0,0,0,0,0,0,0,4,2,0,4
"E19HA03-06","C19","Chinese","Genuine","Happy 3 CN",14,1.625,0.0633578,0.8732463,0.000279978,0.000565819,0.001019438,0.000261417,0.000270636,0.00055249,0,0,0,0,3,0,0,0,4,0,0,0,0,0,0,0,5,1,0,4
"E19HA03-06","C19","Chinese","Genuine","Happy 3 CN",15,1.75,0.06529033,0.8693932,0.000227058,0.000447341,0.000704828,0.000179915,0.000220149,0.000521641,0,0,0,0,3,0,0,0,4,0,0,0,0,0,0,0,5,1,0,4
"E19HA03-06","C19","Chinese","Genuine","Happy 3 CN",16,1.875,0.06451939,0.8709432,0.000193173,0.000376172,0.000490029,0.000124081,0.000215227,0.000754751,0,0,0,0,3,0,0,0,4,0,0,0,0,0,0,0,5,1,0,4
"E19HA03-06","C19","Chinese","Genuine","Happy 3 CN",17,2,0.06255882,0.8748699,0.000176686,0.000348772,0.000339971,8.5748e-05,0.000227381,0.000857054,0,0,0,0,3,0,0,0,4,0,0,0,0,0,0,0,5,1,0,4
"E19HA03-06","C19","Chinese","Genuine","Happy 3 CN",18,2.125,0.06585544,0.8682805,0.000166559,0.000304886,0.000237281,5.9385e-05,0.000325986,0.001291768,0,0,0,0,3,0,0,0,4,0,0,0,0,0,0,0,5,1,0,4
"E19HA03-06","C19","Chinese","Genuine","Happy 3 CN",19,2.25,0.06174176,0.8765106,0.000141776,0.00032153,0.000166029,4.2104e-05,0.000374012,0.001111814,0,0,0,0,3,0,0,0,4,0,0,0,0,0,0,0,5,1,0,4
"E19HA03-06","C19","Chinese","Genuine","Happy 3 CN",20,2.375,0.05821251,0.883571,0.000127767,0.000387275,0.000123115,3.0312e-05,0.000365913,0.000915621,0,0,0,0,3,0,0,0,4,0,0,0,0,0,0,0,5,1,0,4
"E19HA03-06","C19","Chinese","Genuine","Happy 3 CN",21,2.5,0.05829579,0.8834057,0.000129716,0.000418389,9.4305e-05,2.2541e-05,0.000372882,0.000783327,0,0,0,0,3,0,0,0,4,0,0,0,0,0,0,0,5,1,0,3
"E19HA03-06","C19","Chinese","Genuine","Happy 3 CN",22,2.625,0.05724584,0.8855065,0.000136782,0.000436612,7.5961e-05,1.8545e-05,0.000306149,0.000548659,0,0,0,0,3,0,0,0,4,0,0,0,0,0,0,0,5,1,0,3
"E19HA03-06","C19","Chinese","Genuine","Happy 3 CN",23,2.75,0.05640249,0.8871937,0.000151531,0.000431085,5.9873e-05,1.6568e-05,0.000305611,0.000625178,0,0,0,0,3,0,0,0,4,0,0,0,0,0,0,0,5,1,0,3
"E19HA03-06","C19","Chinese","Genuine","Happy 3 CN",24,2.875,0.05657381,0.8868515,0.000170442,0.000354219,4.5865e-05,1.4841e-05,0.000304047,0.000513901,0,0,0,0,3,0,0,0,4,0,0,0,0,0,0,0,5,1,0,3
"E19HA03-06","C19","Chinese","Genuine","Happy 3 CN",25,3,0.06083939,0.8783206,0.000203599,0.000363312,4.1906e-05,1.5988e-05,0.000328099,0.000439339,0,0,0,0,3,0,0,0,4,0,0,0,0,0,0,0,5,1,0,3
"E19HA03-06","C19","Chinese","Genuine","Happy 3 CN",26,3.125,0.06118456,0.8776305,0.000221788,0.00034185,3.4605e-05,1.4102e-05,0.000292118,0.000487929,0,0,0,0,3,0,0,0,4,0,0,0,0,0,0,0,5,1,0,3
"E19HA03-06","C19","Chinese","Genuine","Happy 3 CN",27,3.25,0.05849147,0.8830168,0.000234245,0.000309816,3.1955e-05,1.3342e-05,0.000243832,0.000343498,0,0,0,0,3,0,0,0,4,0,0,0,0,0,0,0,5,1,0,3
"E19HA03-06","C19","Chinese","Genuine","Happy 3 CN",28,3.375,0.06455567,0.8708885,0.000255761,0.000330949,3.2443e-05,1.3028e-05,0.000229682,0.000322518,0,0,0,0,3,0,0,0,4,0,0,0,0,0,0,0,5,1,0,3
"E19HA03-06","C19","Chinese","Genuine","Happy 3 CN",29,3.5,0.06859568,0.8628085,0.000243245,0.000371421,3.4346e-05,1.2084e-05,0.000186118,0.000259087,0,0,0,0,3,0,0,0,4,0,0,0,0,0,0,0,5,1,0,3
"E19HA03-06","C19","Chinese","Genuine","Happy 3 CN",30,3.625,0.07596327,0.8480734,0.000274273,0.00038993,3.4013e-05,1.3859e-05,0.000207803,0.000433523,0,0,0,0,3,0,0,0,4,0,0,0,0,0,0,0,4,0,0,3
"E19HA03-06","C19","Chinese","Genuine","Happy 3 CN",31,3.75,0.08092867,0.8381426,0.000350586,0.000364992,3.478e-05,1.4065e-05,0.000281968,0.000476894,0,0,0,0,3,0,0,0,4,0,0,0,0,0,0,0,4,0,0,3
"E19HA03-06","C19","Chinese","Genuine","Happy 3 CN",32,3.875,0.08051551,0.8389689,0.000511659,0.000424862,4.756e-05,1.2659e-05,0.000272815,0.000688299,0,0,0,0,3,0,0,0,4,0,0,0,0,0,0,0,4,0,0,4
"E19HA03-06","C19","Chinese","Genuine","Happy 3 CN",33,4,0.1031966,0.7936066,0.001646229,0.000406568,0.000132695,2.1064e-05,0.000562979,0.001657192,0,0,0,0,3,0,0,0,4,0,0,0,0,0,0,0,4,0,0,4
"E19HA03-06","C19","Chinese","Genuine","Happy 3 CN",34,4.125,0.1345982,0.730804,0.002570425,0.000880556,0.000163946,0.000150135,0.006937932,0.00151394,0,0,0,0,3,0,0,0,4,0,0,0,0,0,0,0,4,0,0,4
"E19HA03-06","C19","Chinese","Genuine","Happy 3 CN",35,4.25,0.2211496,0.5577782,0.002712064,0.001021397,0.001174481,0.000771657,0.05451807,0.001627581,0,0,0,0,2,0,0,0,3,0,0,0,0,0,0,0,4,1,0,4
"E19HA03-06","C19","Chinese","Genuine","Happy 3 CN",36,4.375,0.2539517,0.4922184,0.007513379,0.00236504,0.001078179,0.001373336,0.04331484,0.001847794,0,0,0,0,2,0,0,0,3,0,0,0,0,0,0,0,4,1,0,4
"E19HA03-06","C19","Chinese","Genuine","Happy 3 CN",37,4.5,0.2916167,0.4202509,0.0151926,0.009223156,0.002169507,0.01848697,0.03260848,0.001324567,0,0,0,0,2,0,0,0,3,0,0,0,0,0,0,0,4,1,0,4
"E19HA03-06","C19","Chinese","Genuine","Happy 3 CN",38,4.625,0.2903937,0.4224819,0.01374005,0.01749215,0.002648835,0.03380147,0.0247198,0.001062645,0,0,0,0,2,0,0,0,3,0,0,0,0,0,0,0,4,1,0,3
"E19HA03-06","C19","Chinese","Genuine","Happy 3 CN",39,4.75,0.3144554,0.3796691,0.02303787,0.02050542,0.002599954,0.04618666,0.01951069,0.001178272,0,0,0,0,1,0,0,0,2,0,0,0,0,0,0,0,4,1,0,3
"E19HA04-03","C19","Chinese","Genuine","Happy 4 CN",1,0,0.3605137,0.2843711,0.007845905,0.0579484,0.00215441,0.02030698,0.03945674,0.000397392,0,0,0,0,0,0,0,1,1,0,0,0,0,0,0,0,4,1,0,1
"E19HA04-03","C19","Chinese","Genuine","Happy 4 CN",2,0.125,0.3320223,0.3410167,0.006695896,0.04832395,0.001985186,0.01666426,0.04142039,0.00029533,0,0,0,0,0,0,0,1,1,0,0,0,0,0,0,0,4,1,0,1
"E19HA04-03","C19","Chinese","Genuine","Happy 4 CN",3,0.25,0.2853365,0.4329768,0.005419967,0.04401456,0.001811007,0.0130958,0.03558709,0.000468821,0,0,0,0,0,0,0,1,1,0,0,0,0,0,0,0,4,1,0,1
"E19HA04-03","C19","Chinese","Genuine","Happy 4 CN",4,0.375,0.2394035,0.52372,0.004045535,0.0341911,0.001653209,0.009992396,0.0278306,0.00034532,0,0,0,0,0,1,0,1,1,0,0,0,0,0,0,0,4,1,0,1
"E19HA04-03","C19","Chinese","Genuine","Happy 4 CN",5,0.5,0.1862276,0.6292827,0.002849714,0.02442338,0.001213998,0.006972431,0.02014706,0.00041292,0,0,0,0,1,1,0,1,2,0,0,0,0,0,0,0,4,1,0,1
"E19HA04-03","C19","Chinese","Genuine","Happy 4 CN",6,0.625,0.1447189,0.7117572,0.00201303,0.0170488,0.00086086,0.004822775,0.01401268,0.00046078,0,0,0,0,1,1,0,0,2,0,0,0,0,0,0,0,4,1,0,1
"E19HA04-03","C19","Chinese","Genuine","Happy 4 CN",7,0.75,0.1142702,0.7722813,0.001435591,0.011945,0.000601067,0.003324415,0.009658235,0.000404307,0,0,0,0,2,1,0,0,3,0,0,0,0,0,0,0,4,1,0,1
"E19HA04-03","C19","Chinese","Genuine","Happy 4 CN",8,0.875,0.09272704,0.815111,0.001068774,0.008389726,0.000423229,0.002293612,0.006700294,0.000423843,0,0,0,0,2,1,0,0,3,0,0,0,0,0,0,0,4,1,0,1
"E19HA04-03","C19","Chinese","Genuine","Happy 4 CN",9,1,0.08066292,0.8390628,0.000755544,0.00600746,0.00029873,0.001582086,0.004648364,0.000572422,0,0,0,0,2,1,0,0,3,0,0,0,0,0,0,0,4,1,0,2
"E19HA04-03","C19","Chinese","Genuine","Happy 4 CN",10,1.125,0.07156785,0.8571316,0.000534954,0.004373077,0.000215754,0.001090529,0.003224806,0.000718145,0,0,0,0,2,1,0,0,3,0,0,0,0,0,0,0,4,1,0,2
"E19HA04-03","C19","Chinese","Genuine","Happy 4 CN",11,1.25,0.06978139,0.860621,0.00038142,0.003177137,0.000160401,0.000754424,0.002269352,0.001158162,0,0,0,0,2,1,0,0,3,0,0,0,0,0,0,0,4,1,0,2
"E19HA04-03","C19","Chinese","Genuine","Happy 4 CN",12,1.375,0.0682902,0.863546,0.000280371,0.002355249,0.000117701,0.000523444,0.001629222,0.001282418,0,0,0,0,2,1,0,0,4,0,0,0,0,0,0,0,4,1,0,2
"E19HA04-03","C19","Chinese","Genuine","Happy 4 CN",13,1.5,0.06536234,0.8693622,0.000207636,0.001788851,8.7168e-05,0.00036363,0.001197935,0.001411559,0,0,0,0,3,1,0,0,4,0,0,0,0,0,0,0,4,1,0,2
"E19HA04-03","C19","Chinese","Genuine","Happy 4 CN",14,1.625,0.0683484,0.863363,0.000165214,0.00139724,6.7572e-05,0.00025314,0.000946689,0.001986772,0,0,0,0,3,1,0,0,4,0,0,0,0,0,0,0,4,0,0,2
"E19HA04-03","C19","Chinese","Genuine","Happy 4 CN",15,1.75,0.06802614,0.8639888,0.000157451,0.00114594,5.7167e-05,0.000177835,0.000733282,0.0020116,0,0,0,0,3,1,0,0,4,0,0,0,0,0,0,0,4,0,0,2
"E19HA04-03","C19","Chinese","Genuine","Happy 4 CN",16,1.875,0.0662301,0.867568,0.000128698,0.000928531,4.7459e-05,0.000124655,0.000607717,0.001904916,0,0,0,0,3,1,0,0,4,0,0,0,0,0,0,0,4,0,0,3
"E19HA04-03","C19","Chinese","Genuine","Happy 4 CN",17,2,0.06430186,0.8714157,0.000117677,0.000799303,4.2645e-05,8.8774e-05,0.000474895,0.001779335,0,0,0,0,3,1,0,0,4,0,0,0,0,0,0,0,4,0,0,2
"E19HA04-03","C19","Chinese","Genuine","Happy 4 CN",18,2.125,0.0618806,0.8762522,0.000147921,0.000673872,3.4425e-05,6.5586e-05,0.000534135,0.002102279,0,0,0,0,3,1,0,0,4,0,0,0,0,0,0,0,4,0,0,3
"E19HA04-03","C19","Chinese","Genuine","Happy 4 CN",19,2.25,0.06236963,0.8752699,0.000127537,0.000541289,2.9996e-05,5.0243e-05,0.000474601,0.002472444,0,0,0,0,3,1,0,0,4,0,0,0,0,0,0,0,4,0,0,3
"E19HA04-03","C19","Chinese","Genuine","Happy 4 CN",20,2.375,0.06993747,0.8601313,0.000129517,0.0004559,2.9e-05,4.0292e-05,0.000562395,0.00286025,0,0,0,0,3,1,0,0,4,0,0,0,0,0,0,0,4,0,0,3
"E19HA04-03","C19","Chinese","Genuine","Happy 4 CN",21,2.5,0.06763947,0.8647254,0.000120127,0.000469987,2.9539e-05,3.1304e-05,0.000519351,0.002122796,0,0,0,0,3,1,0,0,4,0,0,0,0,0,0,0,4,0,0,3
"E19HA04-03","C19","Chinese","Genuine","Happy 4 CN",22,2.625,0.07574196,0.8485191,0.000114911,0.000482469,2.9657e-05,2.6554e-05,0.000591075,0.001859974,0,0,0,0,3,1,0,0,4,0,0,0,0,0,0,0,4,0,0,3
"E19HA04-03","C19","Chinese","Genuine","Happy 4 CN",23,2.75,0.0730536,0.8538949,0.000127526,0.000456152,3.0372e-05,2.2629e-05,0.000578245,0.001475903,0,0,0,0,3,1,0,0,4,0,0,0,0,0,0,0,4,0,0,3
"E19HA04-03","C19","Chinese","Genuine","Happy 4 CN",24,2.875,0.07235136,0.8552987,0.000139832,0.000536183,3.492e-05,2.173e-05,0.000481805,0.001442855,0,0,0,0,3,1,0,0,4,0,0,0,0,0,0,0,4,0,0,3
"E19HA04-03","C19","Chinese","Genuine","Happy 4 CN",25,3,0.07116434,0.8576723,0.000173944,0.000559299,3.7837e-05,2.0643e-05,0.000487065,0.001522126,0,0,0,0,3,1,0,0,4,0,0,0,0,0,0,0,4,0,0,3
"E19HA04-03","C19","Chinese","Genuine","Happy 4 CN",26,3.125,0.07265692,0.8546869,0.000181936,0.000633753,4.8683e-05,2.0713e-05,0.00045855,0.001434405,0,0,0,0,3,1,0,0,4,0,0,0,0,0,0,0,4,0,0,3
"E19HA04-03","C19","Chinese","Genuine","Happy 4 CN",27,3.25,0.07753238,0.8449357,0.000178929,0.000673613,5.8651e-05,2.2649e-05,0.000434667,0.001396337,0,0,0,0,3,1,0,0,4,0,0,0,0,0,0,0,4,0,0,3
"E19HA04-03","C19","Chinese","Genuine","Happy 4 CN",28,3.375,0.08008713,0.839826,0.000203434,0.000800417,6.8273e-05,3.1778e-05,0.000634949,0.001361708,0,0,0,0,3,1,0,0,4,0,0,0,0,0,0,0,4,0,0,3
"E19HA04-03","C19","Chinese","Genuine","Happy 4 CN",29,3.5,0.07775968,0.8444809,0.000180738,0.000979521,8.8358e-05,3.8988e-05,0.000891405,0.001652426,0,0,0,0,3,1,0,0,4,0,0,0,0,0,0,0,4,0,0,3
"E19HA04-03","C19","Chinese","Genuine","Happy 4 CN",30,3.625,0.0857878,0.8284246,0.000185011,0.001227843,9.9018e-05,4.6831e-05,0.000959198,0.001720767,0,0,0,0,2,1,0,0,4,0,0,0,0,0,0,0,4,0,0,3
"E19HA04-03","C19","Chinese","Genuine","Happy 4 CN",31,3.75,0.09471278,0.8105745,0.000212151,0.001645074,0.000113923,5.3642e-05,0.001000082,0.001655683,0,0,0,0,2,1,0,0,4,0,0,0,0,0,0,0,4,0,0,3
"E19HA04-03","C19","Chinese","Genuine","Happy 4 CN",32,3.875,0.09591177,0.8081765,0.000212097,0.001985396,0.00012751,5.8996e-05,0.000992928,0.001404187,0,0,0,0,2,1,0,0,4,0,0,0,0,0,0,0,4,0,0,3
"E19HA04-03","C19","Chinese","Genuine","Happy 4 CN",33,4,0.1034229,0.7931542,0.000212267,0.00235848,0.000158114,7.2386e-05,0.001066225,0.001193218,0,0,0,0,2,1,0,0,4,0,0,0,0,0,0,0,4,0,0,3
"E19HA04-03","C19","Chinese","Genuine","Happy 4 CN",34,4.125,0.1031395,0.793721,0.000298038,0.002423986,0.000159979,9.7982e-05,0.001101898,0.001302825,0,0,0,0,2,1,0,0,4,0,0,0,0,0,0,0,4,0,0,3
"E19HA04-03","C19","Chinese","Genuine","Happy 4 CN",35,4.25,0.09920461,0.8015907,0.000324005,0.002326201,0.000154242,0.000100455,0.00114731,0.001409651,0,0,0,0,2,1,0,0,4,0,0,0,0,0,0,0,4,0,0,3
"E19HA04-03","C19","Chinese","Genuine","Happy 4 CN",36,4.375,0.1032618,0.7934765,0.000411297,0.002688844,0.000175609,0.000123865,0.00122954,0.00175569,0,0,0,0,2,1,0,0,4,0,0,0,0,0,0,0,4,0,0,3
"E19HA04-03","C19","Chinese","Genuine","Happy 4 CN",37,4.5,0.09657176,0.8068565,0.000493327,0.002584772,0.000139206,0.000125205,0.001125652,0.00200863,0,0,0,0,2,1,0,0,4,0,0,0,0,0,0,0,4,0,0,3
"E19HA04-03","C19","Chinese","Genuine","Happy 4 CN",38,4.625,0.09831426,0.8033714,0.000509327,0.002382187,0.000113357,0.000129817,0.001393174,0.001925767,0,0,0,0,2,1,0,0,4,0,0,0,0,0,0,0,4,0,0,3
"E19HA04-03","C19","Chinese","Genuine","Happy 4 CN",39,4.75,0.09795897,0.804082,0.000493895,0.002437287,0.000118153,0.000134059,0.00151609,0.002081553,0,0,0,0,2,1,0,0,4,0,0,0,0,0,0,0,4,0,0,3
"E19HA04-03","C19","Chinese","Genuine","Happy 4 CN",40,4.875,0.1246393,0.7507213,0.000911632,0.001827384,0.000405942,0.000115861,0.001326318,0.001680911,0,0,0,0,1,1,0,0,4,0,0,0,0,0,0,0,4,0,0,3
"E19HA04-03","C19","Chinese","Genuine","Happy 4 CN",41,5,0.1130266,0.7739469,0.000872034,0.001541806,0.000312511,8.7622e-05,0.001057812,0.001427448,0,0,0,0,2,1,0,0,4,0,0,0,0,0,0,0,4,0,0,3
"E19HA04-03","C19","Chinese","Genuine","Happy 4 CN",42,5.125,0.1000895,0.799821,0.000875912,0.001787193,0.000239541,7.7728e-05,0.000934345,0.001239234,0,0,0,0,2,1,0,0,4,0,0,0,0,0,0,0,4,0,0,4
"E19HA04-03","C19","Chinese","Genuine","Happy 4 CN",43,5.25,0.1026606,0.7946787,0.000794745,0.002592911,0.000221644,9.5651e-05,0.001157845,0.001319536,0,0,0,0,2,1,0,0,3,0,0,0,0,0,0,0,4,0,0,4
"E19HA04-03","C19","Chinese","Genuine","Happy 4 CN",44,5.375,0.1406791,0.7186438,0.001811274,0.02201168,0.000273108,0.000613399,0.005660275,0.001135199,0,0,0,0,2,1,0,0,3,0,0,0,0,0,0,0,4,0,0,4
"E19HA04-03","C19","Chinese","Genuine","Happy 4 CN",45,5.5,0.1769998,0.6460204,0.003758449,0.03539815,0.000441587,0.001223929,0.01081346,0.001807524,0,0,0,0,1,1,0,0,3,0,0,0,0,0,0,0,4,0,0,4
"E19HA04-03","C19","Chinese","Genuine","Happy 4 CN",46,5.625,0.1784802,0.6430576,0.003003851,0.03291104,0.000472898,0.001094042,0.01006342,0.002369028,0,0,0,0,1,1,0,0,3,0,0,0,0,0,0,0,4,0,0,4
"E19HA04-03","C19","Chinese","Genuine","Happy 4 CN",47,5.75,0.1755471,0.6489521,0.004824352,0.03442639,0.000730737,0.001945623,0.009928185,0.00227911,0,0,0,0,1,1,0,0,3,0,0,0,0,0,0,0,4,0,0,4
"E19HA04-03","C19","Chinese","Genuine","Happy 4 CN",48,5.875,0.2061365,0.5878297,0.004218507,0.05262895,0.000972364,0.003753692,0.01688675,0.001598888,0,0,0,0,1,1,0,0,3,0,0,0,0,0,0,0,4,0,0,3
"E19HA04-03","C19","Chinese","Genuine","Happy 4 CN",49,6,0.2460757,0.5096528,0.005435059,0.1100937,0.001034196,0.007092876,0.02379346,0.003566396,0,0,0,0,1,1,0,0,2,0,0,0,0,0,0,0,4,0,0,3
"E19HA04-03","C19","Chinese","Genuine","Happy 4 CN",50,6.125,0.2892979,0.4289201,0.006670579,0.1283759,0.00127747,0.009541205,0.02969742,0.00525494,0,0,0,0,1,1,0,0,2,0,0,0,0,0,0,0,4,0,0,3
"E19HA04-03","C19","Chinese","Genuine","Happy 4 CN",51,6.25,0.3343141,0.3515982,0.01160476,0.1385973,0.001323391,0.01175841,0.04262318,0.01123067,0,0,0,0,1,1,0,0,2,0,0,0,0,0,0,0,4,0,0,3
"E19HA04-03","C19","Chinese","Genuine","Happy 4 CN",52,6.375,0.3513212,0.3187292,0.0153208,0.1327826,0.00151061,0.01310132,0.04646487,0.009880894,0,0,0,0,1,1,0,0,2,0,0,0,0,0,0,0,4,0,0,3
"E19HA05-03","C19","Chinese","Genuine","Happy 5 CN",1,0,0.1973498,0.6054932,0.000710339,0.1769982,0.01884381,0.04530981,0.005610097,0.00020265,0,0,1,0,1,1,0,0,2,0,0,0,0,0,0,0,4,4,0,2
"E19HA05-03","C19","Chinese","Genuine","Happy 5 CN",2,0.125,0.1523825,0.6953717,0.000574982,0.1533168,0.01376406,0.03274248,0.004383958,0.000225772,0,0,1,0,2,1,0,0,2,0,0,0,0,0,0,0,4,4,0,2
"E19HA05-03","C19","Chinese","Genuine","Happy 5 CN",3,0.25,0.1191179,0.7618585,0.000532309,0.110129,0.009585848,0.02273721,0.003290338,0.00038741,0,0,1,0,2,1,0,0,3,0,0,0,0,0,0,0,4,3,0,2
"E19HA05-03","C19","Chinese","Genuine","Happy 5 CN",4,0.375,0.1021109,0.7958431,0.000554821,0.0770957,0.006682076,0.0156692,0.002332468,0.000459178,0,0,1,0,2,1,0,0,3,0,0,0,0,0,0,0,4,3,0,1
"E19HA05-03","C19","Chinese","Genuine","Happy 5 CN",5,0.5,0.08549301,0.8290586,0.000428014,0.0531118,0.004624922,0.01078429,0.001690868,0.000933546,0,0,1,0,2,1,0,0,3,0,0,0,0,0,0,0,4,3,0,1
"E19HA05-03","C19","Chinese","Genuine","Happy 5 CN",6,0.625,0.07254612,0.8549384,0.000402182,0.03657082,0.003249844,0.007416744,0.001259291,0.001065921,0,0,1,0,3,1,0,0,3,0,0,0,0,0,0,0,4,3,0,2
"E19HA05-03","C19","Chinese","Genuine","Happy 5 CN",7,0.75,0.06071034,0.8786005,0.000600762,0.025196,0.002251796,0.005100707,0.001035361,0.001297234,0,0,1,0,3,1,0,0,3,0,0,0,0,0,0,0,4,3,0,3
"E19HA05-03","C19","Chinese","Genuine","Happy 5 CN",8,0.875,0.05346018,0.8930942,0.000603867,0.01735246,0.001574129,0.003508013,0.000770852,0.001928805,0,0,0,0,3,0,0,0,4,0,0,0,0,0,0,0,4,2,0,3
"E19HA05-03","C19","Chinese","Genuine","Happy 5 CN",9,1,0.04557813,0.9088537,0.000517335,0.01195302,0.001089044,0.002412782,0.000594213,0.001913651,0,0,0,0,3,0,0,0,4,0,0,0,0,0,0,0,4,2,0,3
"E19HA05-03","C19","Chinese","Genuine","Happy 5 CN",10,1.125,0.04144415,0.9171185,0.000446666,0.008236087,0.000754003,0.001659761,0.000517788,0.00350391,0,0,0,0,3,0,0,0,4,0,0,0,0,0,0,0,4,2,0,4
"E19HA05-03","C19","Chinese","Genuine","Happy 5 CN",11,1.25,0.04177476,0.9164552,0.000405675,0.005679937,0.000524941,0.00114174,0.000486171,0.003030787,0,0,0,0,3,0,0,0,4,0,0,0,0,0,0,0,4,1,0,4
"E19HA05-03","C19","Chinese","Genuine","Happy 5 CN",12,1.375,0.04347369,0.9130559,0.000472842,0.003962167,0.000368703,0.000785912,0.000443122,0.002141837,0,0,0,0,3,0,0,0,4,0,0,0,0,0,0,0,4,1,0,4
"E19HA05-03","C19","Chinese","Genuine","Happy 5 CN",13,1.5,0.04704291,0.9059165,0.00038228,0.002794184,0.000276448,0.000544929,0.000604294,0.003079166,0,0,0,0,3,0,0,0,4,0,0,0,0,0,0,0,4,1,0,3
"E19HA05-03","C19","Chinese","Genuine","Happy 5 CN",14,1.625,0.05899483,0.8820119,0.000480626,0.001941522,0.000219603,0.000381271,0.000751874,0.003362299,0,0,0,0,3,0,0,0,4,0,0,0,0,0,0,0,4,1,0,4
"E19HA05-03","C19","Chinese","Genuine","Happy 5 CN",15,1.75,0.06161147,0.8767781,0.000470848,0.001497076,0.00017752,0.000277493,0.000987741,0.002354437,0,0,0,0,3,0,0,0,4,0,0,0,0,0,0,0,4,1,0,4
"E19HA05-03","C19","Chinese","Genuine","Happy 5 CN",16,1.875,0.06936728,0.8612662,0.000353993,0.001548827,0.000343242,0.000313725,0.001020644,0.001624514,0,0,0,0,3,0,0,0,4,0,0,0,0,0,0,0,5,1,0,3
"E19HA05-03","C19","Chinese","Genuine","Happy 5 CN",17,2,0.0835001,0.8330072,0.000347827,0.01276362,0.000523133,0.000902003,0.001462905,0.001210446,0,0,0,0,3,0,0,0,4,0,0,0,0,0,0,0,5,1,0,3
"E19HA05-03","C19","Chinese","Genuine","Happy 5 CN",18,2.125,0.0875325,0.8249418,0.000413521,0.01315758,0.000546559,0.001077532,0.001709966,0.000892712,0,0,0,0,3,0,0,0,3,0,0,0,0,0,0,0,4,1,0,3
"E19HA05-03","C19","Chinese","Genuine","Happy 5 CN",19,2.25,0.08936445,0.821276,0.000458223,0.01148702,0.00059698,0.00100447,0.001466963,0.000735928,0,0,0,0,3,0,0,0,3,0,0,0,0,0,0,0,4,1,0,3
"E19HA05-03","C19","Chinese","Genuine","Happy 5 CN",20,2.375,0.08508348,0.8298398,0.000566054,0.01186994,0.000660557,0.001318697,0.001397823,0.000520485,0,0,0,0,3,0,0,0,3,0,0,0,0,0,0,0,4,1,0,2
"E19HA05-03","C19","Chinese","Genuine","Happy 5 CN",21,2.5,0.08078986,0.8384256,0.000449421,0.0140206,0.000922422,0.001497603,0.001116691,0.000556931,0,0,0,0,2,1,0,0,3,0,0,0,0,0,0,0,4,1,0,2
"E19HA05-03","C19","Chinese","Genuine","Happy 5 CN",22,2.625,0.0802889,0.8394271,0.00046636,0.01339787,0.001131219,0.001362374,0.000940442,0.00049518,0,0,0,0,2,0,0,0,3,0,0,0,0,0,0,0,4,1,0,2
"E19HA05-03","C19","Chinese","Genuine","Happy 5 CN",23,2.75,0.08489808,0.8302095,0.000574309,0.01225135,0.001464571,0.001251091,0.000892271,0.000405017,0,0,0,0,2,1,0,0,3,0,0,0,0,0,0,0,4,1,0,2
"E19HA05-03","C19","Chinese","Genuine","Happy 5 CN",24,2.875,0.1370096,0.7265092,0.000551562,0.04048593,0.001988734,0.005305561,0.004298367,0.000503095,0,0,0,0,2,1,0,0,3,0,0,0,0,0,0,0,4,1,0,2
"E19HA05-03","C19","Chinese","Genuine","Happy 5 CN",25,3,0.2252712,0.5353053,0.004002519,0.09315855,0.00174779,0.01673675,0.03251419,0.000501103,0,0,0,0,2,1,0,0,3,0,0,0,0,0,0,0,4,1,0,2
"E19HA06-04","C19","Chinese","Genuine","Happy 6 CN",1,0,0.3809507,0.2381893,0.0485799,0.008056251,0.000625532,0.006009433,0.04095336,0.001360616,0,0,0,0,0,0,0,0,1,0,0,0,0,0,0,0,3,0,0,5
"E19HA06-04","C19","Chinese","Genuine","Happy 6 CN",2,0.125,0.3449532,0.3101603,0.05993183,0.0072607,0.00044954,0.004552934,0.03966975,0.001299637,0,0,1,0,1,1,0,0,1,0,0,0,0,0,0,0,3,0,0,5
"E19HA06-04","C19","Chinese","Genuine","Happy 6 CN",3,0.25,0.2905918,0.4188623,0.04217259,0.006678015,0.000375968,0.003436104,0.02946674,0.000971851,0,0,0,0,1,1,0,0,1,0,0,0,0,0,0,0,3,0,0,5
"E19HA06-04","C19","Chinese","Genuine","Happy 6 CN",4,0.375,0.2525518,0.4949281,0.03085043,0.005802377,0.000295256,0.00269484,0.02092426,0.001071142,0,0,0,0,1,1,0,0,2,0,0,0,0,0,0,0,4,0,0,5
"E19HA06-04","C19","Chinese","Genuine","Happy 6 CN",5,0.5,0.2146868,0.5706481,0.02174496,0.004298368,0.000235217,0.001980571,0.01474274,0.00104844,0,0,0,0,1,1,0,0,2,0,0,0,0,0,0,0,4,0,0,5
"E19HA06-04","C19","Chinese","Genuine","Happy 6 CN",6,0.625,0.1838944,0.6322262,0.01530455,0.003185005,0.000192254,0.001459551,0.01057546,0.001019196,0,0,0,0,1,1,0,0,3,0,0,0,0,0,0,0,4,0,0,5
"E19HA06-04","C19","Chinese","Genuine","Happy 6 CN",7,0.75,0.161993,0.6760243,0.01112681,0.002585228,0.000211157,0.00110131,0.007460089,0.000972406,0,0,0,0,1,1,0,0,3,0,0,0,0,0,0,0,4,0,0,4
"E19HA06-04","C19","Chinese","Genuine","Happy 6 CN",8,0.875,0.1430252,0.7139566,0.00835883,0.002329162,0.000191838,0.000845554,0.005363657,0.000832994,0,0,0,0,2,1,0,0,3,0,0,0,0,0,0,0,4,1,0,4
"E19HA06-04","C19","Chinese","Genuine","Happy 6 CN",9,1,0.1276416,0.7447217,0.006375715,0.002438073,0.000177742,0.000652075,0.003880994,0.000642523,0,0,0,0,2,1,0,0,3,0,0,0,0,0,0,0,4,1,0,4
"E19HA06-04","C19","Chinese","Genuine","Happy 6 CN",10,1.125,0.115478,0.7690474,0.004646225,0.002610645,0.00022024,0.000597422,0.00284308,0.00055163,0,0,0,0,2,1,0,0,3,0,0,0,0,0,0,0,4,1,0,4
"E19HA06-04","C19","Chinese","Genuine","Happy 6 CN",11,1.25,0.1138994,0.7722036,0.003423545,0.002718112,0.00020463,0.000469886,0.002124701,0.000630701,0,0,0,0,2,1,0,0,3,0,0,0,0,0,0,0,4,1,0,4
"E19HA06-04","C19","Chinese","Genuine","Happy 6 CN",12,1.375,0.1347707,0.7304602,0.002624876,0.003777728,0.000218681,0.000452848,0.001710717,0.000507375,0,0,0,0,2,1,0,0,3,0,0,0,0,0,0,0,4,1,0,4
"E19HA06-04","C19","Chinese","Genuine","Happy 6 CN",13,1.5,0.1360294,0.7279423,0.002355092,0.003177539,0.000214875,0.000379636,0.001373974,0.000363519,0,0,0,0,2,1,0,0,3,0,0,0,0,0,0,0,4,1,0,4
"E19HA06-04","C19","Chinese","Genuine","Happy 6 CN",14,1.625,0.1411333,0.7177342,0.002116879,0.002906831,0.000226016,0.000353682,0.00126734,0.000369928,0,0,0,0,2,1,0,0,3,0,0,0,0,0,0,0,4,1,0,4
"E19HA06-04","C19","Chinese","Genuine","Happy 6 CN",15,1.75,0.1226799,0.7546406,0.001862645,0.002531884,0.00026333,0.000316421,0.001076176,0.000339598,0,0,0,0,2,1,0,0,3,0,0,0,0,0,0,0,4,1,0,4
"E19HA06-04","C19","Chinese","Genuine","Happy 6 CN",16,1.875,0.1189969,0.7620066,0.001902855,0.002411245,0.000232077,0.000326694,0.00107617,0.000329055,0,0,0,0,2,1,0,0,3,0,0,0,0,0,0,0,4,1,0,4
"E19HA06-04","C19","Chinese","Genuine","Happy 6 CN",17,2,0.11869,0.7626202,0.001729282,0.002901368,0.000257916,0.000318241,0.0010473,0.000266055,0,0,0,0,2,1,0,0,3,0,0,0,0,0,0,0,4,1,0,4
"E19HA06-04","C19","Chinese","Genuine","Happy 6 CN",18,2.125,0.1108193,0.7783614,0.001334981,0.002960995,0.000225125,0.000260469,0.000910771,0.000294126,0,0,0,0,2,1,0,0,3,0,0,0,0,0,0,0,4,1,0,4
"E19HA06-04","C19","Chinese","Genuine","Happy 6 CN",19,2.25,0.1017987,0.7964027,0.001167858,0.002861659,0.000194058,0.00021498,0.000779577,0.000292556,0,0,0,0,2,1,0,0,3,0,0,0,0,0,0,0,4,1,0,4
"E19HA06-04","C19","Chinese","Genuine","Happy 6 CN",20,2.375,0.09800438,0.8039913,0.000911945,0.00248553,0.000164977,0.000162385,0.000624335,0.000275232,0,0,0,0,2,1,0,0,3,0,0,0,0,0,0,0,4,1,0,4
"E19HA06-04","C19","Chinese","Genuine","Happy 6 CN",21,2.5,0.09206836,0.8158634,0.000739082,0.002060692,0.000126146,0.000120047,0.000536292,0.000215539,0,0,0,0,2,1,0,0,3,0,0,0,0,0,0,0,4,1,0,4
"E19HA06-04","C19","Chinese","Genuine","Happy 6 CN",22,2.625,0.09037749,0.819245,0.000627502,0.001645718,9.5004e-05,8.7764e-05,0.00042939,0.000252883,0,0,0,0,3,1,0,0,3,0,0,0,0,0,0,0,4,1,0,4
"E19HA06-04","C19","Chinese","Genuine","Happy 6 CN",23,2.75,0.09274407,0.8145119,0.000506515,0.001392575,6.9985e-05,6.4399e-05,0.000332043,0.000244579,0,0,0,0,3,1,0,0,4,0,0,0,0,0,0,0,4,1,0,4
"E19HA06-04","C19","Chinese","Genuine","Happy 6 CN",24,2.875,0.09648755,0.8070249,0.000393462,0.001064867,5.2853e-05,4.7539e-05,0.000322242,0.000272691,0,0,0,0,3,1,0,0,4,0,0,0,0,0,0,0,4,1,0,4
"E19HA06-04","C19","Chinese","Genuine","Happy 6 CN",25,3,0.09232586,0.8153483,0.000328853,0.000881051,4.2144e-05,3.6994e-05,0.000299482,0.000418354,0,0,0,0,3,1,0,0,4,0,0,0,0,0,0,0,4,1,0,4
"E19HA06-04","C19","Chinese","Genuine","Happy 6 CN",26,3.125,0.09705971,0.8058805,0.000276081,0.000803823,3.4381e-05,2.9505e-05,0.00028364,0.000385856,0,0,0,0,3,1,0,0,4,0,0,0,0,0,0,0,4,1,0,4
"E19HA06-04","C19","Chinese","Genuine","Happy 6 CN",27,3.25,0.1030813,0.7938374,0.000225667,0.000745438,2.7526e-05,2.5115e-05,0.000333041,0.00034968,0,0,0,0,3,1,0,0,4,0,0,0,0,0,0,0,4,0,0,4
"E19HA06-04","C19","Chinese","Genuine","Happy 6 CN",28,3.375,0.102056,0.7958881,0.000260309,0.000690112,2.3273e-05,2.1189e-05,0.000360906,0.000241614,0,0,0,0,3,1,0,0,4,0,0,0,0,0,0,0,4,0,0,4
"E19HA06-04","C19","Chinese","Genuine","Happy 6 CN",29,3.5,0.1019593,0.7960814,0.000409942,0.000671233,2.2384e-05,2.2023e-05,0.000398526,0.000368229,0,0,0,0,3,1,0,0,4,0,0,0,0,0,0,0,4,0,0,4
"E19HA06-04","C19","Chinese","Genuine","Happy 6 CN",30,3.625,0.1006934,0.7986131,0.000352179,0.000596762,1.9354e-05,2.1044e-05,0.000403389,0.000347443,0,0,0,0,3,1,0,0,4,0,0,0,0,0,0,0,4,0,0,4
"E19HA06-04","C19","Chinese","Genuine","Happy 6 CN",31,3.75,0.09705342,0.8058931,0.00031724,0.000575771,1.8013e-05,2.1748e-05,0.000383579,0.000249478,0,0,0,0,3,1,0,0,4,0,0,0,0,0,0,0,4,0,0,4
"E19HA06-04","C19","Chinese","Genuine","Happy 6 CN",32,3.875,0.09260811,0.8147837,0.000333089,0.000572785,1.7938e-05,2.0243e-05,0.000354237,0.000185921,0,0,0,0,3,1,0,0,4,0,0,0,0,0,0,0,4,0,0,4
"E19HA06-04","C19","Chinese","Genuine","Happy 6 CN",33,4,0.09345337,0.8130932,0.000397321,0.000574671,1.9832e-05,2.3367e-05,0.00042399,0.000186035,0,0,0,0,3,1,0,0,4,0,0,0,0,0,0,0,4,0,0,4
"E19HA06-04","C19","Chinese","Genuine","Happy 6 CN",34,4.125,0.09218665,0.8156266,0.000450484,0.000573974,2.9191e-05,2.5891e-05,0.000494854,0.00014508,0,0,0,0,3,1,0,0,4,0,0,0,0,0,0,0,4,0,0,4
"E19HA06-04","C19","Chinese","Genuine","Happy 6 CN",35,4.25,0.09437088,0.8112582,0.000591921,0.000579457,3.8052e-05,3.3364e-05,0.00050876,0.000115553,0,0,0,0,3,1,0,0,4,0,0,0,0,0,0,0,4,0,0,3
"E19HA06-04","C19","Chinese","Genuine","Happy 6 CN",36,4.375,0.0919833,0.8160334,0.000839069,0.000685928,4.9899e-05,5.8601e-05,0.000550872,0.000126595,0,0,0,0,3,1,0,0,4,0,0,0,0,0,0,0,4,0,0,3
"E19HA06-04","C19","Chinese","Genuine","Happy 6 CN",37,4.5,0.08597497,0.82805,0.00072798,0.001216327,0.000105591,0.000106214,0.000561003,0.000103384,0,0,0,0,3,1,0,0,3,0,0,0,0,0,0,0,4,1,0,3
"E19HA06-04","C19","Chinese","Genuine","Happy 6 CN",38,4.625,0.08073497,0.8385301,0.000609312,0.001532593,0.000149345,0.00012041,0.000554552,9.519e-05,0,0,0,0,3,1,0,0,3,0,0,0,0,0,0,0,5,1,0,3
"E19HA06-04","C19","Chinese","Genuine","Happy 6 CN",39,4.75,0.08058701,0.838826,0.000491094,0.001555708,0.000134743,0.000112138,0.000528871,8.7729e-05,0,0,0,0,3,1,0,0,3,0,0,0,0,0,0,0,5,1,0,3
"E19HA06-04","C19","Chinese","Genuine","Happy 6 CN",40,4.875,0.08146329,0.8370734,0.000430258,0.001769833,0.000108111,0.00010489,0.000543071,6.6002e-05,0,0,0,0,3,1,0,0,3,0,0,0,0,0,0,0,5,1,0,3
"E19HA06-04","C19","Chinese","Genuine","Happy 6 CN",41,5,0.08449739,0.8310052,0.000433882,0.001559236,8.1666e-05,7.862e-05,0.000471396,0.000184099,0,0,0,0,3,1,0,0,4,0,0,0,0,0,0,0,5,1,0,3
"E19HA06-04","C19","Chinese","Genuine","Happy 6 CN",42,5.125,0.08743981,0.8251204,0.000360119,0.001440362,6.0631e-05,5.7668e-05,0.000393036,0.000176992,0,0,0,0,3,1,0,0,4,0,0,0,0,0,0,0,4,1,0,3
"E19HA06-04","C19","Chinese","Genuine","Happy 6 CN",43,5.25,0.09230973,0.8153806,0.000317111,0.001177595,4.9219e-05,4.1365e-05,0.000312242,0.00034226,0,0,0,0,3,1,0,0,4,0,0,0,0,0,0,0,4,1,0,3
"E19HA06-04","C19","Chinese","Genuine","Happy 6 CN",44,5.375,0.1020826,0.7958348,0.000298655,0.001009987,4.4291e-05,3.1601e-05,0.000244463,0.000730027,0,0,0,0,3,1,0,0,4,0,0,0,0,0,0,0,4,1,0,4
"E19HA06-04","C19","Chinese","Genuine","Happy 6 CN",45,5.5,0.1012648,0.7974706,0.000344714,0.000920336,3.9959e-05,2.4555e-05,0.000257904,0.000763972,0,0,0,0,3,1,0,0,4,0,0,0,0,0,0,0,4,1,0,4
"E19HA06-04","C19","Chinese","Genuine","Happy 6 CN",46,5.625,0.1017659,0.7964683,0.00033186,0.00089137,4.1968e-05,1.9746e-05,0.000235743,0.000591374,0,0,0,0,3,0,0,0,4,0,0,0,0,0,0,0,4,0,0,4
"E19HA06-04","C19","Chinese","Genuine","Happy 6 CN",47,5.75,0.09863912,0.8027219,0.000315678,0.000766738,4.3455e-05,1.6046e-05,0.000227678,0.00070909,0,0,0,0,3,0,0,0,4,0,0,0,0,0,0,0,4,0,0,4
"E19HA06-04","C19","Chinese","Genuine","Happy 6 CN",48,5.875,0.09132262,0.8173548,0.00030672,0.000752991,3.7275e-05,1.6699e-05,0.000259891,0.000516889,0,0,0,0,3,0,0,0,4,0,0,0,0,0,0,0,4,0,0,4
"E19HA06-04","C19","Chinese","Genuine","Happy 6 CN",49,6,0.08720592,0.8255882,0.000274147,0.000697755,3.1048e-05,1.6997e-05,0.000257829,0.000453124,0,0,0,0,3,0,0,0,4,0,0,0,0,0,0,0,4,0,0,4
"E19HA06-04","C19","Chinese","Genuine","Happy 6 CN",50,6.125,0.0821733,0.8356534,0.00025478,0.00065401,2.6341e-05,1.5111e-05,0.000219132,0.000374357,0,0,0,0,3,0,0,0,4,0,0,0,0,0,0,0,4,0,0,4
"E19HA06-04","C19","Chinese","Genuine","Happy 6 CN",51,6.25,0.09366963,0.8126608,0.000214381,0.000773939,2.4096e-05,1.7688e-05,0.000210706,0.000285142,0,0,0,0,3,0,0,0,4,0,0,0,0,0,0,0,4,0,0,4
"E19HA06-04","C19","Chinese","Genuine","Happy 6 CN",52,6.375,0.09119593,0.8176082,0.000161147,0.000708709,2.0424e-05,1.4422e-05,0.000164661,0.00019659,0,0,0,0,3,0,0,0,4,0,0,0,0,0,0,0,4,0,0,4
"E19HA06-04","C19","Chinese","Genuine","Happy 6 CN",53,6.5,0.09082988,0.8183403,0.000178072,0.000703496,1.8084e-05,1.2729e-05,0.000158358,0.000243399,0,0,0,0,3,0,0,0,4,0,0,0,0,0,0,0,4,0,0,4
"E19HA06-04","C19","Chinese","Genuine","Happy 6 CN",54,6.625,0.1141657,0.7716686,0.000457011,0.00070222,2.7786e-05,1.034e-05,0.000161383,0.000866378,0,0,0,0,3,0,0,0,4,0,0,0,0,0,0,0,4,0,0,4
"E19HA06-04","C19","Chinese","Genuine","Happy 6 CN",55,6.75,0.1293437,0.7413126,0.000478041,0.000718522,2.6084e-05,8.547e-06,0.000132512,0.001968066,0,0,0,0,3,0,0,0,4,0,0,0,0,0,0,0,4,0,0,4
"E19HA06-04","C19","Chinese","Genuine","Happy 6 CN",56,6.875,0.1107596,0.7784809,0.000396434,0.000972392,2.4999e-05,7.225e-06,9.925e-05,0.002594421,0,0,0,0,3,0,0,0,4,0,0,0,0,0,0,0,4,0,0,4
"E19HA06-04","C19","Chinese","Genuine","Happy 6 CN",57,7,0.1010643,0.7978714,0.000490574,0.00151386,2.3418e-05,6.374e-06,8.7037e-05,0.002994699,0,0,0,0,3,0,0,0,4,0,0,0,0,0,0,0,4,0,0,4
"E19HA06-04","C19","Chinese","Genuine","Happy 6 CN",58,7.125,0.09545745,0.8090851,0.000493866,0.001573405,2.0327e-05,5.784e-06,8.4553e-05,0.002591865,0,0,0,0,3,0,0,0,4,0,0,0,0,0,0,0,4,0,0,4
"E19HA06-04","C19","Chinese","Genuine","Happy 6 CN",59,7.25,0.09521146,0.8095771,0.000424912,0.002028626,2.2489e-05,9.035e-06,0.000101893,0.002315674,0,0,0,0,3,0,0,0,4,0,0,0,0,0,0,0,4,0,0,4
"E19HA06-04","C19","Chinese","Genuine","Happy 6 CN",60,7.375,0.09141646,0.8171671,0.000344534,0.001932578,2.4142e-05,1.8634e-05,0.000197815,0.0017158,0,0,0,0,3,0,0,0,4,0,0,0,0,0,0,0,4,0,0,4
"E19HA06-04","C19","Chinese","Genuine","Happy 6 CN",61,7.5,0.0975011,0.8049978,0.000398981,0.003009753,4.0264e-05,6.6451e-05,0.000240184,0.001364047,0,0,0,0,3,0,0,0,4,0,0,0,0,0,0,0,4,0,0,4
"E19HA06-04","C19","Chinese","Genuine","Happy 6 CN",62,7.625,0.1049615,0.790077,0.000397097,0.00299039,4.3496e-05,7.902e-05,0.000326388,0.001271555,0,0,0,0,3,0,0,0,4,0,0,0,0,0,0,0,4,0,0,3
"E19HA06-04","C19","Chinese","Genuine","Happy 6 CN",63,7.75,0.103679,0.7926421,0.000371857,0.002573197,3.661e-05,8.1119e-05,0.000349111,0.001017714,0,0,0,0,3,0,0,0,4,0,0,0,0,0,0,0,4,0,0,3
"E19HA06-04","C19","Chinese","Genuine","Happy 6 CN",64,7.875,0.1052141,0.7895719,0.000347901,0.002286595,3.2946e-05,6.9142e-05,0.000352108,0.00090676,0,0,0,0,3,0,0,0,4,0,0,0,0,0,0,0,4,0,0,3
"E20HA01-01","C20","Chinese","Genuine","Happy 1 CN",1,0,0.9450717,0.09648699,0.000116533,0.01938756,0.003613015,0.000538036,0.000203712,0.04107548,0,0,0,0,0,0,0,0,0,0,0,0,0,0,0,0,0,0,0,0
"E20HA01-01","C20","Chinese","Genuine","Happy 1 CN",2,0.125,0.9375602,0.07927081,0.000640299,0.01399246,0.003806556,0.000742661,0.0003315,0.03290611,0,0,0,0,0,0,0,0,0,0,0,0,0,0,0,0,0,0,0,0
"E20HA01-01","C20","Chinese","Genuine","Happy 1 CN",3,0.25,0.8384338,0.1077994,0.000451239,0.01066055,0.007293557,0.000732194,0.000240873,0.02530767,0,0,0,0,0,0,0,0,0,0,0,0,0,0,0,0,0,0,0,0
"E20HA01-01","C20","Chinese","Genuine","Happy 1 CN",4,0.375,0.716481,0.1741458,0.000310632,0.008172858,0.009099173,0.00051573,0.000169351,0.01828501,0,0,0,0,0,0,0,0,1,0,0,0,0,0,0,0,0,0,0,0
"E20HA01-01","C20","Chinese","Genuine","Happy 1 CN",5,0.5,0.5534761,0.3208587,0.000213834,0.005748373,0.008022711,0.000375543,0.00012133,0.01319818,0,0,0,0,0,0,0,0,1,0,0,0,0,0,0,0,0,0,0,0
"E20HA01-01","C20","Chinese","Genuine","Happy 1 CN",6,0.625,0.4287412,0.4380183,0.000148589,0.004072538,0.01028216,0.000352881,0.000107388,0.00942487,0,0,0,0,1,0,0,0,2,0,0,0,0,0,0,0,0,0,0,0
"E20HA01-01","C20","Chinese","Genuine","Happy 1 CN",7,0.75,0.3124687,0.5783781,0.000103753,0.002889511,0.00969314,0.000274285,8.272e-05,0.00710944,0,0,0,0,1,0,0,0,2,0,0,0,0,0,0,0,1,0,0,0
"E20HA01-01","C20","Chinese","Genuine","Happy 1 CN",8,0.875,0.2341859,0.6714737,7.2943e-05,0.00203447,0.008470175,0.000235699,7.1231e-05,0.005179925,0,0,0,0,1,0,0,0,3,0,0,0,0,0,0,0,1,0,0,0
"E20HA01-01","C20","Chinese","Genuine","Happy 1 CN",9,1,0.1819597,0.7323259,5.4289e-05,0.001498098,0.00732167,0.000200719,6.0472e-05,0.003991851,0,0,0,0,1,0,0,0,3,0,0,0,0,0,0,0,1,0,0,0
"E20HA01-01","C20","Chinese","Genuine","Happy 1 CN",10,1.125,0.1532128,0.7598196,3.9116e-05,0.001185348,0.006976037,0.000184811,5.3644e-05,0.003325313,0,0,0,0,1,0,0,0,3,0,0,0,0,0,0,0,2,1,0,0
"E20HA01-01","C20","Chinese","Genuine","Happy 1 CN",11,1.25,0.1316643,0.7825011,2.9293e-05,0.000963832,0.00770953,0.000181492,5.3156e-05,0.002531339,0,0,0,0,1,0,0,0,3,0,0,0,0,0,0,0,2,1,0,0
"E20HA01-01","C20","Chinese","Genuine","Happy 1 CN",12,1.375,0.1096151,0.8123692,2.1526e-05,0.000756594,0.008353827,0.000192281,4.325e-05,0.001838849,0,0,0,0,2,0,0,0,3,0,0,0,0,0,0,0,2,1,0,0
"E20HA01-01","C20","Chinese","Genuine","Happy 1 CN",13,1.5,0.09548676,0.8310018,2.5264e-05,0.000595961,0.007886709,0.000272725,5.9988e-05,0.001267075,0,0,0,0,2,0,0,0,3,0,0,0,0,0,0,0,2,1,0,0
"E20HA01-01","C20","Chinese","Genuine","Happy 1 CN",14,1.625,0.08111227,0.8533232,2.1273e-05,0.000617077,0.007113912,0.000601564,6.3298e-05,0.001257149,0,0,0,0,2,0,0,0,3,0,0,0,0,0,0,0,2,1,0,0
"E20HA01-01","C20","Chinese","Genuine","Happy 1 CN",15,1.75,0.08598726,0.8400762,2.1256e-05,0.000927894,0.006544542,0.000630368,8.0913e-05,0.00091356,0,0,0,0,2,0,0,0,3,0,0,0,0,0,0,0,2,1,0,0
"E20HA01-01","C20","Chinese","Genuine","Happy 1 CN",16,1.875,0.09950825,0.8106596,1.7833e-05,0.001109143,0.007101322,0.000526386,7.0626e-05,0.001196703,0,0,0,0,2,0,0,0,3,0,0,0,0,0,0,0,2,1,0,0
"E20HA01-01","C20","Chinese","Genuine","Happy 1 CN",17,2,0.1176586,0.7773438,1.9152e-05,0.001397408,0.007964251,0.000497793,9.4181e-05,0.001595558,0,0,0,0,2,0,0,0,3,0,0,0,0,0,0,0,2,1,0,0
"E20HA01-01","C20","Chinese","Genuine","Happy 1 CN",18,2.125,0.1311845,0.7528048,2.2169e-05,0.001733258,0.008011436,0.00053118,0.000124352,0.001785645,0,0,0,0,2,0,0,0,3,0,0,0,0,0,0,0,2,1,0,0
"E20HA01-01","C20","Chinese","Genuine","Happy 1 CN",19,2.25,0.177048,0.6678516,1.9194e-05,0.001929662,0.01007582,0.000547087,0.000130283,0.001378116,0,0,0,0,2,0,0,0,3,0,0,0,0,0,0,0,2,0,0,0
"E20HA01-01","C20","Chinese","Genuine","Happy 1 CN",20,2.375,0.1652104,0.6851715,1.4509e-05,0.001634354,0.009324086,0.000634063,0.0001181,0.000962604,0,0,0,0,1,0,0,0,3,0,0,0,0,0,0,0,2,0,0,0
"E20HA01-01","C20","Chinese","Genuine","Happy 1 CN",21,2.5,0.1418165,0.7286857,2.201e-05,0.001444644,0.008068651,0.000551067,9.5637e-05,0.001074355,0,0,0,0,1,0,0,0,3,0,0,0,0,0,0,0,2,0,0,0
"E20HA01-01","C20","Chinese","Genuine","Happy 1 CN",22,2.625,0.1376834,0.734393,1.8777e-05,0.001767657,0.006711385,0.000400732,9.8716e-05,0.00180664,0,0,0,0,2,0,0,0,3,0,0,0,0,0,0,0,2,0,0,0
"E20HA01-01","C20","Chinese","Genuine","Happy 1 CN",23,2.75,0.158571,0.7055345,2.303e-05,0.00173789,0.008698663,0.000343444,0.000140135,0.002197654,0,0,0,0,2,0,0,0,3,0,0,0,0,0,0,0,2,0,0,0
"E20HA01-01","C20","Chinese","Genuine","Happy 1 CN",24,2.875,0.1670992,0.6855986,2.879e-05,0.002145936,0.01018832,0.000308311,0.000134022,0.001914112,0,0,0,0,2,0,0,0,3,0,0,0,0,0,0,0,2,0,0,0
"E20HA01-01","C20","Chinese","Genuine","Happy 1 CN",25,3,0.18704,0.6467615,3.3717e-05,0.001978708,0.007753269,0.000361464,0.000150913,0.002020919,0,0,0,0,2,0,0,0,3,0,0,0,0,0,0,0,2,0,0,0
"E20HA01-01","C20","Chinese","Genuine","Happy 1 CN",26,3.125,0.1886393,0.6387863,3.2723e-05,0.001784032,0.006490577,0.00044065,0.00016463,0.001756821,0,0,0,0,2,0,0,0,3,0,0,0,0,0,0,0,2,0,0,0
"E20HA01-01","C20","Chinese","Genuine","Happy 1 CN",27,3.25,0.2140939,0.6035769,2.5923e-05,0.002384013,0.005018438,0.000321859,0.000310214,0.001560441,0,0,0,0,2,0,0,0,3,0,0,0,0,0,0,0,2,0,0,0
"E20HA01-01","C20","Chinese","Genuine","Happy 1 CN",28,3.375,0.2123666,0.6021821,4.5316e-05,0.002111033,0.004879829,0.000578129,0.000395522,0.001150369,0,0,0,0,2,0,0,0,3,0,0,0,0,0,0,0,2,0,0,0
"E20HA01-01","C20","Chinese","Genuine","Happy 1 CN",29,3.5,0.242624,0.5621626,4.2674e-05,0.002091243,0.004535227,0.000584298,0.000403248,0.00122897,0,0,0,0,1,0,0,0,2,0,0,0,0,0,0,0,2,0,0,0
"E20HA01-01","C20","Chinese","Genuine","Happy 1 CN",30,3.625,0.2909587,0.5488203,4.443e-05,0.00203514,0.004811161,0.000593426,0.000674392,0.001311636,0,0,0,0,1,0,0,0,2,0,0,0,0,0,0,0,2,0,0,0
"E20HA01-01","C20","Chinese","Genuine","Happy 1 CN",31,3.75,0.3093202,0.5176063,8.7229e-05,0.002782841,0.005069379,0.001005028,0.001235881,0.000962097,0,0,0,0,1,0,0,0,2,0,0,0,0,0,0,0,2,0,0,0
"E20HA01-01","C20","Chinese","Genuine","Happy 1 CN",32,3.875,0.3057505,0.5303785,0.000216735,0.003486317,0.004626466,0.001248992,0.002583973,0.001799987,0,0,0,0,1,0,0,0,2,0,0,0,0,0,0,0,2,0,0,0
"E20HA01-01","C20","Chinese","Genuine","Happy 1 CN",33,4,0.3491713,0.4703065,0.00020119,0.004430121,0.005076393,0.001131279,0.003077737,0.001729281,0,0,0,0,1,0,0,0,2,0,0,0,0,0,0,0,2,0,0,0
"E20HA01-01","C20","Chinese","Genuine","Happy 1 CN",34,4.125,0.3736817,0.4505817,0.000203574,0.004408697,0.004375568,0.000887789,0.002645628,0.001662162,0,0,0,0,1,0,0,0,1,0,0,0,0,0,0,0,2,0,0,0
"E20HA01-01","C20","Chinese","Genuine","Happy 1 CN",35,4.25,0.4722663,0.3661552,0.000176419,0.004957362,0.00433827,0.000777056,0.002292298,0.001685754,0,0,0,0,1,0,0,0,1,0,0,0,0,0,0,0,2,0,0,0
"E20HA01-01","C20","Chinese","Genuine","Happy 1 CN",36,4.375,0.5678595,0.2935959,0.000292584,0.008516857,0.005212355,0.000718941,0.002166745,0.002429149,0,0,0,0,1,0,0,0,1,0,0,0,0,0,0,0,2,0,0,0
"E20HA01-01","C20","Chinese","Genuine","Happy 1 CN",37,4.5,0.677043,0.2150748,0.000479085,0.02378094,0.005155764,0.000928306,0.002676777,0.00276534,0,0,0,0,1,0,0,0,1,0,0,0,0,0,0,0,1,0,0,0
"E20HA01-01","C20","Chinese","Genuine","Happy 1 CN",38,4.625,0.7271818,0.1833825,0.001110463,0.02386261,0.004507624,0.00106941,0.003381645,0.01002451,0,0,0,0,1,0,0,0,1,0,0,0,0,0,0,0,1,0,0,0
"E20HA04-01","C20","Chinese","Genuine","Happy 4 CN",1,0,0.8646746,0.1309434,0.000784056,0.02345684,0.006889569,0.01436387,6.6311e-05,0.00406492,0,0,0,0,0,0,0,0,0,0,0,0,0,0,0,0,0,0,0,0
"E20HA04-01","C20","Chinese","Genuine","Happy 4 CN",2,0.125,0.8609475,0.1325867,0.000734432,0.03675666,0.007193371,0.01226623,8.0327e-05,0.003202491,0,0,0,0,0,0,0,0,0,0,0,0,0,0,0,0,0,0,0,0
"E20HA04-01","C20","Chinese","Genuine","Happy 4 CN",3,0.25,0.8306708,0.1366247,0.000737858,0.0590951,0.008084851,0.01173951,9.9743e-05,0.003086712,0,0,0,0,0,0,0,0,0,0,0,0,0,0,0,0,0,0,0,0
"E20HA04-01","C20","Chinese","Genuine","Happy 4 CN",4,0.375,0.7485499,0.1728823,0.001129193,0.09014335,0.007254522,0.009346925,0.000130851,0.002122596,0,0,0,0,0,0,0,0,0,0,0,0,0,0,0,0,0,0,0,0
"E20HA04-01","C20","Chinese","Genuine","Happy 4 CN",5,0.5,0.672732,0.2276872,0.000912993,0.07869568,0.005920159,0.007083907,0.000107103,0.001522032,0,0,0,0,0,0,0,0,0,0,0,0,0,0,0,0,0,0,0,0
"E20HA04-01","C20","Chinese","Genuine","Happy 4 CN",6,0.625,0.573123,0.3015401,0.000875247,0.08205903,0.005158626,0.005198448,0.000151941,0.001251728,0,0,0,0,0,0,0,0,0,0,0,0,0,0,0,0,0,0,0,0
"E20HA04-01","C20","Chinese","Genuine","Happy 4 CN",7,0.75,0.5102127,0.3382794,0.000897671,0.08206102,0.005121875,0.003916413,0.000156638,0.001855618,0,0,0,0,0,0,0,0,1,0,0,0,0,0,0,0,0,0,0,0
"E20HA04-01","C20","Chinese","Genuine","Happy 4 CN",8,0.875,0.4668001,0.380805,0.000948733,0.07758072,0.005124333,0.002913976,0.000181032,0.002943094,0,0,0,0,0,0,0,0,1,0,0,0,0,0,0,0,0,0,0,0
"E20HA04-01","C20","Chinese","Genuine","Happy 4 CN",9,1,0.4204761,0.4003392,0.001922317,0.0774464,0.004811619,0.002144005,0.000191738,0.002774527,0,0,0,0,0,0,0,0,1,0,0,0,0,0,0,0,0,0,0,1
"E20HA04-01","C20","Chinese","Genuine","Happy 4 CN",10,1.125,0.3690588,0.4393656,0.002675058,0.07579114,0.004193245,0.001690692,0.000178055,0.002138989,0,0,0,0,0,0,0,0,1,0,0,0,0,0,0,0,0,0,0,1
"E20HA04-01","C20","Chinese","Genuine","Happy 4 CN",11,1.25,0.3532045,0.4504992,0.003091283,0.06170598,0.004977322,0.00130418,0.000157949,0.001470889,0,0,0,0,0,0,0,0,1,0,0,0,0,0,0,0,0,0,0,1
"E20HA04-01","C20","Chinese","Genuine","Happy 4 CN",12,1.375,0.3473761,0.4564752,0.003037623,0.05207752,0.005085497,0.001055832,0.000117545,0.001271623,0,0,0,0,0,0,0,0,1,0,0,0,0,0,0,0,0,0,0,1
"E20HA04-01","C20","Chinese","Genuine","Happy 4 CN",13,1.5,0.3132593,0.5074226,0.002883838,0.05187196,0.005133213,0.000905427,9.7617e-05,0.002022628,0,0,0,0,0,0,0,0,1,0,0,0,0,0,0,0,0,0,0,1
"E20HA04-01","C20","Chinese","Genuine","Happy 4 CN",14,1.625,0.3089718,0.5154677,0.002740595,0.0539962,0.005667366,0.000916813,9.9527e-05,0.002076352,0,0,0,0,0,0,0,0,1,0,0,0,0,0,0,0,0,0,0,1
"E20HA04-01","C20","Chinese","Genuine","Happy 4 CN",15,1.75,0.3018154,0.544848,0.002470515,0.05233628,0.006335329,0.000884981,8.0728e-05,0.00306796,0,0,0,0,0,0,0,0,1,0,0,0,0,0,0,0,0,0,0,1
"E20HA04-01","C20","Chinese","Genuine","Happy 4 CN",16,1.875,0.2970881,0.5543069,0.002230135,0.05617857,0.005571002,0.000798426,6.7606e-05,0.003290042,0,0,0,0,0,0,0,0,1,0,0,0,0,0,0,0,0,0,0,1
"E20HA04-01","C20","Chinese","Genuine","Happy 4 CN",17,2,0.3047889,0.5450111,0.002065964,0.0566633,0.006079965,0.000702127,5.462e-05,0.003493554,0,0,0,0,0,0,0,0,1,0,0,0,0,0,0,0,0,0,0,1
"E20HA04-01","C20","Chinese","Genuine","Happy 4 CN",18,2.125,0.3160918,0.5015901,0.002706122,0.05853973,0.005694946,0.000578964,6.0154e-05,0.002533295,0,0,0,0,1,0,0,0,1,0,0,0,0,0,0,0,0,0,0,1
"E20HA04-01","C20","Chinese","Genuine","Happy 4 CN",19,2.25,0.3116025,0.487703,0.002303676,0.04923161,0.00467621,0.000492906,0.000115919,0.002489444,0,0,0,0,0,0,0,0,1,0,0,0,0,0,0,0,0,0,0,1
"E20HA04-01","C20","Chinese","Genuine","Happy 4 CN",20,2.375,0.3065667,0.5052269,0.001807225,0.03556425,0.003541603,0.000413419,0.00022954,0.002905893,0,0,0,0,1,0,0,0,1,0,0,0,0,0,0,0,0,0,0,1
"E20HA04-01","C20","Chinese","Genuine","Happy 4 CN",21,2.5,0.2841524,0.521993,0.001901179,0.02686842,0.003037974,0.000440569,0.00042145,0.005679884,0,0,0,0,0,0,0,0,1,0,0,0,0,0,0,0,0,0,0,1
"E20HA04-01","C20","Chinese","Genuine","Happy 4 CN",22,2.625,0.3670705,0.4377037,0.002020416,0.02206424,0.002538354,0.000323924,0.000394408,0.005795763,0,0,0,0,1,0,0,0,1,0,0,0,0,0,0,0,0,0,0,1
"E20HA04-01","C20","Chinese","Genuine","Happy 4 CN",23,2.75,0.4150297,0.3617185,0.001571862,0.02342766,0.00604178,0.00036536,0.000284874,0.004910137,0,0,0,0,1,0,0,0,1,0,0,0,0,0,0,0,0,0,0,1
"E20HA04-01","C20","Chinese","Genuine","Happy 4 CN",24,2.875,0.392682,0.3532442,0.002261727,0.01812856,0.004804922,0.000437666,0.000320427,0.01357145,0,0,0,0,1,0,0,0,1,0,0,0,0,0,0,0,0,0,0,1
"E20HA04-01","C20","Chinese","Genuine","Happy 4 CN",25,3,0.3723523,0.3638903,0.002187827,0.01517698,0.004453513,0.0005146,0.000277718,0.01863701,0,0,0,0,1,0,0,0,1,0,0,0,0,0,0,0,0,0,0,1
"E20HA04-01","C20","Chinese","Genuine","Happy 4 CN",26,3.125,0.3761249,0.3489235,0.002056168,0.01245472,0.005142093,0.000420705,0.000238229,0.01754039,0,0,0,0,0,0,0,0,1,0,0,0,0,0,0,0,0,0,0,1
"E20HA04-01","C20","Chinese","Genuine","Happy 4 CN",27,3.25,0.4031659,0.323461,0.001579488,0.01480351,0.004976057,0.000447294,0.0001821,0.01405498,0,0,0,0,1,0,0,0,1,0,0,0,0,0,0,0,0,0,0,1
"E20HA04-01","C20","Chinese","Genuine","Happy 4 CN",28,3.375,0.3746873,0.3503019,0.001574639,0.01719904,0.005219856,0.001134851,0.000268561,0.01049697,0,0,0,0,0,0,0,0,1,0,0,0,0,0,0,0,0,0,0,1
"E20HA04-01","C20","Chinese","Genuine","Happy 4 CN",29,3.5,0.355002,0.3929812,0.00113793,0.01904482,0.00644596,0.001114717,0.000308572,0.009137075,0,0,0,0,0,0,0,0,1,0,0,0,0,0,0,0,0,0,0,1
"E20HA04-01","C20","Chinese","Genuine","Happy 4 CN",30,3.625,0.3537582,0.3971253,0.00085839,0.01578291,0.005729701,0.000997106,0.000315714,0.006344566,0,0,0,0,0,0,0,0,1,0,0,0,0,0,0,0,0,0,0,1
"E20HA04-01","C20","Chinese","Genuine","Happy 4 CN",31,3.75,0.3421847,0.4080322,0.000743421,0.01916527,0.005994533,0.001040729,0.000386518,0.006445779,0,0,0,0,0,0,0,0,1,0,0,0,0,0,0,0,0,0,0,1
"E20HA04-01","C20","Chinese","Genuine","Happy 4 CN",32,3.875,0.4247802,0.3233799,0.000884598,0.01707821,0.005283285,0.00087784,0.000331135,0.01265742,0,0,0,0,0,0,0,0,1,0,0,0,0,0,0,0,0,0,0,1
"E20HA04-01","C20","Chinese","Genuine","Happy 4 CN",33,4,0.5092269,0.2553191,0.000785586,0.02021064,0.005786816,0.000765416,0.000256486,0.01476921,0,0,0,0,0,0,0,0,1,0,0,0,0,0,0,0,0,0,0,1
"E20HA04-01","C20","Chinese","Genuine","Happy 4 CN",34,4.125,0.6100879,0.2119497,0.000730591,0.02326325,0.005958322,0.000722363,0.000228486,0.01231332,0,0,0,0,0,0,0,0,1,0,0,0,0,0,0,0,0,0,0,1
"E20HA04-01","C20","Chinese","Genuine","Happy 4 CN",35,4.25,0.6459551,0.199494,0.000618201,0.02201699,0.005701977,0.000804595,0.000244174,0.009974523,0,0,0,0,0,0,0,0,1,0,0,0,0,0,0,0,0,0,0,1
"E20HA04-01","C20","Chinese","Genuine","Happy 4 CN",36,4.375,0.7358185,0.1448091,0.000481663,0.02785368,0.004520367,0.000683577,0.00022416,0.01057092,0,0,0,0,0,0,0,0,1,0,0,0,0,0,0,0,0,0,0,1
"E20HA04-01","C20","Chinese","Genuine","Happy 4 CN",37,4.5,0.6839415,0.1728137,0.000665253,0.0274826,0.003997479,0.001195824,0.000221495,0.01797931,0,0,0,0,0,0,0,0,1,0,0,0,0,0,0,0,0,0,0,1
"E20HA04-01","C20","Chinese","Genuine","Happy 4 CN",38,4.625,0.5804034,0.2858806,0.000686392,0.02995689,0.003556032,0.00255032,0.000667171,0.01796762,0,0,0,0,0,0,0,0,1,0,0,0,0,0,0,0,0,0,0,0
"E20HA05-02","C20","Chinese","Genuine","Happy 5 CN",1,0,0.9535907,0.04147813,0.002229743,0.03399441,0.004703995,0.00101259,3.3132e-05,0.00294813,0,0,0,0,0,0,0,0,0,0,0,0,0,0,0,0,0,0,0,0
"E20HA05-02","C20","Chinese","Genuine","Happy 5 CN",2,0.125,0.9448563,0.05397935,0.004562521,0.03793966,0.003758074,0.000881994,8.1223e-05,0.003171832,0,0,0,0,0,0,0,0,0,0,0,0,0,0,0,0,0,0,0,0
"E20HA05-02","C20","Chinese","Genuine","Happy 5 CN",3,0.25,0.9230424,0.08245738,0.003613888,0.05619366,0.003870318,0.001805078,0.000101167,0.00409088,0,0,0,0,0,0,0,0,0,0,0,0,0,0,0,0,0,0,0,0
"E20HA05-02","C20","Chinese","Genuine","Happy 5 CN",4,0.375,0.8894219,0.1231285,0.002910624,0.05702775,0.003879474,0.001629258,0.000136608,0.002865656,0,0,0,0,0,0,0,0,0,0,0,0,0,0,0,0,0,0,0,0
"E20HA05-02","C20","Chinese","Genuine","Happy 5 CN",5,0.5,0.7590541,0.2179002,0.002228594,0.04556248,0.004737856,0.001586603,0.000213121,0.003440638,0,0,0,0,0,0,0,0,0,0,0,0,0,0,0,0,0,0,0,0
"E20HA05-02","C20","Chinese","Genuine","Happy 5 CN",6,0.625,0.6640741,0.2687358,0.001728033,0.04589786,0.003806531,0.001245431,0.000299205,0.004349356,0,0,0,0,0,0,0,0,0,0,0,0,0,0,0,0,0,0,0,0
"E20HA05-02","C20","Chinese","Genuine","Happy 5 CN",7,0.75,0.5685853,0.3290495,0.001333305,0.0466061,0.003054926,0.00091593,0.000246841,0.003088145,0,0,0,0,0,0,0,0,1,0,0,0,0,0,0,0,0,0,0,1
"E20HA05-02","C20","Chinese","Genuine","Happy 5 CN",8,0.875,0.46497,0.4337836,0.000985027,0.03662131,0.002591849,0.000745321,0.000180886,0.002611204,0,0,0,0,0,0,0,0,1,0,0,0,0,0,0,0,0,0,0,0
"E20HA05-02","C20","Chinese","Genuine","Happy 5 CN",9,1,0.3886587,0.4832155,0.000797915,0.03256486,0.002957978,0.000656805,0.00018042,0.002066619,0,0,0,0,0,0,0,0,1,0,0,0,0,0,0,0,0,0,0,1
"E20HA05-02","C20","Chinese","Genuine","Happy 5 CN",10,1.125,0.3186226,0.5634402,0.000612066,0.02840204,0.003093088,0.000489811,0.000152938,0.00146954,0,0,0,0,0,0,0,0,2,0,0,0,0,0,0,0,0,0,0,1
"E20HA05-02","C20","Chinese","Genuine","Happy 5 CN",11,1.25,0.2595905,0.6244922,0.00057641,0.02105131,0.002602734,0.000395785,0.000200995,0.001333887,0,0,0,0,1,0,0,0,2,0,0,0,0,0,0,0,0,0,0,1
"E20HA05-02","C20","Chinese","Genuine","Happy 5 CN",12,1.375,0.2249978,0.6524084,0.00059011,0.01578845,0.002368179,0.000379505,0.000194713,0.001133436,0,0,0,0,1,0,0,0,2,0,0,0,0,0,0,0,0,0,0,1
"E20HA05-02","C20","Chinese","Genuine","Happy 5 CN",13,1.5,0.2174953,0.6409921,0.000666536,0.01243529,0.002401245,0.000375086,0.000188857,0.000890861,0,0,0,0,1,0,0,0,3,0,0,0,0,0,0,0,0,0,0,1
"E20HA05-02","C20","Chinese","Genuine","Happy 5 CN",14,1.625,0.2003007,0.6604935,0.000709679,0.0106234,0.002583301,0.000373211,0.000201994,0.00122206,0,0,0,0,1,0,0,0,3,0,0,0,0,0,0,0,0,0,0,1
"E20HA05-02","C20","Chinese","Genuine","Happy 5 CN",15,1.75,0.1855849,0.6877072,0.000645742,0.009286073,0.003091729,0.000321793,0.000189124,0.001653492,0,0,0,0,1,0,0,0,3,0,0,0,0,0,0,0,0,0,0,1
"E20HA05-02","C20","Chinese","Genuine","Happy 5 CN",16,1.875,0.1874914,0.6783198,0.00064137,0.00873182,0.003086515,0.000315441,0.000258223,0.002457133,0,0,0,0,1,0,0,0,2,0,0,0,0,0,0,0,0,0,0,1
"E20HA05-02","C20","Chinese","Genuine","Happy 5 CN",17,2,0.2454181,0.5931844,0.001314658,0.02173257,0.002929134,0.000399082,0.000280367,0.001967624,0,0,0,0,1,0,0,0,2,0,0,0,0,0,0,0,0,0,0,1
"E20HA05-02","C20","Chinese","Genuine","Happy 5 CN",18,2.125,0.2737674,0.5400143,0.001612656,0.04210391,0.002398395,0.000374856,0.00036057,0.002399498,0,0,0,0,1,0,0,0,2,0,0,0,0,0,0,0,0,0,0,1
"E20HA05-02","C20","Chinese","Genuine","Happy 5 CN",19,2.25,0.3043012,0.5409648,0.001253221,0.03225572,0.002282915,0.000577593,0.000317158,0.002312286,0,0,0,0,1,0,0,0,2,0,0,0,0,0,0,0,0,0,0,1
"E20HA05-02","C20","Chinese","Genuine","Happy 5 CN",20,2.375,0.3208791,0.5170519,0.001327902,0.02501283,0.002482366,0.000649878,0.000367614,0.002359862,0,0,0,0,1,0,0,0,1,0,0,0,0,0,0,0,0,0,0,1
"E20HA05-02","C20","Chinese","Genuine","Happy 5 CN",21,2.5,0.3723416,0.4833129,0.001239673,0.02265033,0.001991944,0.00055726,0.000317141,0.00209619,0,0,0,0,0,0,0,0,1,0,0,0,0,0,0,0,0,0,0,1
"E20HA05-02","C20","Chinese","Genuine","Happy 5 CN",22,2.625,0.3743165,0.4653045,0.001433098,0.02925031,0.001686117,0.000453315,0.000431063,0.00227527,0,0,0,0,0,0,0,0,1,0,0,0,0,0,0,0,0,0,0,2
"E20HA05-02","C20","Chinese","Genuine","Happy 5 CN",23,2.75,0.367486,0.4639748,0.00210066,0.03218656,0.001763955,0.000556491,0.00052154,0.003260811,0,0,0,0,0,0,0,0,1,0,0,0,0,0,0,0,0,0,0,2
"E20HA05-02","C20","Chinese","Genuine","Happy 5 CN",24,2.875,0.4137636,0.4289138,0.001987705,0.02572213,0.00197437,0.000761827,0.000451216,0.002696579,0,0,0,0,0,0,0,0,1,0,0,0,0,0,0,0,0,0,0,2
"E20HA05-02","C20","Chinese","Genuine","Happy 5 CN",25,3,0.4580147,0.3993841,0.001968056,0.02056301,0.001851037,0.000881632,0.000355259,0.002373172,0,0,0,0,0,0,0,0,1,0,0,0,0,0,0,0,0,0,0,2
"E20HA05-02","C20","Chinese","Genuine","Happy 5 CN",26,3.125,0.4646301,0.3824976,0.002253476,0.02028124,0.001895165,0.002131119,0.000354075,0.005590403,0,0,0,0,0,0,0,0,1,0,0,0,0,0,0,0,0,0,0,2
"E20HA05-02","C20","Chinese","Genuine","Happy 5 CN",27,3.25,0.4933376,0.3538392,0.001969682,0.02515663,0.001681232,0.001775725,0.000273474,0.005217158,0,0,0,0,0,0,0,0,1,0,0,0,0,0,0,0,0,0,0,1
"E20HA05-02","C20","Chinese","Genuine","Happy 5 CN",28,3.375,0.519551,0.3526045,0.002023493,0.02453785,0.001805252,0.001786986,0.000280708,0.009131731,0,0,0,0,0,0,0,0,1,0,0,0,0,0,0,0,0,0,0,1
"E20HA05-02","C20","Chinese","Genuine","Happy 5 CN",29,3.5,0.5437878,0.3542185,0.00193314,0.01902312,0.001596396,0.001828381,0.000240596,0.006312399,0,0,0,0,0,0,0,0,1,0,0,0,0,0,0,0,0,0,0,1
"E20HA05-02","C20","Chinese","Genuine","Happy 5 CN",30,3.625,0.5259579,0.3718022,0.001874176,0.01557427,0.001948958,0.001744614,0.000203984,0.00458668,0,0,0,0,0,0,0,0,1,0,0,0,0,0,0,0,0,0,0,1
"E20HA05-02","C20","Chinese","Genuine","Happy 5 CN",31,3.75,0.5868882,0.3565848,0.001494341,0.01716723,0.002366721,0.001449933,0.000189324,0.004460727,0,0,0,0,0,0,0,0,1,0,0,0,0,0,0,0,0,0,0,1
"E20HA05-02","C20","Chinese","Genuine","Happy 5 CN",32,3.875,0.6215209,0.3408439,0.001271803,0.0198006,0.002295209,0.001288232,0.000188455,0.004530589,0,0,0,0,0,0,0,0,1,0,0,0,0,0,0,0,0,0,0,1
"E20HA05-02","C20","Chinese","Genuine","Happy 5 CN",33,4,0.6002727,0.3543766,0.002561694,0.01707633,0.002260151,0.001456785,0.000186964,0.003574159,0,0,0,0,0,0,0,0,0,0,0,0,0,0,0,0,0,0,0,1
"E20HA05-02","C20","Chinese","Genuine","Happy 5 CN",34,4.125,0.6286673,0.3226513,0.002791353,0.01820234,0.001788994,0.001106692,0.000217196,0.004893105,0,0,0,0,0,0,0,0,0,0,0,0,0,0,0,0,0,0,0,1
"E20HA05-02","C20","Chinese","Genuine","Happy 5 CN",35,4.25,0.6961017,0.2639889,0.002734745,0.02167484,0.001711161,0.00149496,0.000211549,0.003599743,0,0,0,0,0,0,0,0,0,0,0,0,0,0,0,0,0,0,0,1
"E20HA05-02","C20","Chinese","Genuine","Happy 5 CN",36,4.375,0.7275419,0.2396184,0.002378299,0.0243244,0.00220783,0.002418574,0.000176077,0.003421414,0,0,0,0,0,0,0,0,0,0,0,0,0,0,0,0,0,0,0,1
"E20HA05-02","C20","Chinese","Genuine","Happy 5 CN",37,4.5,0.7669079,0.2036406,0.003176429,0.0396916,0.001888139,0.001927458,0.00013879,0.003668921,0,0,0,0,0,0,0,0,0,0,0,0,0,0,0,0,0,0,0,1
"E20HA06-01","C20","Chinese","Genuine","Happy 6 CN",1,0,0.9945682,0.00475262,0.00035024,0.007311366,0.005741546,0.000237413,0.000239167,0.05067557,0,0,0,0,0,0,0,0,0,0,0,0,0,0,0,0,0,0,0,0
"E20HA06-01","C20","Chinese","Genuine","Happy 6 CN",2,0.125,0.9890623,0.007708978,0.000687948,0.009622975,0.007323148,0.000448332,0.00124118,0.03895497,0,0,0,0,0,0,0,0,0,0,0,0,0,0,0,0,0,0,0,0
"E20HA06-01","C20","Chinese","Genuine","Happy 6 CN",3,0.25,0.9872597,0.01082033,0.000595059,0.008504087,0.008163977,0.000395762,0.001126826,0.03015571,0,0,0,0,0,0,0,0,0,0,0,0,0,0,0,0,0,0,0,0
"E20HA06-01","C20","Chinese","Genuine","Happy 6 CN",4,0.375,0.9741206,0.02162552,0.000438845,0.007012194,0.00884731,0.000340725,0.000834182,0.02400649,0,0,0,0,0,0,0,0,0,0,0,0,0,0,0,0,0,0,0,0
"E20HA06-01","C20","Chinese","Genuine","Happy 6 CN",5,0.5,0.8663253,0.06401401,0.000302933,0.00553477,0.01069588,0.000244213,0.000580378,0.01750572,0,0,0,0,0,0,0,0,0,0,0,0,0,0,0,0,0,0,0,0
"E20HA06-01","C20","Chinese","Genuine","Happy 6 CN",6,0.625,0.7460155,0.15692,0.000209361,0.004693204,0.009415169,0.000172716,0.0004052,0.01816131,0,0,0,0,0,0,0,0,1,0,0,0,0,0,0,0,0,0,0,0
"E20HA06-01","C20","Chinese","Genuine","Happy 6 CN",7,0.75,0.5725135,0.3309198,0.00015175,0.004428253,0.007304122,0.000129752,0.000301014,0.01280376,0,0,0,0,0,0,0,0,1,0,0,0,0,0,0,0,0,0,0,0
"E20HA06-01","C20","Chinese","Genuine","Happy 6 CN",8,0.875,0.4409072,0.4596452,0.000113255,0.004657121,0.005926766,0.000100585,0.000236887,0.009342644,0,0,0,0,1,0,0,0,1,0,0,0,0,0,0,0,0,0,0,0
"E20HA06-01","C20","Chinese","Genuine","Happy 6 CN",9,1,0.3324779,0.5785787,8.6936e-05,0.003571997,0.004811677,7.9935e-05,0.000168665,0.006767421,0,0,0,0,1,0,0,0,2,0,0,0,0,0,0,0,0,0,0,0
"E20HA06-01","C20","Chinese","Genuine","Happy 6 CN",10,1.125,0.2726279,0.6385129,7.6895e-05,0.003572071,0.004115087,6.7156e-05,0.000164437,0.005301486,0,0,0,0,1,0,0,0,2,0,0,0,0,0,0,0,0,0,0,0
"E20HA06-01","C20","Chinese","Genuine","Happy 6 CN",11,1.25,0.2194371,0.7052051,6.5126e-05,0.003187943,0.003371891,6.0888e-05,0.000125393,0.003753725,0,0,0,0,1,0,0,0,2,0,0,0,0,0,0,0,0,0,0,0
"E20HA06-01","C20","Chinese","Genuine","Happy 6 CN",12,1.375,0.1845063,0.7413805,7.7338e-05,0.00466536,0.002986837,6.9199e-05,0.000126551,0.00314568,0,0,0,0,1,0,0,0,2,0,0,0,0,0,0,0,0,0,0,1
"E20HA06-01","C20","Chinese","Genuine","Happy 6 CN",13,1.5,0.1532016,0.7717085,0.000196796,0.003630828,0.002578178,0.00125286,0.000359642,0.002257874,0,0,0,0,1,0,0,0,2,0,0,0,0,0,0,0,0,0,0,1
"E20HA06-01","C20","Chinese","Genuine","Happy 6 CN",14,1.625,0.1237906,0.8063744,0.000213228,0.002735501,0.002439964,0.001601385,0.000347515,0.002050686,0,0,0,0,1,0,0,0,2,0,0,0,0,0,0,0,1,0,0,1
"E20HA06-01","C20","Chinese","Genuine","Happy 6 CN",15,1.75,0.09245586,0.852452,0.000203196,0.001944308,0.002189611,0.001363617,0.000284063,0.001619605,0,0,0,0,1,0,0,0,2,0,0,0,0,0,0,0,1,0,0,1
"E20HA06-01","C20","Chinese","Genuine","Happy 6 CN",16,1.875,0.07061622,0.8846025,0.000167076,0.001459441,0.001969425,0.001182356,0.000233899,0.001190751,0,0,0,0,1,0,0,0,3,0,0,0,0,0,0,0,1,0,0,1
"E20HA06-01","C20","Chinese","Genuine","Happy 6 CN",17,2,0.07054202,0.8778225,0.000190074,0.001323715,0.002378367,0.001099508,0.000366176,0.000993669,0,0,0,0,1,0,0,0,3,0,0,0,0,0,0,0,1,0,0,1
"E20HA06-01","C20","Chinese","Genuine","Happy 6 CN",18,2.125,0.07061497,0.8733993,0.000190513,0.001386954,0.004467726,0.001048973,0.000388349,0.000730971,0,0,0,0,1,0,0,0,3,0,0,0,0,0,0,0,1,0,0,1
"E20HA06-01","C20","Chinese","Genuine","Happy 6 CN",19,2.25,0.06755169,0.8779696,0.000197762,0.001239742,0.003479928,0.000926944,0.000384226,0.000602694,0,0,0,0,1,0,0,0,3,0,0,0,0,0,0,0,1,0,0,1
"E20HA06-01","C20","Chinese","Genuine","Happy 6 CN",20,2.375,0.07656264,0.8677622,0.000197578,0.001173475,0.002625404,0.000847552,0.00054142,0.000951853,0,0,0,0,1,0,0,0,3,0,0,0,0,0,0,0,1,0,0,1
"E20HA06-01","C20","Chinese","Genuine","Happy 6 CN",21,2.5,0.1351617,0.765885,0.000189672,0.004218444,0.002099499,0.00070206,0.000598344,0.001588848,0,0,0,0,1,0,0,0,3,0,0,0,0,0,0,0,1,0,0,1
"E20HA06-01","C20","Chinese","Genuine","Happy 6 CN",22,2.625,0.1463624,0.7446883,0.000333467,0.005427173,0.001657587,0.000557761,0.000639182,0.00238368,0,0,0,0,1,1,0,0,2,0,0,0,0,0,0,0,1,0,0,1
"E20HA06-01","C20","Chinese","Genuine","Happy 6 CN",23,2.75,0.1378819,0.766574,0.000244776,0.005407399,0.001410037,0.00040169,0.000464817,0.002079525,0,0,0,0,1,1,0,0,2,0,0,0,0,0,0,0,1,0,0,1
"E20HA06-01","C20","Chinese","Genuine","Happy 6 CN",24,2.875,0.1864039,0.7053238,0.000204768,0.005503728,0.001393638,0.00032984,0.000392835,0.002048072,0,0,0,0,1,0,0,0,2,0,0,0,0,0,0,0,1,0,0,1
"E20HA06-01","C20","Chinese","Genuine","Happy 6 CN",25,3,0.2184279,0.6544231,0.000214647,0.01046309,0.001126457,0.000258647,0.000334657,0.002651022,0,0,0,0,1,0,0,0,2,0,0,0,0,0,0,0,1,0,0,1
"E20HA06-01","C20","Chinese","Genuine","Happy 6 CN",26,3.125,0.2220916,0.6719267,0.000226853,0.009863588,0.001133868,0.000204974,0.000262543,0.002091693,0,0,0,0,1,0,0,0,2,0,0,0,0,0,0,0,0,0,0,1
"E20HA06-01","C20","Chinese","Genuine","Happy 6 CN",27,3.25,0.2279067,0.6571973,0.000291442,0.009527085,0.001117192,0.000202537,0.00026293,0.002702164,0,0,0,0,1,0,0,0,1,0,0,0,0,0,0,0,0,0,0,1
"E20HA06-01","C20","Chinese","Genuine","Happy 6 CN",28,3.375,0.2332612,0.66888,0.000249092,0.01150719,0.000970003,0.000156383,0.000208745,0.00229342,0,0,0,0,1,0,0,0,1,0,0,0,0,0,0,0,0,0,0,1
"E20HA06-01","C20","Chinese","Genuine","Happy 6 CN",29,3.5,0.2549493,0.6281633,0.000226103,0.01085504,0.001335074,0.000151353,0.00018654,0.002448495,0,0,0,0,1,0,0,0,1,0,0,0,0,0,0,0,0,0,0,1
"E20HA06-01","C20","Chinese","Genuine","Happy 6 CN",30,3.625,0.2607985,0.6219768,0.000251084,0.0145599,0.001240259,0.00014304,0.00015294,0.001953784,0,0,0,0,1,0,0,0,1,0,0,0,0,0,0,0,0,0,0,1
"E20HA06-01","C20","Chinese","Genuine","Happy 6 CN",31,3.75,0.2482742,0.6278918,0.000250606,0.01398836,0.001477349,0.000133754,0.000163357,0.002308016,0,0,0,0,1,0,0,0,1,0,0,0,0,0,0,0,0,0,0,1
"E20HA06-01","C20","Chinese","Genuine","Happy 6 CN",32,3.875,0.2586782,0.6437715,0.000329634,0.01419497,0.001845265,0.000146913,0.000192942,0.001676015,0,0,0,0,1,0,0,0,1,0,0,0,0,0,0,0,0,0,0,1
"E20HA06-01","C20","Chinese","Genuine","Happy 6 CN",33,4,0.2688554,0.6375894,0.000361073,0.01812481,0.001907506,0.000225061,0.000156711,0.001163487,0,0,0,0,1,0,0,0,1,0,0,0,0,0,0,0,0,0,0,1
"E20HA06-01","C20","Chinese","Genuine","Happy 6 CN",34,4.125,0.2665963,0.6237046,0.00033532,0.02024301,0.002037792,0.000309933,0.000156846,0.001249302,0,0,0,0,1,0,0,0,1,0,0,0,0,0,0,0,0,0,0,1
"E20HA06-01","C20","Chinese","Genuine","Happy 6 CN",35,4.25,0.2545099,0.6309906,0.000340715,0.01798023,0.001997836,0.000291582,0.000139753,0.002234213,0,0,0,0,1,0,0,0,1,0,0,0,0,0,0,0,0,0,0,1
"E20HA06-01","C20","Chinese","Genuine","Happy 6 CN",36,4.375,0.2911329,0.6123019,0.000658434,0.02302715,0.002780084,0.000256561,0.000175202,0.003720951,0,0,0,0,1,0,0,0,1,0,0,0,0,0,0,0,0,0,0,1
"E20HA06-01","C20","Chinese","Genuine","Happy 6 CN",37,4.5,0.3347513,0.5904933,0.000585523,0.02427932,0.00311275,0.000231358,0.000272021,0.00516306,0,0,0,0,1,0,0,0,1,0,0,0,0,0,0,0,0,0,0,1
"E20HA06-02","C20","Chinese","Genuine","Happy 6 CN",1,0,0.7894102,0.2366145,0.000335958,0.02064926,0.009043295,0.000124433,0.000275297,0.009351145,0,0,0,0,0,0,0,0,0,0,0,0,0,0,0,0,0,0,0,0
"E20HA06-02","C20","Chinese","Genuine","Happy 6 CN",2,0.125,0.6939195,0.2606308,0.000425153,0.01769484,0.007882687,0.00012305,0.000268901,0.007603009,0,0,0,0,1,0,0,0,0,0,0,0,0,0,0,0,0,0,0,0
"E20HA06-02","C20","Chinese","Genuine","Happy 6 CN",3,0.25,0.6606665,0.2723457,0.000366454,0.01823139,0.006307067,0.000106801,0.000276968,0.006245954,0,0,0,0,1,0,0,0,1,0,0,0,0,0,0,0,0,0,0,0
"E20HA06-02","C20","Chinese","Genuine","Happy 6 CN",4,0.375,0.6182277,0.250139,0.000284164,0.01676782,0.005588243,0.000127429,0.00035965,0.01033383,0,0,0,0,1,0,0,0,1,0,0,0,0,0,0,0,0,0,0,0
"E20HA06-02","C20","Chinese","Genuine","Happy 6 CN",5,0.5,0.5966074,0.2738653,0.000271481,0.01421746,0.005399738,0.000122615,0.00040441,0.009155951,0,0,0,0,1,0,0,0,1,0,0,0,0,0,0,0,0,0,0,0
"E20HA06-02","C20","Chinese","Genuine","Happy 6 CN",6,0.625,0.5832462,0.2879053,0.000270177,0.01638849,0.005710067,0.000127724,0.000390484,0.008909904,0,0,0,0,1,0,0,0,1,0,0,0,0,0,0,0,0,0,0,0
"E20HA06-02","C20","Chinese","Genuine","Happy 6 CN",7,0.75,0.5328107,0.3400319,0.000305944,0.0137754,0.005455732,0.000121231,0.00045261,0.00858101,0,0,0,0,1,0,0,0,1,0,0,0,0,0,0,0,0,0,0,0
"E20HA06-02","C20","Chinese","Genuine","Happy 6 CN",8,0.875,0.4912956,0.3653373,0.000274179,0.01183405,0.004545396,9.1165e-05,0.000395881,0.008967582,0,0,0,0,1,0,0,0,1,0,0,0,0,0,0,0,0,0,0,0
"E20HA06-02","C20","Chinese","Genuine","Happy 6 CN",9,1,0.4280505,0.4218038,0.000224835,0.01154696,0.004856851,6.9317e-05,0.000347558,0.00691822,0,0,0,0,1,0,0,0,1,0,0,0,0,0,0,0,0,0,0,0
"E20HA06-02","C20","Chinese","Genuine","Happy 6 CN",10,1.125,0.3700866,0.4612796,0.00018855,0.01012755,0.003984435,5.1667e-05,0.000274233,0.004932255,0,0,0,0,1,0,0,0,1,0,0,0,0,0,0,0,0,0,0,0
"E20HA06-02","C20","Chinese","Genuine","Happy 6 CN",11,1.25,0.3366165,0.4747608,0.000209234,0.01596901,0.003260815,5.0329e-05,0.000205618,0.003697299,0,0,0,0,1,0,0,0,1,0,0,0,0,0,0,0,0,0,0,0
"E20HA06-02","C20","Chinese","Genuine","Happy 6 CN",12,1.375,0.3224934,0.4814369,0.000191998,0.01578797,0.003045861,4.203e-05,0.000172958,0.003623556,0,0,0,0,1,0,0,0,1,0,0,0,0,0,0,0,0,0,0,0
"E20HA06-02","C20","Chinese","Genuine","Happy 6 CN",13,1.5,0.2900824,0.5126244,0.000228452,0.01556765,0.003486136,4.4723e-05,0.000137761,0.002549954,0,0,0,0,1,0,0,0,1,0,0,0,0,0,0,0,0,0,0,0
"E20HA06-02","C20","Chinese","Genuine","Happy 6 CN",14,1.625,0.290996,0.510114,0.000286909,0.0162041,0.003131911,4.6482e-05,0.000113449,0.002535359,0,0,0,0,1,0,0,0,1,0,0,0,0,0,0,0,0,0,0,0
"E20HA06-02","C20","Chinese","Genuine","Happy 6 CN",15,1.75,0.279922,0.5116674,0.000213029,0.01547127,0.003788528,4.1635e-05,8.6666e-05,0.00266381,0,0,0,0,1,0,0,0,1,0,0,0,0,0,0,0,0,0,0,0
"E20HA06-02","C20","Chinese","Genuine","Happy 6 CN",16,1.875,0.2895713,0.4769176,0.00021739,0.01514384,0.004229669,4.6161e-05,7.6689e-05,0.002623273,0,0,0,0,1,0,0,0,1,0,0,0,0,0,0,0,0,0,0,0
"E20HA06-02","C20","Chinese","Genuine","Happy 6 CN",17,2,0.2953047,0.4780946,0.000267179,0.01443277,0.00478809,5.3358e-05,9.388e-05,0.00344985,0,0,0,0,1,0,0,0,1,0,0,0,0,0,0,0,0,0,0,0
"E20HA06-02","C20","Chinese","Genuine","Happy 6 CN",18,2.125,0.2916062,0.4810733,0.000288549,0.01450693,0.004918082,5.4298e-05,0.000154953,0.003191938,0,0,0,0,1,0,0,0,1,0,0,0,0,0,0,0,0,0,0,0
"E20HA06-02","C20","Chinese","Genuine","Happy 6 CN",19,2.25,0.2816355,0.4958204,0.000373909,0.01425525,0.004065011,4.4154e-05,0.000283216,0.002197675,0,0,0,0,1,0,0,0,1,0,0,0,0,0,0,0,0,0,0,1
"E20HA06-02","C20","Chinese","Genuine","Happy 6 CN",20,2.375,0.277297,0.4915716,0.000378708,0.01381894,0.003446927,3.5911e-05,0.000259087,0.002747953,0,0,0,0,1,0,0,0,1,0,0,0,0,0,0,0,0,0,0,1
"E20HA06-02","C20","Chinese","Genuine","Happy 6 CN",21,2.5,0.2771962,0.5007836,0.000375027,0.01119797,0.003428533,6.3808e-05,0.000218578,0.003247572,0,0,0,0,1,0,0,0,1,0,0,0,0,0,0,0,0,0,0,1
"E20HA06-02","C20","Chinese","Genuine","Happy 6 CN",22,2.625,0.250971,0.541349,0.000605846,0.01001436,0.003448096,6.9891e-05,0.000232593,0.002443889,0,0,0,0,1,0,0,0,1,0,0,0,0,0,0,0,0,0,0,1
"E20HA06-02","C20","Chinese","Genuine","Happy 6 CN",23,2.75,0.2404769,0.5688406,0.000528875,0.009711303,0.003339822,5.6977e-05,0.000353421,0.004395147,0,0,0,0,1,1,0,0,1,0,0,0,0,0,0,0,0,0,0,1
"E20HA06-02","C20","Chinese","Genuine","Happy 6 CN",24,2.875,0.2421475,0.5760565,0.000526278,0.009718175,0.003586799,6.4725e-05,0.000370388,0.003068862,0,0,0,0,1,1,0,0,1,0,0,0,0,0,0,0,0,0,0,1
"E20HA06-02","C20","Chinese","Genuine","Happy 6 CN",25,3,0.2499935,0.5713807,0.000575997,0.01135387,0.003467162,6.4502e-05,0.000356606,0.002250753,0,0,0,0,1,0,0,0,1,0,0,0,0,0,0,0,0,0,0,1
"E20HA06-02","C20","Chinese","Genuine","Happy 6 CN",26,3.125,0.2754407,0.5246961,0.000652897,0.01459633,0.003684365,6.694e-05,0.000395018,0.001828891,0,0,0,0,1,0,0,0,1,0,0,0,0,0,0,0,0,0,0,1
"E20HA06-02","C20","Chinese","Genuine","Happy 6 CN",27,3.25,0.2877199,0.4921264,0.000717049,0.0161048,0.004745327,0.000150641,0.000704824,0.001865243,0,0,0,0,1,0,0,0,1,0,0,0,0,0,0,0,0,0,0,1
"E20HA06-02","C20","Chinese","Genuine","Happy 6 CN",28,3.375,0.3146882,0.4617585,0.000687409,0.01966944,0.004218654,0.000174906,0.000617726,0.005108326,0,0,0,0,1,0,0,0,1,0,0,0,0,0,0,0,0,0,0,1
"E20HA06-02","C20","Chinese","Genuine","Happy 6 CN",29,3.5,0.3114534,0.4626285,0.000669714,0.02095648,0.004890497,0.000187891,0.000560045,0.005771242,0,0,0,0,1,0,0,0,1,0,0,0,0,0,0,0,0,0,0,1
"E20HA06-02","C20","Chinese","Genuine","Happy 6 CN",30,3.625,0.2995511,0.4801986,0.000738854,0.02114914,0.005142374,0.000217901,0.000512848,0.00434537,0,0,0,0,1,0,0,0,1,0,0,0,0,0,0,0,0,0,0,1
"E20HA06-02","C20","Chinese","Genuine","Happy 6 CN",31,3.75,0.3210386,0.4376674,0.00100698,0.02370267,0.005250703,0.000319678,0.000546209,0.003695248,0,0,0,0,1,0,0,0,0,0,0,0,0,0,0,0,0,0,0,1
"E20HA06-02","C20","Chinese","Genuine","Happy 6 CN",32,3.875,0.3480523,0.3926432,0.001977849,0.0201082,0.004770614,0.000316631,0.000524839,0.004365465,0,0,0,0,1,0,0,0,0,0,0,0,0,0,0,0,0,0,0,1
"E20HA06-02","C20","Chinese","Genuine","Happy 6 CN",33,4,0.3989744,0.3383309,0.001784355,0.02379333,0.005250027,0.00050054,0.000602814,0.006915438,0,0,0,0,1,0,0,0,0,0,0,0,0,0,0,0,0,0,0,1
"E20HA06-02","C20","Chinese","Genuine","Happy 6 CN",34,4.125,0.4012529,0.3218693,0.001682926,0.02323304,0.004864575,0.000548642,0.000600798,0.006400832,0,0,0,0,1,0,0,0,0,0,0,0,0,0,0,0,0,0,0,1
"E20HA06-02","C20","Chinese","Genuine","Happy 6 CN",35,4.25,0.3735899,0.3567069,0.001565297,0.02325379,0.004265076,0.000468213,0.000614335,0.005119855,0,0,0,0,1,0,0,0,0,0,0,0,0,0,0,0,0,0,0,1
"E20HA06-02","C20","Chinese","Genuine","Happy 6 CN",36,4.375,0.3940884,0.3207812,0.001209292,0.02343904,0.004021068,0.000617669,0.000590596,0.006149247,0,0,0,0,1,0,0,0,0,0,0,0,0,0,0,0,0,0,0,1
"E20HA06-02","C20","Chinese","Genuine","Happy 6 CN",37,4.5,0.4278156,0.2916138,0.000986734,0.02445487,0.003602966,0.000622923,0.000505719,0.004949575,0,0,0,0,1,0,0,0,0,0,0,0,0,0,0,0,0,0,0,1
"E20HA06-02","C20","Chinese","Genuine","Happy 6 CN",38,4.625,0.4316797,0.278464,0.001052659,0.02337669,0.003447883,0.000563303,0.000570864,0.004025665,0,0,0,0,1,0,0,0,0,0,0,0,0,0,0,0,0,0,0,1
"E20HA06-02","C20","Chinese","Genuine","Happy 6 CN",39,4.75,0.4280298,0.2853749,0.001229145,0.02073177,0.003172868,0.000561791,0.000539306,0.003190174,0,0,0,0,1,0,0,0,0,0,0,0,0,0,0,0,0,0,0,1
"E20HA06-02","C20","Chinese","Genuine","Happy 6 CN",40,4.875,0.4047953,0.3069662,0.001285361,0.01623136,0.003229815,0.000693282,0.000533647,0.004221318,0,0,0,0,1,0,0,0,0,0,0,0,0,0,0,0,0,0,0,1
"E20HA06-03","C20","Chinese","Genuine","Happy 6 CN",1,0,0.8339618,0.1532823,0.000668044,0.04195803,0.01509472,0.000536821,0.000165811,0.007757414,0,0,0,0,0,0,0,0,0,0,0,0,0,0,0,0,0,0,0,0
"E20HA06-03","C20","Chinese","Genuine","Happy 6 CN",2,0.125,0.8571948,0.1343092,0.000634205,0.04271273,0.01232063,0.000629194,0.000336968,0.01112898,0,0,0,0,0,0,0,0,0,0,0,0,0,0,0,0,0,0,0,0
"E20HA06-03","C20","Chinese","Genuine","Happy 6 CN",3,0.25,0.8849435,0.113856,0.000587774,0.04447489,0.01059057,0.000554199,0.000300272,0.01010694,0,0,0,0,0,0,0,0,0,0,0,0,0,0,0,0,0,0,0,0
"E20HA06-03","C20","Chinese","Genuine","Happy 6 CN",4,0.375,0.8320717,0.1684403,0.000571343,0.03679874,0.01019429,0.000465212,0.000330309,0.008950324,0,0,0,0,0,0,0,0,1,0,0,0,0,0,0,0,0,0,0,0
"E20HA06-03","C20","Chinese","Genuine","Happy 6 CN",5,0.5,0.7282112,0.267303,0.00044393,0.03957687,0.00869503,0.000440166,0.000295425,0.006458235,0,0,0,0,0,0,0,0,1,0,0,0,0,0,0,0,0,0,0,0
"E20HA06-03","C20","Chinese","Genuine","Happy 6 CN",6,0.625,0.6553511,0.3302289,0.000352478,0.03983062,0.007407716,0.000363617,0.000341871,0.004441045,0,0,0,0,1,0,0,0,1,0,0,0,0,0,0,0,0,0,0,0
"E20HA06-03","C20","Chinese","Genuine","Happy 6 CN",7,0.75,0.6053556,0.3952452,0.000316246,0.03552876,0.006527145,0.000323906,0.000370145,0.003092495,0,0,0,0,1,0,0,0,1,0,0,0,0,0,0,0,0,0,0,0
"E20HA06-03","C20","Chinese","Genuine","Happy 6 CN",8,0.875,0.5787716,0.4006499,0.000337231,0.03111137,0.006894109,0.000272229,0.000516985,0.002204377,0,0,0,0,1,0,0,0,1,0,0,0,0,0,0,0,0,0,0,0
"E20HA06-03","C20","Chinese","Genuine","Happy 6 CN",9,1,0.5759878,0.4018486,0.000275522,0.02747523,0.007072679,0.00022183,0.000524437,0.001905094,0,0,0,0,1,0,0,0,1,0,0,0,0,0,0,0,0,0,0,0
"E20HA06-03","C20","Chinese","Genuine","Happy 6 CN",10,1.125,0.5250621,0.4172987,0.00029947,0.02386011,0.006901691,0.000186555,0.000553575,0.001847798,0,0,0,0,1,0,0,0,1,0,0,0,0,0,0,0,0,0,0,0
"E20HA06-03","C20","Chinese","Genuine","Happy 6 CN",11,1.25,0.4847107,0.4579072,0.000380201,0.01981012,0.006277933,0.000166272,0.000455973,0.001871092,0,0,0,0,1,0,0,0,1,0,0,0,0,0,0,0,0,0,0,1
"E20HA06-03","C20","Chinese","Genuine","Happy 6 CN",12,1.375,0.4398563,0.4992652,0.000303425,0.0171467,0.005921471,0.000161085,0.000405477,0.001458586,0,0,0,0,1,0,0,0,1,0,0,0,0,0,0,0,0,0,0,1
"E20HA06-03","C20","Chinese","Genuine","Happy 6 CN",13,1.5,0.3663919,0.5683915,0.000444518,0.01538392,0.00493505,0.000182121,0.00047062,0.002138051,0,0,0,0,1,0,0,0,1,0,0,0,0,0,0,0,0,0,0,1
"E20HA06-03","C20","Chinese","Genuine","Happy 6 CN",14,1.625,0.3364252,0.5917705,0.000404043,0.01431072,0.005463849,0.000190229,0.000399295,0.002126579,0,0,0,0,1,0,0,0,1,0,0,0,0,0,0,0,0,0,0,1
"E20HA06-03","C20","Chinese","Genuine","Happy 6 CN",15,1.75,0.346669,0.5540907,0.000313374,0.01442114,0.005660015,0.000147134,0.000354977,0.001894328,0,0,0,0,1,0,0,0,1,0,0,0,0,0,0,0,0,0,0,1
"E20HA06-03","C20","Chinese","Genuine","Happy 6 CN",16,1.875,0.3407221,0.5762572,0.000264357,0.01198357,0.005794533,0.000145231,0.000296977,0.001581176,0,0,0,0,1,0,0,0,1,0,0,0,0,0,0,0,0,0,0,1
"E20HA06-03","C20","Chinese","Genuine","Happy 6 CN",17,2,0.3351591,0.594866,0.000257119,0.01137902,0.005814598,0.000135699,0.000328755,0.001558529,0,0,0,0,1,0,0,0,1,0,0,0,0,0,0,0,0,0,0,1
"E20HA06-03","C20","Chinese","Genuine","Happy 6 CN",18,2.125,0.3500533,0.5752302,0.000293115,0.0123269,0.005975001,0.000148966,0.000380618,0.001071732,0,0,0,0,1,0,0,0,1,0,0,0,0,0,0,0,0,0,0,1
"E20HA06-03","C20","Chinese","Genuine","Happy 6 CN",19,2.25,0.4049598,0.521044,0.000256791,0.01490149,0.006241141,0.000147941,0.000608409,0.001050457,0,0,0,0,1,0,0,0,1,0,0,0,0,0,0,0,0,0,0,1
"E20HA06-03","C20","Chinese","Genuine","Happy 6 CN",20,2.375,0.4055614,0.5371369,0.000289078,0.01394177,0.006358572,0.000124445,0.00064077,0.001115699,0,0,0,0,1,0,0,0,1,0,0,0,0,0,0,0,0,0,0,1
"E20HA06-03","C20","Chinese","Genuine","Happy 6 CN",21,2.5,0.4019024,0.5325835,0.000300609,0.01519898,0.005820461,0.00010591,0.00067086,0.001032437,0,0,0,0,1,0,0,0,1,0,0,0,0,0,0,0,0,0,0,1
"E20HA06-03","C20","Chinese","Genuine","Happy 6 CN",22,2.625,0.394087,0.5351072,0.000328292,0.01557453,0.007055557,0.000146701,0.000676965,0.001381953,0,0,0,0,1,0,0,0,1,0,0,0,0,0,0,0,0,0,0,1
"E20HA06-03","C20","Chinese","Genuine","Happy 6 CN",23,2.75,0.3904378,0.5182808,0.000407434,0.01603683,0.005500714,0.000163901,0.0006774,0.00347808,0,0,0,0,1,0,0,0,1,0,0,0,0,0,0,0,0,0,0,1
"E20HA06-03","C20","Chinese","Genuine","Happy 6 CN",24,2.875,0.3884864,0.5098612,0.000563206,0.01938007,0.005565052,0.000155833,0.000796096,0.00269237,0,0,0,0,1,0,0,0,1,0,0,0,0,0,0,0,0,0,0,1
"E20HA06-03","C20","Chinese","Genuine","Happy 6 CN",25,3,0.3706454,0.5043575,0.000588899,0.01913565,0.005915387,0.000279798,0.00080373,0.001929919,0,0,0,0,1,0,0,0,1,0,0,0,0,0,0,0,0,0,0,1
"E20HA06-03","C20","Chinese","Genuine","Happy 6 CN",26,3.125,0.4730687,0.4135083,0.00049862,0.01432224,0.004646401,0.000199651,0.000759149,0.003508687,0,0,0,0,1,0,0,0,1,0,0,0,0,0,0,0,0,0,0,1
"E20HA06-03","C20","Chinese","Genuine","Happy 6 CN",27,3.25,0.538447,0.3511776,0.000454207,0.01232899,0.003788502,0.000170203,0.000821219,0.003237137,0,0,0,0,1,0,0,0,1,0,0,0,0,0,0,0,0,0,0,1
"E20HA06-03","C20","Chinese","Genuine","Happy 6 CN",28,3.375,0.5551632,0.3582859,0.000381397,0.01252129,0.003633083,0.00013893,0.000632952,0.002455274,0,0,0,0,1,0,0,0,1,0,0,0,0,0,0,0,0,0,0,1
"E20HA06-03","C20","Chinese","Genuine","Happy 6 CN",29,3.5,0.5741138,0.360162,0.00031631,0.01986097,0.004577281,0.000154613,0.000607437,0.002447221,0,0,0,0,1,0,0,0,1,0,0,0,0,0,0,0,0,0,0,1
"E20HA06-03","C20","Chinese","Genuine","Happy 6 CN",30,3.625,0.6015541,0.3468755,0.000255987,0.02537551,0.004900476,0.000128454,0.000571636,0.00190473,0,0,0,0,1,0,0,0,1,0,0,0,0,0,0,0,0,0,0,1
"E20HA06-03","C20","Chinese","Genuine","Happy 6 CN",31,3.75,0.637401,0.3271825,0.000197811,0.02702082,0.005085167,0.000134617,0.000496916,0.00158607,0,0,0,0,1,0,0,0,1,0,0,0,0,0,0,0,0,0,0,1
"E20HA06-03","C20","Chinese","Genuine","Happy 6 CN",32,3.875,0.6538768,0.3227662,0.000204252,0.02642063,0.004685448,0.000156994,0.000414612,0.001300075,0,0,0,0,1,0,0,0,1,0,0,0,0,0,0,0,0,0,0,1
"E22HA01-03","C22","Chinese","Genuine","Happy 1 CN",1,0,0.4136725,0.009109163,0.1728808,0.05714073,0.000242245,0.000296006,0.09140736,0.004616171,0,0,1,0,0,1,1,0,0,0,0,1,0,0,0,0,0,0,0,4
"E22HA01-03","C22","Chinese","Genuine","Happy 1 CN",2,0.125,0.4157931,0.01114891,0.1639961,0.04810448,0.000219359,0.000244327,0.1126641,0.005780845,0,0,1,0,0,1,1,0,0,0,0,1,0,0,0,0,0,0,0,4
"E22HA01-03","C22","Chinese","Genuine","Happy 1 CN",3,0.25,0.4094794,0.01325626,0.1780617,0.03809113,0.00021556,0.000194171,0.1256306,0.006908344,0,0,1,0,0,1,1,0,0,0,0,1,0,0,0,0,0,0,0,4
"E22HA01-03","C22","Chinese","Genuine","Happy 1 CN",4,0.375,0.3873988,0.0174766,0.2231793,0.02905965,0.00017404,0.000156803,0.1468855,0.01195942,0,0,1,0,0,1,1,0,0,0,0,1,0,0,0,0,0,0,0,4
"E22HA01-03","C22","Chinese","Genuine","Happy 1 CN",5,0.5,0.4045181,0.02679211,0.1896317,0.02659151,0.000134525,0.000137911,0.1308321,0.01333558,0,0,1,0,0,1,1,0,0,0,0,1,0,0,0,0,0,0,0,4
"E22HA01-03","C22","Chinese","Genuine","Happy 1 CN",6,0.625,0.4125134,0.02853703,0.1741027,0.02645442,0.000140163,0.000153654,0.1116448,0.01289879,0,0,1,0,0,1,1,0,1,0,0,1,0,0,0,0,0,0,0,4
"E22HA01-03","C22","Chinese","Genuine","Happy 1 CN",7,0.75,0.4219838,0.03341192,0.1554926,0.0267287,0.000150653,0.000189452,0.09849622,0.01372215,0,0,1,0,0,1,1,0,1,0,0,1,0,0,0,0,0,0,0,4
"E22HA01-03","C22","Chinese","Genuine","Happy 1 CN",8,0.875,0.4305578,0.03754083,0.1385801,0.0243648,0.000140761,0.000179505,0.09349691,0.01406855,0,0,1,0,0,1,1,0,1,0,0,1,0,0,0,0,0,0,0,4
"E22HA01-03","C22","Chinese","Genuine","Happy 1 CN",9,1,0.4368131,0.03763947,0.1208711,0.02516579,0.000123959,0.000175566,0.09519958,0.01646808,0,0,1,0,1,1,1,0,1,0,0,1,0,0,0,0,0,0,0,4
"E22HA01-03","C22","Chinese","Genuine","Happy 1 CN",10,1.125,0.4399281,0.05914903,0.1085353,0.02695244,0.000111433,0.000190225,0.07781363,0.02101924,0,0,1,0,1,1,1,0,1,0,0,1,0,0,0,0,0,0,0,4
"E22HA01-03","C22","Chinese","Genuine","Happy 1 CN",11,1.25,0.448358,0.06076153,0.09154958,0.02703801,9.3283e-05,0.000203272,0.07420104,0.0231775,0,0,1,0,1,1,2,0,1,0,0,0,0,0,0,0,0,0,0,4
"E22HA01-03","C22","Chinese","Genuine","Happy 1 CN",12,1.375,0.4499944,0.06206733,0.0867245,0.02691829,7.7105e-05,0.000194875,0.08005115,0.02613878,0,0,1,0,1,1,2,0,1,0,0,0,0,0,0,0,0,0,0,5
"E22HA01-03","C22","Chinese","Genuine","Happy 1 CN",13,1.5,0.450114,0.06386942,0.0877647,0.02478142,6.6967e-05,0.000186036,0.08606584,0.02617895,0,0,1,0,1,1,2,0,1,0,0,0,0,0,0,0,0,0,0,5
"E22HA01-03","C22","Chinese","Genuine","Happy 1 CN",14,1.625,0.4496693,0.06579185,0.09242485,0.02401712,6.2804e-05,0.000176097,0.0801767,0.02538163,0,0,1,0,1,1,2,0,1,0,0,0,0,0,0,0,0,0,0,5
"E22HA01-03","C22","Chinese","Genuine","Happy 1 CN",15,1.75,0.4507918,0.06740206,0.09277274,0.02352265,6.1356e-05,0.000190573,0.07894578,0.01946414,0,0,1,0,1,1,2,0,1,0,0,0,0,0,0,0,0,0,0,5
"E22HA01-03","C22","Chinese","Genuine","Happy 1 CN",16,1.875,0.4510911,0.06714411,0.09396307,0.02299697,6.7679e-05,0.000189322,0.08276582,0.01833718,0,0,1,0,1,1,2,0,1,0,0,0,0,0,0,0,0,0,0,5
"E22HA01-03","C22","Chinese","Genuine","Happy 1 CN",17,2,0.4437444,0.06238528,0.09416945,0.0210916,8.6253e-05,0.000189404,0.1021885,0.0174311,0,0,1,0,1,1,2,0,1,0,0,0,0,0,0,0,0,0,0,5
"E22HA01-03","C22","Chinese","Genuine","Happy 1 CN",18,2.125,0.4432822,0.05984616,0.1007535,0.0193608,9.5071e-05,0.000196697,0.1063748,0.01912302,0,0,1,0,1,1,2,0,1,0,0,0,0,0,0,0,0,0,0,5
"E22HA01-03","C22","Chinese","Genuine","Happy 1 CN",19,2.25,0.4410779,0.05549008,0.108291,0.01760591,8.8855e-05,0.000205509,0.1130434,0.01625321,0,0,1,0,1,1,2,0,1,0,0,0,0,0,0,0,0,0,0,5
"E22HA01-03","C22","Chinese","Genuine","Happy 1 CN",20,2.375,0.4410791,0.05010706,0.1025288,0.0175207,9.9115e-05,0.000203996,0.1145775,0.01503012,0,0,1,0,1,1,2,0,1,0,0,0,0,0,0,0,0,0,0,5
"E22HA01-03","C22","Chinese","Genuine","Happy 1 CN",21,2.5,0.4365867,0.04054023,0.1007077,0.01698593,0.000104736,0.000219068,0.1246377,0.01409337,0,0,1,0,0,1,2,0,1,0,0,0,0,0,0,0,0,0,0,5
"E22HA01-03","C22","Chinese","Genuine","Happy 1 CN",22,2.625,0.4295183,0.03746283,0.09581089,0.01721707,0.000121697,0.000246342,0.1395418,0.01614439,0,0,1,0,0,1,2,0,1,0,0,0,0,0,0,0,0,0,0,5
"E22HA01-03","C22","Chinese","Genuine","Happy 1 CN",23,2.75,0.4339515,0.03485902,0.1007737,0.01749587,0.000114471,0.000221563,0.1312522,0.02133083,0,0,1,0,0,1,2,0,1,0,0,0,0,0,0,0,0,0,0,5
"E22HA01-03","C22","Chinese","Genuine","Happy 1 CN",24,2.875,0.4349585,0.04121072,0.1086513,0.01781782,9.5408e-05,0.000203955,0.1146115,0.03202593,0,0,1,0,0,1,2,0,1,0,0,0,0,0,0,0,0,0,0,5
"E22HA01-03","C22","Chinese","Genuine","Happy 1 CN",25,3,0.4352558,0.04359249,0.1052138,0.01614151,8.6511e-05,0.000214813,0.1189676,0.04413428,0,0,1,0,0,1,2,0,1,0,0,0,0,0,0,0,0,0,0,5
"E22HA01-03","C22","Chinese","Genuine","Happy 1 CN",26,3.125,0.438219,0.04759216,0.1013791,0.01537035,7.8816e-05,0.000210735,0.1164881,0.04053234,0,0,1,0,0,1,2,0,1,0,0,0,0,0,0,0,0,0,0,4
"E22HA01-03","C22","Chinese","Genuine","Happy 1 CN",27,3.25,0.4355933,0.04369068,0.1052012,0.01598885,8.2624e-05,0.000224557,0.1241062,0.03946577,0,0,1,0,0,1,2,0,1,0,0,0,0,0,0,0,0,0,0,4
"E22HA01-03","C22","Chinese","Genuine","Happy 1 CN",28,3.375,0.4337774,0.03782931,0.1032709,0.01763212,8.3474e-05,0.000200915,0.1293851,0.04282527,0,0,1,0,0,1,2,0,1,0,0,0,0,0,0,0,0,0,0,4
"E22HA01-03","C22","Chinese","Genuine","Happy 1 CN",29,3.5,0.4368995,0.03694535,0.1063657,0.01902599,8.3354e-05,0.000214581,0.1198938,0.04425358,0,0,1,0,0,1,2,0,1,0,0,0,0,0,0,0,0,0,0,4
"E22HA01-03","C22","Chinese","Genuine","Happy 1 CN",30,3.625,0.4390455,0.03657342,0.1084053,0.02025093,8.5669e-05,0.00021073,0.1176485,0.04757335,0,0,1,0,0,0,2,0,1,0,0,0,0,0,0,0,0,0,0,4
"E22HA01-03","C22","Chinese","Genuine","Happy 1 CN",31,3.75,0.4321415,0.03343751,0.1258613,0.01786593,7.888e-05,0.000235891,0.1328695,0.05102576,0,0,1,0,0,0,2,0,1,0,0,0,0,0,0,0,0,0,0,4
"E22HA01-03","C22","Chinese","Genuine","Happy 1 CN",32,3.875,0.4204502,0.03334145,0.1310549,0.01827615,8.4815e-05,0.000263118,0.1573399,0.06449314,0,0,1,0,0,0,2,0,1,0,0,0,0,0,0,0,0,0,0,4
"E22HA01-03","C22","Chinese","Genuine","Happy 1 CN",33,4,0.402369,0.03175079,0.1285718,0.01591769,0.000102105,0.000246954,0.1941849,0.05998728,0,0,1,0,0,0,2,0,1,0,0,0,0,0,0,0,0,0,0,4
"E22HA01-03","C22","Chinese","Genuine","Happy 1 CN",34,4.125,0.386583,0.02654934,0.1324625,0.01490639,0.000110649,0.000251942,0.2263336,0.05376565,0,0,1,0,0,0,2,0,1,0,0,0,0,0,0,0,0,0,0,4
"E22HA01-03","C22","Chinese","Genuine","Happy 1 CN",35,4.25,0.3897241,0.0241757,0.1269795,0.01445242,0.000111638,0.000257482,0.2203776,0.05404492,0,0,1,0,0,0,2,0,1,0,0,0,0,0,0,0,0,0,0,5
"E22HA01-03","C22","Chinese","Genuine","Happy 1 CN",36,4.375,0.3924298,0.02173111,0.1221078,0.01470925,0.000119986,0.00025095,0.215286,0.05111738,0,0,1,0,0,0,2,0,1,0,0,0,0,0,0,0,0,0,0,5
"E22HA01-03","C22","Chinese","Genuine","Happy 1 CN",37,4.5,0.3941385,0.0181875,0.1349899,0.01637375,0.000118704,0.000213889,0.2120902,0.04775753,0,0,1,0,0,0,2,0,1,0,0,0,0,0,0,0,0,0,0,5
"E22HA01-03","C22","Chinese","Genuine","Happy 1 CN",38,4.625,0.3802041,0.01650739,0.1300586,0.01709805,0.00011679,0.000203847,0.2400664,0.05354024,0,0,1,0,0,0,2,0,1,0,0,0,0,0,0,0,0,0,0,5
"E22HA01-03","C22","Chinese","Genuine","Happy 1 CN",39,4.75,0.3820721,0.01338311,0.1280572,0.01987003,0.000111053,0.000212399,0.2364593,0.05847104,0,0,1,0,0,0,2,0,0,0,0,0,0,0,0,0,0,0,0,5
"E22HA01-03","C22","Chinese","Genuine","Happy 1 CN",40,4.875,0.3869563,0.01177296,0.1251059,0.02234515,0.000101652,0.000202246,0.2268985,0.05003671,0,0,1,0,0,0,2,0,0,0,0,0,0,0,0,0,0,0,0,5
"E22HA01-03","C22","Chinese","Genuine","Happy 1 CN",41,5,0.3890531,0.010921,0.1247788,0.02981028,9.5906e-05,0.000239959,0.2227506,0.04674179,0,0,1,0,0,0,2,0,0,0,0,0,0,0,0,0,0,0,0,5
"E22HA01-03","C22","Chinese","Genuine","Happy 1 CN",42,5.125,0.3837243,0.008572539,0.1387316,0.03162213,9.4299e-05,0.000251241,0.2333895,0.04720655,0,0,1,0,0,0,2,0,0,0,0,0,0,0,0,0,0,0,0,5
"E22HA01-05","C22","Chinese","Genuine","Happy 1 CN",1,0,0.4494354,0.02670465,0.06737257,0.01387121,0.000186179,0.000211721,0.1015059,0.008028063,0,0,1,0,0,0,2,0,1,0,0,1,0,0,0,0,0,0,0,5
"E22HA01-05","C22","Chinese","Genuine","Happy 1 CN",2,0.125,0.4472829,0.0300742,0.07044452,0.01411315,0.000168635,0.000205191,0.1057725,0.01027522,0,0,1,0,0,0,2,0,1,0,0,1,0,0,0,0,0,0,0,5
"E22HA01-05","C22","Chinese","Genuine","Happy 1 CN",3,0.25,0.4371165,0.02730113,0.07455837,0.01474427,0.000136403,0.000232839,0.1260583,0.01416615,0,0,1,0,0,0,2,0,1,0,0,1,0,0,0,0,0,0,0,5
"E22HA01-05","C22","Chinese","Genuine","Happy 1 CN",4,0.375,0.4322281,0.03171571,0.0811577,0.01652213,0.0001116,0.000223973,0.1357644,0.01629744,0,0,1,0,0,1,2,0,1,0,0,1,0,0,0,0,0,0,0,5
"E22HA01-05","C22","Chinese","Genuine","Happy 1 CN",5,0.5,0.4299625,0.02418668,0.1026786,0.01988282,7.9715e-05,0.00015827,0.1290538,0.01691593,0,0,1,0,0,1,2,0,1,0,0,2,0,0,0,0,0,0,0,5
"E22HA01-05","C22","Chinese","Genuine","Happy 1 CN",6,0.625,0.4293709,0.02010752,0.1155448,0.02201179,5.7117e-05,0.000114603,0.1248802,0.01348892,0,0,1,0,0,1,2,0,1,0,0,2,0,0,0,0,0,0,0,5
"E22HA01-05","C22","Chinese","Genuine","Happy 1 CN",7,0.75,0.4324479,0.02242406,0.117427,0.04222628,4.3092e-05,9.2156e-05,0.101406,0.01401694,0,0,1,0,1,1,2,0,1,0,0,3,0,0,0,0,0,0,0,5
"E22HA01-05","C22","Chinese","Genuine","Happy 1 CN",8,0.875,0.4416984,0.03911991,0.1029973,0.04432422,3.1945e-05,7.4767e-05,0.0825913,0.0125242,0,0,1,0,1,1,2,0,1,0,0,3,0,0,0,0,0,0,0,4
"E22HA01-05","C22","Chinese","Genuine","Happy 1 CN",9,1,0.4435902,0.05105038,0.1034669,0.03991671,2.4657e-05,6.6009e-05,0.06916327,0.01620903,0,0,1,0,1,1,2,0,1,0,0,2,0,0,0,0,0,0,0,4
"E22HA01-05","C22","Chinese","Genuine","Happy 1 CN",10,1.125,0.444717,0.06809492,0.08638509,0.04795752,2.0117e-05,6.1854e-05,0.05719063,0.02078514,0,0,1,0,1,1,2,0,1,0,0,2,0,0,0,1,0,0,0,4
"E22HA01-05","C22","Chinese","Genuine","Happy 1 CN",11,1.25,0.4358399,0.09912471,0.07981265,0.04307723,1.7524e-05,7.1199e-05,0.04800937,0.01763934,0,0,1,0,1,1,2,0,1,0,0,2,0,0,0,1,0,0,0,4
"E22HA01-05","C22","Chinese","Genuine","Happy 1 CN",12,1.375,0.4267608,0.1264111,0.06959684,0.05001479,1.5473e-05,9.113e-05,0.04627408,0.01226141,0,0,1,0,2,1,2,0,1,0,0,2,0,0,0,1,0,0,0,4
"E22HA01-05","C22","Chinese","Genuine","Happy 1 CN",13,1.5,0.3960319,0.1941508,0.0627993,0.0486989,1.6365e-05,9.3508e-05,0.04118965,0.009328086,0,0,1,0,2,1,1,0,1,0,0,2,0,0,0,1,0,0,0,3
"E22HA01-05","C22","Chinese","Genuine","Happy 1 CN",14,1.625,0.3934398,0.2036486,0.05798202,0.04603267,1.6386e-05,0.000100873,0.04375852,0.007241006,0,0,1,0,3,1,1,0,1,0,0,2,0,0,0,1,0,0,0,3
"E22HA01-05","C22","Chinese","Genuine","Happy 1 CN",15,1.75,0.3907615,0.2119763,0.062715,0.05300942,1.6156e-05,0.000135388,0.03845213,0.006230372,0,0,1,0,3,1,1,0,1,0,0,2,0,0,0,1,0,0,0,3
"E22HA01-05","C22","Chinese","Genuine","Happy 1 CN",16,1.875,0.3840494,0.2274688,0.05517085,0.05247512,1.7533e-05,0.000171992,0.04141762,0.005314233,0,0,1,0,3,1,1,0,1,0,0,2,0,0,0,1,0,0,0,3
"E22HA01-05","C22","Chinese","Genuine","Happy 1 CN",17,2,0.3821509,0.2326571,0.05251807,0.048738,1.7668e-05,0.000155247,0.04274416,0.004592274,0,0,1,0,3,1,1,0,2,0,0,2,0,0,0,1,0,0,0,3
"E22HA01-05","C22","Chinese","Genuine","Happy 1 CN",18,2.125,0.392126,0.2136609,0.0479672,0.04497163,1.4661e-05,0.0001355,0.05447678,0.004294263,0,0,1,0,3,1,1,0,2,0,0,2,0,0,0,1,0,0,0,3
"E22HA01-05","C22","Chinese","Genuine","Happy 1 CN",19,2.25,0.3799023,0.2387657,0.05376818,0.03982774,1.3134e-05,0.0001136,0.06623009,0.003307115,0,0,1,0,3,1,1,0,2,0,0,2,0,0,0,1,0,0,0,3
"E22HA01-05","C22","Chinese","Genuine","Happy 1 CN",20,2.375,0.3772405,0.2445622,0.05320451,0.03687056,1.2343e-05,9.5341e-05,0.07879861,0.002369217,0,0,1,0,3,1,2,0,2,0,0,2,0,0,0,1,0,0,0,2
"E22HA01-05","C22","Chinese","Genuine","Happy 1 CN",21,2.5,0.3838113,0.2317268,0.05721267,0.03189295,1.1081e-05,8.2869e-05,0.0930182,0.002012415,0,0,1,0,3,1,2,0,2,0,0,2,0,0,0,1,0,0,0,2
"E22HA01-05","C22","Chinese","Genuine","Happy 1 CN",22,2.625,0.378965,0.241629,0.0531773,0.02803833,9.337e-06,6.9845e-05,0.09840743,0.001511333,0,0,1,0,3,1,2,0,2,0,0,2,0,0,0,1,0,0,0,2
"E22HA01-05","C22","Chinese","Genuine","Happy 1 CN",23,2.75,0.3964196,0.2068705,0.0559065,0.03024944,9.757e-06,6.6439e-05,0.07933262,0.003098764,0,0,1,0,3,1,2,0,2,0,0,2,0,0,0,1,0,0,0,2
"E22HA01-05","C22","Chinese","Genuine","Happy 1 CN",24,2.875,0.40009,0.1513468,0.09581082,0.02513298,7.661e-06,4.9861e-05,0.07606111,0.003515937,0,0,1,0,3,1,2,0,2,0,0,3,0,0,0,1,0,0,0,2
"E22HA01-05","C22","Chinese","Genuine","Happy 1 CN",25,3,0.4110224,0.1446305,0.08392821,0.02712632,7.255e-06,4.3396e-05,0.06488398,0.003245966,0,0,1,0,3,1,1,0,2,0,0,3,0,0,0,1,0,0,0,2
"E22HA01-05","C22","Chinese","Genuine","Happy 1 CN",26,3.125,0.4158414,0.1454106,0.08070511,0.02915535,8.067e-06,4.9134e-05,0.05411261,0.005570137,0,0,1,0,3,1,1,0,1,0,0,3,0,0,0,1,0,0,0,3
"E22HA01-05","C22","Chinese","Genuine","Happy 1 CN",27,3.25,0.3998456,0.1845783,0.06829646,0.03504677,1.2722e-05,0.00011124,0.0512946,0.005006285,0,0,1,0,3,1,1,0,2,0,0,3,0,0,0,1,0,0,0,3
"E22HA01-05","C22","Chinese","Genuine","Happy 1 CN",28,3.375,0.4075463,0.1740945,0.06943457,0.03727457,1.2803e-05,0.000103327,0.04802908,0.00395445,0,0,1,0,3,1,1,0,1,0,0,3,0,0,0,1,0,0,0,3
"E22HA01-05","C22","Chinese","Genuine","Happy 1 CN",29,3.5,0.4143251,0.1639169,0.06409287,0.04058017,1.2362e-05,8.8942e-05,0.04262685,0.003815165,0,0,1,0,3,1,1,0,2,0,0,3,0,0,0,1,0,0,0,3
"E22HA01-05","C22","Chinese","Genuine","Happy 1 CN",30,3.625,0.4263663,0.1421579,0.06129915,0.04368235,1.1591e-05,7.4638e-05,0.05529886,0.003944757,0,0,1,0,3,1,2,0,2,0,0,3,0,0,0,1,0,0,0,3
"E22HA01-05","C22","Chinese","Genuine","Happy 1 CN",31,3.75,0.4313662,0.1337589,0.06588401,0.03638578,1.0634e-05,6.2894e-05,0.06396696,0.003834328,0,0,1,0,3,1,2,0,2,0,0,3,0,0,0,1,0,0,0,3
"E22HA01-05","C22","Chinese","Genuine","Happy 1 CN",32,3.875,0.435313,0.1269644,0.06705195,0.03409193,1.1083e-05,5.8784e-05,0.07294623,0.003444314,0,0,1,0,2,1,2,0,2,0,0,3,0,0,0,0,0,0,0,3
"E22HA01-05","C22","Chinese","Genuine","Happy 1 CN",33,4,0.4336329,0.1099478,0.08988135,0.03361776,1.122e-05,5.4153e-05,0.07868589,0.002586586,0,0,1,0,2,1,2,0,2,0,0,3,0,0,0,0,0,0,0,3
"E22HA01-05","C22","Chinese","Genuine","Happy 1 CN",34,4.125,0.4319477,0.09487798,0.1066398,0.03150219,1.0024e-05,4.97e-05,0.09335326,0.00198526,0,0,1,0,2,1,2,0,1,0,0,3,0,0,0,0,0,0,0,4
"E22HA01-05","C22","Chinese","Genuine","Happy 1 CN",35,4.25,0.4145647,0.09059066,0.1245273,0.02488284,1.0341e-05,4.2418e-05,0.1414801,0.003087913,0,0,1,0,2,1,2,0,1,0,0,3,0,0,0,0,0,0,0,4
"E22HA02-02","C22","Chinese","Genuine","Happy 2 CN",1,0,0.3129779,0.000295379,0.3748159,0.04529344,0.000118118,5.2746e-05,0.2545111,0.00270164,0,0,1,0,0,1,0,0,0,0,0,2,0,0,0,0,0,0,0,4
"E22HA02-02","C22","Chinese","Genuine","Happy 2 CN",2,0.125,0.3215781,0.000291887,0.3334072,0.04780563,9.9156e-05,6.8099e-05,0.2748696,0.004564243,0,0,1,0,0,1,0,0,0,0,0,2,0,0,0,0,0,0,0,4
"E22HA02-02","C22","Chinese","Genuine","Happy 2 CN",3,0.25,0.3284491,0.000292748,0.3271673,0.05211075,9.7265e-05,8.3263e-05,0.2605819,0.005330638,0,0,1,0,0,1,0,0,0,0,0,2,0,0,0,0,0,0,0,4
"E22HA02-02","C22","Chinese","Genuine","Happy 2 CN",4,0.375,0.3424595,0.000368035,0.3044252,0.0550186,0.000104299,0.000101312,0.2346468,0.005511611,0,0,1,0,0,0,0,0,0,0,0,2,0,0,0,0,0,0,0,4
"E22HA02-02","C22","Chinese","Genuine","Happy 2 CN",5,0.5,0.364722,0.000452042,0.2558204,0.05418612,0.000142109,0.000140677,0.2155904,0.005716007,0,0,1,0,0,1,0,0,0,0,0,2,0,0,0,0,0,0,0,4
"E22HA02-02","C22","Chinese","Genuine","Happy 2 CN",6,0.625,0.3772635,0.000620331,0.235655,0.0523449,0.000153967,0.00020432,0.2071362,0.006931856,0,0,1,0,0,1,0,0,0,0,0,2,0,0,0,0,0,0,0,4
"E22HA02-02","C22","Chinese","Genuine","Happy 2 CN",7,0.75,0.3874947,0.001073692,0.2161615,0.04810911,0.000153428,0.000233647,0.1988437,0.01369351,0,0,1,0,0,1,0,0,0,0,0,2,0,0,0,0,0,0,0,4
"E22HA02-02","C22","Chinese","Genuine","Happy 2 CN",8,0.875,0.3951763,0.001122883,0.195145,0.05100716,0.00015543,0.000229023,0.1918396,0.01314229,0,0,1,0,0,1,0,0,0,0,0,2,0,0,0,0,0,0,0,4
"E22HA02-02","C22","Chinese","Genuine","Happy 2 CN",9,1,0.3982113,0.001560253,0.1940428,0.05415971,0.000184095,0.000318581,0.1653803,0.01586522,0,0,1,0,0,1,0,0,0,0,0,2,0,0,0,0,0,0,0,4
"E22HA02-02","C22","Chinese","Genuine","Happy 2 CN",10,1.125,0.4115967,0.0081445,0.1678514,0.04505379,0.000156123,0.000337492,0.1506251,0.0195329,0,0,1,0,0,1,1,0,0,0,0,2,0,0,0,0,0,0,0,4
"E22HA02-02","C22","Chinese","Genuine","Happy 2 CN",11,1.25,0.4222222,0.02477248,0.1319266,0.03586889,0.000127102,0.000359912,0.137586,0.01670475,0,0,1,0,0,1,1,0,0,0,0,2,0,0,0,0,0,0,0,4
"E22HA02-02","C22","Chinese","Genuine","Happy 2 CN",12,1.375,0.4287147,0.05264781,0.09598897,0.04690517,0.00010123,0.000464161,0.1069078,0.01387031,0,0,1,0,1,1,1,0,1,0,0,2,0,0,0,0,0,0,0,4
"E22HA02-02","C22","Chinese","Genuine","Happy 2 CN",13,1.5,0.4216041,0.0949606,0.0685948,0.04600452,8.6408e-05,0.000396546,0.08460819,0.01535267,0,0,1,0,1,1,1,0,1,0,0,2,0,0,0,0,0,0,0,4
"E22HA02-02","C22","Chinese","Genuine","Happy 2 CN",14,1.625,0.4094315,0.1386261,0.04916876,0.04987912,8.2139e-05,0.000408932,0.07015788,0.01398335,0,0,1,0,1,1,1,0,1,0,0,2,0,0,0,0,0,0,0,4
"E22HA02-02","C22","Chinese","Genuine","Happy 2 CN",15,1.75,0.4001548,0.1704619,0.03551633,0.04426865,8.1735e-05,0.000504109,0.06629384,0.01057746,0,0,1,0,1,1,1,0,1,0,0,1,0,0,0,0,1,0,0,4
"E22HA02-02","C22","Chinese","Genuine","Happy 2 CN",16,1.875,0.4143809,0.1511438,0.02689922,0.03784864,8.8759e-05,0.00045337,0.06785832,0.008097478,0,0,1,0,1,1,1,0,1,0,0,1,0,0,0,0,1,0,0,4
"E22HA02-02","C22","Chinese","Genuine","Happy 2 CN",17,2,0.4225928,0.1409987,0.02012971,0.0432209,0.000103981,0.000471591,0.06695016,0.007047768,0,0,1,0,1,1,1,0,1,0,0,1,0,0,0,0,1,0,0,4
"E22HA02-02","C22","Chinese","Genuine","Happy 2 CN",18,2.125,0.4185359,0.1534286,0.01640521,0.03493576,0.000102274,0.000466025,0.06698383,0.005784693,0,0,1,0,1,1,2,0,1,0,0,1,0,0,0,0,1,0,0,4
"E22HA02-02","C22","Chinese","Genuine","Happy 2 CN",19,2.25,0.4090947,0.1752795,0.01491915,0.02796794,0.000108366,0.00050237,0.07640418,0.0043392,0,0,1,0,1,1,2,0,2,0,0,1,0,0,0,0,1,0,0,4
"E22HA02-02","C22","Chinese","Genuine","Happy 2 CN",20,2.375,0.3753756,0.2447595,0.01417966,0.02596435,0.000116854,0.000514847,0.07214984,0.003445067,0,0,1,0,1,1,2,0,2,0,0,1,0,0,0,0,2,0,0,4
"E22HA02-02","C22","Chinese","Genuine","Happy 2 CN",21,2.5,0.3651137,0.2666875,0.01291831,0.02357665,0.000143175,0.000599221,0.07383095,0.002807237,0,0,1,0,1,1,2,0,2,0,0,1,0,0,0,0,2,0,0,4
"E22HA02-02","C22","Chinese","Genuine","Happy 2 CN",22,2.625,0.3435882,0.3107044,0.01254741,0.02178345,0.000158644,0.000699214,0.0707074,0.002031908,0,0,1,0,1,1,2,0,2,0,0,1,0,0,0,0,2,0,0,4
"E22HA02-02","C22","Chinese","Genuine","Happy 2 CN",23,2.75,0.3378057,0.3229319,0.01161772,0.02085152,0.000162428,0.000607574,0.06438832,0.00145604,0,0,1,0,1,1,2,0,2,0,0,1,0,0,0,0,2,0,0,4
"E22HA02-02","C22","Chinese","Genuine","Happy 2 CN",24,2.875,0.3409711,0.3170573,0.01174946,0.02070615,0.000165357,0.000670611,0.0702256,0.001305208,0,0,1,0,1,1,2,0,2,0,0,1,0,0,0,0,2,0,0,4
"E22HA02-02","C22","Chinese","Genuine","Happy 2 CN",25,3,0.3245086,0.3502967,0.01208075,0.02099275,0.00014922,0.000645944,0.06883316,0.000976271,0,0,1,0,2,1,2,0,3,0,0,1,0,0,0,0,2,0,0,4
"E22HA02-02","C22","Chinese","Genuine","Happy 2 CN",26,3.125,0.3180042,0.3635213,0.01104528,0.02027034,0.000136019,0.000567404,0.06569559,0.00072976,0,0,1,0,2,1,2,0,3,0,0,1,0,0,0,0,2,0,0,3
"E22HA02-02","C22","Chinese","Genuine","Happy 2 CN",27,3.25,0.3056915,0.3882944,0.01052551,0.01851935,0.000123525,0.000627915,0.06118952,0.00066734,0,0,1,0,2,1,2,0,3,0,0,0,0,0,0,0,2,0,0,3
"E22HA02-02","C22","Chinese","Genuine","Happy 2 CN",28,3.375,0.2900107,0.4197578,0.01082635,0.01529952,0.000123817,0.000676483,0.05660895,0.000893583,0,0,1,0,2,1,2,0,3,0,0,0,0,0,0,0,2,0,0,3
"E22HA02-02","C22","Chinese","Genuine","Happy 2 CN",29,3.5,0.2998189,0.4002116,0.01443516,0.01204668,0.000150589,0.000549537,0.1049966,0.000672929,0,0,1,0,2,1,2,0,3,0,0,0,0,0,0,0,2,0,0,3
"E22HA02-02","C22","Chinese","Genuine","Happy 2 CN",30,3.625,0.3094003,0.3810971,0.02403637,0.009681114,0.000132958,0.00048362,0.1287739,0.000521733,0,0,1,0,2,1,2,0,3,0,0,1,0,0,0,0,2,0,0,3
"E22HA02-02","C22","Chinese","Genuine","Happy 2 CN",31,3.75,0.2773817,0.4451669,0.02141646,0.007619374,0.00010793,0.000380287,0.09952331,0.000411712,0,0,1,0,2,1,2,0,3,0,0,0,0,0,0,0,2,0,0,3
"E22HA02-02","C22","Chinese","Genuine","Happy 2 CN",32,3.875,0.2631579,0.4736366,0.0225528,0.006566545,8.6845e-05,0.000369784,0.08194675,0.000325488,0,0,1,0,2,1,2,0,3,0,0,0,0,0,0,0,2,0,0,3
"E22HA02-02","C22","Chinese","Genuine","Happy 2 CN",33,4,0.2442172,0.5115337,0.01959314,0.006557748,8.9955e-05,0.000410698,0.07291303,0.000223824,0,0,1,0,3,0,2,0,3,0,0,0,0,0,0,0,2,0,0,3
"E22HA02-02","C22","Chinese","Genuine","Happy 2 CN",34,4.125,0.2224387,0.5551015,0.01900435,0.005727438,7.6386e-05,0.000389404,0.06172526,0.000153914,0,0,1,0,3,0,2,0,3,0,0,0,0,0,0,0,2,0,0,3
"E22HA02-02","C22","Chinese","Genuine","Happy 2 CN",35,4.25,0.2088844,0.5822173,0.01877763,0.005090084,7.6395e-05,0.000319015,0.0485713,0.000106069,0,0,1,0,3,0,2,0,3,0,0,0,0,0,0,0,2,0,0,3
"E22HA02-02","C22","Chinese","Genuine","Happy 2 CN",36,4.375,0.1964389,0.6071135,0.02027337,0.004244308,6.9747e-05,0.000380955,0.04114896,9.9989e-05,0,0,1,0,3,0,1,0,3,0,0,0,0,0,0,0,3,0,0,3
"E22HA02-02","C22","Chinese","Genuine","Happy 2 CN",37,4.5,0.1816846,0.6366248,0.01867716,0.003218702,7.8144e-05,0.000314604,0.034621,0.000269501,0,0,1,0,3,0,1,0,3,0,0,0,0,0,0,0,3,0,0,3
"E22HA02-02","C22","Chinese","Genuine","Happy 2 CN",38,4.625,0.1605271,0.6789417,0.01458184,0.002360075,7.8738e-05,0.000235369,0.03108296,0.000210311,0,0,1,0,3,0,1,0,3,0,0,0,0,0,0,0,3,0,0,3
"E22HA02-02","C22","Chinese","Genuine","Happy 2 CN",39,4.75,0.1506935,0.6986102,0.01118077,0.001849813,8.3242e-05,0.000207804,0.03550002,0.000241679,0,0,1,0,3,0,1,0,3,0,0,0,0,0,0,0,3,1,0,3
"E22HA02-02","C22","Chinese","Genuine","Happy 2 CN",40,4.875,0.1411362,0.7177263,0.008596232,0.002049597,0.000109043,0.00020137,0.05288182,0.000188449,0,0,1,0,3,0,1,0,3,0,0,0,0,0,0,0,4,1,0,3
"E22HA02-02","C22","Chinese","Genuine","Happy 2 CN",41,5,0.1232417,0.7535164,0.006797751,0.001955874,0.000143708,0.000206343,0.0625196,0.000311433,0,0,1,0,3,0,1,0,3,0,0,0,0,0,0,0,4,1,0,2
"E22HA02-02","C22","Chinese","Genuine","Happy 2 CN",42,5.125,0.1094972,0.7810062,0.005663106,0.002230067,0.000139125,0.000274207,0.07300806,0.000337243,0,0,1,0,3,0,1,0,3,0,0,0,0,0,0,0,4,1,0,2
"E22HA02-02","C22","Chinese","Genuine","Happy 2 CN",43,5.25,0.1146231,0.7707565,0.00636309,0.003054418,0.000147682,0.000326553,0.08439533,0.000343395,0,0,1,0,4,0,1,0,3,0,0,0,0,0,0,0,4,1,0,2
"E22HA02-02","C22","Chinese","Genuine","Happy 2 CN",44,5.375,0.1115184,0.7769693,0.005410832,0.003037384,0.000142487,0.000409514,0.07862926,0.000341036,0,0,1,0,4,0,1,0,3,0,0,0,0,0,0,0,4,1,0,2
"E22HA02-02","C22","Chinese","Genuine","Happy 2 CN",45,5.5,0.117033,0.7659435,0.004868377,0.002774996,0.000138576,0.000367421,0.09823627,0.00028496,0,0,1,0,3,0,1,0,3,0,0,0,0,0,0,0,4,1,0,1
"E22HA02-02","C22","Chinese","Genuine","Happy 2 CN",46,5.625,0.1171639,0.7656798,0.004142401,0.002328947,0.000118364,0.000347751,0.1132135,0.000255833,0,0,1,0,3,0,1,0,3,0,0,0,0,0,0,0,4,1,0,1
"E22HA02-02","C22","Chinese","Genuine","Happy 2 CN",47,5.75,0.1125548,0.7748971,0.003704653,0.002182003,0.000116164,0.000376273,0.1253342,0.000337644,0,0,1,0,3,0,1,0,3,0,0,0,0,0,0,0,4,1,0,1
"E22HA02-02","C22","Chinese","Genuine","Happy 2 CN",48,5.875,0.1290513,0.7419038,0.004601113,0.001926762,8.4596e-05,0.000311311,0.13931,0.000344708,0,0,1,0,3,0,1,0,3,0,0,0,0,0,0,0,4,1,0,1
"E22HA02-02","C22","Chinese","Genuine","Happy 2 CN",49,6,0.1993715,0.6012642,0.02538611,0.002078985,5.8702e-05,0.00021727,0.1308189,0.002229572,0,0,1,0,3,0,1,0,3,0,0,1,0,0,0,0,4,0,0,1
"E22HA02-02","C22","Chinese","Genuine","Happy 2 CN",50,6.125,0.2509696,0.4316074,0.1020601,0.001898857,4.1075e-05,0.000149833,0.1288303,0.003192137,0,0,1,0,3,1,1,0,2,0,0,2,0,0,0,0,3,0,0,1
"E22HA02-02","C22","Chinese","Genuine","Happy 2 CN",51,6.25,0.2894253,0.3107693,0.1488375,0.002292701,2.975e-05,0.000103633,0.1323801,0.002825576,0,0,1,0,3,1,1,0,2,0,0,3,0,0,0,0,3,0,0,1
"E22HA02-02","C22","Chinese","Genuine","Happy 2 CN",52,6.375,0.3148746,0.2539332,0.1829941,0.002264156,2.2538e-05,7.1754e-05,0.1224909,0.002136679,0,0,1,0,3,0,1,0,2,0,1,3,0,0,0,0,3,0,0,1
"E22HA02-02","C22","Chinese","Genuine","Happy 2 CN",53,6.5,0.3262079,0.2676056,0.1573329,0.003109708,1.9213e-05,5.0079e-05,0.1116748,0.001673513,0,0,1,0,3,0,1,0,1,0,1,3,0,0,0,0,2,0,0,1
"E22HA02-02","C22","Chinese","Genuine","Happy 2 CN",54,6.625,0.3264394,0.2921308,0.1330322,0.002433846,1.6077e-05,3.5219e-05,0.1560064,0.001160478,0,0,1,0,3,0,1,0,1,0,1,3,0,0,0,0,2,0,0,1
"E22HA02-02","C22","Chinese","Genuine","Happy 2 CN",55,6.75,0.2644173,0.4333615,0.1175406,0.00221939,1.572e-05,2.6069e-05,0.140085,0.001022071,0,0,1,0,3,0,1,0,1,0,1,3,0,0,0,0,1,0,0,1
"E22HA02-02","C22","Chinese","Genuine","Happy 2 CN",56,6.875,0.2677363,0.438534,0.1125029,0.002324632,1.3529e-05,1.9785e-05,0.1285064,0.000862846,0,0,1,0,3,0,1,0,1,0,0,3,0,0,0,0,1,0,0,1
"E22HA02-02","C22","Chinese","Genuine","Happy 2 CN",57,7,0.2772731,0.4275804,0.12334,0.002837231,1.2897e-05,1.56e-05,0.1000766,0.001022966,0,0,1,0,3,0,1,0,1,0,0,4,0,0,0,0,1,0,0,1
"E22HA02-02","C22","Chinese","Genuine","Happy 2 CN",58,7.125,0.2825299,0.42265,0.1102536,0.002354497,1.0639e-05,1.4435e-05,0.09268679,0.001153441,0,0,1,0,3,1,1,0,1,0,0,4,0,0,0,0,1,0,0,1
"E22HA02-02","C22","Chinese","Genuine","Happy 2 CN",59,7.25,0.2640247,0.4635016,0.09735055,0.001867346,8.137e-06,1.5402e-05,0.09906165,0.001706785,0,0,1,0,3,1,1,0,1,0,0,4,0,0,0,0,1,0,0,1
"E22HA02-02","C22","Chinese","Genuine","Happy 2 CN",60,7.375,0.2503365,0.4935191,0.07758651,0.005494054,6.977e-06,1.8268e-05,0.07716349,0.002154382,0,0,1,0,3,1,1,0,1,0,0,4,0,0,0,0,1,0,0,1
"E22HA02-02","C22","Chinese","Genuine","Happy 2 CN",61,7.5,0.2531134,0.4897847,0.06147285,0.009785267,6.15e-06,2.4736e-05,0.06245318,0.001732992,0,0,1,0,3,1,1,0,2,0,0,3,0,0,0,0,0,0,0,2
"E22HA02-02","C22","Chinese","Genuine","Happy 2 CN",62,7.625,0.2523851,0.4924902,0.04853385,0.01767336,6.008e-06,2.8242e-05,0.04913019,0.001195851,0,0,1,0,3,1,1,0,2,0,0,3,0,0,0,0,0,0,0,2
"E22HA02-02","C22","Chinese","Genuine","Happy 2 CN",63,7.75,0.2508928,0.496334,0.03786008,0.031091,5.898e-06,3.9958e-05,0.0407233,0.001341323,0,0,1,0,3,1,1,0,2,0,0,3,0,0,0,0,0,0,0,2
"E22HA02-02","C22","Chinese","Genuine","Happy 2 CN",64,7.875,0.2523136,0.4940817,0.03043151,0.03500071,5.315e-06,3.7498e-05,0.0369505,0.001206827,0,0,1,0,3,1,1,0,2,0,0,3,0,0,0,0,0,0,0,2
"E22HA03-02","C22","Chinese","Genuine","Happy 3 CN",1,0,0.4046784,0.005450576,0.1896591,0.01583111,8.3745e-05,0.000128848,0.1911259,0.05468368,0,0,2,0,0,0,1,0,0,0,0,1,0,0,0,0,0,0,0,5
"E22HA03-02","C22","Chinese","Genuine","Happy 3 CN",2,0.125,0.390499,0.006032677,0.1904449,0.01763106,9.0257e-05,0.000110399,0.219497,0.04811207,0,0,2,0,0,0,1,0,0,0,0,1,0,0,0,0,0,0,0,5
"E22HA03-02","C22","Chinese","Genuine","Happy 3 CN",3,0.25,0.3800066,0.006492413,0.1876615,0.01752689,0.000113124,0.000138619,0.2405738,0.04827244,0,0,2,0,0,0,1,0,0,0,0,1,0,0,0,0,0,0,0,5
"E22HA03-02","C22","Chinese","Genuine","Happy 3 CN",4,0.375,0.3998566,0.02344681,0.1502992,0.01694208,0.000107044,0.000161172,0.2007117,0.03680251,0,0,2,0,0,0,1,0,0,0,0,1,0,0,0,0,0,0,0,5
"E22HA03-02","C22","Chinese","Genuine","Happy 3 CN",5,0.5,0.3969285,0.08453999,0.1186265,0.03759243,9.8954e-05,0.000188431,0.1448663,0.02810317,0,0,2,0,0,0,1,0,1,0,0,1,0,0,0,0,0,0,0,5
"E22HA03-02","C22","Chinese","Genuine","Happy 3 CN",6,0.625,0.3933567,0.1296683,0.09629288,0.04280732,9.1843e-05,0.000210536,0.1096408,0.02165591,0,0,2,0,1,0,1,0,1,0,0,1,0,0,0,0,0,0,0,4
"E22HA03-02","C22","Chinese","Genuine","Happy 3 CN",7,0.75,0.3661281,0.2102451,0.07563851,0.03771236,8.8677e-05,0.000199463,0.08898392,0.01532905,0,0,2,0,1,0,1,0,1,0,0,1,0,0,0,0,0,0,0,4
"E22HA03-02","C22","Chinese","Genuine","Happy 3 CN",8,0.875,0.3561612,0.2481458,0.0651979,0.03062633,0.000101781,0.000352884,0.09916066,0.01078023,0,0,2,0,1,0,1,0,1,0,0,1,0,0,0,0,0,0,0,4
"E22HA03-02","C22","Chinese","Genuine","Happy 3 CN",9,1,0.3380213,0.2967784,0.05450768,0.02313951,8.4467e-05,0.000368425,0.1225832,0.007846827,0,0,1,0,1,0,2,0,2,0,0,1,0,0,0,0,0,0,0,4
"E22HA03-02","C22","Chinese","Genuine","Happy 3 CN",10,1.125,0.3235071,0.3342995,0.04524678,0.01846659,6.5737e-05,0.000318526,0.1291765,0.005485455,0,0,1,0,1,0,2,0,2,0,0,1,0,0,0,0,0,0,0,3
"E22HA03-02","C22","Chinese","Genuine","Happy 3 CN",11,1.25,0.3245761,0.3380093,0.04029619,0.01621167,5.9685e-05,0.000279103,0.124958,0.004111954,0,0,1,0,1,0,2,0,2,0,0,1,0,0,0,0,1,0,0,3
"E22HA03-02","C22","Chinese","Genuine","Happy 3 CN",12,1.375,0.3345405,0.3220947,0.04415634,0.01285543,5.0491e-05,0.000222581,0.1354402,0.003043896,0,0,1,0,1,0,2,0,2,0,0,1,0,0,0,0,1,0,0,3
"E22HA03-02","C22","Chinese","Genuine","Happy 3 CN",13,1.5,0.3533057,0.2825316,0.05353963,0.0108366,4.5247e-05,0.000191835,0.15897,0.00216642,0,0,1,0,1,0,2,0,2,0,0,1,0,0,0,0,1,0,0,3
"E22HA03-02","C22","Chinese","Genuine","Happy 3 CN",14,1.625,0.3710841,0.2503703,0.0534559,0.01571126,3.6009e-05,0.000141902,0.1385716,0.001634134,0,0,1,0,2,0,2,0,2,0,0,1,0,0,0,0,1,0,0,3
"E22HA03-02","C22","Chinese","Genuine","Happy 3 CN",15,1.75,0.395294,0.1860735,0.06887382,0.02676362,3.0219e-05,0.000103336,0.1115056,0.002448568,0,0,1,0,2,0,2,0,2,0,0,1,0,0,0,0,1,0,0,3
"E22HA03-02","C22","Chinese","Genuine","Happy 3 CN",16,1.875,0.4121696,0.1539654,0.07902113,0.02750156,2.4428e-05,7.7404e-05,0.09517781,0.002177368,0,0,1,0,2,0,2,0,2,0,0,1,0,0,0,0,1,0,0,3
"E22HA03-02","C22","Chinese","Genuine","Happy 3 CN",17,2,0.4235913,0.1363225,0.07151742,0.02897864,1.919e-05,5.794e-05,0.09747509,0.002241609,0,0,1,0,2,0,2,0,1,0,0,2,0,0,0,0,0,0,0,3
"E22HA03-02","C22","Chinese","Genuine","Happy 3 CN",18,2.125,0.429432,0.1297975,0.06126746,0.03102802,1.7593e-05,5.047e-05,0.09491605,0.001579724,0,0,1,0,2,1,2,0,1,0,0,2,0,0,0,0,0,0,0,3
"E22HA03-02","C22","Chinese","Genuine","Happy 3 CN",19,2.25,0.4305195,0.1189546,0.05816869,0.02739034,1.5855e-05,4.0617e-05,0.1071796,0.001284406,0,0,1,0,2,1,2,0,1,0,0,2,0,0,0,0,0,0,0,3
"E22HA03-02","C22","Chinese","Genuine","Happy 3 CN",20,2.375,0.4181331,0.1499844,0.05620437,0.02552035,1.4043e-05,4.0903e-05,0.1095778,0.000990419,0,0,2,0,2,1,2,0,1,0,0,2,0,0,0,1,0,0,0,3
"E22HA03-02","C22","Chinese","Genuine","Happy 3 CN",21,2.5,0.4124752,0.1531791,0.05500779,0.02339894,1.1133e-05,3.6043e-05,0.1378109,0.000899218,0,0,2,0,2,1,2,0,1,0,0,2,0,0,0,1,0,0,0,3
"E22HA03-02","C22","Chinese","Genuine","Happy 3 CN",22,2.625,0.40714,0.1706857,0.07363411,0.0213679,1.1492e-05,4.165e-05,0.1118176,0.001363959,0,0,2,0,2,1,2,0,1,0,0,2,0,0,0,1,0,0,0,3
"E22HA03-02","C22","Chinese","Genuine","Happy 3 CN",23,2.75,0.395693,0.1982785,0.07673872,0.02069621,1.0333e-05,4.6942e-05,0.1164069,0.001170977,0,0,1,0,2,1,2,0,1,0,0,2,0,0,0,1,0,0,0,3
"E22HA03-02","C22","Chinese","Genuine","Happy 3 CN",24,2.875,0.3932627,0.2063698,0.08391937,0.02301828,9.449e-06,5.2968e-05,0.1019792,0.001680164,0,0,2,0,2,1,2,0,2,0,0,2,0,0,0,1,0,0,0,3
"E22HA03-02","C22","Chinese","Genuine","Happy 3 CN",25,3,0.3877795,0.2195587,0.07606818,0.0228139,8.445e-06,5.8994e-05,0.1062641,0.001390683,0,0,2,0,2,1,2,0,2,0,0,2,0,0,0,0,0,0,0,3
"E22HA03-02","C22","Chinese","Genuine","Happy 3 CN",26,3.125,0.3926879,0.2112689,0.06831437,0.02597754,8.447e-06,5.0656e-05,0.1246254,0.001302483,0,0,2,0,2,1,2,0,1,0,0,2,0,0,0,0,0,0,0,3
"E22HA03-02","C22","Chinese","Genuine","Happy 3 CN",27,3.25,0.3918331,0.2140297,0.07168397,0.02553592,8.879e-06,5.1371e-05,0.1227103,0.001141297,0,0,2,0,2,1,2,0,1,0,0,2,0,0,0,0,0,0,0,3
"E22HA03-02","C22","Chinese","Genuine","Happy 3 CN",28,3.375,0.4035249,0.1904598,0.07096538,0.02759982,8.905e-06,4.711e-05,0.1285711,0.001147121,0,0,2,0,2,1,2,0,1,0,0,2,0,0,0,0,0,0,0,3
"E22HA03-02","C22","Chinese","Genuine","Happy 3 CN",29,3.5,0.3977121,0.1745951,0.06379747,0.0274519,8.964e-06,4.2032e-05,0.1603062,0.00169853,0,0,2,0,2,1,2,0,1,0,0,2,0,0,0,0,0,0,0,3
"E22HA03-02","C22","Chinese","Genuine","Happy 3 CN",30,3.625,0.3936898,0.1713487,0.05866208,0.02400727,1.1964e-05,4.2399e-05,0.1821793,0.001388251,0,0,2,0,2,0,2,0,1,0,0,2,0,0,0,0,0,0,0,3
"E22HA03-02","C22","Chinese","Genuine","Happy 3 CN",31,3.75,0.3897653,0.1920902,0.05135817,0.02739979,1.4159e-05,3.8384e-05,0.155794,0.001382308,0,0,2,0,2,0,2,0,1,0,0,2,0,0,0,0,0,0,0,3
"E22HA03-02","C22","Chinese","Genuine","Happy 3 CN",32,3.875,0.402261,0.1750798,0.04912787,0.02659957,1.2527e-05,3.5421e-05,0.1510048,0.001285243,0,0,2,0,2,0,2,0,1,0,0,2,0,0,0,0,0,0,0,3
"E22HA03-02","C22","Chinese","Genuine","Happy 3 CN",33,4,0.4057582,0.1733162,0.04938461,0.02496082,1.4691e-05,3.5404e-05,0.1579026,0.000918935,0,0,2,0,2,0,2,0,1,0,0,2,0,0,0,0,0,0,0,3
"E22HA03-02","C22","Chinese","Genuine","Happy 3 CN",34,4.125,0.4124838,0.1646054,0.06409013,0.03085398,1.524e-05,4.4458e-05,0.1350445,0.001377476,0,0,2,0,2,1,2,0,2,0,0,2,0,0,0,0,0,0,0,3
"E22HA03-02","C22","Chinese","Genuine","Happy 3 CN",35,4.25,0.3961264,0.2005817,0.0653222,0.03371471,1.7137e-05,8.7427e-05,0.1106998,0.002528758,0,0,2,0,2,1,2,0,2,0,0,2,0,0,0,0,0,0,0,3
"E22HA03-02","C22","Chinese","Genuine","Happy 3 CN",36,4.375,0.3939805,0.2071195,0.07293401,0.03111398,2.0236e-05,8.4031e-05,0.101658,0.002950409,0,0,2,0,2,1,2,0,2,0,0,2,0,0,0,0,0,0,0,3
"E22HA03-02","C22","Chinese","Genuine","Happy 3 CN",37,4.5,0.4015535,0.1847255,0.08037923,0.02828324,1.9719e-05,7.6083e-05,0.1209931,0.00395858,0,0,2,0,2,1,2,0,2,0,0,2,0,0,0,0,0,0,0,3
"E22HA03-02","C22","Chinese","Genuine","Happy 3 CN",38,4.625,0.413238,0.1588894,0.093413,0.02507758,2.2107e-05,6.1197e-05,0.1129261,0.005777524,0,0,2,0,2,1,2,0,2,0,0,2,0,0,0,0,0,0,0,3
"E22HA03-02","C22","Chinese","Genuine","Happy 3 CN",39,4.75,0.4202302,0.1238255,0.09195214,0.02290411,2.5193e-05,5.273e-05,0.1178935,0.008758755,0,0,2,0,1,1,2,0,2,0,0,2,0,0,0,0,0,0,0,4
"E22HA03-02","C22","Chinese","Genuine","Happy 3 CN",40,4.875,0.4276314,0.09858419,0.09436836,0.02068985,3.1909e-05,4.8353e-05,0.1162033,0.007295774,0,0,2,0,1,1,2,0,2,0,0,2,0,0,0,0,0,0,0,4
"E22HA03-02","C22","Chinese","Genuine","Happy 3 CN",41,5,0.4311553,0.07751568,0.1031075,0.02258151,4.5497e-05,4.7539e-05,0.1114888,0.006750459,0,0,2,0,1,1,2,0,1,0,0,2,0,0,0,0,0,0,0,4
"E22HA03-02","C22","Chinese","Genuine","Happy 3 CN",42,5.125,0.4328701,0.06795627,0.09370959,0.02049434,4.7463e-05,4.5396e-05,0.1163343,0.006590326,0,0,2,0,1,1,2,0,1,0,0,2,0,0,0,0,0,0,0,4
"E22HA03-02","C22","Chinese","Genuine","Happy 3 CN",43,5.25,0.4359707,0.05868866,0.09592146,0.02094194,4.8994e-05,4.8644e-05,0.1157638,0.007290329,0,0,2,0,1,1,2,0,1,0,0,2,0,0,0,0,0,0,0,4
"E22HA03-02","C22","Chinese","Genuine","Happy 3 CN",44,5.375,0.4405146,0.05928829,0.0969381,0.02097599,5.9595e-05,6.0951e-05,0.1069022,0.006871432,0,0,1,0,1,1,2,0,1,0,0,1,0,0,0,0,0,0,0,4
"E22HA03-02","C22","Chinese","Genuine","Happy 3 CN",45,5.5,0.4426898,0.05657497,0.09957812,0.02157703,6.2991e-05,6.8728e-05,0.1016367,0.006479225,0,0,1,0,1,1,2,0,1,0,0,1,0,0,0,0,0,0,0,4
"E22HA03-02","C22","Chinese","Genuine","Happy 3 CN",46,5.625,0.4366835,0.04888937,0.09202935,0.02180841,6.4158e-05,7.036e-05,0.1177637,0.00667021,0,0,1,0,1,1,2,0,1,0,0,1,0,0,0,0,0,0,0,4
"E22HA03-02","C22","Chinese","Genuine","Happy 3 CN",47,5.75,0.4318665,0.04258572,0.09293561,0.02023779,6.201e-05,7.0214e-05,0.1302381,0.009386583,0,0,2,0,1,1,2,0,1,0,0,1,0,0,0,0,0,0,0,4
"E22HA03-02","C22","Chinese","Genuine","Happy 3 CN",48,5.875,0.4274386,0.03906225,0.09545782,0.01903696,8.5758e-05,7.8843e-05,0.1410362,0.007782141,0,0,2,0,0,1,2,0,1,0,0,1,0,0,0,0,0,0,0,4
"E22HA03-02","C22","Chinese","Genuine","Happy 3 CN",49,6,0.4228064,0.0325253,0.1081317,0.01984946,8.1444e-05,7.7039e-05,0.151633,0.007089805,0,0,2,0,0,1,2,0,1,0,0,1,0,0,0,0,0,0,0,4
"E22HA03-02","C22","Chinese","Genuine","Happy 3 CN",50,6.125,0.406292,0.02750137,0.1125964,0.01786566,7.8776e-05,7.4195e-05,0.1856815,0.009704988,0,0,2,0,0,1,2,0,1,0,0,1,0,0,0,0,0,0,0,4
"E22HA03-02","C22","Chinese","Genuine","Happy 3 CN",51,6.25,0.3990842,0.02315582,0.119984,0.01784755,7.6099e-05,6.8239e-05,0.2008024,0.01143526,0,0,2,0,0,0,2,0,1,0,0,1,0,0,0,0,0,0,0,5
"E22HA05-01","C22","Chinese","Genuine","Happy 5 CN",1,0,0.3468776,0.005780241,0.3073294,0.009023034,5.3986e-05,9.2062e-05,0.1534006,0.006336644,0,0,1,0,0,1,1,0,0,0,0,1,0,0,0,0,0,0,0,5
"E22HA05-01","C22","Chinese","Genuine","Happy 5 CN",2,0.125,0.3708405,0.006562534,0.2591158,0.0136511,5.6586e-05,0.000112159,0.1485668,0.01799064,0,0,1,0,0,1,1,0,0,0,0,1,0,0,0,0,0,0,0,5
"E22HA05-01","C22","Chinese","Genuine","Happy 5 CN",3,0.25,0.3542562,0.02710679,0.2921009,0.02252247,0.000185507,0.000482898,0.1218997,0.01324259,0,0,1,0,0,1,1,0,0,0,0,1,0,0,0,0,0,0,0,5
"E22HA05-01","C22","Chinese","Genuine","Happy 5 CN",4,0.375,0.3822631,0.05367504,0.2351771,0.03382332,0.000138439,0.000424385,0.1002762,0.009372991,0,0,1,0,1,1,1,0,0,0,0,1,0,0,0,0,0,0,0,5
"E22HA05-01","C22","Chinese","Genuine","Happy 5 CN",5,0.5,0.4034733,0.06804711,0.1870091,0.04068611,0.000102147,0.000367473,0.08512853,0.006938673,0,0,1,0,1,1,1,0,1,0,0,1,0,0,0,0,0,0,0,4
"E22HA05-01","C22","Chinese","Genuine","Happy 5 CN",6,0.625,0.4189343,0.07030156,0.1482825,0.04711938,8.4154e-05,0.000379421,0.08793283,0.00477142,0,0,1,0,1,1,1,0,1,0,0,1,0,0,0,1,0,0,0,4
"E22HA05-01","C22","Chinese","Genuine","Happy 5 CN",7,0.75,0.4183557,0.08009034,0.1406229,0.03994965,6.4853e-05,0.000349196,0.1123091,0.00364308,0,0,1,0,2,1,1,0,1,0,0,1,0,0,0,1,0,0,0,4
"E22HA05-01","C22","Chinese","Genuine","Happy 5 CN",8,0.875,0.417809,0.08594175,0.1488288,0.05002171,4.9182e-05,0.000323487,0.09522891,0.002727308,0,0,1,0,2,1,1,0,1,0,0,1,0,0,0,1,0,0,0,4
"E22HA05-01","C22","Chinese","Genuine","Happy 5 CN",9,1,0.3979086,0.1503851,0.1375206,0.06134523,5.8807e-05,0.000621716,0.08663769,0.00605833,0,0,1,0,2,1,1,0,1,0,0,1,0,0,0,1,0,0,0,4
"E22HA05-01","C22","Chinese","Genuine","Happy 5 CN",10,1.125,0.3626361,0.2378162,0.1266019,0.04505164,0.000126203,0.000879705,0.1423912,0.00473029,0,0,1,0,2,1,1,0,1,0,0,1,0,0,0,0,0,0,0,4
"E22HA05-01","C22","Chinese","Genuine","Happy 5 CN",11,1.25,0.3613201,0.2134705,0.1179589,0.03399536,0.000122329,0.000863187,0.1863952,0.003376158,0,0,1,0,3,1,2,0,1,0,0,1,0,0,0,0,0,0,0,3
"E22HA05-01","C22","Chinese","Genuine","Happy 5 CN",12,1.375,0.36939,0.2006597,0.1047748,0.03680761,0.000108102,0.000719465,0.1987782,0.002321636,0,0,1,0,3,1,1,0,1,0,0,1,0,0,0,1,0,0,0,3
"E22HA05-01","C22","Chinese","Genuine","Happy 5 CN",13,1.5,0.3505806,0.1897098,0.08951473,0.03419173,8.9743e-05,0.000541816,0.2559272,0.001596487,0,0,1,0,3,0,1,0,1,0,0,1,0,0,0,1,0,0,0,3
"E22HA05-01","C22","Chinese","Genuine","Happy 5 CN",14,1.625,0.3459345,0.2331683,0.07211988,0.0282189,9.0476e-05,0.000492906,0.2490101,0.001162036,0,0,1,0,3,0,1,0,2,0,0,1,0,0,0,1,0,0,0,3
"E22HA05-01","C22","Chinese","Genuine","Happy 5 CN",15,1.75,0.3190582,0.3103707,0.05742,0.02194771,8.0814e-05,0.000389202,0.2525139,0.000799081,0,0,1,0,3,0,1,0,2,0,0,1,0,0,0,1,0,0,0,3
"E22HA05-01","C22","Chinese","Genuine","Happy 5 CN",16,1.875,0.3397944,0.285037,0.04994171,0.01758196,6.5434e-05,0.000309233,0.2446621,0.000611886,0,0,1,0,3,0,2,0,2,0,0,1,0,0,0,1,0,0,0,2
"E22HA05-01","C22","Chinese","Genuine","Happy 5 CN",17,2,0.3574108,0.2361607,0.05713706,0.01493619,5.2762e-05,0.000302226,0.2332387,0.000576611,0,0,1,0,3,0,1,0,2,0,0,1,0,0,0,1,0,0,0,2
"E22HA05-01","C22","Chinese","Genuine","Happy 5 CN",18,2.125,0.3708491,0.2246675,0.06554358,0.02005141,5.245e-05,0.000233616,0.1905773,0.00039651,0,0,1,0,3,0,1,0,2,0,0,1,0,0,0,1,0,0,0,2
"E22HA05-01","C22","Chinese","Genuine","Happy 5 CN",19,2.25,0.3707491,0.1782271,0.05975846,0.02501476,4.1772e-05,0.000228029,0.2120487,0.000343274,0,0,1,0,3,0,1,0,2,0,0,1,0,0,0,1,0,0,0,2
"E22HA05-01","C22","Chinese","Genuine","Happy 5 CN",20,2.375,0.3782206,0.1558914,0.08495061,0.02828749,3.4633e-05,0.000338069,0.211758,0.000624777,0,0,1,0,3,1,1,0,2,0,0,1,0,0,0,1,0,0,0,2
"E22HA05-01","C22","Chinese","Genuine","Happy 5 CN",21,2.5,0.3922126,0.1392646,0.09612402,0.02926962,2.9673e-05,0.000343694,0.1937466,0.000884773,0,0,1,0,3,1,1,0,1,0,0,2,0,0,0,1,0,0,0,2
"E22HA05-01","C22","Chinese","Genuine","Happy 5 CN",22,2.625,0.3981148,0.1514009,0.09096496,0.02810404,2.4544e-05,0.000286641,0.1845059,0.000797498,0,0,1,0,3,1,1,0,1,0,0,2,0,0,0,1,0,0,0,2
"E22HA05-01","C22","Chinese","Genuine","Happy 5 CN",23,2.75,0.3963737,0.1712666,0.08962141,0.02716401,2.491e-05,0.000220397,0.1526782,0.000861496,0,0,1,0,3,1,1,0,1,0,0,2,0,0,0,1,0,0,0,2
"E22HA05-01","C22","Chinese","Genuine","Happy 5 CN",24,2.875,0.3773074,0.2206481,0.07639739,0.04076714,2.3644e-05,0.000166002,0.1136995,0.000841236,0,0,1,0,3,1,1,0,1,0,0,2,0,0,0,1,0,0,0,2
"E22HA05-01","C22","Chinese","Genuine","Happy 5 CN",25,3,0.3388739,0.3052427,0.07151162,0.0369621,2.2965e-05,0.00013224,0.08169091,0.000926445,0,0,1,0,3,1,1,0,2,0,0,3,0,0,0,1,0,0,0,2
"E22HA05-01","C22","Chinese","Genuine","Happy 5 CN",26,3.125,0.2993597,0.3895866,0.07366863,0.02954376,1.8863e-05,9.9018e-05,0.06048465,0.003113656,0,0,1,0,3,1,1,0,2,0,0,3,0,0,0,1,0,0,0,3
"E22HA05-01","C22","Chinese","Genuine","Happy 5 CN",27,3.25,0.2748631,0.4422406,0.0686904,0.02401725,1.8152e-05,7.256e-05,0.05441384,0.003112271,0,0,1,0,3,1,1,0,2,0,0,3,0,0,0,1,0,0,0,3
"E22HA05-01","C22","Chinese","Genuine","Happy 5 CN",28,3.375,0.2343176,0.5258561,0.05524054,0.01932615,1.7269e-05,5.5807e-05,0.04796351,0.004550668,0,0,1,0,3,1,1,0,2,0,0,3,0,0,0,1,0,0,0,3
"E22HA05-01","C22","Chinese","Genuine","Happy 5 CN",29,3.5,0.2259812,0.5442654,0.04292062,0.01704894,1.7666e-05,4.2926e-05,0.04111845,0.005941336,0,0,1,0,3,1,1,0,2,0,0,3,0,0,0,1,0,0,0,4
"E22HA05-01","C22","Chinese","Genuine","Happy 5 CN",30,3.625,0.2188209,0.5597831,0.03471863,0.01698202,1.9617e-05,3.5553e-05,0.03541371,0.007084437,0,0,1,0,3,1,1,0,3,0,0,3,0,0,0,1,0,0,0,4
"E22HA05-01","C22","Chinese","Genuine","Happy 5 CN",31,3.75,0.215651,0.5669358,0.0351636,0.01646421,1.8624e-05,2.9229e-05,0.02889917,0.008952832,0,0,1,0,3,1,1,0,3,0,0,3,0,0,0,1,0,0,0,4
"E22HA05-01","C22","Chinese","Genuine","Happy 5 CN",32,3.875,0.2165219,0.5657607,0.03014439,0.01820854,2.0598e-05,2.5082e-05,0.0269837,0.009787699,0,0,1,0,3,1,1,0,3,0,0,3,0,0,0,0,0,0,0,4
"E22HA05-01","C22","Chinese","Genuine","Happy 5 CN",33,4,0.2216442,0.5559069,0.02950083,0.0194101,2.2662e-05,2.5562e-05,0.02505329,0.009608963,0,0,1,0,3,1,1,0,3,0,0,3,0,0,0,0,0,0,0,4
"E22HA05-01","C22","Chinese","Genuine","Happy 5 CN",34,4.125,0.2271629,0.5451751,0.02678598,0.02111293,3.0002e-05,3.2665e-05,0.03154902,0.01105174,0,0,1,0,3,1,1,0,3,0,0,3,0,0,0,0,0,0,0,4
"E22HA05-01","C22","Chinese","Genuine","Happy 5 CN",35,4.25,0.2233955,0.5528798,0.02755199,0.01883409,2.7946e-05,3.061e-05,0.02890977,0.01117612,0,0,1,0,2,1,1,0,3,0,0,3,0,0,0,0,0,0,0,4
"E22HA05-01","C22","Chinese","Genuine","Happy 5 CN",36,4.375,0.2332151,0.5333565,0.02687406,0.01836723,2.7488e-05,3.1516e-05,0.02494515,0.01182791,0,0,1,0,2,1,1,0,3,0,0,3,0,0,0,0,0,0,0,4
"E22HA05-01","C22","Chinese","Genuine","Happy 5 CN",37,4.5,0.2531024,0.4936665,0.02583665,0.01763413,2.4946e-05,2.802e-05,0.0241319,0.01298875,0,0,1,0,2,1,1,0,3,0,0,2,0,0,0,0,0,0,0,4
"E22HA05-01","C22","Chinese","Genuine","Happy 5 CN",38,4.625,0.2801951,0.4395336,0.05836979,0.01580155,2.3131e-05,2.6805e-05,0.02760097,0.009711212,0,0,1,0,2,1,1,0,3,0,0,3,0,0,0,0,0,0,0,4
"E22HA05-01","C22","Chinese","Genuine","Happy 5 CN",39,4.75,0.2866103,0.3392675,0.1646242,0.01276031,1.9084e-05,2.3426e-05,0.03204834,0.01010303,0,0,1,0,2,1,1,0,3,0,0,3,0,0,0,0,0,0,0,4
"E22HA05-01","C22","Chinese","Genuine","Happy 5 CN",40,4.875,0.3085737,0.2688743,0.202606,0.01296113,1.6895e-05,2.045e-05,0.03628736,0.01522987,0,0,1,0,2,1,1,0,3,0,0,3,0,0,0,0,0,0,0,4
"E22HA07-02","C22","Chinese","Genuine","Happy 7 CN",1,0,0.3063998,0.000181838,0.3874865,0.02299898,3.3677e-05,3.0279e-05,0.2456065,0.001217545,0,0,1,0,0,1,0,0,0,0,0,2,0,0,0,0,0,0,0,4
"E22HA07-02","C22","Chinese","Genuine","Happy 7 CN",2,0.125,0.3034813,0.000187035,0.3933658,0.02263533,6.1478e-05,5.9663e-05,0.2525374,0.002135001,0,0,1,0,0,1,0,0,0,0,0,2,0,0,0,0,0,0,0,4
"E22HA07-02","C22","Chinese","Genuine","Happy 7 CN",3,0.25,0.2880268,0.000227832,0.4243276,0.02090625,7.468e-05,8.4488e-05,0.2632801,0.00400002,0,0,1,0,0,1,0,0,0,0,0,2,0,0,0,0,0,0,0,4
"E22HA07-02","C22","Chinese","Genuine","Happy 7 CN",4,0.375,0.2815701,0.000311025,0.4372489,0.02048838,7.6271e-05,8.0725e-05,0.2666043,0.005204756,0,0,1,0,0,1,1,0,0,0,0,2,0,0,0,0,0,0,0,4
"E22HA07-02","C22","Chinese","Genuine","Happy 7 CN",5,0.5,0.2996861,0.001041023,0.4009694,0.01937821,7.5345e-05,8.708e-05,0.2443319,0.01249436,0,0,1,0,0,1,1,0,0,0,0,2,0,0,0,0,0,0,0,4
"E22HA07-02","C22","Chinese","Genuine","Happy 7 CN",6,0.625,0.3168389,0.001923803,0.3666092,0.01638316,6.4199e-05,9.6815e-05,0.2448455,0.01245531,0,0,1,0,0,1,1,0,0,0,0,2,0,0,0,0,0,0,0,5
"E22HA07-02","C22","Chinese","Genuine","Happy 7 CN",7,0.75,0.3367283,0.004531386,0.3267621,0.01543746,5.4596e-05,0.000104107,0.2239201,0.01201465,0,0,1,0,0,1,1,0,0,0,0,2,0,0,0,0,0,0,0,5
"E22HA07-02","C22","Chinese","Genuine","Happy 7 CN",8,0.875,0.3420727,0.01087413,0.3161206,0.01701538,0.00013422,0.000166617,0.1965019,0.01087382,0,0,1,0,0,1,1,0,0,0,0,2,0,0,0,0,0,0,0,5
"E22HA07-02","C22","Chinese","Genuine","Happy 7 CN",9,1,0.350639,0.02304794,0.2989412,0.01802704,0.00013868,0.00018834,0.159332,0.01241061,0,0,1,0,0,1,1,0,0,0,0,2,0,0,0,0,0,0,0,5
"E22HA07-02","C22","Chinese","Genuine","Happy 7 CN",10,1.125,0.377072,0.03852626,0.2460189,0.01919571,0.000110174,0.000276261,0.1386259,0.012935,0,0,1,0,0,1,1,0,0,0,0,2,0,0,0,0,0,0,0,5
"E22HA07-02","C22","Chinese","Genuine","Happy 7 CN",11,1.25,0.3935986,0.0422284,0.2129434,0.01760882,9.2896e-05,0.000242583,0.1249781,0.01511206,0,0,1,0,0,1,1,0,1,0,0,2,0,0,0,0,0,0,0,5
"E22HA07-02","C22","Chinese","Genuine","Happy 7 CN",12,1.375,0.4121354,0.04901777,0.1758397,0.01986437,8.0307e-05,0.000240687,0.1069379,0.0235059,0,0,1,0,1,1,1,0,1,0,0,2,0,0,0,0,0,0,0,5
"E22HA07-02","C22","Chinese","Genuine","Happy 7 CN",13,1.5,0.4200944,0.068175,0.159909,0.01785863,8.2729e-05,0.000201116,0.09366734,0.0306272,0,0,1,0,1,1,1,0,1,0,0,2,0,0,0,0,0,0,0,5
"E22HA07-02","C22","Chinese","Genuine","Happy 7 CN",14,1.625,0.3850161,0.06930946,0.2301359,0.01593274,0.000257312,0.000216522,0.07889552,0.03138023,0,0,1,0,1,1,1,0,1,0,0,2,0,0,0,0,0,0,0,5
"E22HA07-02","C22","Chinese","Genuine","Happy 7 CN",15,1.75,0.3965371,0.08508524,0.2070692,0.0141034,0.000214134,0.000174525,0.06472705,0.02986768,0,0,1,0,1,1,1,0,1,0,0,2,0,0,0,0,0,0,0,5
"E22HA07-02","C22","Chinese","Genuine","Happy 7 CN",16,1.875,0.3988116,0.08028217,0.2025003,0.01359311,0.000182331,0.000151785,0.06196919,0.02197996,0,0,1,0,1,1,1,0,1,0,0,2,0,0,0,0,0,0,0,5
"E22HA07-02","C22","Chinese","Genuine","Happy 7 CN",17,2,0.4119168,0.09223363,0.1668574,0.01408912,0.00015316,0.000143791,0.05333372,0.02386909,0,0,1,0,1,2,1,0,1,0,0,2,0,0,0,0,0,0,0,5
"E22HA07-02","C22","Chinese","Genuine","Happy 7 CN",18,2.125,0.4132823,0.09611259,0.1670599,0.01340982,0.000162543,0.000135967,0.04493225,0.03651126,0,0,1,0,1,2,1,0,1,0,0,2,0,0,0,0,0,0,0,5
"E22HA07-02","C22","Chinese","Genuine","Happy 7 CN",19,2.25,0.4197098,0.09637477,0.1562055,0.01340509,0.000130211,0.000159798,0.04246633,0.03634431,0,0,1,0,1,2,1,0,1,0,0,2,0,0,0,0,0,0,0,5
"E22HA07-02","C22","Chinese","Genuine","Happy 7 CN",20,2.375,0.4269484,0.09487006,0.1430975,0.01313837,9.4777e-05,0.000157436,0.0506374,0.03065491,0,0,1,0,1,2,1,0,1,0,0,2,0,0,0,0,0,0,0,5
"E22HA07-02","C22","Chinese","Genuine","Happy 7 CN",21,2.5,0.4263664,0.09345804,0.1452051,0.0131242,7.1425e-05,0.000177814,0.05932765,0.02855825,0,0,1,0,1,2,1,0,1,0,0,2,0,0,0,0,0,0,0,5
"E22HA07-02","C22","Chinese","Genuine","Happy 7 CN",22,2.625,0.4123357,0.09013391,0.1739148,0.01739626,6.3977e-05,0.000232354,0.04805786,0.02292967,0,0,1,0,1,2,1,0,1,0,0,2,0,0,0,0,0,0,0,5
"E22HA07-02","C22","Chinese","Genuine","Happy 7 CN",23,2.75,0.3912964,0.158832,0.1549762,0.02561459,0.000189889,0.00029443,0.04067521,0.01708012,0,0,1,0,1,2,1,0,1,0,0,2,0,0,0,0,0,0,0,5
"E22HA07-02","C22","Chinese","Genuine","Happy 7 CN",24,2.875,0.3862943,0.1871412,0.1653051,0.02594802,0.000202974,0.000304914,0.03378609,0.01953913,0,0,1,0,1,2,1,0,1,0,0,2,0,0,0,0,0,0,0,5
"E22HA07-02","C22","Chinese","Genuine","Happy 7 CN",25,3,0.3859836,0.2003469,0.1450853,0.03143133,0.000205227,0.000358379,0.02917639,0.01534297,0,0,1,0,1,2,1,0,2,0,0,2,0,0,0,0,0,0,0,5
"E22HA07-02","C22","Chinese","Genuine","Happy 7 CN",26,3.125,0.3864474,0.2080707,0.1455568,0.03198754,0.000177117,0.000381663,0.02597042,0.0176443,0,0,1,0,1,2,1,0,2,0,0,2,0,0,0,0,0,0,0,5
"E22HA07-02","C22","Chinese","Genuine","Happy 7 CN",27,3.25,0.3829772,0.2209577,0.1515913,0.02647509,0.000173271,0.000347089,0.02538956,0.01411873,0,0,1,0,1,2,1,0,2,0,0,2,0,0,0,0,0,0,0,5
"E22HA07-02","C22","Chinese","Genuine","Happy 7 CN",28,3.375,0.3686761,0.2536508,0.1371694,0.02241132,0.000161448,0.000316424,0.02997604,0.01175327,0,0,1,0,2,2,1,0,2,0,0,2,0,0,0,0,0,0,0,5
"E22HA07-02","C22","Chinese","Genuine","Happy 7 CN",29,3.5,0.359825,0.2741642,0.1087218,0.01806943,0.00016565,0.00025564,0.032206,0.009571458,0,0,1,0,2,2,1,0,2,0,0,2,0,0,0,0,0,0,0,4
"E22HA07-02","C22","Chinese","Genuine","Happy 7 CN",30,3.625,0.3254505,0.3448473,0.08309855,0.01415746,0.000339384,0.000237618,0.03202919,0.007870489,0,0,1,0,2,2,1,0,2,0,0,1,0,0,0,0,0,0,0,4
"E22HA07-02","C22","Chinese","Genuine","Happy 7 CN",31,3.75,0.3347114,0.3277221,0.07279775,0.0141433,0.00045949,0.000372825,0.02939624,0.008593379,0,0,1,0,2,2,1,0,2,0,0,1,0,0,0,0,0,0,0,4
"E22HA07-02","C22","Chinese","Genuine","Happy 7 CN",32,3.875,0.3516627,0.295052,0.07707249,0.01376479,0.000500426,0.000684742,0.02344524,0.007498736,0,0,1,0,2,2,1,0,2,0,0,1,0,0,0,0,1,0,0,4
"E22HA07-02","C22","Chinese","Genuine","Happy 7 CN",33,4,0.363996,0.2709398,0.08157858,0.01249287,0.000376869,0.00051211,0.02512804,0.007037729,0,0,1,0,2,2,1,0,1,0,0,1,0,0,0,0,1,0,0,4
"E22HA07-02","C22","Chinese","Genuine","Happy 7 CN",34,4.125,0.3358545,0.3275791,0.09016176,0.009514249,0.00028025,0.000378123,0.02354146,0.004925325,0,0,1,0,2,2,1,0,1,0,0,2,0,0,0,0,0,0,0,4
"E22HA07-02","C22","Chinese","Genuine","Happy 7 CN",35,4.25,0.3164762,0.3021939,0.2033014,0.007640577,0.000200538,0.000269828,0.01986038,0.005269866,0,0,1,0,2,2,1,0,1,0,0,3,0,0,0,0,0,0,0,4
"E22HA07-02","C22","Chinese","Genuine","Happy 7 CN",36,4.375,0.2964645,0.2602973,0.2944769,0.006441674,0.000142258,0.000201313,0.01773049,0.006991512,0,0,1,0,1,2,1,0,1,0,0,3,0,0,0,0,0,0,0,3
"E22HA07-02","C22","Chinese","Genuine","Happy 7 CN",37,4.5,0.2904063,0.2272265,0.3417818,0.01029345,0.000111312,0.000153969,0.01368837,0.008111457,0,0,1,0,1,2,0,0,1,0,0,3,0,0,0,0,0,0,0,3
"E22HA07-02","C22","Chinese","Genuine","Happy 7 CN",38,4.625,0.2725086,0.1974566,0.4017776,0.01481852,9.2019e-05,0.000112868,0.01134041,0.01150371,0,0,1,0,1,2,0,0,1,0,0,3,0,0,0,0,0,0,0,3
"E22HA07-02","C22","Chinese","Genuine","Happy 7 CN",39,4.75,0.2623427,0.1641109,0.4387521,0.01541583,7.1215e-05,8.3935e-05,0.01237753,0.01476519,0,0,1,0,1,2,0,0,1,0,0,4,0,0,0,0,0,0,0,4
"E22HA07-02","C22","Chinese","Genuine","Happy 7 CN",40,4.875,0.2291178,0.1249281,0.5166478,0.01297596,6.3482e-05,6.0272e-05,0.01769029,0.0140443,0,0,1,0,1,2,0,0,1,0,0,3,0,0,0,0,0,0,0,4
"E22HA07-02","C22","Chinese","Genuine","Happy 7 CN",41,5,0.23265,0.09802574,0.5174674,0.01293732,7.1611e-05,4.7171e-05,0.02386061,0.01532522,0,0,1,0,1,2,0,0,1,0,0,3,0,0,0,0,0,0,0,4
"E22HA07-02","C22","Chinese","Genuine","Happy 7 CN",42,5.125,0.2245824,0.07616373,0.5390656,0.01224997,7.0324e-05,4.0908e-05,0.02648008,0.02004469,0,0,1,0,1,1,0,0,1,0,0,3,0,0,0,0,0,0,0,4
"E22HA07-02","C22","Chinese","Genuine","Happy 7 CN",43,5.25,0.2052273,0.06053192,0.5815622,0.01201908,6.8963e-05,3.3681e-05,0.02745847,0.02258031,0,0,1,0,1,1,0,0,1,0,0,3,0,0,0,0,0,0,0,4
"E22HA07-02","C22","Chinese","Genuine","Happy 7 CN",44,5.375,0.1978632,0.04638696,0.5988827,0.01193094,5.9934e-05,2.659e-05,0.03347574,0.01971871,0,0,1,0,1,1,0,0,0,0,0,3,0,0,0,0,0,0,0,4
"E22HA07-02","C22","Chinese","Genuine","Happy 7 CN",45,5.5,0.1951386,0.03666137,0.6063912,0.01136879,6.2196e-05,2.3577e-05,0.033424,0.02183751,0,0,1,0,1,1,0,0,0,0,0,3,0,0,0,0,0,0,0,4
"E23HA01-02","C23","Chinese","Genuine","Happy 1 CN",1,0,0.3020173,0.5604615,0.00032986,0.011769,0.07721715,0.000726876,6.3996e-05,0.001482347,0,0,0,0,1,0,0,0,3,0,0,0,0,0,0,0,0,0,0,0
"E23HA01-02","C23","Chinese","Genuine","Happy 1 CN",2,0.125,0.2837859,0.5973936,0.000384732,0.01224784,0.06704798,0.00067055,0.000101643,0.001407597,0,0,0,0,1,0,0,0,3,0,0,0,0,0,0,0,0,0,0,0
"E23HA01-02","C23","Chinese","Genuine","Happy 1 CN",3,0.25,0.2716511,0.6142772,0.000446644,0.01710369,0.05605825,0.000665479,0.000115728,0.001214917,0,0,0,0,1,0,0,0,3,0,0,0,0,0,0,0,0,0,0,0
"E23HA01-02","C23","Chinese","Genuine","Happy 1 CN",4,0.375,0.2241739,0.6700503,0.000423832,0.01947015,0.04490678,0.000599439,0.000137509,0.001185393,0,0,0,0,1,0,0,0,3,0,0,0,0,0,0,0,0,0,0,0
"E23HA01-02","C23","Chinese","Genuine","Happy 1 CN",5,0.5,0.1645919,0.752656,0.000413429,0.02131133,0.03331801,0.000444237,0.000144817,0.001764301,0,0,0,0,1,0,0,0,3,0,0,0,0,0,0,0,0,0,0,0
"E23HA01-02","C23","Chinese","Genuine","Happy 1 CN",6,0.625,0.1173623,0.821659,0.000444598,0.01655172,0.02337041,0.000313698,0.000123703,0.00173074,0,0,0,0,1,0,0,0,3,0,0,0,0,0,0,0,0,0,0,1
"E23HA01-02","C23","Chinese","Genuine","Happy 1 CN",7,0.75,0.08371183,0.871393,0.000549686,0.01267591,0.01634365,0.000230778,0.000101529,0.001857432,0,0,0,0,1,0,0,0,4,0,0,0,0,0,0,0,0,0,0,1
"E23HA01-02","C23","Chinese","Genuine","Happy 1 CN",8,0.875,0.06044121,0.9058477,0.000597384,0.01085014,0.01154752,0.000171869,8.8708e-05,0.002783237,0,0,0,0,1,0,0,0,4,0,0,0,0,0,0,0,0,0,0,1
"E23HA01-02","C23","Chinese","Genuine","Happy 1 CN",9,1,0.04692062,0.9246131,0.000565586,0.008508317,0.008153687,0.000129677,9.1968e-05,0.003146528,0,0,0,0,2,0,0,0,4,0,0,0,0,0,0,0,0,0,0,1
"E23HA01-02","C23","Chinese","Genuine","Happy 1 CN",10,1.125,0.03791375,0.9369405,0.000518091,0.006999974,0.005913286,9.6827e-05,9.0975e-05,0.004842404,0,0,0,0,2,0,0,0,4,0,0,0,0,0,0,0,0,0,0,1
"E23HA01-02","C23","Chinese","Genuine","Happy 1 CN",11,1.25,0.03136327,0.9461761,0.000627308,0.007712428,0.004285155,7.7337e-05,0.000131428,0.004677076,0,0,0,0,2,0,0,0,4,0,0,0,0,0,0,0,0,0,0,1
"E23HA01-02","C23","Chinese","Genuine","Happy 1 CN",12,1.375,0.02867419,0.9489527,0.000702789,0.008010661,0.003479269,7.2429e-05,0.000160458,0.005895568,0,0,0,0,2,0,0,0,4,0,0,0,0,0,0,0,0,0,0,1
"E23HA01-02","C23","Chinese","Genuine","Happy 1 CN",13,1.5,0.02462547,0.9551708,0.000653832,0.007135998,0.002689768,6.3056e-05,0.000155445,0.007330305,0,0,0,0,2,0,0,0,4,0,0,0,0,0,0,0,0,0,0,1
"E23HA01-02","C23","Chinese","Genuine","Happy 1 CN",14,1.625,0.02122886,0.960659,0.000619968,0.007364107,0.002151221,5.1946e-05,0.000148553,0.007518703,0,0,0,0,2,0,0,0,4,0,0,0,0,0,0,0,0,0,0,1
"E23HA01-02","C23","Chinese","Genuine","Happy 1 CN",15,1.75,0.01956416,0.9630983,0.00060439,0.008476812,0.001811473,5.5966e-05,0.000189781,0.006711242,0,0,0,0,2,0,0,0,4,0,0,0,0,0,0,0,0,0,0,1
"E23HA01-02","C23","Chinese","Genuine","Happy 1 CN",16,1.875,0.01906735,0.9634597,0.000610483,0.009163385,0.001545607,5.0486e-05,0.000178532,0.006625646,0,0,0,0,2,0,0,0,4,0,0,0,0,0,0,0,0,0,0,1
"E23HA01-02","C23","Chinese","Genuine","Happy 1 CN",17,2,0.0217204,0.9578879,0.000557379,0.009105735,0.001492956,5.4385e-05,0.000179328,0.006511153,0,0,0,0,2,0,0,0,4,0,0,0,0,0,0,0,0,0,0,1
"E23HA01-02","C23","Chinese","Genuine","Happy 1 CN",18,2.125,0.02063385,0.9597889,0.000563515,0.01016398,0.001426648,5.0313e-05,0.000185793,0.005647312,0,0,0,0,2,0,0,0,4,0,0,0,0,0,0,0,0,0,0,1
"E23HA01-02","C23","Chinese","Genuine","Happy 1 CN",19,2.25,0.02066463,0.9596833,0.000581425,0.00966307,0.001350584,4.8385e-05,0.000164252,0.005612341,0,0,0,0,2,0,0,0,4,0,0,0,0,0,0,0,0,0,0,1
"E23HA01-02","C23","Chinese","Genuine","Happy 1 CN",20,2.375,0.01819687,0.9643929,0.000553614,0.007902824,0.001325634,4.9721e-05,0.000133865,0.005341245,0,0,0,0,2,0,0,0,4,0,0,0,0,0,0,0,0,0,0,1
"E23HA01-02","C23","Chinese","Genuine","Happy 1 CN",21,2.5,0.01608741,0.9684814,0.000501044,0.007163975,0.001341591,4.5306e-05,0.000109238,0.004561844,0,0,0,0,2,0,0,0,4,0,0,0,0,0,0,0,0,0,0,1
"E23HA01-02","C23","Chinese","Genuine","Happy 1 CN",22,2.625,0.01845584,0.9636922,0.000554837,0.01923812,0.00174408,5.9127e-05,0.000133385,0.004826441,0,0,0,0,2,0,0,0,4,0,0,0,0,0,0,0,0,0,0,1
"E23HA01-02","C23","Chinese","Genuine","Happy 1 CN",23,2.75,0.02320293,0.954113,0.00049268,0.02050788,0.00290996,6.4753e-05,0.000109904,0.005244826,0,0,0,0,2,0,0,0,4,0,0,0,0,0,0,0,0,0,0,1
"E23HA01-02","C23","Chinese","Genuine","Happy 1 CN",24,2.875,0.02814093,0.9443374,0.000458145,0.0188587,0.003470386,7.1908e-05,0.000108833,0.005169827,0,0,0,0,2,0,0,0,4,0,0,0,0,0,0,0,0,0,0,1
"E23HA01-02","C23","Chinese","Genuine","Happy 1 CN",25,3,0.02552,0.9495873,0.000511257,0.01627194,0.002779363,8.1172e-05,0.000126118,0.004458717,0,0,0,0,2,0,0,0,4,0,0,0,0,0,0,0,0,0,0,1
"E23HA01-02","C23","Chinese","Genuine","Happy 1 CN",26,3.125,0.02226315,0.9560665,0.000431126,0.01521903,0.002348861,7.5807e-05,0.000116829,0.003826753,0,0,0,0,2,0,0,0,4,0,0,0,0,0,0,0,0,0,0,1
"E23HA01-02","C23","Chinese","Genuine","Happy 1 CN",27,3.25,0.02280957,0.9549462,0.000353895,0.01430127,0.002963137,9.6879e-05,0.00010404,0.003227143,0,0,0,0,2,0,0,0,4,0,0,0,0,0,0,0,0,0,0,1
"E23HA01-02","C23","Chinese","Genuine","Happy 1 CN",28,3.375,0.02658985,0.9474578,0.000301776,0.01542127,0.003002374,0.000123243,9.6888e-05,0.002594347,0,0,0,0,2,0,0,0,4,0,0,0,0,0,0,0,0,0,0,1
"E23HA01-02","C23","Chinese","Genuine","Happy 1 CN",29,3.5,0.02952492,0.9418703,0.000305761,0.01822254,0.003012533,0.000139035,9.0407e-05,0.002425373,0,0,0,0,2,0,0,0,4,0,0,0,0,0,0,0,0,0,0,1
"E23HA01-02","C23","Chinese","Genuine","Happy 1 CN",30,3.625,0.03740058,0.9261804,0.000301192,0.02356381,0.003734987,0.000188815,8.8e-05,0.003042822,0,0,0,0,2,0,0,0,4,0,0,0,0,0,0,0,0,0,0,1
"E23HA01-02","C23","Chinese","Genuine","Happy 1 CN",31,3.75,0.04312278,0.9149697,0.000307349,0.02741605,0.004580738,0.000208145,8.7747e-05,0.003479721,0,0,0,0,2,0,0,0,4,0,0,0,0,0,0,0,0,0,0,1
"E23HA02-03","C23","Chinese","Genuine","Happy 2 CN",1,0,0.2326393,0.632784,0.002532308,0.03909286,0.00661453,0.00023348,0.001670065,0.0019221,0,0,1,0,1,0,0,0,3,0,0,0,0,0,0,0,1,0,0,2
"E23HA02-03","C23","Chinese","Genuine","Happy 2 CN",2,0.125,0.2629304,0.5768621,0.002628409,0.0359836,0.006114196,0.000248897,0.002108469,0.001661482,0,0,1,0,1,0,0,0,3,0,0,0,0,0,0,0,1,0,0,2
"E23HA02-03","C23","Chinese","Genuine","Happy 2 CN",3,0.25,0.2287476,0.6196482,0.004882844,0.03796282,0.005551864,0.000226251,0.003636322,0.002340997,0,0,1,0,1,0,0,0,3,0,0,0,0,0,0,0,1,0,0,3
"E23HA02-03","C23","Chinese","Genuine","Happy 2 CN",4,0.375,0.1752892,0.7037648,0.007081221,0.02675216,0.005598085,0.000186511,0.00374403,0.001803409,0,0,1,0,1,0,0,0,3,0,0,0,0,0,0,0,1,0,0,3
"E23HA02-03","C23","Chinese","Genuine","Happy 2 CN",5,0.5,0.1243502,0.788767,0.005450798,0.0186174,0.004773468,0.000134069,0.002824185,0.002236525,0,0,1,0,1,0,0,0,3,0,0,0,0,0,0,0,1,0,0,3
"E23HA02-03","C23","Chinese","Genuine","Happy 2 CN",6,0.625,0.08816329,0.8494556,0.004709027,0.01320435,0.003895274,9.6786e-05,0.002025889,0.002582744,0,0,1,0,2,0,0,0,3,0,0,0,0,0,0,0,1,0,0,4
"E23HA02-03","C23","Chinese","Genuine","Happy 2 CN",7,0.75,0.06238411,0.8929696,0.004162195,0.009430023,0.003142374,6.9349e-05,0.001488973,0.002826719,0,0,1,0,2,0,0,0,3,0,0,0,0,0,0,0,1,0,0,4
"E23HA02-03","C23","Chinese","Genuine","Happy 2 CN",8,0.875,0.04461544,0.9229714,0.00299281,0.00682046,0.002291142,5.2642e-05,0.001041976,0.003456243,0,0,1,0,3,0,0,0,4,0,0,0,0,0,0,0,0,0,0,4
"E23HA02-03","C23","Chinese","Genuine","Happy 2 CN",9,1,0.03235596,0.943684,0.002133886,0.005049355,0.001659454,4.0938e-05,0.000725796,0.005553929,0,0,1,0,3,0,0,0,4,0,0,0,0,0,0,0,0,0,0,3
"E23HA02-03","C23","Chinese","Genuine","Happy 2 CN",10,1.125,0.02367263,0.9584302,0.001548409,0.003649322,0.001219537,3.1377e-05,0.000506613,0.005414596,0,0,1,0,3,0,0,0,4,0,0,0,0,0,0,0,0,0,0,3
"E23HA02-03","C23","Chinese","Genuine","Happy 2 CN",11,1.25,0.01910844,0.9657558,0.001195443,0.002680239,0.000961423,2.6192e-05,0.000357441,0.00466815,0,0,0,0,3,0,0,0,4,0,0,0,0,0,0,0,0,0,0,3
"E23HA02-03","C23","Chinese","Genuine","Happy 2 CN",12,1.375,0.01615188,0.9704289,0.000907603,0.0019923,0.000714639,2.3385e-05,0.000258322,0.003795511,0,0,0,0,3,0,0,0,4,0,0,0,0,0,0,0,0,0,0,3
"E23HA02-03","C23","Chinese","Genuine","Happy 2 CN",13,1.5,0.01410498,0.9736696,0.000689376,0.001481415,0.000615401,2.3076e-05,0.000186694,0.002863777,0,0,0,0,3,0,0,0,4,0,0,0,0,1,0,0,0,0,0,3
"E23HA02-03","C23","Chinese","Genuine","Happy 2 CN",14,1.625,0.01354267,0.9742076,0.000492723,0.001082975,0.000577761,2.1833e-05,0.000134536,0.002155154,0,0,0,0,3,0,0,0,4,0,0,0,0,1,0,0,1,0,0,2
"E23HA02-03","C23","Chinese","Genuine","Happy 2 CN",15,1.75,0.01357931,0.9737307,0.000374838,0.00081015,0.000580622,2.2561e-05,9.7466e-05,0.001762505,0,0,0,0,3,0,0,0,4,0,0,0,0,1,0,0,1,0,0,2
"E23HA02-03","C23","Chinese","Genuine","Happy 2 CN",16,1.875,0.01241531,0.9757812,0.000298266,0.000626028,0.000539873,2.3401e-05,7.3468e-05,0.001243932,0,0,1,0,3,0,0,0,4,0,0,0,0,1,0,0,2,0,0,2
"E23HA02-03","C23","Chinese","Genuine","Happy 2 CN",17,2,0.01180688,0.9768072,0.000267261,0.0005054,0.000468492,2.2278e-05,5.4512e-05,0.001156168,0,0,1,0,3,0,0,0,4,0,0,0,0,1,0,0,2,0,0,2
"E23HA02-03","C23","Chinese","Genuine","Happy 2 CN",18,2.125,0.01029213,0.9797053,0.000218486,0.000386523,0.000421588,1.7442e-05,3.9456e-05,0.000973657,0,0,1,0,4,0,0,0,4,0,0,0,0,1,0,0,3,0,0,2
"E23HA02-03","C23","Chinese","Genuine","Happy 2 CN",19,2.25,0.009383761,0.9814317,0.000198171,0.000350333,0.000426216,1.608e-05,2.9692e-05,0.000834289,0,0,1,0,4,0,0,0,4,0,0,0,0,1,0,0,3,0,0,2
"E23HA02-03","C23","Chinese","Genuine","Happy 2 CN",20,2.375,0.009502419,0.9811323,0.000165044,0.000331187,0.000443842,1.8004e-05,2.2741e-05,0.000768357,0,0,1,0,4,0,0,0,4,0,0,0,0,1,0,0,3,0,0,2
"E23HA02-03","C23","Chinese","Genuine","Happy 2 CN",21,2.5,0.01025805,0.9795784,0.000147013,0.000278625,0.000433885,1.9927e-05,1.8962e-05,0.000582082,0,0,1,0,4,0,0,0,4,0,0,0,0,1,0,0,3,0,0,2
"E23HA02-03","C23","Chinese","Genuine","Happy 2 CN",22,2.625,0.010386,0.9792932,0.000176496,0.000263738,0.000445789,2.6206e-05,1.9885e-05,0.000547178,0,0,0,0,4,0,0,0,4,0,0,0,0,1,0,0,3,0,0,2
"E23HA02-03","C23","Chinese","Genuine","Happy 2 CN",23,2.75,0.009234699,0.9815756,0.000175657,0.000237996,0.000402491,2.1838e-05,2.2354e-05,0.00053867,0,0,1,0,4,0,0,0,4,0,0,0,0,1,0,0,3,0,0,3
"E23HA02-03","C23","Chinese","Genuine","Happy 2 CN",24,2.875,0.008582924,0.9828652,0.000156637,0.000203053,0.000379769,1.8467e-05,1.8319e-05,0.000570769,0,0,1,0,4,0,0,0,4,0,0,0,0,1,0,0,3,0,0,3
"E23HA02-03","C23","Chinese","Genuine","Happy 2 CN",25,3,0.008577106,0.9828673,0.000152372,0.000175936,0.000401662,2.2503e-05,1.4549e-05,0.000432615,0,0,1,0,4,0,0,0,4,0,0,0,0,1,0,0,3,0,0,3
"E23HA02-03","C23","Chinese","Genuine","Happy 2 CN",26,3.125,0.009563297,0.9808885,0.000141099,0.000195673,0.000378922,2.5024e-05,1.427e-05,0.000494787,0,0,1,0,4,0,0,0,4,0,0,0,0,1,0,0,3,0,0,3
"E23HA02-03","C23","Chinese","Genuine","Happy 2 CN",27,3.25,0.009498606,0.9810134,0.000116342,0.000220741,0.000311046,2.5903e-05,1.2743e-05,0.000442455,0,0,1,0,4,0,0,0,4,0,0,0,0,1,0,0,3,0,0,3
"E23HA02-03","C23","Chinese","Genuine","Happy 2 CN",28,3.375,0.008097126,0.983813,9.8853e-05,0.000201416,0.000273119,2.0585e-05,1.175e-05,0.000947176,0,0,1,0,4,0,0,0,5,0,0,0,0,1,0,0,3,0,0,3
"E23HA02-03","C23","Chinese","Genuine","Happy 2 CN",29,3.5,0.006889744,0.9862256,8.7549e-05,0.00018161,0.000241441,1.7818e-05,9.741e-06,0.001122101,0,0,1,0,4,0,0,0,5,0,0,0,0,1,0,0,3,0,0,2
"E23HA02-03","C23","Chinese","Genuine","Happy 2 CN",30,3.625,0.006135302,0.9877329,8.4426e-05,0.000172216,0.000267476,2.0935e-05,7.662e-06,0.001343644,0,0,1,0,4,0,0,0,5,0,0,0,0,1,0,0,4,0,0,2
"E23HA02-03","C23","Chinese","Genuine","Happy 2 CN",31,3.75,0.005838078,0.9883263,8.3086e-05,0.000177636,0.000284702,1.9581e-05,6.399e-06,0.001555728,0,0,1,0,4,0,0,0,5,0,0,0,0,1,0,0,4,0,0,3
"E23HA02-03","C23","Chinese","Genuine","Happy 2 CN",32,3.875,0.007153371,0.9856951,9.9089e-05,0.000238092,0.000300735,2.1459e-05,8.654e-06,0.001106172,0,0,1,0,4,0,0,0,5,0,0,0,0,1,0,0,4,0,0,2
"E23HA02-03","C23","Chinese","Genuine","Happy 2 CN",33,4,0.008749859,0.9825018,8.2185e-05,0.000239979,0.000337551,2.889e-05,9.094e-06,0.000895287,0,0,1,0,4,0,0,0,4,0,0,0,0,1,0,0,4,0,0,2
"E23HA02-03","C23","Chinese","Genuine","Happy 2 CN",34,4.125,0.01302398,0.9739538,0.000112642,0.000952261,0.00067266,7.0905e-05,2.6194e-05,0.000849912,0,0,1,0,4,0,0,0,4,0,0,0,0,1,0,0,4,1,0,2
"E23HA02-03","C23","Chinese","Genuine","Happy 2 CN",35,4.25,0.02253696,0.9607076,0.000445881,0.01176361,0.00136378,0.00037008,0.000954823,0.000948148,0,0,1,0,3,0,0,0,4,0,0,0,0,1,0,0,4,1,0,2
"E23HA02-03","C23","Chinese","Genuine","Happy 2 CN",36,4.375,0.1591859,0.7581514,0.005719701,0.02918562,0.005546086,0.000556402,0.00319101,0.000721359,0,0,1,0,3,0,0,0,4,0,0,0,0,1,0,0,3,1,0,3
"E23HA02-03","C23","Chinese","Genuine","Happy 2 CN",37,4.5,0.263862,0.5313659,0.01863171,0.08876304,0.00784252,0.00044631,0.00391349,0.000496047,0,0,1,0,3,0,0,0,3,0,0,0,0,0,0,0,3,1,0,3
"E23HA02-03","C23","Chinese","Genuine","Happy 2 CN",38,4.625,0.3286344,0.3717875,0.01992088,0.186285,0.009148042,0.000405738,0.00484042,0.00034111,0,0,1,0,3,0,0,0,3,0,0,0,0,0,0,0,3,1,0,3
"E23HA02-03","C23","Chinese","Genuine","Happy 2 CN",39,4.75,0.3374608,0.2595937,0.02453601,0.273081,0.01020039,0.000458973,0.005766109,0.000234566,0,0,1,0,3,0,0,0,3,0,0,0,0,0,0,0,3,1,0,3
"E23HA03-01","C23","Chinese","Genuine","Happy 3 CN",1,0,0.8433441,0.000938311,0.003009947,0.03689381,0.2537104,0.003011751,0.000314007,0.000879605,0,0,0,0,0,0,0,0,0,0,0,0,0,0,0,0,0,0,0,0
"E23HA03-01","C23","Chinese","Genuine","Happy 3 CN",2,0.125,0.8424432,0.001387559,0.0024638,0.03377021,0.2613276,0.003315846,0.000280917,0.001371288,0,0,0,0,0,0,0,0,0,0,0,0,0,0,0,0,1,0,0,0
"E23HA03-01","C23","Chinese","Genuine","Happy 3 CN",3,0.25,0.8552123,0.001535011,0.002575529,0.03169057,0.2383837,0.002974737,0.000286546,0.001367874,0,0,0,0,0,0,0,0,0,0,0,0,0,0,0,0,1,0,0,0
"E23HA03-01","C23","Chinese","Genuine","Happy 3 CN",4,0.375,0.6121043,0.2666407,0.002076902,0.03026214,0.1699987,0.002084118,0.000257934,0.002176521,0,0,0,0,0,0,0,0,1,0,0,0,0,0,0,0,1,0,0,0
"E23HA03-01","C23","Chinese","Genuine","Happy 3 CN",5,0.5,0.4247345,0.4881374,0.001541916,0.0214117,0.1176748,0.001441823,0.00018614,0.004923088,0,0,0,0,1,0,0,0,2,0,0,0,0,0,0,0,1,0,0,1
"E23HA03-01","C23","Chinese","Genuine","Happy 3 CN",6,0.625,0.2950766,0.6420253,0.001234515,0.01525537,0.08132081,0.001004198,0.000149538,0.00922784,0,0,0,0,1,0,0,0,3,0,0,0,0,0,0,0,1,0,0,1
"E23HA03-01","C23","Chinese","Genuine","Happy 3 CN",7,0.75,0.2054341,0.7487979,0.001022157,0.01113378,0.05625474,0.000699271,0.00012543,0.01082793,0,0,0,0,1,0,0,0,3,0,0,0,0,0,0,0,0,0,0,1
"E23HA03-01","C23","Chinese","Genuine","Happy 3 CN",8,0.875,0.1438209,0.8221586,0.00086101,0.008565751,0.03885796,0.00048816,0.000108362,0.009252831,0,0,0,0,2,0,0,0,3,0,0,0,0,0,0,0,0,0,0,1
"E23HA03-01","C23","Chinese","Genuine","Happy 3 CN",9,1,0.1020148,0.8714885,0.000822674,0.006809825,0.02692322,0.000364782,0.000110126,0.008768712,0,0,0,0,2,0,0,0,4,0,0,0,0,0,0,0,0,0,0,1
"E23HA03-01","C23","Chinese","Genuine","Happy 3 CN",10,1.125,0.07533055,0.9013308,0.000747011,0.005752866,0.01883486,0.000273446,0.000117513,0.01216844,0,0,0,0,2,0,0,0,4,0,0,0,0,0,0,0,0,0,0,1
"E23HA03-01","C23","Chinese","Genuine","Happy 3 CN",11,1.25,0.05891184,0.9179941,0.000665584,0.004996798,0.01346418,0.000236996,0.000121031,0.01444961,0,0,0,0,2,0,0,0,4,0,0,0,0,0,0,0,0,0,0,1
"E23HA03-01","C23","Chinese","Genuine","Happy 3 CN",12,1.375,0.04516759,0.9343311,0.000648223,0.00437302,0.009718082,0.000194831,0.000109488,0.01411019,0,0,0,0,2,0,0,0,4,0,0,0,0,0,0,0,0,0,0,1
"E23HA03-01","C23","Chinese","Genuine","Happy 3 CN",13,1.5,0.03471257,0.9475545,0.000670219,0.00394232,0.007013968,0.00018481,0.000102594,0.0171001,0,0,0,0,2,0,0,0,4,0,0,0,0,0,0,0,1,0,0,1
"E23HA03-01","C23","Chinese","Genuine","Happy 3 CN",14,1.625,0.02891785,0.9539138,0.000529831,0.003573372,0.005477235,0.000160656,7.8809e-05,0.01583799,0,0,0,0,2,0,0,0,4,0,0,0,0,0,0,0,1,0,0,1
"E23HA03-01","C23","Chinese","Genuine","Happy 3 CN",15,1.75,0.02815962,0.9518892,0.000543334,0.004983913,0.004247237,0.00014973,9.8858e-05,0.02049559,0,0,0,0,2,0,0,0,4,0,0,0,0,0,0,0,0,0,0,1
"E23HA03-01","C23","Chinese","Genuine","Happy 3 CN",16,1.875,0.02320915,0.9592614,0.000583377,0.004815357,0.003076152,0.000117085,0.000103974,0.01512578,0,0,0,0,2,0,0,0,4,0,0,0,0,0,0,0,0,0,0,1
"E23HA03-01","C23","Chinese","Genuine","Happy 3 CN",17,2,0.02063208,0.9626747,0.000706307,0.005227214,0.002349534,0.000112522,0.00011907,0.01209373,0,0,0,0,2,0,0,0,4,0,0,0,0,0,0,0,1,0,0,2
"E23HA03-01","C23","Chinese","Genuine","Happy 3 CN",18,2.125,0.01683984,0.9690415,0.000634278,0.004552525,0.001793614,9.3882e-05,0.00010351,0.009545188,0,0,0,0,3,0,0,0,4,0,0,0,0,0,0,0,0,0,0,2
"E23HA03-01","C23","Chinese","Genuine","Happy 3 CN",19,2.25,0.01595227,0.9699901,0.000594835,0.004640705,0.001515519,0.000104789,0.000101515,0.00799749,0,0,0,0,3,0,0,0,4,0,0,0,0,0,0,0,1,0,0,2
"E23HA03-01","C23","Chinese","Genuine","Happy 3 CN",20,2.375,0.0155654,0.9701917,0.00058735,0.004880549,0.001361305,0.000117809,0.00011622,0.007569326,0,0,0,0,3,0,0,0,4,0,0,0,0,0,0,0,1,0,0,2
"E23HA03-01","C23","Chinese","Genuine","Happy 3 CN",21,2.5,0.01698966,0.9669502,0.000488071,0.004535693,0.001357782,0.000125759,0.000100886,0.006479248,0,0,0,0,3,0,0,0,4,0,0,0,0,0,0,0,1,0,0,2
"E23HA03-01","C23","Chinese","Genuine","Happy 3 CN",22,2.625,0.01838536,0.9639131,0.000485239,0.004109742,0.00128745,0.000121448,9.4241e-05,0.006626115,0,0,0,0,3,0,0,0,4,0,0,0,0,0,0,0,1,0,0,2
"E23HA03-01","C23","Chinese","Genuine","Happy 3 CN",23,2.75,0.02203552,0.9565939,0.000486555,0.005202878,0.001301714,0.000109342,8.1259e-05,0.00841251,0,0,0,0,3,0,0,0,4,0,0,0,0,0,0,0,1,0,0,1
"E23HA03-01","C23","Chinese","Genuine","Happy 3 CN",24,2.875,0.026646,0.9473383,0.000449381,0.005830655,0.001502963,0.000104412,7.0892e-05,0.01243071,0,0,0,0,3,0,0,0,4,0,0,0,0,0,0,0,1,0,0,1
"E23HA03-01","C23","Chinese","Genuine","Happy 3 CN",25,3,0.03829096,0.9242185,0.000390355,0.007015538,0.001947226,0.000124301,7.1415e-05,0.01344706,0,0,0,0,2,0,0,0,4,0,0,0,0,0,0,0,0,0,0,1
"E23HA03-01","C23","Chinese","Genuine","Happy 3 CN",26,3.125,0.04312865,0.91438,0.000337258,0.006936604,0.002895119,0.000137635,6.3807e-05,0.01314047,0,0,0,0,2,0,0,0,4,0,0,0,0,0,0,0,0,0,0,1
"E23HA03-01","C23","Chinese","Genuine","Happy 3 CN",27,3.25,0.04053436,0.9195397,0.000278971,0.007030307,0.002702652,0.000117079,5.5478e-05,0.01326564,0,0,0,0,2,0,0,0,4,0,0,0,0,0,0,0,0,0,0,1
"E23HA03-01","C23","Chinese","Genuine","Happy 3 CN",28,3.375,0.03414344,0.9322789,0.000426094,0.006036928,0.002029432,9.4087e-05,6.8254e-05,0.01063679,0,0,0,0,2,0,0,0,4,0,0,0,0,0,0,0,0,0,0,1
"E23HA03-01","C23","Chinese","Genuine","Happy 3 CN",29,3.5,0.02795283,0.9445108,0.000502716,0.005667077,0.001542402,0.000100479,9.6471e-05,0.008851876,0,0,0,0,2,0,0,0,4,0,0,0,0,0,0,0,0,0,0,2
"E23HA03-01","C23","Chinese","Genuine","Happy 3 CN",30,3.625,0.02366857,0.9529666,0.000480061,0.004893289,0.001237949,9.2609e-05,0.000108015,0.007957241,0,0,0,0,2,0,0,0,4,0,0,0,0,0,0,0,0,0,0,2
"E23HA03-01","C23","Chinese","Genuine","Happy 3 CN",31,3.75,0.02046388,0.959304,0.000520651,0.004804695,0.001090594,9.1596e-05,0.000121298,0.007350884,0,0,0,0,3,0,0,0,4,0,0,0,0,0,0,0,0,0,0,2
"E23HA03-01","C23","Chinese","Genuine","Happy 3 CN",32,3.875,0.01915874,0.9618672,0.000581126,0.00434868,0.001181921,0.000105544,0.000110976,0.008094263,0,0,0,0,2,0,0,0,4,0,0,0,0,0,0,0,0,0,0,2
"E23HA03-01","C23","Chinese","Genuine","Happy 3 CN",33,4,0.01794894,0.9642594,0.000558493,0.003639004,0.001336975,0.000100876,9.4399e-05,0.007240584,0,0,0,0,2,0,0,0,4,0,0,0,0,0,0,0,1,0,0,2
"E23HA03-01","C23","Chinese","Genuine","Happy 3 CN",34,4.125,0.01674289,0.9666475,0.000647677,0.003581024,0.001365862,0.000102832,8.4867e-05,0.007763674,0,0,0,0,2,0,0,0,4,0,0,0,0,0,0,0,0,0,0,2
"E23HA03-01","C23","Chinese","Genuine","Happy 3 CN",35,4.25,0.01880701,0.9625991,0.00051741,0.003876585,0.001547311,0.000101958,6.7477e-05,0.007202672,0,0,0,0,2,0,0,0,4,0,0,0,0,0,0,0,0,0,0,2
"E23HA03-01","C23","Chinese","Genuine","Happy 3 CN",36,4.375,0.0203898,0.9595627,0.000403332,0.004025091,0.001506407,9.4779e-05,5.7335e-05,0.007654734,0,0,0,0,3,0,0,0,4,0,0,0,0,0,0,0,0,0,0,2
"E23HA03-01","C23","Chinese","Genuine","Happy 3 CN",37,4.5,0.02504269,0.9503392,0.000340638,0.004187908,0.002289488,9.9549e-05,4.9806e-05,0.02175946,0,0,0,0,3,0,0,0,5,0,0,0,0,0,0,0,0,0,0,1
"E23HA03-01","C23","Chinese","Genuine","Happy 3 CN",38,4.625,0.03117906,0.9382286,0.0003151,0.004258433,0.002657988,9.1785e-05,5.1089e-05,0.02401874,0,0,0,0,2,0,0,0,4,0,0,0,0,0,0,0,0,0,0,1
"E23HA03-01","C23","Chinese","Genuine","Happy 3 CN",39,4.75,0.03970418,0.9214244,0.000279206,0.003874365,0.00296172,8.1984e-05,4.9571e-05,0.02419832,0,0,0,0,2,0,0,0,5,0,0,0,0,0,0,0,0,0,0,1
"E23HA03-01","C23","Chinese","Genuine","Happy 3 CN",40,4.875,0.04312212,0.9148648,0.000278092,0.004935103,0.003839375,9.8395e-05,5.6018e-05,0.02101463,0,0,0,0,2,0,0,0,4,0,0,0,0,0,0,0,0,0,0,1
"E23HA03-01","C23","Chinese","Genuine","Happy 3 CN",41,5,0.05388727,0.893743,0.000257536,0.004944117,0.005699215,0.000103364,5.3527e-05,0.02104494,0,0,0,0,2,0,0,0,4,0,0,0,0,0,0,0,0,0,0,1
"E23HA03-01","C23","Chinese","Genuine","Happy 3 CN",42,5.125,0.04887642,0.903479,0.000279644,0.004750405,0.005166524,0.000129677,5.5686e-05,0.02239372,0,0,0,0,2,0,0,0,4,0,0,0,0,0,0,0,0,0,0,1
"E23HA03-01","C23","Chinese","Genuine","Happy 3 CN",43,5.25,0.04597531,0.9091038,0.000275517,0.005032452,0.004848894,0.000200606,5.3238e-05,0.02244655,0,0,0,0,2,0,0,0,4,0,0,0,0,0,0,0,0,0,0,1
"E23HA03-01","C23","Chinese","Genuine","Happy 3 CN",44,5.375,0.0491048,0.902683,0.000271987,0.006646906,0.004850059,0.000251257,5.6671e-05,0.02213965,0,0,0,0,2,0,0,0,4,0,0,0,0,0,0,0,0,0,0,1
"E23HA03-01","C23","Chinese","Genuine","Happy 3 CN",45,5.5,0.05877698,0.8833896,0.000239307,0.007618804,0.004438971,0.000280661,6.0875e-05,0.02025619,0,0,0,0,2,0,0,0,4,0,0,0,0,0,0,0,0,0,0,1
"E23HA03-01","C23","Chinese","Genuine","Happy 3 CN",46,5.625,0.0530114,0.8948252,0.000299375,0.01084233,0.003741371,0.000233865,9.2524e-05,0.01820391,0,0,0,0,2,0,0,0,4,0,0,0,0,0,0,0,0,0,0,1
"E23HA03-01","C23","Chinese","Genuine","Happy 3 CN",47,5.75,0.05013508,0.9006984,0.000298819,0.01554822,0.003726155,0.000224253,0.000110026,0.01618615,0,0,0,0,2,0,0,0,4,0,0,0,0,0,0,0,0,0,0,1
"E23HA03-01","C23","Chinese","Genuine","Happy 3 CN",48,5.875,0.06430306,0.8736312,0.000400777,0.01684237,0.004744602,0.000262182,0.000176229,0.01259371,0,0,0,0,2,0,0,0,4,0,0,0,0,0,0,0,0,0,0,1
"E23HA03-01","C23","Chinese","Genuine","Happy 3 CN",49,6,0.17803,0.7046692,0.002207167,0.02953957,0.009612313,0.000251752,0.000438899,0.008660142,0,0,0,0,2,0,0,0,4,0,0,0,0,0,0,0,0,0,0,1
"E23HA03-01","C23","Chinese","Genuine","Happy 3 CN",50,6.125,0.2895555,0.5346856,0.004347096,0.03835797,0.01122057,0.000234315,0.000804642,0.006004611,0,0,0,0,2,0,0,0,4,0,0,0,0,0,0,0,0,0,0,1
"E23HA04-03","C23","Chinese","Genuine","Happy 4 CN",1,0,0.8701642,0.08135785,0.002942504,0.04902314,0.07047224,0.003881375,0.000703964,0.00095454,0,0,1,0,0,0,0,0,0,0,0,0,0,0,0,0,0,0,0,0
"E23HA04-03","C23","Chinese","Genuine","Happy 4 CN",2,0.125,0.8382463,0.06368725,0.002900462,0.04943912,0.1379313,0.004463985,0.000603308,0.001094866,0,0,1,0,0,0,0,0,0,0,0,0,0,0,0,0,0,0,0,0
"E23HA04-03","C23","Chinese","Genuine","Happy 4 CN",3,0.25,0.8357888,0.05837462,0.00291446,0.05400155,0.1437907,0.004317848,0.00050099,0.001426546,0,0,1,0,0,0,0,0,0,0,0,0,0,0,0,0,0,0,0,0
"E23HA04-03","C23","Chinese","Genuine","Happy 4 CN",4,0.375,0.756138,0.09403697,0.005480174,0.0565071,0.1033106,0.003066044,0.002365572,0.001520932,0,0,1,0,0,0,0,0,1,0,0,0,0,0,0,0,0,0,0,2
"E23HA04-03","C23","Chinese","Genuine","Happy 4 CN",5,0.5,0.6132029,0.2387082,0.005499109,0.05153288,0.07333837,0.002197774,0.002372952,0.001048103,0,0,1,0,0,0,0,0,1,0,0,0,0,0,0,0,0,0,0,2
"E23HA04-03","C23","Chinese","Genuine","Happy 4 CN",6,0.625,0.4988317,0.352783,0.005236783,0.04539194,0.05241394,0.00168768,0.002436602,0.001046312,0,0,1,0,0,0,0,0,1,0,0,0,0,0,0,0,0,0,0,2
"E23HA04-03","C23","Chinese","Genuine","Happy 4 CN",7,0.75,0.3955276,0.4752428,0.004488193,0.03935803,0.03842166,0.001302989,0.002071621,0.000734292,0,0,1,0,1,0,0,0,2,0,0,0,0,0,0,0,0,0,0,2
"E23HA04-03","C23","Chinese","Genuine","Happy 4 CN",8,0.875,0.310863,0.5717905,0.003859613,0.03166868,0.02798177,0.001010837,0.001661253,0.000550945,0,0,1,0,1,0,0,0,2,0,0,0,0,0,0,0,0,0,0,2
"E23HA04-03","C23","Chinese","Genuine","Happy 4 CN",9,1,0.2562177,0.6330254,0.003224136,0.0326039,0.02107363,0.000813135,0.001460091,0.00067275,0,0,1,0,1,0,0,0,3,0,0,0,0,0,0,0,0,0,0,2
"E23HA04-03","C23","Chinese","Genuine","Happy 4 CN",10,1.125,0.2625647,0.6095147,0.002892512,0.04565926,0.0218262,0.000973707,0.001251332,0.001128117,0,0,1,0,1,0,0,0,3,0,0,0,0,0,0,0,0,0,0,2
"E23HA04-03","C23","Chinese","Genuine","Happy 4 CN",11,1.25,0.2684734,0.5976154,0.002548262,0.04816022,0.0247416,0.000961984,0.000971386,0.000890724,0,0,1,0,1,0,0,0,3,0,0,0,0,0,0,0,0,0,0,2
"E23HA04-03","C23","Chinese","Genuine","Happy 4 CN",12,1.375,0.3058066,0.5559638,0.00210526,0.04405301,0.03093045,0.000941983,0.000733483,0.001310344,0,0,1,0,1,0,0,0,3,0,0,0,0,0,0,0,0,0,0,1
"E23HA04-03","C23","Chinese","Genuine","Happy 4 CN",13,1.5,0.3278273,0.531592,0.001855644,0.04808217,0.03832813,0.001146595,0.000583973,0.001128816,0,0,1,0,1,0,0,0,3,0,0,0,0,0,0,0,0,0,0,1
"E23HA04-03","C23","Chinese","Genuine","Happy 4 CN",14,1.625,0.3382297,0.5163967,0.001571455,0.04584675,0.04268481,0.001380388,0.000465804,0.000854285,0,0,1,0,1,0,0,0,3,0,0,0,0,0,0,0,1,0,0,1
"E23HA04-03","C23","Chinese","Genuine","Happy 4 CN",15,1.75,0.3464751,0.493884,0.001580308,0.04633202,0.05129016,0.001913164,0.000383879,0.000853121,0,0,1,0,1,0,0,0,3,0,0,0,0,0,0,0,1,0,0,1
"E23HA04-03","C23","Chinese","Genuine","Happy 4 CN",16,1.875,0.351622,0.4781692,0.00153241,0.04414113,0.05948025,0.002238083,0.000318098,0.001249614,0,0,1,0,1,0,0,0,3,0,0,0,0,0,0,0,0,0,0,1
"E23HA04-03","C23","Chinese","Genuine","Happy 4 CN",17,2,0.335795,0.5088497,0.001755125,0.04684213,0.04890259,0.001730897,0.000413167,0.000991674,0,0,1,0,1,0,0,0,3,0,0,0,0,0,0,0,0,0,0,1
"E23HA04-03","C23","Chinese","Genuine","Happy 4 CN",18,2.125,0.3036657,0.5615032,0.002235932,0.0449568,0.03656358,0.001323978,0.000745836,0.001040553,0,0,1,0,1,0,0,0,3,0,0,0,0,0,0,0,0,0,0,1
"E23HA04-03","C23","Chinese","Genuine","Happy 4 CN",19,2.25,0.270752,0.6005648,0.003065609,0.0400055,0.02708727,0.00102594,0.000878604,0.002163736,0,0,1,0,1,0,0,0,3,0,0,0,0,0,0,0,0,0,0,1
"E23HA04-03","C23","Chinese","Genuine","Happy 4 CN",20,2.375,0.2545357,0.6181512,0.003414621,0.03706856,0.02117261,0.000841258,0.001117101,0.002572706,0,0,1,0,1,0,0,0,3,0,0,0,0,0,0,0,0,0,0,1
"E23HA04-03","C23","Chinese","Genuine","Happy 4 CN",21,2.5,0.2364384,0.6451822,0.003127918,0.0314039,0.01702092,0.000652817,0.001042853,0.001809839,0,0,1,0,1,0,0,0,3,0,0,0,0,0,0,0,0,0,0,1
"E23HA04-03","C23","Chinese","Genuine","Happy 4 CN",22,2.625,0.2320769,0.6548578,0.002903217,0.02989181,0.01430901,0.000529122,0.001118177,0.001875843,0,0,1,0,1,0,0,0,3,0,0,0,0,0,0,0,0,0,0,2
"E23HA04-03","C23","Chinese","Genuine","Happy 4 CN",23,2.75,0.2304698,0.659393,0.002449425,0.03067806,0.01418051,0.000518263,0.000938203,0.001731637,0,0,1,0,1,0,0,0,3,0,0,0,0,0,0,0,0,0,0,1
"E23HA04-03","C23","Chinese","Genuine","Happy 4 CN",24,2.875,0.2676965,0.6285906,0.002068837,0.02782886,0.01632468,0.000452259,0.000864039,0.001703472,0,0,1,0,1,0,0,0,3,0,0,0,0,0,0,0,0,0,0,1
"E23HA04-03","C23","Chinese","Genuine","Happy 4 CN",25,3,0.2850999,0.6347207,0.001904518,0.02559254,0.01816796,0.000422762,0.000785062,0.001376491,0,0,1,0,1,0,0,0,3,0,0,0,0,0,0,0,0,0,0,1
"E23HA04-03","C23","Chinese","Genuine","Happy 4 CN",26,3.125,0.3172612,0.6125906,0.00174436,0.02577787,0.01900988,0.000406563,0.000801191,0.00107949,0,0,1,0,1,0,0,0,3,0,0,0,0,0,0,0,0,0,0,1
"E23HA04-03","C23","Chinese","Genuine","Happy 4 CN",27,3.25,0.3425328,0.5834458,0.001511207,0.02413807,0.0240187,0.000494875,0.00072296,0.000779769,0,0,1,0,1,0,0,0,3,0,0,0,0,0,0,0,1,0,0,1
"E23HA04-03","C23","Chinese","Genuine","Happy 4 CN",28,3.375,0.3431033,0.5848577,0.001495156,0.02520774,0.02420027,0.000582802,0.000646745,0.000701408,0,0,1,0,1,0,0,0,3,0,0,0,0,0,0,0,1,0,0,1
"E23HA04-03","C23","Chinese","Genuine","Happy 4 CN",29,3.5,0.337735,0.5876877,0.001264789,0.0242679,0.02446396,0.000564582,0.000570995,0.001142703,0,0,1,0,1,0,0,0,3,0,0,0,0,0,0,0,0,0,0,1
"E23HA04-03","C23","Chinese","Genuine","Happy 4 CN",30,3.625,0.3441491,0.5899969,0.001131729,0.02224687,0.02588207,0.000606328,0.000580827,0.001044386,0,0,1,0,1,0,0,0,3,0,0,0,0,0,0,0,0,0,0,1
"E23HA04-03","C23","Chinese","Genuine","Happy 4 CN",31,3.75,0.3184452,0.60961,0.00116004,0.02519182,0.02548239,0.000734836,0.000533292,0.000735367,0,0,1,0,1,0,0,0,3,0,0,0,0,0,0,0,1,0,0,1
"E23HA04-03","C23","Chinese","Genuine","Happy 4 CN",32,3.875,0.3037504,0.6286952,0.001202808,0.02856349,0.02888074,0.000710631,0.000521534,0.001131899,0,0,1,0,1,0,0,0,3,0,0,0,0,0,0,0,1,0,0,0
"E23HA04-03","C23","Chinese","Genuine","Happy 4 CN",33,4,0.2932568,0.6241701,0.001154903,0.03083233,0.04129374,0.000647822,0.000454311,0.000985066,0,0,1,0,1,0,0,0,3,0,0,0,0,0,0,0,1,0,0,0
"E23HA04-03","C23","Chinese","Genuine","Happy 4 CN",34,4.125,0.2836656,0.6344202,0.001218912,0.03444567,0.0426291,0.000597398,0.000453154,0.001319167,0,0,1,0,1,0,0,0,3,0,0,0,0,0,0,0,1,0,0,0
"E23HA04-03","C23","Chinese","Genuine","Happy 4 CN",35,4.25,0.2822713,0.6467463,0.001101011,0.03417025,0.04022272,0.000590061,0.000413375,0.001028063,0,0,1,0,1,0,0,0,3,0,0,0,0,0,0,0,1,0,0,0
"E23HA04-03","C23","Chinese","Genuine","Happy 4 CN",36,4.375,0.2789745,0.6471518,0.001191225,0.03578765,0.03449939,0.000570886,0.000465218,0.000975784,0,0,1,0,1,0,0,0,3,0,0,0,0,0,0,0,1,0,0,0
"E23HA04-03","C23","Chinese","Genuine","Happy 4 CN",37,4.5,0.2608917,0.635726,0.002499362,0.03274333,0.02522127,0.000443685,0.001461804,0.0009933,0,0,1,0,1,0,0,0,3,0,0,0,0,0,0,0,1,0,0,2
"E23HA04-03","C23","Chinese","Genuine","Happy 4 CN",38,4.625,0.2690154,0.6169887,0.002764437,0.03462356,0.02291957,0.000477649,0.001291467,0.000835537,0,0,1,0,1,0,0,0,3,0,0,0,0,0,0,0,1,0,0,2
"E23HA04-03","C23","Chinese","Genuine","Happy 4 CN",39,4.75,0.3395747,0.5524173,0.002236243,0.0320715,0.0272974,0.00078182,0.000991909,0.000826299,0,0,1,0,1,0,0,0,3,0,0,0,0,0,0,0,1,0,0,1
"E23HA04-03","C23","Chinese","Genuine","Happy 4 CN",40,4.875,0.3782799,0.5338593,0.001817254,0.03917227,0.0305681,0.001053608,0.000787574,0.000749117,0,0,1,0,1,0,0,0,3,0,0,0,0,0,0,0,1,0,0,1
"E23HA04-03","C23","Chinese","Genuine","Happy 4 CN",41,5,0.4211284,0.4881003,0.001609476,0.03670621,0.03517938,0.001194221,0.000706985,0.000838562,0,0,1,0,1,0,0,0,3,0,0,0,0,0,0,0,1,0,0,1
"E23HA04-03","C23","Chinese","Genuine","Happy 4 CN",42,5.125,0.4889634,0.4335732,0.001376567,0.03955722,0.03961425,0.001312393,0.000614143,0.000953993,0,0,1,0,1,0,0,0,3,0,0,0,0,0,0,0,1,0,0,1
"E23HA04-03","C23","Chinese","Genuine","Happy 4 CN",43,5.25,0.5368326,0.3925588,0.00130407,0.04714739,0.04251039,0.001469865,0.000562598,0.000705305,0,0,1,0,0,0,0,0,3,0,0,0,0,0,0,0,1,0,0,1
"E23HA04-03","C23","Chinese","Genuine","Happy 4 CN",44,5.375,0.5702767,0.3347533,0.001315601,0.05322347,0.05053789,0.002157869,0.000525918,0.000906528,0,0,1,0,0,0,0,0,2,0,0,0,0,0,0,0,1,0,0,1
"E23HA04-03","C23","Chinese","Genuine","Happy 4 CN",45,5.5,0.5849881,0.3096637,0.001126664,0.04970025,0.05683843,0.002277245,0.00047851,0.00064516,0,0,1,0,0,0,0,0,2,0,0,0,0,0,0,0,1,0,0,1
"E23HA04-03","C23","Chinese","Genuine","Happy 4 CN",46,5.625,0.6159287,0.2761125,0.001036652,0.04872654,0.05931264,0.0025399,0.000458556,0.000759992,0,0,1,0,0,0,0,0,2,0,0,0,0,0,0,0,1,0,0,0
"E23HA04-03","C23","Chinese","Genuine","Happy 4 CN",47,5.75,0.6295182,0.253117,0.001153199,0.05157816,0.06316524,0.002592977,0.000448343,0.000712849,0,0,1,0,0,0,0,0,2,0,0,0,0,0,0,0,1,0,0,0
"E23HA04-03","C23","Chinese","Genuine","Happy 4 CN",48,5.875,0.6709468,0.2194706,0.001183839,0.04599585,0.0735831,0.002149394,0.000441881,0.001077202,0,0,1,0,0,0,0,0,2,0,0,0,0,0,0,0,1,0,0,0
"E23HA04-03","C23","Chinese","Genuine","Happy 4 CN",49,6,0.7112495,0.1771584,0.001344928,0.04743346,0.08440479,0.001777843,0.0004707,0.001131013,0,0,1,0,0,0,0,0,2,0,0,0,0,0,0,0,1,0,0,0
"E23HA04-03","C23","Chinese","Genuine","Happy 4 CN",50,6.125,0.735682,0.1497157,0.001593761,0.05834426,0.09138589,0.001583451,0.00054662,0.001145571,0,0,1,0,0,0,0,0,1,0,0,0,0,0,0,0,1,0,0,0
"E23HA04-03","C23","Chinese","Genuine","Happy 4 CN",51,6.25,0.7534795,0.1367106,0.00182729,0.06238303,0.08487286,0.001441799,0.000650936,0.001107979,0,0,1,0,0,0,0,0,1,0,0,0,0,0,0,0,1,0,0,1
"E23HA04-03","C23","Chinese","Genuine","Happy 4 CN",52,6.375,0.7604016,0.1344518,0.001855926,0.06176903,0.08077569,0.001672082,0.000638465,0.001550903,0,0,1,0,0,0,0,0,1,0,0,0,0,0,0,0,1,0,0,1
"E23HA05-03","C23","Chinese","Genuine","Happy 5 CN",1,0,0.6441914,0.1791301,0.001606771,0.07219389,0.04611933,0.003805428,0.000954822,0.002613161,0,1,1,0,1,0,0,0,1,0,0,0,0,0,0,0,1,0,0,1
"E23HA05-03","C23","Chinese","Genuine","Happy 5 CN",2,0.125,0.6865255,0.1629213,0.001744008,0.0693884,0.04760012,0.003030913,0.000826181,0.002225044,0,0,1,0,1,0,0,0,1,0,0,0,0,0,0,0,1,0,0,0
"E23HA05-03","C23","Chinese","Genuine","Happy 5 CN",3,0.25,0.6187404,0.202807,0.003889836,0.05663631,0.03584641,0.00219737,0.002486843,0.00199532,0,0,1,0,1,0,0,0,1,0,0,0,0,0,0,0,1,0,0,2
"E23HA05-03","C23","Chinese","Genuine","Happy 5 CN",4,0.375,0.5104305,0.3077502,0.00671196,0.04646866,0.02732957,0.001927387,0.00282311,0.002014131,0,0,1,0,0,0,0,0,1,0,0,0,0,0,0,0,1,0,0,3
"E23HA05-03","C23","Chinese","Genuine","Happy 5 CN",5,0.5,0.3899814,0.4525844,0.01217422,0.03762935,0.02041604,0.001413231,0.003618439,0.00138503,0,0,1,0,1,0,0,0,1,0,0,0,0,0,0,0,1,0,0,3
"E23HA05-03","C23","Chinese","Genuine","Happy 5 CN",6,0.625,0.2808649,0.5995091,0.01206926,0.02811405,0.01517167,0.001020474,0.003042921,0.001453643,0,0,1,0,1,0,0,0,2,0,0,0,0,0,0,0,1,0,0,3
"E23HA05-03","C23","Chinese","Genuine","Happy 5 CN",7,0.75,0.1954596,0.7199857,0.008895505,0.0201816,0.01074742,0.000711841,0.002305712,0.002224526,0,0,1,0,1,0,0,0,3,0,0,0,0,0,0,0,1,0,0,4
"E23HA05-03","C23","Chinese","Genuine","Happy 5 CN",8,0.875,0.1359831,0.8043014,0.006246432,0.01431189,0.007579427,0.000494773,0.001609662,0.003408749,0,0,1,0,2,0,0,0,3,0,0,0,0,0,0,0,1,0,0,4
"E23HA05-03","C23","Chinese","Genuine","Happy 5 CN",9,1,0.09440241,0.8636418,0.004333223,0.01013265,0.005293411,0.000343398,0.001112059,0.004517619,0,0,1,0,2,0,0,0,3,0,0,0,0,0,0,0,1,0,0,3
"E23HA05-03","C23","Chinese","Genuine","Happy 5 CN",10,1.125,0.06599568,0.9040748,0.003043542,0.007175642,0.003698374,0.000237525,0.000771134,0.005665367,0,0,1,0,3,0,0,0,4,0,0,0,0,0,0,0,0,0,0,3
"E23HA05-03","C23","Chinese","Genuine","Happy 5 CN",11,1.25,0.04700699,0.9307884,0.002144906,0.005062103,0.00265425,0.000164365,0.000542126,0.006297404,0,0,1,0,3,0,0,0,4,0,0,0,0,0,0,0,0,0,0,3
"E23HA05-03","C23","Chinese","Genuine","Happy 5 CN",12,1.375,0.03398585,0.9490846,0.001525449,0.003608573,0.001907094,0.000114181,0.000395975,0.004951937,0,0,1,0,3,0,0,0,4,0,0,0,0,0,0,0,1,0,0,3
"E23HA05-03","C23","Chinese","Genuine","Happy 5 CN",13,1.5,0.02470559,0.9623182,0.001112861,0.002598602,0.001463669,7.9914e-05,0.000282894,0.004275428,0,0,1,0,3,0,0,0,4,0,0,0,0,0,0,0,0,0,0,3
"E23HA05-03","C23","Chinese","Genuine","Happy 5 CN",14,1.625,0.01798037,0.9721055,0.000803407,0.002062188,0.001104666,5.7592e-05,0.000197436,0.004084348,0,0,1,0,3,0,0,0,4,0,0,0,0,0,0,0,1,0,0,3
"E23HA05-03","C23","Chinese","Genuine","Happy 5 CN",15,1.75,0.01356944,0.9784083,0.000621938,0.001792761,0.000809816,4.3356e-05,0.000141367,0.007574114,0,0,1,0,3,0,0,0,4,0,0,0,0,0,0,0,1,0,0,3
"E23HA05-03","C23","Chinese","Genuine","Happy 5 CN",16,1.875,0.01050673,0.9828018,0.000504521,0.001682036,0.000616645,3.2678e-05,0.000102673,0.01111957,0,0,1,0,3,0,0,0,4,0,0,0,0,0,0,0,1,0,0,3
"E23HA05-03","C23","Chinese","Genuine","Happy 5 CN",17,2,0.008389247,0.9858465,0.000444134,0.00169746,0.000466806,2.6482e-05,8.614e-05,0.01172174,0,0,1,0,3,0,0,0,4,0,0,0,0,0,0,0,0,0,0,3
"E23HA05-03","C23","Chinese","Genuine","Happy 5 CN",18,2.125,0.007103584,0.987599,0.000383435,0.001662624,0.00037069,2.2226e-05,7.0048e-05,0.01050653,0,0,0,0,3,0,0,0,4,0,0,0,0,0,0,0,0,0,0,3
"E23HA05-03","C23","Chinese","Genuine","Happy 5 CN",19,2.25,0.008793745,0.9836863,0.000632196,0.002614857,0.000397005,4.2091e-05,8.3891e-05,0.009313543,0,0,0,0,3,0,0,0,4,0,0,0,0,0,0,0,0,0,0,3
"E23HA05-03","C23","Chinese","Genuine","Happy 5 CN",20,2.375,0.01423957,0.972737,0.001133996,0.006115113,0.000606081,7.4599e-05,0.000213338,0.008934659,0,0,1,0,3,0,0,0,4,0,0,0,0,0,0,0,0,0,0,3
"E23HA05-03","C23","Chinese","Genuine","Happy 5 CN",21,2.5,0.02131127,0.9596205,0.001507019,0.01130961,0.000870769,0.00012595,0.000524021,0.006867863,0,0,1,0,3,0,0,0,4,0,0,0,0,0,0,0,0,0,0,2
"E23HA05-03","C23","Chinese","Genuine","Happy 5 CN",22,2.625,0.08194653,0.8612128,0.002425402,0.02857362,0.002029769,0.000140334,0.001076131,0.004759027,0,0,1,0,3,0,0,0,4,0,0,0,0,0,0,0,0,0,0,2
"E23HA05-03","C23","Chinese","Genuine","Happy 5 CN",23,2.75,0.1576929,0.7109947,0.008949207,0.02812807,0.002272873,0.000139056,0.002754499,0.003272573,0,0,1,0,3,0,0,0,4,0,0,0,0,0,0,0,0,0,0,3
"E23HA05-03","C23","Chinese","Genuine","Happy 5 CN",24,2.875,0.1917658,0.6604077,0.007515896,0.03175209,0.002901968,0.000164494,0.00261729,0.002250405,0,0,1,0,3,0,0,0,3,0,0,0,0,0,0,0,0,0,0,3
"E23HA07-03","C23","Chinese","Genuine","Happy 7 CN",1,0,0.3416953,0.0004476,0.01289314,0.04441562,0.4326267,0.01745901,0.00078808,0,4,4,0,0,0,0,0,0,0,0,0,0,0,0,0,0,0,0,0,0
"E23HA07-03","C23","Chinese","Genuine","Happy 7 CN",2,0.125,0.3435929,0.01654149,0.01036497,0.04205656,0.405443,0.01332627,0.000675685,0.000259419,4,4,0,0,0,0,0,0,0,0,0,0,0,0,0,0,0,0,0,0
"E23HA07-03","C23","Chinese","Genuine","Happy 7 CN",3,0.25,0.3061001,0.1845831,0.007349141,0.03665803,0.3265557,0.009536653,0.000573063,0.000531314,4,4,0,0,0,0,0,0,1,0,0,0,0,0,0,0,0,0,0,0
"E23HA07-03","C23","Chinese","Genuine","Happy 7 CN",4,0.375,0.2492809,0.3618214,0.005372072,0.02907356,0.2356825,0.006663941,0.000572444,0.001397287,4,3,0,0,1,0,0,0,2,0,0,0,0,0,0,0,0,0,0,0
"E23HA07-03","C23","Chinese","Genuine","Happy 7 CN",5,0.5,0.2145829,0.4754675,0.004115629,0.02685891,0.1650319,0.004783711,0.000745917,0.001475385,3,3,0,0,1,0,0,0,2,0,0,0,0,0,0,0,0,0,0,0
"E23HA07-03","C23","Chinese","Genuine","Happy 7 CN",6,0.625,0.1937854,0.547654,0.00330382,0.02456996,0.1183259,0.003423064,0.000692753,0.001832047,3,3,0,0,1,0,0,0,3,0,0,0,0,0,0,0,0,0,0,0
"E23HA07-03","C23","Chinese","Genuine","Happy 7 CN",7,0.75,0.1679435,0.6199837,0.002738048,0.01923718,0.08617242,0.002520728,0.000671682,0.002459925,3,3,0,0,1,0,0,0,3,0,0,0,0,0,0,0,0,0,0,1
"E23HA07-03","C23","Chinese","Genuine","Happy 7 CN",8,0.875,0.147188,0.675594,0.002270853,0.01662477,0.06254278,0.001864653,0.000652295,0.003109424,3,3,0,0,1,0,0,0,3,0,0,0,0,0,0,0,0,0,0,1
"E23HA07-03","C23","Chinese","Genuine","Happy 7 CN",9,1,0.1337859,0.712694,0.001961753,0.0150025,0.04536997,0.00138695,0.000670445,0.003190731,3,3,0,0,1,0,0,0,3,0,0,0,0,0,0,0,0,0,0,1
"E23HA07-03","C23","Chinese","Genuine","Happy 7 CN",10,1.125,0.1366798,0.7136053,0.001468131,0.0129914,0.03509771,0.001257893,0.000557247,0.003857648,2,3,0,0,1,0,0,0,3,0,0,0,0,0,0,0,0,0,0,1
"E23HA07-03","C23","Chinese","Genuine","Happy 7 CN",11,1.25,0.1438186,0.7046484,0.001136,0.01124059,0.02963707,0.001194728,0.000437575,0.004108719,2,3,0,0,1,0,0,0,3,0,0,0,0,0,0,0,0,0,0,1
"E23HA07-03","C23","Chinese","Genuine","Happy 7 CN",12,1.375,0.1543836,0.688515,0.001066652,0.01019305,0.02476276,0.001163982,0.000393723,0.004139918,2,2,0,0,1,0,0,0,3,0,0,0,0,0,0,0,0,0,0,1
"E23HA07-03","C23","Chinese","Genuine","Happy 7 CN",13,1.5,0.1478003,0.7059476,0.001190511,0.01033605,0.02009604,0.00105094,0.00042559,0.003773123,2,2,0,0,1,0,0,0,3,0,0,0,0,0,0,0,0,0,0,1
"E23HA07-03","C23","Chinese","Genuine","Happy 7 CN",14,1.625,0.1305102,0.7416357,0.001055617,0.01156178,0.01719935,0.000892366,0.000379812,0.003315728,1,2,0,0,1,0,0,0,3,0,0,0,0,0,0,0,0,0,0,0
"E23HA07-03","C23","Chinese","Genuine","Happy 7 CN",15,1.75,0.1221139,0.759692,0.00097287,0.01163225,0.01525168,0.000817506,0.000314101,0.002791629,1,1,0,0,1,0,0,0,4,0,0,0,0,0,0,0,0,0,0,0
"E23HA07-03","C23","Chinese","Genuine","Happy 7 CN",16,1.875,0.1284973,0.7478771,0.000896659,0.01111022,0.01420593,0.000836817,0.000284064,0.002478856,1,1,0,0,1,0,0,0,3,0,0,0,0,0,0,0,0,0,0,0
"E23HA07-03","C23","Chinese","Genuine","Happy 7 CN",17,2,0.1417941,0.7220101,0.000820489,0.01127269,0.01311995,0.000763943,0.000264843,0.002506457,1,1,0,0,1,0,0,0,4,0,0,0,0,0,0,0,0,0,0,0
"E23HA07-03","C23","Chinese","Genuine","Happy 7 CN",18,2.125,0.1369538,0.7315628,0.000706436,0.01075841,0.01188013,0.000697649,0.000219522,0.002547347,1,1,0,0,1,0,0,0,4,0,0,0,0,0,0,0,0,0,0,0
"E23HA07-03","C23","Chinese","Genuine","Happy 7 CN",19,2.25,0.1247662,0.755721,0.00062234,0.01241496,0.01070054,0.000593766,0.000186483,0.002582378,1,1,0,0,1,0,0,0,4,0,0,0,0,0,0,0,0,0,0,0
"E23HA07-03","C23","Chinese","Genuine","Happy 7 CN",20,2.375,0.1205889,0.7642705,0.00061465,0.01950415,0.01019589,0.000547683,0.00017611,0.002474749,1,1,0,0,1,0,0,0,4,0,0,0,0,0,0,0,0,0,0,0
"E23HA07-03","C23","Chinese","Genuine","Happy 7 CN",21,2.5,0.1132381,0.7794427,0.000586978,0.02290867,0.009749342,0.000550895,0.000176522,0.002442421,1,1,0,0,1,0,0,0,4,0,0,0,0,0,0,0,0,0,0,0
"E23HA07-03","C23","Chinese","Genuine","Happy 7 CN",22,2.625,0.1182333,0.7696729,0.000576518,0.03048427,0.01083818,0.000548874,0.000184311,0.002086265,1,1,0,0,1,0,0,0,4,0,0,0,0,0,0,0,0,0,0,0
"E23HA07-03","C23","Chinese","Genuine","Happy 7 CN",23,2.75,0.1305868,0.749807,0.000594726,0.02942081,0.01610768,0.000531971,0.000246378,0.001434633,1,1,0,0,1,0,0,0,4,0,0,0,0,0,0,0,0,0,0,0
"E23HA07-03","C23","Chinese","Genuine","Happy 7 CN",24,2.875,0.1522342,0.7155585,0.000541729,0.02877232,0.01816233,0.00052647,0.000345906,0.000996511,1,1,0,0,1,0,0,0,3,0,0,0,0,0,0,0,0,0,0,0
"E23HA07-03","C23","Chinese","Genuine","Happy 7 CN",25,3,0.2198101,0.6123033,0.000483213,0.03542128,0.03360672,0.000660521,0.000427147,0.000685257,0,1,0,0,1,0,0,0,3,0,0,0,0,0,0,0,0,0,0,0
"E23HA07-03","C23","Chinese","Genuine","Happy 7 CN",26,3.125,0.2671353,0.5282435,0.000519267,0.04651941,0.04933771,0.001052529,0.000473174,0.000471221,0,1,0,0,1,0,0,0,3,0,0,0,0,0,0,0,0,0,0,0
"E23HA07-03","C23","Chinese","Genuine","Happy 7 CN",27,3.25,0.3085003,0.4695801,0.00068634,0.04689918,0.05063847,0.000977982,0.000715233,0.000324038,0,1,0,0,1,0,0,0,3,0,0,0,0,0,0,0,0,0,0,0
"E23HA07-03","C23","Chinese","Genuine","Happy 7 CN",28,3.375,0.3304754,0.438697,0.001001139,0.04263819,0.05435966,0.001096852,0.000796951,0.000222827,0,1,0,0,1,0,0,0,3,0,0,0,0,0,0,0,0,0,0,0
"E23HA07-03","C23","Chinese","Genuine","Happy 7 CN",29,3.5,0.3443996,0.4120451,0.000908335,0.03799259,0.07839014,0.001609093,0.000660327,0.000153228,0,1,0,0,1,0,0,0,3,0,0,0,0,0,0,0,0,0,0,0
"E23HA07-03","C23","Chinese","Genuine","Happy 7 CN",30,3.625,0.3761401,0.3774886,0.000910469,0.03785059,0.07207067,0.001383937,0.000717413,0.000105368,0,1,0,0,1,0,0,0,3,0,0,0,0,0,0,0,0,0,0,0
"E23HA07-03","C23","Chinese","Genuine","Happy 7 CN",31,3.75,0.3778358,0.3751103,0.000871702,0.03660363,0.07158833,0.001291168,0.000604157,7.2457e-05,0,1,0,0,1,0,0,0,3,0,0,0,0,0,0,0,0,0,0,1
"E23HA07-03","C23","Chinese","Genuine","Happy 7 CN",32,3.875,0.3890506,0.3513033,0.000915035,0.03964096,0.07073025,0.00136743,0.000711895,4.9826e-05,0,1,0,0,1,0,0,0,3,0,0,0,0,0,0,0,1,0,0,1
"E23HA07-03","C23","Chinese","Genuine","Happy 7 CN",33,4,0.378979,0.3570875,0.001719191,0.04091517,0.06220739,0.001201829,0.000783855,3.4263e-05,0,1,0,0,1,0,0,0,2,0,0,0,0,0,0,0,0,0,0,1
"E23HA07-03","C23","Chinese","Genuine","Happy 7 CN",34,4.125,0.4015085,0.3332647,0.001606109,0.04560814,0.0581613,0.001543647,0.00077258,2.3561e-05,0,1,0,0,1,0,0,0,2,0,0,0,0,0,0,0,0,0,0,0
"E23HA07-03","C23","Chinese","Genuine","Happy 7 CN",35,4.25,0.4207558,0.2872021,0.001522607,0.04091951,0.0640767,0.003024995,0.000731977,1.6202e-05,0,1,0,0,1,0,0,0,2,0,0,0,0,0,0,0,0,0,0,0
"E23HA07-03","C23","Chinese","Genuine","Happy 7 CN",36,4.375,0.4359691,0.2684537,0.001372819,0.03669318,0.07426485,0.004234709,0.000640804,1.1141e-05,0,1,0,0,1,0,0,0,2,0,0,0,0,0,0,0,0,0,0,0
"E23HA07-03","C23","Chinese","Genuine","Happy 7 CN",37,4.5,0.4336054,0.2549376,0.001299897,0.03868246,0.08226195,0.005736063,0.000589992,7.661e-06,0,1,0,0,1,0,0,0,2,0,0,0,0,0,0,0,0,0,0,0
"E24HA01-02","C24","Chinese","Genuine","Happy 1 CN",1,0,0.4082433,0.1630354,0.01920489,0.2689973,0.00891418,0.01785824,0.00817734,0.006050584,0,0,0,0,0,0,0,0,0,0,0,0,0,0,0,0,0,0,0,0
"E24HA01-02","C24","Chinese","Genuine","Happy 1 CN",2,0.125,0.3949415,0.2088583,0.0148002,0.269197,0.01154929,0.01648091,0.007516239,0.0058827,0,0,0,0,0,0,0,0,0,0,0,0,0,0,0,0,0,0,0,0
"E24HA01-02","C24","Chinese","Genuine","Happy 1 CN",3,0.25,0.3672211,0.2743135,0.01239092,0.2514712,0.01211278,0.01418966,0.007944704,0.00432246,0,0,0,0,0,0,0,0,0,0,0,0,0,0,0,0,1,0,0,0
"E24HA01-02","C24","Chinese","Genuine","Happy 1 CN",4,0.375,0.3410042,0.3298061,0.01045322,0.2403611,0.01415048,0.01180802,0.00721255,0.003337854,0,0,0,0,0,0,0,0,0,0,0,0,0,0,0,0,1,0,0,0
"E24HA01-02","C24","Chinese","Genuine","Happy 1 CN",5,0.5,0.3262122,0.3709971,0.01678902,0.184591,0.01225042,0.01259993,0.007195551,0.002928644,0,0,0,0,0,0,0,0,0,0,0,0,0,0,0,0,1,0,0,0
"E24HA01-02","C24","Chinese","Genuine","Happy 1 CN",6,0.625,0.2922206,0.4384487,0.01551968,0.1601536,0.01017632,0.01210128,0.007590286,0.003442245,0,0,0,0,0,0,0,0,0,0,0,0,0,0,0,0,1,0,0,0
"E24HA01-02","C24","Chinese","Genuine","Happy 1 CN",7,0.75,0.2603071,0.4981061,0.01400111,0.1639853,0.009126315,0.01000783,0.00659368,0.002660787,0,0,0,0,0,0,1,0,1,0,0,0,0,0,0,0,1,0,0,0
"E24HA01-02","C24","Chinese","Genuine","Happy 1 CN",8,0.875,0.2443671,0.5271794,0.01288381,0.1806422,0.008341271,0.009223042,0.006235915,0.002968037,0,0,0,0,0,0,1,0,1,0,0,0,0,0,0,0,1,0,0,0
"E24HA01-02","C24","Chinese","Genuine","Happy 1 CN",9,1,0.2341312,0.5457872,0.01250233,0.1674402,0.008211682,0.008301319,0.005920899,0.002564502,0,0,0,0,0,0,1,0,1,0,0,0,0,0,0,0,1,0,0,0
"E24HA01-02","C24","Chinese","Genuine","Happy 1 CN",10,1.125,0.2113773,0.589416,0.01050974,0.1648019,0.007922101,0.006897232,0.005658969,0.001763495,0,0,0,0,0,0,1,0,1,0,0,0,0,0,0,0,1,0,0,0
"E24HA01-02","C24","Chinese","Genuine","Happy 1 CN",11,1.25,0.2027251,0.6052005,0.009297783,0.1428676,0.006899671,0.006326989,0.006293289,0.001764462,0,0,0,0,0,0,1,0,1,0,0,0,0,0,0,0,1,0,0,0
"E24HA01-02","C24","Chinese","Genuine","Happy 1 CN",12,1.375,0.2115214,0.5843471,0.07201591,0.09913715,0.004841138,0.005471922,0.0153216,0.001213343,0,0,0,0,0,0,1,0,1,0,0,0,0,0,0,0,1,0,0,2
"E24HA01-02","C24","Chinese","Genuine","Happy 1 CN",13,1.5,0.2039009,0.5976193,0.07020918,0.08163499,0.003484704,0.004868269,0.01505073,0.000834363,0,0,0,0,0,0,1,0,1,0,0,0,0,0,0,0,1,0,0,2
"E24HA01-02","C24","Chinese","Genuine","Happy 1 CN",14,1.625,0.1835953,0.6367968,0.06460639,0.07091421,0.002546884,0.003919603,0.0126191,0.000606916,0,0,0,0,1,0,1,0,1,0,0,0,0,0,0,0,2,0,0,3
"E24HA01-02","C24","Chinese","Genuine","Happy 1 CN",15,1.75,0.1726239,0.657699,0.05074139,0.07882537,0.001993252,0.00318278,0.01075553,0.000608348,0,0,0,0,1,0,1,0,1,0,0,0,0,0,0,0,2,0,0,2
"E24HA01-02","C24","Chinese","Genuine","Happy 1 CN",16,1.875,0.1512851,0.6997727,0.03973779,0.08248333,0.001612057,0.00281588,0.008776541,0.00173234,0,0,0,0,1,0,1,0,1,0,0,0,0,0,0,0,2,0,0,2
"E24HA01-02","C24","Chinese","Genuine","Happy 1 CN",17,2,0.1272738,0.7473683,0.03009415,0.09204976,0.00152981,0.002512329,0.006979432,0.002275335,0,0,0,0,1,0,1,0,1,0,0,0,0,0,0,0,2,0,0,2
"E24HA01-02","C24","Chinese","Genuine","Happy 1 CN",18,2.125,0.1131535,0.7752616,0.02395415,0.1065094,0.001492148,0.00213612,0.00562096,0.00224446,0,0,0,0,1,0,1,0,2,0,0,0,0,0,0,0,2,0,0,2
"E24HA01-02","C24","Chinese","Genuine","Happy 1 CN",19,2.25,0.1112459,0.7788129,0.01917231,0.1194278,0.001323473,0.001889452,0.005418816,0.002283531,0,0,0,0,1,0,1,0,2,0,0,0,0,0,0,0,2,0,0,2
"E24HA01-02","C24","Chinese","Genuine","Happy 1 CN",20,2.375,0.1088158,0.7836401,0.01722849,0.1203875,0.001201449,0.001968906,0.004870092,0.002735696,0,0,0,0,1,0,1,0,2,0,0,0,0,0,0,0,2,0,0,2
"E24HA01-02","C24","Chinese","Genuine","Happy 1 CN",21,2.5,0.1084146,0.7844204,0.01556099,0.1251444,0.00114867,0.002063881,0.004746937,0.002266787,0,0,0,0,1,0,1,0,2,0,0,0,0,0,0,0,2,0,0,2
"E24HA01-02","C24","Chinese","Genuine","Happy 1 CN",22,2.625,0.09905023,0.8031585,0.01337023,0.118814,0.00103591,0.002181016,0.004456626,0.002306246,0,0,0,0,1,0,1,0,2,0,0,0,0,0,0,0,2,0,0,2
"E24HA01-02","C24","Chinese","Genuine","Happy 1 CN",23,2.75,0.09530289,0.810606,0.01092835,0.1114856,0.000992211,0.002109764,0.004135575,0.003287096,0,0,0,0,1,0,1,0,2,0,0,0,0,0,0,0,1,0,0,2
"E24HA01-02","C24","Chinese","Genuine","Happy 1 CN",24,2.875,0.0942956,0.8125269,0.008678541,0.1102539,0.00090824,0.002068693,0.003959192,0.003656254,0,0,0,0,1,0,1,0,2,0,0,0,0,0,0,0,1,0,0,2
"E24HA01-02","C24","Chinese","Genuine","Happy 1 CN",25,3,0.09575421,0.8094438,0.008808622,0.09797473,0.000838933,0.002048205,0.004061164,0.003284651,0,0,0,0,1,0,1,0,2,0,0,0,0,0,0,0,1,0,0,2
"E24HA01-02","C24","Chinese","Genuine","Happy 1 CN",26,3.125,0.09433643,0.8122748,0.007211065,0.1040623,0.000870175,0.001876064,0.004156556,0.002551797,0,0,0,0,1,0,1,0,2,0,0,0,0,0,0,0,1,0,0,1
"E24HA01-02","C24","Chinese","Genuine","Happy 1 CN",27,3.25,0.08852882,0.8238456,0.006110503,0.09653533,0.000901133,0.00179268,0.003713601,0.002640449,0,0,0,0,1,0,1,0,2,0,0,0,0,0,0,0,1,0,0,1
"E24HA01-02","C24","Chinese","Genuine","Happy 1 CN",28,3.375,0.08794564,0.825106,0.005399261,0.09848073,0.00086998,0.001827738,0.003464881,0.002834551,0,0,0,0,1,0,1,0,2,0,0,0,0,0,0,0,1,0,0,1
"E24HA01-02","C24","Chinese","Genuine","Happy 1 CN",29,3.5,0.09211174,0.8171781,0.005115853,0.1067323,0.000941609,0.001759058,0.003888805,0.001949196,0,0,0,0,1,0,1,0,2,0,0,0,0,0,0,0,1,0,0,1
"E24HA01-02","C24","Chinese","Genuine","Happy 1 CN",30,3.625,0.1074085,0.7871541,0.004578196,0.1183019,0.001323062,0.001927103,0.004523309,0.001340376,0,0,0,0,1,0,1,0,2,0,0,0,0,0,0,0,1,0,0,1
"E24HA01-02","C24","Chinese","Genuine","Happy 1 CN",31,3.75,0.1341788,0.7341574,0.004493638,0.1366801,0.001630315,0.00221879,0.006107452,0.000921718,0,0,0,0,1,0,1,0,2,0,0,0,0,0,0,0,1,0,0,1
"E24HA01-02","C24","Chinese","Genuine","Happy 1 CN",32,3.875,0.1525988,0.6974997,0.004031478,0.1579096,0.001932641,0.00200412,0.007600659,0.000633825,0,0,0,0,1,0,1,0,2,0,0,0,0,0,0,0,1,0,0,1
"E24HA01-02","C24","Chinese","Genuine","Happy 1 CN",33,4,0.1587653,0.6854857,0.004391138,0.1651573,0.001879229,0.002220884,0.008409769,0.000435854,0,0,0,0,1,0,1,0,2,0,0,0,0,0,0,0,1,0,0,1
"E24HA01-02","C24","Chinese","Genuine","Happy 1 CN",34,4.125,0.1462867,0.7106688,0.004074143,0.1652445,0.00204812,0.002290668,0.007109898,0.000299717,0,0,0,0,1,0,1,0,2,0,0,0,0,0,0,0,2,0,0,1
"E24HA01-02","C24","Chinese","Genuine","Happy 1 CN",35,4.25,0.13749,0.7283116,0.004816995,0.1582959,0.001850561,0.002424641,0.006917021,0.000206102,0,0,0,0,1,0,1,0,2,0,0,0,0,0,0,0,2,0,0,1
"E24HA01-02","C24","Chinese","Genuine","Happy 1 CN",36,4.375,0.1334473,0.7364909,0.005535836,0.1512561,0.00157162,0.00239691,0.007180736,0.000141728,0,0,0,0,1,0,1,0,2,0,0,0,0,0,0,0,2,0,0,1
"E24HA01-02","C24","Chinese","Genuine","Happy 1 CN",37,4.5,0.1313708,0.7412456,0.007730087,0.1448207,0.001362903,0.002396733,0.007614275,0.000615771,0,0,0,0,1,0,1,0,2,0,0,0,0,0,0,0,2,0,0,1
"E24HA01-02","C24","Chinese","Genuine","Happy 1 CN",38,4.625,0.1346246,0.7346542,0.008629493,0.1344543,0.001313271,0.002601724,0.007564893,0.001277977,0,0,0,0,1,0,1,0,2,0,0,0,0,0,0,0,2,0,0,1
"E24HA01-02","C24","Chinese","Genuine","Happy 1 CN",39,4.75,0.1333929,0.7369562,0.009499827,0.1258332,0.001246854,0.002821548,0.007470656,0.002450913,0,0,0,0,1,0,1,0,2,0,0,0,0,0,0,0,2,0,0,1
"E24HA01-02","C24","Chinese","Genuine","Happy 1 CN",40,4.875,0.1369003,0.73026,0.01115913,0.1222988,0.00107848,0.003229466,0.008123996,0.001843161,0,0,0,0,1,0,1,0,1,0,0,0,0,0,0,0,2,0,0,1
"E24HA01-02","C24","Chinese","Genuine","Happy 1 CN",41,5,0.1497284,0.7038065,0.01160495,0.1087995,0.001006732,0.003214833,0.008276315,0.001366465,0,0,0,0,1,0,1,0,1,0,0,0,0,0,0,0,2,0,0,2
"E24HA01-02","C24","Chinese","Genuine","Happy 1 CN",42,5.125,0.166841,0.6690235,0.01339892,0.1034404,0.000999865,0.00329731,0.008704643,0.001147163,0,0,0,0,1,0,1,0,1,0,0,0,0,0,0,0,2,0,0,2
"E24HA01-02","C24","Chinese","Genuine","Happy 1 CN",43,5.25,0.1723572,0.6582344,0.0123497,0.1001869,0.001135804,0.003530735,0.00929599,0.001454839,0,0,0,0,1,0,1,0,1,0,0,0,0,0,0,0,2,0,0,2
"E24HA01-02","C24","Chinese","Genuine","Happy 1 CN",44,5.375,0.1711057,0.6602345,0.01111603,0.09578376,0.001131857,0.003435676,0.01072344,0.002129655,0,0,0,0,1,0,1,0,1,0,0,0,0,0,0,0,2,0,0,2
"E24HA01-02","C24","Chinese","Genuine","Happy 1 CN",45,5.5,0.1644873,0.67309,0.009486237,0.0935806,0.00104117,0.002974642,0.01071531,0.002294399,0,0,0,0,1,0,1,0,1,0,0,0,0,0,0,0,2,0,0,2
"E24HA01-02","C24","Chinese","Genuine","Happy 1 CN",46,5.625,0.171461,0.6590396,0.009383896,0.1064215,0.0011283,0.003003033,0.009632515,0.001578823,0,0,0,0,1,0,1,0,1,0,0,0,0,0,0,0,2,0,0,2
"E24HA01-02","C24","Chinese","Genuine","Happy 1 CN",47,5.75,0.1713981,0.6592871,0.009219727,0.1104576,0.001171935,0.003173294,0.009025164,0.001158061,0,0,0,0,1,0,1,0,1,0,0,0,0,0,0,0,2,0,0,2
"E24HA01-02","C24","Chinese","Genuine","Happy 1 CN",48,5.875,0.1742619,0.6534252,0.01012952,0.121248,0.001170529,0.003040945,0.008109888,0.001127059,0,0,0,0,1,0,1,0,1,0,0,0,0,0,0,0,2,0,0,2
"E24HA01-02","C24","Chinese","Genuine","Happy 1 CN",49,6,0.1689217,0.6640545,0.009587711,0.1098254,0.001350565,0.002763121,0.007559258,0.001035565,0,0,0,0,1,0,1,0,1,0,0,0,0,0,0,0,2,0,0,2
"E24HA01-02","C24","Chinese","Genuine","Happy 1 CN",50,6.125,0.1665153,0.6688055,0.009307886,0.1152475,0.001340807,0.002991791,0.007284211,0.000918129,0,0,0,0,1,0,1,0,1,0,0,0,0,0,0,0,2,0,0,2
"E24HA01-02","C24","Chinese","Genuine","Happy 1 CN",51,6.25,0.157006,0.687996,0.009737612,0.1265923,0.00129266,0.00359574,0.007006962,0.000811029,0,0,0,0,1,0,1,0,1,0,0,0,0,0,0,0,2,0,0,2
"E24HA01-02","C24","Chinese","Genuine","Happy 1 CN",52,6.375,0.1533441,0.695308,0.009401546,0.122559,0.001409299,0.003592541,0.006507739,0.000763587,0,0,0,0,1,0,1,0,1,0,0,0,0,0,0,0,2,0,0,2
"E24HA01-02","C24","Chinese","Genuine","Happy 1 CN",53,6.5,0.1656504,0.6704055,0.01042105,0.1199118,0.001393473,0.003546989,0.007122129,0.000646727,0,0,0,0,1,0,2,0,1,0,0,0,0,0,0,0,2,0,0,2
"E24HA01-02","C24","Chinese","Genuine","Happy 1 CN",54,6.625,0.1674314,0.6667696,0.01014663,0.1188169,0.001457901,0.003435647,0.006734249,0.000672835,0,0,0,0,1,0,2,0,1,0,0,0,0,0,0,0,2,0,0,1
"E24HA01-02","C24","Chinese","Genuine","Happy 1 CN",55,6.75,0.170636,0.6602349,0.01119788,0.1117128,0.001754462,0.003578788,0.006571851,0.000696865,0,0,0,0,1,0,1,0,1,0,0,0,0,0,0,0,2,0,0,2
"E24HA01-02","C24","Chinese","Genuine","Happy 1 CN",56,6.875,0.1812822,0.6392494,0.01059447,0.1180266,0.002121093,0.004124457,0.006354887,0.000812325,0,0,0,0,1,0,1,0,1,0,0,0,0,0,0,0,2,0,0,1
"E24HA01-02","C24","Chinese","Genuine","Happy 1 CN",57,7,0.1929217,0.6162394,0.01143911,0.1218787,0.002325742,0.004477794,0.007364239,0.000699347,0,0,0,0,1,0,1,0,1,0,0,0,0,0,0,0,3,0,0,1
"E24HA01-02","C24","Chinese","Genuine","Happy 1 CN",58,7.125,0.2068853,0.588459,0.01233034,0.1221291,0.002314631,0.005681872,0.007627172,0.001020395,0,0,0,0,1,0,1,0,1,0,0,0,0,0,0,0,3,0,0,1
"E24HA01-02","C24","Chinese","Genuine","Happy 1 CN",59,7.25,0.2274474,0.5478513,0.01330814,0.1253705,0.002400108,0.00725649,0.008719194,0.00111077,0,0,0,0,1,0,1,0,1,0,0,0,0,0,0,0,3,0,0,1
"E24HA01-02","C24","Chinese","Genuine","Happy 1 CN",60,7.375,0.2332825,0.5366637,0.01358506,0.1250801,0.002226098,0.006633235,0.009373641,0.001554645,0,0,0,0,1,0,1,0,1,0,0,0,0,0,0,0,3,0,0,1
"E24HA01-02","C24","Chinese","Genuine","Happy 1 CN",61,7.5,0.2385741,0.5272594,0.01241995,0.1285249,0.002212801,0.006238165,0.009181814,0.001261441,0,0,0,0,1,0,1,0,1,0,0,0,0,0,0,0,2,0,0,1
"E24HA01-02","C24","Chinese","Genuine","Happy 1 CN",62,7.625,0.2425317,0.5202941,0.01318136,0.1417576,0.002348374,0.006482808,0.009048545,0.001245295,0,0,0,0,1,0,1,0,1,0,0,0,0,0,0,0,2,0,0,1
"E24HA01-02","C24","Chinese","Genuine","Happy 1 CN",63,7.75,0.2470087,0.5144346,0.01415328,0.1544575,0.002531525,0.007168727,0.009327885,0.000969049,0,0,0,0,0,0,1,0,1,0,0,0,0,0,0,0,2,0,0,1
"E24HA01-02","C24","Chinese","Genuine","Happy 1 CN",64,7.875,0.2484051,0.5118181,0.01466666,0.1614669,0.002983737,0.007978685,0.00945351,0.001401089,0,0,0,0,0,0,1,0,1,0,0,0,0,0,0,0,2,0,0,1
"E24HA01-02","C24","Chinese","Genuine","Happy 1 CN",65,8,0.2437228,0.5207623,0.01549307,0.1531013,0.003520091,0.007848349,0.009215588,0.001210947,0,0,0,0,0,0,1,0,1,0,0,0,0,0,0,0,2,0,0,1
"E24HA01-02","C24","Chinese","Genuine","Happy 1 CN",66,8.125,0.2300831,0.5477144,0.0141147,0.1792945,0.005116635,0.007647017,0.007706063,0.001115789,0,0,0,0,0,0,1,0,1,0,0,0,0,0,0,0,2,0,0,1
"E24HA01-02","C24","Chinese","Genuine","Happy 1 CN",67,8.25,0.2070583,0.5930394,0.0113841,0.1844415,0.005615045,0.006317822,0.006569033,0.000767279,0,0,0,0,0,0,1,0,1,0,0,0,0,0,0,0,2,0,0,1
"E24HA01-02","C24","Chinese","Genuine","Happy 1 CN",68,8.375,0.1900505,0.6261137,0.009608493,0.1704697,0.005622385,0.005569241,0.006015699,0.000711316,0,0,0,0,0,0,1,0,1,0,0,0,0,0,0,0,2,0,0,1
"E24HA01-02","C24","Chinese","Genuine","Happy 1 CN",69,8.5,0.1730505,0.6590445,0.008838104,0.1538948,0.005233912,0.005117539,0.005325705,0.000528225,0,0,0,0,0,0,1,0,1,0,0,0,0,0,0,0,2,0,0,1
"E24HA01-02","C24","Chinese","Genuine","Happy 1 CN",70,8.625,0.1612764,0.6822087,0.007347541,0.1465552,0.004852219,0.004719666,0.00506868,0.000615673,0,0,0,0,0,0,1,0,1,0,0,0,0,0,0,0,2,0,0,1
"E24HA01-02","C24","Chinese","Genuine","Happy 1 CN",71,8.75,0.1615526,0.6819818,0.007046138,0.1312632,0.004476956,0.004793876,0.005126362,0.000954012,0,0,0,0,0,0,1,0,1,0,0,0,0,0,0,0,2,0,0,1
"E24HA01-02","C24","Chinese","Genuine","Happy 1 CN",72,8.875,0.1807365,0.6439249,0.006894105,0.1345915,0.004914381,0.006195172,0.005472959,0.001090016,0,0,0,0,0,0,1,0,1,0,0,0,0,0,0,0,2,0,0,0
"E24HA01-02","C24","Chinese","Genuine","Happy 1 CN",73,9,0.1888212,0.628757,0.007970164,0.1270727,0.005052539,0.006244239,0.005849426,0.001309175,0,0,0,0,0,0,1,0,1,0,0,0,0,0,0,0,2,0,0,0
"E24HA01-02","C24","Chinese","Genuine","Happy 1 CN",74,9.125,0.1881841,0.6292787,0.00854803,0.1353222,0.004240527,0.006030906,0.006102594,0.001194933,0,0,0,0,0,0,1,0,1,0,0,0,0,0,0,0,2,0,0,1
"E24HA01-02","C24","Chinese","Genuine","Happy 1 CN",75,9.25,0.221171,0.5616946,0.05597004,0.0966298,0.003115383,0.005641809,0.01678054,0.000995057,0,0,0,0,0,0,1,0,1,0,0,0,0,0,0,0,2,0,0,2
"E24HA01-02","C24","Chinese","Genuine","Happy 1 CN",76,9.375,0.2201917,0.5631365,0.04378452,0.08171084,0.002714982,0.00476032,0.01522546,0.000711099,0,0,0,0,0,0,1,0,1,0,0,0,0,0,0,0,2,0,0,2
"E24HA01-02","C24","Chinese","Genuine","Happy 1 CN",77,9.5,0.2167994,0.569514,0.03268723,0.08047139,0.002351406,0.004096873,0.01384926,0.000679105,0,0,0,0,0,0,1,0,1,0,0,0,0,0,0,0,2,0,0,2
"E24HA01-02","C24","Chinese","Genuine","Happy 1 CN",78,9.625,0.2186339,0.5660024,0.02577258,0.07738188,0.002171233,0.003821945,0.01277929,0.000686941,0,0,0,0,0,0,1,0,1,0,0,0,0,0,0,0,2,0,0,2
"E24HA01-02","C24","Chinese","Genuine","Happy 1 CN",79,9.75,0.2215995,0.5600905,0.0221243,0.09015406,0.002308714,0.003835567,0.01252999,0.000758268,0,0,0,0,0,0,1,0,1,0,0,0,0,0,0,0,2,0,0,2
"E24HA01-02","C24","Chinese","Genuine","Happy 1 CN",80,9.875,0.2238695,0.5553959,0.01919023,0.09266305,0.002339441,0.003828581,0.01250969,0.000760774,0,0,0,0,0,0,1,0,1,0,0,0,0,0,0,0,2,0,0,1
"E24HA01-02","C24","Chinese","Genuine","Happy 1 CN",81,10,0.2250481,0.5528108,0.01519049,0.09949474,0.002885973,0.003920832,0.01151526,0.000736319,0,0,0,0,0,0,1,0,1,0,0,0,0,0,0,0,2,0,0,1
"E24HA01-02","C24","Chinese","Genuine","Happy 1 CN",82,10.125,0.2298703,0.5434918,0.01256785,0.1140174,0.003448923,0.004575001,0.0120482,0.000935093,0,0,0,0,0,0,1,0,1,0,0,0,0,0,0,0,2,0,0,1
"E24HA01-02","C24","Chinese","Genuine","Happy 1 CN",83,10.25,0.2290605,0.545086,0.01154975,0.111818,0.003752833,0.004739913,0.01080351,0.00112026,0,0,0,0,0,0,1,0,1,0,0,0,0,0,0,0,2,0,0,1
"E24HA01-02","C24","Chinese","Genuine","Happy 1 CN",84,10.375,0.21912,0.5654535,0.009492822,0.1122883,0.004134315,0.00491157,0.009144323,0.001388863,0,0,0,0,0,0,1,0,1,0,0,0,0,0,0,0,2,0,0,1
"E24HA01-02","C24","Chinese","Genuine","Happy 1 CN",85,10.5,0.2136915,0.5767727,0.009240205,0.1104466,0.003587189,0.004503937,0.009839857,0.001051486,0,0,0,0,0,0,1,0,1,0,0,0,0,0,0,0,3,0,0,1
"E24HA01-02","C24","Chinese","Genuine","Happy 1 CN",86,10.625,0.2085341,0.5863948,0.01043963,0.1093831,0.003406525,0.00402524,0.009910534,0.001030357,0,0,0,0,0,0,1,0,1,0,0,0,0,0,0,0,3,0,0,1
"E24HA01-02","C24","Chinese","Genuine","Happy 1 CN",87,10.75,0.2084867,0.5862154,0.0112004,0.1086363,0.003521334,0.004204647,0.009834284,0.000843688,0,0,0,0,0,0,1,0,1,0,0,0,0,0,0,0,3,0,0,1
"E24HA01-02","C24","Chinese","Genuine","Happy 1 CN",88,10.875,0.2212489,0.5605588,0.01242712,0.1059304,0.003553707,0.004362874,0.01182693,0.001017652,0,0,0,0,0,0,1,0,1,0,0,0,0,0,0,0,3,0,0,1
"E24HA01-02","C24","Chinese","Genuine","Happy 1 CN",89,11,0.2366412,0.5302205,0.01401248,0.1016831,0.003813934,0.005047142,0.01481258,0.001255799,0,0,0,0,0,0,1,0,1,0,0,0,0,0,0,0,3,0,0,1
"E24HA01-02","C24","Chinese","Genuine","Happy 1 CN",90,11.125,0.247948,0.5079162,0.01220693,0.1208528,0.003839002,0.005004973,0.01562497,0.00112071,0,0,0,0,0,0,1,0,1,0,0,0,0,0,0,0,3,0,0,1
"E24HA01-02","C24","Chinese","Genuine","Happy 1 CN",91,11.25,0.2701297,0.464031,0.01062407,0.1487792,0.004497517,0.005363084,0.01697156,0.001337613,0,0,0,0,0,0,1,0,1,0,0,0,0,0,0,0,3,0,0,1
"E24HA01-02","C24","Chinese","Genuine","Happy 1 CN",92,11.375,0.2792763,0.4445267,0.1097461,0.1033048,0.003530968,0.006543215,0.02087164,0.000926724,0,0,0,0,0,0,1,0,1,0,0,0,0,0,0,0,2,0,0,2
"E24HA01-02","C24","Chinese","Genuine","Happy 1 CN",93,11.5,0.2948918,0.4134791,0.1087766,0.08887715,0.002837618,0.007909517,0.03258665,0.000803037,0,0,0,0,0,0,1,0,1,0,0,0,0,0,0,0,2,0,0,3
"E24HA01-02","C24","Chinese","Genuine","Happy 1 CN",94,11.625,0.3350604,0.3360661,0.09153809,0.1042223,0.003958749,0.00854254,0.0363279,0.000890362,0,0,0,0,0,0,2,0,1,0,0,0,0,0,0,0,2,0,0,3
"E24HA01-02","C24","Chinese","Genuine","Happy 1 CN",95,11.75,0.3586384,0.2807278,0.07001474,0.1307993,0.005973009,0.0089627,0.03364952,0.001182107,0,0,0,0,0,0,2,0,0,0,0,0,0,0,0,0,2,0,0,2
"E24HA01-02","C24","Chinese","Genuine","Happy 1 CN",96,11.875,0.372509,0.2476734,0.05516443,0.1559432,0.00819874,0.008707574,0.03007966,0.001069662,0,0,0,0,0,0,2,0,0,0,0,0,0,0,0,0,2,0,0,2
"E24HA01-02","C24","Chinese","Genuine","Happy 1 CN",97,12,0.3706532,0.2578894,0.055259,0.1249043,0.007032068,0.009202594,0.03606129,0.000875475,0,0,0,0,0,0,2,0,0,0,0,0,0,0,0,0,2,0,0,2
"E24HA01-02","C24","Chinese","Genuine","Happy 1 CN",98,12.125,0.3735541,0.2570381,0.0498324,0.1038583,0.006308313,0.007722601,0.04304959,0.00070342,0,0,0,0,0,0,2,0,0,0,0,0,0,0,0,0,2,0,0,2
"E24HA01-02","C24","Chinese","Genuine","Happy 1 CN",99,12.25,0.3775013,0.2539028,0.04728067,0.1061924,0.006622394,0.008009204,0.04414245,0.000796275,0,0,0,0,0,0,2,0,0,0,0,0,0,0,0,0,2,0,0,2
"E24HA01-02","C24","Chinese","Genuine","Happy 1 CN",100,12.375,0.3747554,0.2419254,0.03890872,0.1746269,0.01021035,0.008065188,0.0355272,0.001584031,0,0,0,0,0,0,2,0,0,0,0,0,0,0,0,0,2,0,0,2
"E24HA01-02","C24","Chinese","Genuine","Happy 1 CN",101,12.5,0.392701,0.2319011,0.03162166,0.2059873,0.01210142,0.007964917,0.02712252,0.001089269,0,0,0,0,0,0,2,0,0,0,0,0,0,0,0,0,2,0,0,2
"E24HA02-03","C24","Chinese","Genuine","Happy 2 CN",1,0,0.3335,0.3491231,0.03209733,0.1215092,0.002605488,0.01287492,0.04553207,0.000931853,0,0,0,0,0,0,1,0,0,0,0,0,0,0,0,0,2,0,0,2
"E24HA02-03","C24","Chinese","Genuine","Happy 2 CN",2,0.125,0.3225207,0.3755423,0.02782516,0.1355606,0.002601448,0.01036805,0.03877474,0.002168516,0,0,0,0,0,0,2,0,0,0,0,0,0,0,0,0,2,0,0,2
"E24HA02-03","C24","Chinese","Genuine","Happy 2 CN",3,0.25,0.3059815,0.4168131,0.02369199,0.1498904,0.002676291,0.008220376,0.03390883,0.002233427,0,0,0,0,0,0,2,0,0,0,0,0,0,0,0,0,2,0,0,2
"E24HA02-03","C24","Chinese","Genuine","Happy 2 CN",4,0.375,0.286996,0.4587538,0.01962522,0.1653107,0.002808786,0.007435311,0.02855601,0.0031597,0,0,0,0,0,0,2,0,0,0,0,0,0,0,0,0,2,0,0,2
"E24HA02-03","C24","Chinese","Genuine","Happy 2 CN",5,0.5,0.2631748,0.5013365,0.01784032,0.153633,0.002835428,0.007200807,0.0238604,0.004084928,0,0,0,0,0,0,2,0,0,0,0,0,0,0,0,0,2,0,0,2
"E24HA02-03","C24","Chinese","Genuine","Happy 2 CN",6,0.625,0.2178656,0.5851824,0.01478658,0.1307418,0.002544168,0.005841099,0.01925646,0.004690487,0,0,0,0,0,0,2,0,0,0,0,0,0,0,0,0,2,0,0,2
"E24HA02-03","C24","Chinese","Genuine","Happy 2 CN",7,0.75,0.1764726,0.662396,0.01225927,0.1122736,0.002005077,0.004330021,0.01770414,0.004632315,0,0,0,0,0,0,2,0,1,0,0,0,0,0,0,0,2,0,0,2
"E24HA02-03","C24","Chinese","Genuine","Happy 2 CN",8,0.875,0.1411656,0.7288067,0.01068657,0.1000424,0.001603469,0.00317174,0.0146028,0.004479335,0,0,0,0,0,0,2,0,1,0,0,0,0,0,0,0,2,0,0,2
"E24HA02-03","C24","Chinese","Genuine","Happy 2 CN",9,1,0.1165414,0.7750519,0.009553498,0.09335956,0.001219635,0.002334162,0.01340722,0.003582042,0,0,0,0,1,0,2,0,1,0,0,0,0,0,0,0,2,0,0,2
"E24HA02-03","C24","Chinese","Genuine","Happy 2 CN",10,1.125,0.1005117,0.8048079,0.008482169,0.0779238,0.000932679,0.001731641,0.01171428,0.002522737,0,0,0,0,1,0,2,0,1,0,0,0,0,0,0,0,2,0,0,2
"E24HA02-03","C24","Chinese","Genuine","Happy 2 CN",11,1.25,0.08856799,0.8269666,0.008055152,0.07096935,0.000689571,0.001284973,0.009969653,0.001767421,0,0,0,0,1,0,2,0,1,0,0,0,0,0,0,0,2,0,0,2
"E24HA02-03","C24","Chinese","Genuine","Happy 2 CN",12,1.375,0.0780357,0.8468232,0.008018234,0.06056041,0.000509461,0.000977943,0.009077061,0.0020523,0,0,0,0,1,0,2,0,2,0,0,0,0,0,0,0,2,0,0,3
"E24HA02-03","C24","Chinese","Genuine","Happy 2 CN",13,1.5,0.1028492,0.7963232,0.05011093,0.04297697,0.000398142,0.000784004,0.01953891,0.001761776,0,0,0,0,1,0,2,0,1,0,0,0,0,0,0,0,1,0,0,3
"E24HA02-03","C24","Chinese","Genuine","Happy 2 CN",14,1.625,0.1046379,0.7921847,0.04427445,0.03778138,0.000293888,0.000618419,0.02293273,0.001831644,0,0,0,0,2,0,2,0,2,0,0,0,0,0,0,0,2,0,0,3
"E24HA02-03","C24","Chinese","Genuine","Happy 2 CN",15,1.75,0.1222685,0.756658,0.03811824,0.0381069,0.000248258,0.000602415,0.02147698,0.001662739,0,0,0,0,2,0,2,0,2,0,0,0,0,0,0,0,2,0,0,3
"E24HA02-03","C24","Chinese","Genuine","Happy 2 CN",16,1.875,0.1208279,0.7598876,0.03246852,0.04177634,0.000219296,0.00064579,0.01892494,0.004240094,0,0,0,0,2,0,2,0,2,0,0,0,0,0,0,0,1,0,0,3
"E24HA02-03","C24","Chinese","Genuine","Happy 2 CN",17,2,0.114264,0.7731215,0.02854658,0.04242567,0.000238924,0.000669221,0.01662198,0.004063494,0,0,0,0,2,0,2,0,2,0,0,0,0,0,0,0,1,0,0,3
"E24HA02-03","C24","Chinese","Genuine","Happy 2 CN",18,2.125,0.1126607,0.7763015,0.02529811,0.04551293,0.000243721,0.000663042,0.01624533,0.003269537,0,0,0,0,2,0,2,0,2,0,0,0,0,0,0,0,1,0,0,3
"E24HA02-03","C24","Chinese","Genuine","Happy 2 CN",19,2.25,0.1061369,0.7892515,0.02210214,0.04755535,0.000253781,0.000616716,0.01714823,0.004807707,0,0,0,0,2,0,2,0,2,0,0,0,0,0,0,0,1,0,0,3
"E24HA02-03","C24","Chinese","Genuine","Happy 2 CN",20,2.375,0.09738158,0.8065228,0.01888889,0.04737958,0.000263293,0.00055292,0.0154837,0.004043776,0,0,0,0,2,0,2,0,2,0,0,0,0,0,0,0,1,0,0,3
"E24HA02-03","C24","Chinese","Genuine","Happy 2 CN",21,2.5,0.09512549,0.8108853,0.01664778,0.05108202,0.000250487,0.000508267,0.01543505,0.003150642,0,0,0,0,2,0,2,0,2,0,0,0,0,0,0,0,1,0,0,3
"E24HA02-03","C24","Chinese","Genuine","Happy 2 CN",22,2.625,0.0905136,0.8199993,0.0158966,0.04701267,0.000228575,0.000458604,0.01403435,0.003336075,0,0,0,0,2,0,2,0,2,0,0,0,0,0,0,0,1,0,0,3
"E24HA02-03","C24","Chinese","Genuine","Happy 2 CN",23,2.75,0.08608981,0.8288189,0.01611072,0.04641733,0.000232846,0.000539229,0.01400839,0.003695058,0,0,0,0,2,0,2,0,2,0,0,0,0,0,0,0,1,0,0,3
"E24HA02-03","C24","Chinese","Genuine","Happy 2 CN",24,2.875,0.08127096,0.8383091,0.01472329,0.04697067,0.000227275,0.000503359,0.01276868,0.004240154,0,0,0,0,2,0,2,0,2,0,0,0,0,0,0,0,1,0,0,3
"E24HA02-03","C24","Chinese","Genuine","Happy 2 CN",25,3,0.07647671,0.8477906,0.01513672,0.04680935,0.000247726,0.000487377,0.01251584,0.0041048,0,0,0,0,2,0,2,0,2,0,0,0,0,0,0,0,1,0,0,3
"E24HA02-03","C24","Chinese","Genuine","Happy 2 CN",26,3.125,0.08368909,0.8331643,0.03874185,0.03377952,0.000223228,0.000465706,0.01826125,0.00325256,0,0,0,0,2,0,2,0,2,0,0,0,0,0,0,0,1,0,0,4
"E24HA02-03","C24","Chinese","Genuine","Happy 2 CN",27,3.25,0.09305397,0.8142804,0.0514731,0.02559216,0.00020182,0.000430266,0.02045446,0.002535376,0,0,0,0,2,0,2,0,2,0,0,0,0,0,0,0,1,0,0,4
"E24HA02-03","C24","Chinese","Genuine","Happy 2 CN",28,3.375,0.1036254,0.7931137,0.04689027,0.02988424,0.000181211,0.000431129,0.01984608,0.002897497,0,0,0,0,2,0,2,0,2,0,0,0,0,0,0,0,1,0,0,4
"E24HA02-03","C24","Chinese","Genuine","Happy 2 CN",29,3.5,0.102726,0.7952559,0.03837295,0.03475822,0.000252632,0.000675506,0.02122878,0.002682287,0,0,0,0,2,0,2,0,2,0,0,0,0,0,0,0,1,0,0,4
"E24HA02-03","C24","Chinese","Genuine","Happy 2 CN",30,3.625,0.1004372,0.8000772,0.03101507,0.04236704,0.000315138,0.000759466,0.02123212,0.00539212,0,0,0,0,2,0,2,0,2,0,0,0,0,0,0,0,1,0,0,4
"E24HA02-03","C24","Chinese","Genuine","Happy 2 CN",31,3.75,0.0949662,0.8110605,0.02592171,0.04047012,0.000364092,0.000751895,0.02151466,0.006657449,0,0,0,0,2,0,2,0,2,0,0,0,0,0,0,0,1,0,0,3
"E24HA02-03","C24","Chinese","Genuine","Happy 2 CN",32,3.875,0.09276137,0.8158305,0.01987698,0.04866882,0.000564687,0.000831741,0.01821744,0.005878336,0,0,0,0,2,0,2,0,2,0,0,0,0,0,0,0,1,0,0,3
"E24HA02-03","C24","Chinese","Genuine","Happy 2 CN",33,4,0.08820706,0.8253213,0.01500873,0.05455007,0.000657523,0.000945569,0.01510109,0.005101859,0,0,0,0,1,0,2,0,2,0,0,0,0,0,0,0,1,0,0,3
"E24HA02-03","C24","Chinese","Genuine","Happy 2 CN",34,4.125,0.0948259,0.8119976,0.01410676,0.05510532,0.001367223,0.001333466,0.0129752,0.005520462,0,0,0,0,1,0,2,0,2,0,0,0,0,0,0,0,1,0,0,3
"E24HA02-03","C24","Chinese","Genuine","Happy 2 CN",35,4.25,0.0960208,0.8092989,0.01918133,0.04206654,0.001301939,0.001286518,0.01892104,0.003974872,0,0,0,0,1,0,1,0,2,0,0,0,0,0,0,0,1,0,0,3
"E24HA02-03","C24","Chinese","Genuine","Happy 2 CN",36,4.375,0.1119539,0.7771729,0.04540657,0.03121381,0.00106337,0.001334501,0.02347196,0.003893607,0,0,0,0,1,0,2,0,2,0,0,0,0,0,0,0,1,0,0,3
"E24HA02-03","C24","Chinese","Genuine","Happy 2 CN",37,4.5,0.119293,0.7622383,0.04644207,0.02926617,0.000901577,0.001647074,0.02200968,0.002770622,0,0,0,0,1,0,2,0,2,0,0,0,0,0,0,0,1,0,0,4
"E24HA02-03","C24","Chinese","Genuine","Happy 2 CN",38,4.625,0.1187537,0.763159,0.04866654,0.02808782,0.000788638,0.001700796,0.0213072,0.003135805,0,0,0,0,1,0,2,0,1,0,0,0,0,0,0,0,1,0,0,4
"E24HA02-03","C24","Chinese","Genuine","Happy 2 CN",39,4.75,0.1183526,0.763878,0.05125662,0.02446351,0.000736548,0.00156655,0.01946798,0.003057403,0,0,0,0,1,0,2,0,1,0,0,0,0,0,0,0,1,0,0,4
"E24HA02-03","C24","Chinese","Genuine","Happy 2 CN",40,4.875,0.1286542,0.7431926,0.1066559,0.01776125,0.000619348,0.001695461,0.02437253,0.002525436,0,0,0,0,1,0,2,0,1,0,0,0,0,0,0,0,1,0,0,4
"E24HA02-03","C24","Chinese","Genuine","Happy 2 CN",41,5,0.1320629,0.7364169,0.08154027,0.02117228,0.000507672,0.001488605,0.03141935,0.002672654,0,0,0,0,1,0,2,0,1,0,0,0,0,0,0,0,1,0,0,4
"E24HA02-03","C24","Chinese","Genuine","Happy 2 CN",42,5.125,0.1282679,0.7442036,0.05907496,0.03068545,0.000460002,0.001412097,0.03265371,0.003560225,0,0,0,0,1,0,2,0,1,0,0,0,0,0,0,0,1,0,0,4
"E24HA02-03","C24","Chinese","Genuine","Happy 2 CN",43,5.25,0.1290479,0.7426401,0.05105985,0.03077492,0.000431921,0.001279475,0.0346481,0.003913534,0,0,0,0,1,0,2,0,1,0,0,0,0,0,0,0,1,0,0,4
"E24HA02-03","C24","Chinese","Genuine","Happy 2 CN",44,5.375,0.131988,0.7369394,0.04265134,0.03331128,0.000440213,0.001123613,0.03366705,0.004380959,0,0,0,0,1,0,2,0,1,0,0,0,0,0,0,0,2,0,0,4
"E24HA02-03","C24","Chinese","Genuine","Happy 2 CN",45,5.5,0.1417831,0.7174354,0.03397103,0.03129422,0.000431169,0.001214193,0.03320174,0.004541918,0,0,0,0,1,0,2,0,1,0,0,0,0,0,0,0,2,0,0,4
"E24HA02-03","C24","Chinese","Genuine","Happy 2 CN",46,5.625,0.1518715,0.6986341,0.03082752,0.03239867,0.00057869,0.001348756,0.03129673,0.004753973,0,0,0,0,1,0,2,0,1,0,0,0,0,0,0,0,2,0,0,4
"E24HA02-03","C24","Chinese","Genuine","Happy 2 CN",47,5.75,0.1832292,0.6381291,0.03108948,0.03514692,0.000726363,0.00160587,0.03504413,0.006866429,0,0,0,0,1,0,2,0,1,0,0,0,0,0,0,0,2,0,0,4
"E24HA02-03","C24","Chinese","Genuine","Happy 2 CN",48,5.875,0.1994246,0.6069273,0.02751748,0.03823563,0.000765076,0.001691273,0.03619923,0.008261535,0,0,0,0,1,0,2,0,1,0,0,0,0,0,0,0,1,0,0,3
"E24HA02-03","C24","Chinese","Genuine","Happy 2 CN",49,6,0.2233028,0.5636103,0.02579893,0.06875224,0.001563593,0.003016309,0.03155236,0.005807724,0,0,0,0,1,0,2,0,1,0,0,0,0,0,0,0,2,0,0,3
"E24HA02-03","C24","Chinese","Genuine","Happy 2 CN",50,6.125,0.2358961,0.5475374,0.02187726,0.09571889,0.00231624,0.003261147,0.02571512,0.004448942,0,0,0,0,0,0,2,0,1,0,0,0,0,0,0,0,2,0,0,3
"E24HA02-03","C24","Chinese","Genuine","Happy 2 CN",51,6.25,0.2493925,0.5237658,0.02076382,0.1275755,0.003121965,0.004238483,0.02171426,0.004119389,0,0,0,0,0,0,1,0,1,0,0,0,0,0,0,0,2,0,0,3
"E24HA03-04","C24","Chinese","Genuine","Happy 3 CN",1,0,0.3582536,0.03052169,0.07590875,0.3972954,0.004783335,0.03816133,0.00589165,0.00208465,0,0,0,0,0,0,0,0,0,0,0,0,0,0,0,0,0,0,0,0
"E24HA03-04","C24","Chinese","Genuine","Happy 3 CN",2,0.125,0.3641656,0.03366766,0.07306406,0.3670185,0.004546544,0.03695144,0.009639239,0.004129142,0,0,0,0,0,0,0,0,0,0,0,0,0,0,0,0,0,0,0,0
"E24HA03-04","C24","Chinese","Genuine","Happy 3 CN",3,0.25,0.3611233,0.05520199,0.06595913,0.3575101,0.004102394,0.03369895,0.01131154,0.007568912,0,0,0,0,0,0,0,0,0,0,0,0,0,0,0,0,0,0,0,0
"E24HA03-04","C24","Chinese","Genuine","Happy 3 CN",4,0.375,0.3758919,0.09767479,0.05661763,0.3074574,0.003698441,0.03518588,0.01483848,0.007811752,0,0,0,0,0,0,0,0,0,0,0,0,0,0,0,0,1,0,0,1
"E24HA03-04","C24","Chinese","Genuine","Happy 3 CN",5,0.5,0.3604345,0.179726,0.04627923,0.2593072,0.003446621,0.03145391,0.01452349,0.006828764,0,0,0,0,0,0,0,0,0,0,0,0,0,0,0,0,1,0,0,1
"E24HA03-04","C24","Chinese","Genuine","Happy 3 CN",6,0.625,0.3409983,0.2522719,0.03602746,0.224628,0.003774305,0.02688841,0.01327017,0.01392258,0,0,0,0,0,0,1,0,0,0,0,0,0,0,0,0,1,0,0,1
"E24HA03-04","C24","Chinese","Genuine","Happy 3 CN",7,0.75,0.3230164,0.3109321,0.0294039,0.2114692,0.003339784,0.02127753,0.01397985,0.01215114,0,0,0,0,0,0,1,0,0,0,0,0,0,0,0,0,1,0,0,1
"E24HA03-04","C24","Chinese","Genuine","Happy 3 CN",8,0.875,0.3096047,0.3526244,0.02464688,0.1975598,0.003232767,0.01867132,0.01473832,0.014835,0,0,0,0,0,0,1,0,0,0,0,0,0,0,0,0,1,0,0,1
"E24HA03-04","C24","Chinese","Genuine","Happy 3 CN",9,1,0.2890018,0.4040358,0.02244679,0.1768165,0.002637562,0.01756044,0.01498557,0.01510462,0,0,0,0,0,0,1,0,0,0,0,0,0,0,0,0,1,0,0,1
"E24HA03-04","C24","Chinese","Genuine","Happy 3 CN",10,1.125,0.2815226,0.4253277,0.02258344,0.1521799,0.002161384,0.01703214,0.01504978,0.01379689,0,0,0,0,0,0,1,0,0,0,0,0,0,0,0,0,1,0,0,2
"E24HA03-04","C24","Chinese","Genuine","Happy 3 CN",11,1.25,0.2764987,0.4390451,0.1041248,0.1078648,0.001688711,0.01416548,0.02005263,0.01087723,0,0,0,0,0,0,1,0,1,0,0,0,0,0,0,0,1,0,0,3
"E24HA03-04","C24","Chinese","Genuine","Happy 3 CN",12,1.375,0.2362916,0.5220531,0.07849212,0.09515966,0.00143895,0.01106902,0.0173555,0.01035299,0,0,0,0,0,0,1,0,1,0,0,0,0,0,0,0,2,0,0,3
"E24HA03-04","C24","Chinese","Genuine","Happy 3 CN",13,1.5,0.1959477,0.6045331,0.05866014,0.08903271,0.001206148,0.009223306,0.01442926,0.01478547,0,0,0,0,1,0,1,0,1,0,0,0,0,0,0,0,2,0,0,3
"E24HA03-04","C24","Chinese","Genuine","Happy 3 CN",14,1.625,0.1729048,0.6518794,0.04347535,0.08769397,0.001016017,0.008228821,0.01276122,0.01502584,0,0,0,0,1,0,1,0,1,0,0,0,0,0,0,0,2,0,0,3
"E24HA03-04","C24","Chinese","Genuine","Happy 3 CN",15,1.75,0.1538561,0.6907678,0.03437964,0.08739202,0.000999489,0.007474442,0.01184515,0.01618902,0,0,0,0,1,0,1,0,1,0,0,0,0,0,0,0,2,0,0,3
"E24HA03-04","C24","Chinese","Genuine","Happy 3 CN",16,1.875,0.1412666,0.7165123,0.02706783,0.08571051,0.000926553,0.006917582,0.01087266,0.01556037,0,0,0,0,1,0,1,0,1,0,0,0,0,0,0,0,2,0,0,3
"E24HA03-04","C24","Chinese","Genuine","Happy 3 CN",17,2,0.1261822,0.747085,0.02239931,0.07573001,0.000786888,0.006280147,0.009396193,0.01718416,0,0,0,0,1,0,1,0,1,0,0,0,0,0,0,0,2,0,0,3
"E24HA03-04","C24","Chinese","Genuine","Happy 3 CN",18,2.125,0.1166566,0.7663485,0.02507275,0.06977025,0.000653264,0.006201036,0.008696803,0.01376046,0,0,0,0,1,0,1,0,1,0,0,0,0,0,0,0,2,0,0,3
"E24HA03-04","C24","Chinese","Genuine","Happy 3 CN",19,2.25,0.1532949,0.6931906,0.1126039,0.04980686,0.000479649,0.0056955,0.01921793,0.01031751,0,0,0,0,1,0,1,0,1,0,0,0,0,0,0,0,2,0,0,3
"E24HA03-04","C24","Chinese","Genuine","Happy 3 CN",20,2.375,0.1450724,0.7097182,0.1074948,0.04471709,0.000398182,0.005576402,0.02074761,0.007920251,0,0,0,0,1,0,1,0,1,0,0,0,0,0,0,0,2,0,0,4
"E24HA03-04","C24","Chinese","Genuine","Happy 3 CN",21,2.5,0.1354509,0.7290297,0.0852658,0.04596165,0.000491316,0.005362193,0.01793377,0.006359873,0,0,0,0,1,0,1,0,1,0,0,0,0,0,0,0,2,0,0,4
"E24HA03-04","C24","Chinese","Genuine","Happy 3 CN",22,2.625,0.1246473,0.7506934,0.06172568,0.05696302,0.000421432,0.005080528,0.01455889,0.006472135,0,0,0,0,1,0,1,0,1,0,0,0,0,0,0,0,2,0,0,3
"E24HA03-04","C24","Chinese","Genuine","Happy 3 CN",23,2.75,0.125471,0.7491394,0.04510172,0.06975552,0.0004771,0.004992595,0.01208772,0.009469027,0,0,0,0,1,0,1,0,1,0,0,0,0,0,0,0,2,0,0,3
"E24HA03-04","C24","Chinese","Genuine","Happy 3 CN",24,2.875,0.1172694,0.7655751,0.03449921,0.07748615,0.000458201,0.005074489,0.01115012,0.008998549,0,0,0,0,1,0,1,0,1,0,0,0,0,0,0,0,2,0,0,3
"E24HA03-04","C24","Chinese","Genuine","Happy 3 CN",25,3,0.1113586,0.7773862,0.0281092,0.07374293,0.000444916,0.004585752,0.009857141,0.008412238,0,0,0,0,1,0,1,0,1,0,0,0,0,0,0,0,2,0,0,3
"E24HA03-04","C24","Chinese","Genuine","Happy 3 CN",26,3.125,0.1108479,0.7784045,0.02433312,0.0763694,0.000497919,0.003894414,0.00857798,0.007285594,0,0,0,0,1,0,1,0,1,0,0,0,0,0,0,0,2,0,0,3
"E24HA03-04","C24","Chinese","Genuine","Happy 3 CN",27,3.25,0.1067059,0.7866793,0.02378317,0.0695316,0.000468693,0.003380296,0.008315961,0.005915125,0,0,0,0,1,0,1,0,2,0,0,0,0,0,0,0,2,0,0,3
"E24HA03-04","C24","Chinese","Genuine","Happy 3 CN",28,3.375,0.09915714,0.801766,0.02661473,0.05747647,0.000401025,0.002870121,0.007572441,0.005691537,0,0,0,0,2,0,1,0,2,0,0,0,0,0,0,0,2,0,0,3
"E24HA03-04","C24","Chinese","Genuine","Happy 3 CN",29,3.5,0.09282013,0.8144324,0.02595782,0.04649749,0.000350099,0.002488028,0.006492729,0.005351576,0,0,0,0,2,0,1,0,2,0,0,0,0,0,0,0,2,0,0,3
"E24HA03-04","C24","Chinese","Genuine","Happy 3 CN",30,3.625,0.08394025,0.8321761,0.02367314,0.03804048,0.000325611,0.00213224,0.005146729,0.004342241,0,0,0,0,2,0,1,0,2,0,0,0,0,0,0,0,2,0,0,3
"E24HA03-04","C24","Chinese","Genuine","Happy 3 CN",31,3.75,0.08150554,0.8370328,0.03007815,0.03345224,0.000289486,0.001920401,0.0048089,0.003329603,0,0,0,0,2,0,1,0,2,0,0,0,0,0,0,0,2,0,0,4
"E24HA03-04","C24","Chinese","Genuine","Happy 3 CN",32,3.875,0.08033668,0.8393589,0.02834116,0.02962626,0.000236064,0.001554667,0.004767431,0.002730338,0,0,0,0,2,0,1,0,2,0,0,0,0,0,0,0,2,0,0,4
"E24HA03-04","C24","Chinese","Genuine","Happy 3 CN",33,4,0.06809482,0.8638449,0.0224748,0.03026293,0.000215551,0.00136632,0.004744694,0.004338425,0,0,0,0,2,0,1,0,3,0,0,0,0,0,0,0,2,0,0,4
"E24HA03-04","C24","Chinese","Genuine","Happy 3 CN",34,4.125,0.06373022,0.8725747,0.01896371,0.03153433,0.000196055,0.001260004,0.005093964,0.005771673,0,0,0,0,2,0,1,0,3,0,0,0,0,0,0,0,2,0,0,3
"E24HA03-04","C24","Chinese","Genuine","Happy 3 CN",35,4.25,0.08896606,0.8221039,0.1054182,0.0219812,0.000287053,0.001401764,0.006290471,0.004308493,0,0,0,0,2,0,1,0,3,0,0,0,0,0,0,0,2,0,0,4
"E24HA03-04","C24","Chinese","Genuine","Happy 3 CN",36,4.375,0.1116281,0.7767739,0.1485497,0.01603828,0.000240056,0.001632656,0.0119823,0.003300786,0,0,0,0,2,0,1,0,2,0,0,0,0,0,0,0,2,0,0,4
"E24HA03-04","C24","Chinese","Genuine","Happy 3 CN",37,4.5,0.1451389,0.7097611,0.1712472,0.01227488,0.000310244,0.00269832,0.01675992,0.002388313,0,0,0,0,2,0,1,0,2,0,0,0,0,0,0,0,2,0,0,4
"E24HA03-04","C24","Chinese","Genuine","Happy 3 CN",38,4.625,0.1850452,0.6299719,0.1594529,0.01749703,0.0004747,0.004913222,0.0209088,0.002303556,0,0,0,0,2,0,1,0,2,0,0,0,0,0,0,0,2,0,0,4
"E24HA03-04","C24","Chinese","Genuine","Happy 3 CN",39,4.75,0.2218831,0.5563747,0.1529811,0.02646956,0.000921573,0.00992807,0.02440035,0.002274225,0,0,0,0,2,0,1,0,2,0,0,0,0,0,0,0,2,0,0,4
"E24HA03-04","C24","Chinese","Genuine","Happy 3 CN",40,4.875,0.2424679,0.5153776,0.1207565,0.03609511,0.001098468,0.009503334,0.02407713,0.003668783,0,0,0,0,1,0,1,0,1,0,0,0,0,0,0,0,2,0,0,4
"E24HA03-04","C24","Chinese","Genuine","Happy 3 CN",41,5,0.2892318,0.4232894,0.09110406,0.05604604,0.002364065,0.01151377,0.02337508,0.003743681,0,0,0,0,1,0,1,0,1,0,0,0,0,0,0,0,2,0,0,4
"E24HA03-04","C24","Chinese","Genuine","Happy 3 CN",42,5.125,0.3238805,0.3556902,0.0702837,0.09466271,0.003877781,0.01466165,0.0258711,0.005313172,0,0,0,0,1,0,1,0,1,0,0,0,0,0,0,0,2,0,0,3
"E24HA05-03","C24","Chinese","Genuine","Happy 5 CN",1,0,0.403237,0.2571515,0.06016568,0.06422132,0.005918354,0.01282097,0.06060833,0.002332115,0,0,0,0,0,0,1,1,0,0,0,0,0,0,0,0,2,0,0,5
"E24HA05-03","C24","Chinese","Genuine","Happy 5 CN",2,0.125,0.3682678,0.2228548,0.05000941,0.2061214,0.00498435,0.01154994,0.04912024,0.004073433,0,0,0,0,0,0,1,1,0,0,0,0,0,0,0,0,2,0,0,4
"E24HA05-03","C24","Chinese","Genuine","Happy 5 CN",3,0.25,0.364634,0.1850055,0.04105827,0.2921797,0.004366152,0.01038173,0.0392933,0.006626604,0,0,0,0,0,0,1,1,0,0,0,0,0,0,0,0,2,0,0,4
"E24HA05-03","C24","Chinese","Genuine","Happy 5 CN",4,0.375,0.3559789,0.2394895,0.03257556,0.3167807,0.00408251,0.009151756,0.030972,0.007300441,0,0,0,0,0,0,1,1,0,0,0,0,0,0,0,0,2,0,0,4
"E24HA05-03","C24","Chinese","Genuine","Happy 5 CN",5,0.5,0.3291378,0.3163178,0.02490867,0.3320966,0.003987729,0.008428614,0.02368182,0.007249063,0,0,0,0,0,0,1,1,0,0,0,0,0,0,0,0,2,0,0,3
"E24HA05-03","C24","Chinese","Genuine","Happy 5 CN",6,0.625,0.3117786,0.365034,0.01986022,0.3509524,0.003819196,0.008736249,0.01903119,0.006059273,0,0,0,0,0,0,1,0,0,0,0,0,0,0,0,0,2,0,0,3
"E24HA05-03","C24","Chinese","Genuine","Happy 5 CN",7,0.75,0.2958804,0.404313,0.01621894,0.3268625,0.003244045,0.007695253,0.01580776,0.004929667,0,0,0,0,0,0,1,0,0,0,0,0,0,0,0,0,2,0,0,3
"E24HA05-03","C24","Chinese","Genuine","Happy 5 CN",8,0.875,0.2604898,0.4795504,0.01308489,0.2997448,0.003220278,0.006595332,0.01196701,0.003732077,0,0,0,0,0,0,1,0,0,0,0,0,0,0,0,0,2,0,0,3
"E24HA05-03","C24","Chinese","Genuine","Happy 5 CN",9,1,0.2242118,0.5533025,0.01005067,0.2473565,0.002722067,0.005745119,0.00903604,0.002771525,0,0,0,0,0,0,1,0,0,0,0,0,0,0,0,0,2,0,0,3
"E24HA05-03","C24","Chinese","Genuine","Happy 5 CN",10,1.125,0.1856936,0.6303962,0.007707314,0.2116222,0.002223987,0.004708159,0.00715552,0.002691547,0,0,0,0,1,0,1,0,0,0,0,0,0,0,0,0,2,0,0,3
"E24HA05-03","C24","Chinese","Genuine","Happy 5 CN",11,1.25,0.1537617,0.6940039,0.00678919,0.1800259,0.001699056,0.003842027,0.005858751,0.003161845,0,0,0,0,1,0,1,0,1,0,0,0,0,0,0,0,2,0,0,3
"E24HA05-03","C24","Chinese","Genuine","Happy 5 CN",12,1.375,0.1239658,0.7532808,0.006155797,0.1625041,0.001303433,0.003384954,0.00504377,0.003266027,0,0,0,0,1,0,1,0,1,0,0,0,0,0,0,0,2,0,0,3
"E24HA05-03","C24","Chinese","Genuine","Happy 5 CN",13,1.5,0.1385132,0.7238429,0.06898957,0.113993,0.00100383,0.003076062,0.007763057,0.002245903,0,0,0,0,1,0,1,0,1,0,0,0,0,0,0,0,2,0,0,3
"E24HA05-03","C24","Chinese","Genuine","Happy 5 CN",14,1.625,0.1186459,0.7633263,0.05765022,0.09708137,0.000764241,0.002393998,0.006536487,0.001544409,0,0,0,0,1,0,2,0,1,0,0,0,0,0,0,0,2,0,0,3
"E24HA05-03","C24","Chinese","Genuine","Happy 5 CN",15,1.75,0.1047085,0.7910953,0.04291498,0.08943428,0.000614468,0.001919932,0.005437342,0.001754022,0,0,0,0,1,0,2,0,1,0,0,0,0,0,0,0,2,0,0,3
"E24HA05-03","C24","Chinese","Genuine","Happy 5 CN",16,1.875,0.09544888,0.8096868,0.03346123,0.08789196,0.000558888,0.001568889,0.004847106,0.003132305,0,0,0,0,1,0,2,0,1,0,0,0,0,0,0,0,1,0,0,3
"E24HA05-03","C24","Chinese","Genuine","Happy 5 CN",17,2,0.0851938,0.8301488,0.02608161,0.09931871,0.000510356,0.001335426,0.004635857,0.005135722,0,0,0,0,2,0,2,0,1,0,0,0,0,0,0,0,1,0,0,3
"E24HA05-03","C24","Chinese","Genuine","Happy 5 CN",18,2.125,0.0736602,0.8531079,0.01987248,0.1148869,0.000429524,0.001180097,0.004053457,0.00618858,0,0,0,0,2,0,2,0,1,0,0,0,0,0,0,0,1,0,0,3
"E24HA05-03","C24","Chinese","Genuine","Happy 5 CN",19,2.25,0.06664115,0.8670808,0.01558453,0.1245924,0.000412886,0.001283003,0.00353766,0.006106177,0,0,0,0,2,0,2,0,1,0,0,0,0,0,0,0,1,0,0,3
"E24HA05-03","C24","Chinese","Genuine","Happy 5 CN",20,2.375,0.06270101,0.8749303,0.01216972,0.1226082,0.000435591,0.001222765,0.003008921,0.005459114,0,0,0,0,2,0,2,0,1,0,0,0,0,0,0,0,1,0,0,3
"E24HA05-03","C24","Chinese","Genuine","Happy 5 CN",21,2.5,0.06778501,0.8648884,0.02087691,0.09362286,0.000512155,0.001494546,0.005813817,0.005200713,0,0,0,0,2,0,2,0,1,0,0,0,0,0,0,0,1,0,0,3
"E24HA05-03","C24","Chinese","Genuine","Happy 5 CN",22,2.625,0.08987726,0.8207089,0.03710006,0.06983049,0.000577494,0.002160641,0.01049571,0.00422642,0,0,0,0,2,0,2,0,1,0,0,0,0,0,0,0,1,0,0,4
"E24HA05-03","C24","Chinese","Genuine","Happy 5 CN",23,2.75,0.1032661,0.7944492,0.03351295,0.05792003,0.000565093,0.002396194,0.01435285,0.01513083,0,0,0,0,2,0,2,0,1,0,0,0,0,0,0,0,1,0,0,4
"E24HA05-03","C24","Chinese","Genuine","Happy 5 CN",24,2.875,0.115303,0.7707909,0.0265992,0.06828637,0.000774408,0.002669676,0.01291616,0.01660815,0,0,0,0,1,0,2,0,1,0,0,0,0,0,0,0,1,0,0,4
"E24HA05-03","C24","Chinese","Genuine","Happy 5 CN",25,3,0.1286678,0.7453394,0.02182261,0.0854992,0.00110146,0.003111535,0.01121287,0.01210966,0,0,0,0,1,0,2,0,1,0,0,0,0,0,0,0,1,0,0,3
"E24HA05-03","C24","Chinese","Genuine","Happy 5 CN",26,3.125,0.1560784,0.6983026,0.01709463,0.1354968,0.002087723,0.003651734,0.01026803,0.01000018,0,0,0,0,1,0,2,0,1,0,0,0,0,0,0,0,1,0,0,3
"E24HA05-03","C24","Chinese","Genuine","Happy 5 CN",27,3.25,0.1768703,0.6605281,0.01351093,0.1780253,0.002949739,0.004661868,0.009829324,0.007612847,0,0,0,0,1,0,2,0,1,0,0,0,0,0,0,0,1,0,0,3
"E24HA05-03","C24","Chinese","Genuine","Happy 5 CN",28,3.375,0.21076,0.5934449,0.01247599,0.1774721,0.002878586,0.005163907,0.01398465,0.007590126,0,0,0,0,1,0,2,0,1,0,0,0,0,0,0,0,1,0,0,3
"E24HA05-03","C24","Chinese","Genuine","Happy 5 CN",29,3.5,0.2216012,0.5717558,0.01114786,0.185813,0.00301493,0.005023645,0.01489173,0.006278059,0,0,0,0,1,0,2,0,1,0,0,0,0,0,0,0,2,0,0,3
"E24HA07-02","C24","Chinese","Genuine","Happy 7 CN",1,0,0.3756478,0.0922153,0.01891453,0.4228808,0.005096549,0.01695177,0.01430366,0.01102588,0,0,0,0,0,0,0,0,0,0,0,0,0,0,0,0,1,0,0,1
"E24HA07-02","C24","Chinese","Genuine","Happy 7 CN",2,0.125,0.3673871,0.1646608,0.01782579,0.3793244,0.005408193,0.01366424,0.01458923,0.009338083,0,0,0,0,0,0,1,0,0,0,0,0,0,0,0,0,1,0,0,1
"E24HA07-02","C24","Chinese","Genuine","Happy 7 CN",3,0.25,0.3186676,0.296621,0.01482974,0.3327612,0.005181622,0.01004027,0.01139615,0.008982696,0,0,0,0,0,0,1,0,0,0,0,0,0,0,0,0,1,0,0,1
"E24HA07-02","C24","Chinese","Genuine","Happy 7 CN",4,0.375,0.2634732,0.4286864,0.01196579,0.289098,0.004790145,0.007717388,0.008940228,0.007358979,0,0,0,0,0,0,1,0,0,0,0,0,0,0,0,0,1,0,0,1
"E24HA07-02","C24","Chinese","Genuine","Happy 7 CN",5,0.5,0.2165974,0.536944,0.01077092,0.222211,0.003842308,0.005858236,0.007715478,0.005060447,0,0,0,0,0,0,1,0,1,0,0,0,0,0,0,0,1,0,0,1
"E24HA07-02","C24","Chinese","Genuine","Happy 7 CN",6,0.625,0.1692866,0.6413108,0.01012251,0.1693336,0.002830751,0.004373119,0.00706483,0.003918995,0,0,0,0,0,0,1,0,1,0,0,0,0,0,0,0,1,0,0,1
"E24HA07-02","C24","Chinese","Genuine","Happy 7 CN",7,0.75,0.1335202,0.7191716,0.01054964,0.1377437,0.0020593,0.003267454,0.006021691,0.003205862,0,0,0,0,1,0,1,0,1,0,0,0,0,0,0,0,1,0,0,1
"E24HA07-02","C24","Chinese","Genuine","Happy 7 CN",8,0.875,0.1130774,0.7644174,0.01445334,0.1194806,0.001484963,0.002485104,0.006774325,0.003467121,0,0,0,0,1,0,1,0,2,0,0,0,0,0,0,0,1,0,0,2
"E24HA07-02","C24","Chinese","Genuine","Happy 7 CN",9,1,0.1001708,0.7932327,0.02113386,0.1081766,0.001133894,0.001916133,0.006866075,0.00338914,0,0,0,0,2,0,1,0,2,0,0,0,0,0,0,0,1,0,0,3
"E24HA07-02","C24","Chinese","Genuine","Happy 7 CN",10,1.125,0.09614491,0.8033192,0.02444815,0.1034212,0.000850543,0.001693374,0.006590107,0.002411352,0,0,0,0,3,0,1,0,3,0,0,0,0,0,0,0,1,0,0,3
"E24HA07-02","C24","Chinese","Genuine","Happy 7 CN",11,1.25,0.09603021,0.8049419,0.0362561,0.08685295,0.00062544,0.001460725,0.008576658,0.003491214,0,0,0,0,3,0,1,0,3,0,0,0,0,0,0,0,1,0,0,3
"E24HA07-02","C24","Chinese","Genuine","Happy 7 CN",12,1.375,0.09648103,0.8050045,0.05032293,0.0815499,0.000515241,0.001351898,0.008649311,0.003615334,0,0,0,0,3,0,1,0,3,0,0,0,0,0,0,0,2,0,0,3
"E24HA07-02","C24","Chinese","Genuine","Happy 7 CN",13,1.5,0.1104981,0.7776197,0.06446943,0.06843807,0.000441572,0.00135746,0.00921721,0.002971919,0,0,0,0,3,0,1,0,3,0,0,0,0,0,0,0,2,0,0,3
"E24HA07-02","C24","Chinese","Genuine","Happy 7 CN",14,1.625,0.1151552,0.7687525,0.06386037,0.06064426,0.000344096,0.001214258,0.009363594,0.003257701,0,0,0,0,3,0,2,0,3,0,0,0,0,0,0,0,2,0,0,4
"E24HA07-02","C24","Chinese","Genuine","Happy 7 CN",15,1.75,0.116373,0.7666151,0.05738084,0.05385809,0.000282513,0.001016864,0.008836203,0.003021472,0,0,0,0,3,0,2,0,3,0,0,0,0,0,0,0,2,0,0,4
"E24HA07-02","C24","Chinese","Genuine","Happy 7 CN",16,1.875,0.1290911,0.741384,0.05590829,0.04836256,0.00029459,0.001194058,0.01260209,0.002481401,0,0,0,0,3,0,2,0,3,0,0,0,0,0,0,0,2,0,0,4
"E24HA07-02","C24","Chinese","Genuine","Happy 7 CN",17,2,0.1381257,0.72346,0.0602841,0.04412188,0.00040974,0.002057753,0.01393136,0.002026521,0,0,0,0,3,0,2,0,3,0,0,0,0,0,0,0,2,0,0,4
"E24HA07-02","C24","Chinese","Genuine","Happy 7 CN",18,2.125,0.1416181,0.7165809,0.07083992,0.03656642,0.000456721,0.001742972,0.01731572,0.001668345,0,0,0,0,3,0,2,0,3,0,0,0,0,0,0,0,2,0,0,4
"E24HA07-02","C24","Chinese","Genuine","Happy 7 CN",19,2.25,0.1631526,0.6735793,0.06398437,0.03569615,0.000520199,0.001682828,0.01975123,0.001147248,0,0,0,0,3,0,2,0,2,0,0,0,0,0,0,0,2,0,0,4
"E24HA07-02","C24","Chinese","Genuine","Happy 7 CN",20,2.375,0.1717704,0.6563891,0.0643651,0.03269243,0.000491747,0.001632923,0.02152751,0.000788912,0,0,0,0,3,0,2,0,2,0,0,0,0,0,0,0,2,0,0,4
"E24HA07-02","C24","Chinese","Genuine","Happy 7 CN",21,2.5,0.2026501,0.5946662,0.1094797,0.02550849,0.000410511,0.001693501,0.02380085,0.00059536,0,0,0,0,3,0,2,0,2,0,0,0,0,0,0,0,2,0,0,4
"E24HA07-02","C24","Chinese","Genuine","Happy 7 CN",22,2.625,0.1851915,0.6296051,0.08783504,0.02587254,0.000338242,0.00160646,0.0211319,0.000413176,0,0,0,0,3,0,2,0,2,0,0,0,0,0,0,0,2,0,0,4
"E24HA07-02","C24","Chinese","Genuine","Happy 7 CN",23,2.75,0.1624676,0.6750689,0.06671137,0.03217483,0.00029043,0.00162609,0.01605967,0.000428547,0,0,0,0,3,0,2,0,2,0,0,0,0,0,0,0,2,0,0,4
"E24HA07-02","C24","Chinese","Genuine","Happy 7 CN",24,2.875,0.1451755,0.7096677,0.05191543,0.03425695,0.000289308,0.00155086,0.01290551,0.000447981,0,0,0,0,3,0,2,0,2,0,0,0,0,0,0,0,2,0,0,4
"E24HA07-02","C24","Chinese","Genuine","Happy 7 CN",25,3,0.1317296,0.7365916,0.03959909,0.03607284,0.000290469,0.001442726,0.01102207,0.000597616,0,0,0,0,3,0,2,0,2,0,0,0,0,0,0,0,2,0,0,4
"E24HA07-02","C24","Chinese","Genuine","Happy 7 CN",26,3.125,0.1360274,0.7280428,0.03109762,0.0452478,0.000310993,0.001755115,0.009467863,0.001185942,0,0,0,0,3,0,2,0,2,0,0,0,0,0,0,0,2,0,0,4
"E24HA07-02","C24","Chinese","Genuine","Happy 7 CN",27,3.25,0.122496,0.7551081,0.02768044,0.05012004,0.000314925,0.001946958,0.009496395,0.001122267,0,0,0,0,3,0,2,0,2,0,0,0,0,0,0,0,2,0,0,4
"E24HA07-02","C24","Chinese","Genuine","Happy 7 CN",28,3.375,0.1296971,0.7412281,0.02468194,0.0660423,0.000420291,0.002659957,0.009483466,0.001422509,0,0,0,0,3,0,2,0,2,0,0,0,0,0,0,0,2,0,0,4
"E24HA07-02","C24","Chinese","Genuine","Happy 7 CN",29,3.5,0.1612497,0.6828299,0.01823835,0.101959,0.000844628,0.005047617,0.01292288,0.001861885,0,0,0,0,3,0,2,0,1,0,0,0,0,0,0,0,2,0,0,3
"E24HA07-02","C24","Chinese","Genuine","Happy 7 CN",30,3.625,0.1686253,0.6675649,0.01446787,0.08465298,0.001042154,0.005070991,0.01788096,0.001571161,0,0,0,0,2,0,2,0,1,0,0,0,0,0,0,0,2,0,0,4
"E24HA07-02","C24","Chinese","Genuine","Happy 7 CN",31,3.75,0.1713912,0.6609746,0.02158972,0.06029461,0.001074313,0.004462571,0.02894549,0.001080419,0,0,0,0,2,0,2,0,1,0,0,0,0,0,0,0,2,0,0,4
"E24HA07-02","C24","Chinese","Genuine","Happy 7 CN",32,3.875,0.1801411,0.6456849,0.01749432,0.05203693,0.001321727,0.006567854,0.03465524,0.000742956,0,0,0,0,2,0,2,0,1,0,0,0,0,0,0,0,2,0,0,4
"E24HA07-02","C24","Chinese","Genuine","Happy 7 CN",33,4,0.1976754,0.6109029,0.01560364,0.04986531,0.001557139,0.008695304,0.0325604,0.001489699,0,0,0,0,2,0,2,0,1,0,0,0,0,0,0,0,2,0,0,4
"E24HA07-02","C24","Chinese","Genuine","Happy 7 CN",34,4.125,0.2195318,0.5671285,0.01535822,0.07952343,0.001915524,0.009049784,0.03245174,0.002685734,0,0,0,0,2,0,2,0,1,0,0,0,0,0,0,0,2,0,0,3
"E24HA07-02","C24","Chinese","Genuine","Happy 7 CN",35,4.25,0.2253888,0.5609913,0.01432628,0.08556838,0.002026068,0.007935637,0.02837334,0.003340579,0,0,0,0,1,0,2,0,0,0,0,0,0,0,0,0,2,0,0,3
"E24HA07-02","C24","Chinese","Genuine","Happy 7 CN",36,4.375,0.283437,0.4459205,0.05904442,0.06246315,0.004127925,0.006793739,0.04334304,0.00258769,0,0,0,0,1,0,2,0,0,0,0,0,0,0,0,0,2,0,0,4
"E24HA07-02","C24","Chinese","Genuine","Happy 7 CN",37,4.5,0.3140736,0.3863235,0.07213116,0.0493274,0.004152341,0.006176867,0.04578488,0.002842084,0,0,0,0,1,0,2,0,0,0,0,0,0,0,0,0,2,0,0,4
"E25HA03-01","C25","Chinese","Genuine","Happy 3 CN",1,0,0.2978834,0.000212487,0.4054785,0.08303086,0.000349082,0.003224853,0.08325015,0,0,0,0,0,0,0,0,0,0,0,0,0,0,0,1,0,0,0,0,5
"E25HA03-01","C25","Chinese","Genuine","Happy 3 CN",2,0.125,0.3131715,0.000455535,0.3750576,0.08579506,0.000309137,0.002316949,0.07550685,0,0,0,0,0,0,0,0,0,0,0,0,0,0,0,1,0,0,0,0,5
"E25HA03-01","C25","Chinese","Genuine","Happy 3 CN",3,0.25,0.3476984,0.00298101,0.278275,0.1106972,0.000552861,0.002340423,0.08394776,0,0,0,0,0,0,0,0,0,0,0,0,0,0,0,1,0,0,0,0,4
"E25HA03-01","C25","Chinese","Genuine","Happy 3 CN",4,0.375,0.3668737,0.01636644,0.2026544,0.1342747,0.000711443,0.002784525,0.09276551,0.000345082,0,0,0,0,0,0,0,0,0,0,0,0,0,0,1,0,0,0,0,4
"E25HA03-01","C25","Chinese","Genuine","Happy 3 CN",5,0.5,0.3483169,0.01964556,0.1535737,0.2134731,0.000829347,0.00283448,0.09844925,0.000262034,0,0,0,0,0,0,0,0,0,0,0,0,0,0,1,0,0,0,0,4
"E25HA03-01","C25","Chinese","Genuine","Happy 3 CN",6,0.625,0.3714598,0.03221284,0.1179846,0.1969868,0.000831581,0.002406795,0.08247399,0.001076448,0,0,0,0,0,0,0,0,0,0,0,0,0,0,1,0,0,0,0,3
"E25HA03-01","C25","Chinese","Genuine","Happy 3 CN",7,0.75,0.381259,0.06157868,0.09315783,0.1973485,0.000794627,0.003200587,0.07242316,0.002688916,0,0,0,0,0,0,0,0,0,0,0,0,0,0,1,0,0,0,0,3
"E25HA03-01","C25","Chinese","Genuine","Happy 3 CN",8,0.875,0.3899181,0.08958101,0.07890692,0.1938618,0.000821571,0.004044394,0.06693453,0.003763415,0,0,0,0,0,0,0,0,0,0,0,0,0,0,1,0,0,0,0,3
"E25HA03-01","C25","Chinese","Genuine","Happy 3 CN",9,1,0.3956863,0.1202404,0.07156655,0.1596824,0.000773666,0.004008386,0.06603228,0.005430073,0,0,0,0,0,0,0,0,0,0,0,0,0,0,1,0,0,0,0,3
"E25HA03-01","C25","Chinese","Genuine","Happy 3 CN",10,1.125,0.3775744,0.09515049,0.1511721,0.1153626,0.000608855,0.00475722,0.09386652,0.004924267,0,0,0,0,0,0,0,0,0,0,0,0,0,0,1,0,0,0,0,3
"E25HA03-01","C25","Chinese","Genuine","Happy 3 CN",11,1.25,0.398772,0.0776531,0.1237874,0.1145666,0.000600279,0.004358636,0.08700458,0.004023666,0,0,0,0,0,0,0,0,0,0,0,0,0,0,1,0,0,0,0,3
"E25HA03-01","C25","Chinese","Genuine","Happy 3 CN",12,1.375,0.4052529,0.08175527,0.09893726,0.129895,0.00054585,0.006033828,0.07641721,0.004116891,0,0,0,0,0,0,0,0,0,0,0,0,0,0,1,0,0,0,0,3
"E25HA03-01","C25","Chinese","Genuine","Happy 3 CN",13,1.5,0.4110634,0.07993919,0.08789755,0.1392938,0.000619241,0.007111649,0.06458934,0.005360538,0,0,0,0,0,0,0,0,0,0,0,0,0,0,1,0,0,0,0,3
"E25HA03-01","C25","Chinese","Genuine","Happy 3 CN",14,1.625,0.4106125,0.05930945,0.07543281,0.1581548,0.000672705,0.007324541,0.05145864,0.004722725,0,0,0,0,0,0,0,0,0,0,0,0,0,0,1,0,0,0,0,3
"E25HA03-01","C25","Chinese","Genuine","Happy 3 CN",15,1.75,0.399489,0.04571941,0.06216583,0.1919276,0.00072542,0.008786596,0.04072217,0.003740443,0,0,0,0,0,0,0,0,0,0,0,0,0,0,1,0,0,0,0,3
"E25HA03-01","C25","Chinese","Genuine","Happy 3 CN",16,1.875,0.4141331,0.04375832,0.08023416,0.1645942,0.000713177,0.01227635,0.049856,0.003964797,0,0,0,0,0,0,0,0,0,0,0,0,0,0,1,0,0,0,0,2
"E25HA03-01","C25","Chinese","Genuine","Happy 3 CN",17,2,0.423003,0.03273455,0.09281757,0.1451252,0.000817359,0.01756994,0.05363776,0.002766263,0,0,0,0,0,0,0,0,0,0,0,0,0,0,1,0,0,0,0,3
"E25HA03-01","C25","Chinese","Genuine","Happy 3 CN",18,2.125,0.4172316,0.02486744,0.1244836,0.1266862,0.000707101,0.01663388,0.05902486,0.002531355,0,0,0,0,0,0,0,0,0,0,0,0,0,0,1,0,0,0,0,3
"E25HA03-01","C25","Chinese","Genuine","Happy 3 CN",19,2.25,0.403371,0.02036546,0.1679785,0.118429,0.000693688,0.02291215,0.05656096,0.001995518,0,0,0,0,0,0,0,0,0,0,0,0,0,0,1,0,0,0,0,3
"E25HA03-01","C25","Chinese","Genuine","Happy 3 CN",20,2.375,0.3904399,0.01823718,0.2030957,0.1203614,0.000619859,0.02314007,0.05457946,0.001988311,0,0,0,0,0,0,0,0,0,0,0,0,0,0,1,0,0,0,0,3
"E25HA03-01","C25","Chinese","Genuine","Happy 3 CN",21,2.5,0.397889,0.0149455,0.1817196,0.1367538,0.000486554,0.01816212,0.06219101,0.002768727,0,0,0,0,0,0,0,0,0,0,0,0,0,0,1,0,0,0,0,4
"E25HA03-01","C25","Chinese","Genuine","Happy 3 CN",22,2.625,0.3852153,0.01252759,0.154472,0.1844258,0.000452655,0.01816314,0.05809714,0.004664645,0,0,0,0,0,0,0,0,0,0,0,0,0,0,1,0,0,0,0,3
"E25HA03-01","C25","Chinese","Genuine","Happy 3 CN",23,2.75,0.3795121,0.009960739,0.1378542,0.2108336,0.000399729,0.01795643,0.06020242,0.004682528,0,0,0,0,0,0,0,0,0,0,0,0,0,0,2,0,0,0,0,3
"E25HA03-01","C25","Chinese","Genuine","Happy 3 CN",24,2.875,0.3773783,0.008346186,0.129237,0.2251511,0.000367843,0.01605215,0.05684969,0.006026853,0,0,0,0,0,0,0,0,0,0,0,0,0,0,2,0,0,0,0,3
"E25HA03-01","C25","Chinese","Genuine","Happy 3 CN",25,3,0.3778769,0.007409817,0.1313836,0.2314441,0.000333199,0.01647573,0.0515378,0.006100524,0,0,0,0,0,0,0,0,0,0,0,0,0,0,2,0,0,0,0,3
"E25HA03-01","C25","Chinese","Genuine","Happy 3 CN",26,3.125,0.3493152,0.007275196,0.1075456,0.2931181,0.000274683,0.02147721,0.05533546,0.006571862,0,0,0,0,0,0,0,0,0,0,0,0,0,0,2,0,0,0,0,3
"E25HA03-01","C25","Chinese","Genuine","Happy 3 CN",27,3.25,0.3224779,0.006796964,0.08952424,0.3509932,0.00030327,0.03517108,0.05138646,0.005812823,0,0,0,0,0,0,0,0,0,0,0,0,0,0,2,0,0,0,0,2
"E25HA03-01","C25","Chinese","Genuine","Happy 3 CN",28,3.375,0.3163858,0.006068946,0.07750846,0.3657806,0.000364734,0.03718079,0.06179428,0.005529666,0,0,0,0,0,0,0,0,0,0,0,0,0,0,2,0,0,0,0,2
"E25HA03-01","C25","Chinese","Genuine","Happy 3 CN",29,3.5,0.2997684,0.005114886,0.07405661,0.4011024,0.000397914,0.03772126,0.06127007,0.004108082,0,0,0,0,0,0,0,0,0,0,0,0,0,0,2,0,0,0,0,2
"E25HA03-01","C25","Chinese","Genuine","Happy 3 CN",30,3.625,0.3005996,0.006434116,0.06744768,0.4008659,0.000479947,0.03872922,0.0570219,0.003827656,0,0,0,0,0,0,0,0,0,0,0,0,0,0,2,0,0,0,0,1
"E25HA03-01","C25","Chinese","Genuine","Happy 3 CN",31,3.75,0.2985513,0.005403229,0.06284751,0.4071621,0.000490758,0.04351711,0.05102444,0.002655419,0,0,0,0,0,0,0,0,0,0,0,0,0,0,2,0,0,0,0,1
"E25HA03-01","C25","Chinese","Genuine","Happy 3 CN",32,3.875,0.2858827,0.004768798,0.05955306,0.4329613,0.000460392,0.04695834,0.04797522,0.001826015,0,0,0,0,0,0,0,0,0,0,0,0,0,0,2,0,0,0,0,1
"E25HA03-01","C25","Chinese","Genuine","Happy 3 CN",33,4,0.2828942,0.004652275,0.06274491,0.4393271,0.000416701,0.04568082,0.04226351,0.00125567,0,0,0,0,0,0,0,0,0,0,0,0,0,0,2,0,0,0,0,1
"E25HA03-01","C25","Chinese","Genuine","Happy 3 CN",34,4.125,0.2891874,0.004049473,0.1667557,0.3241798,0.000364728,0.03387725,0.07488918,0.001608462,0,0,0,0,0,0,0,0,0,0,0,0,0,0,2,0,0,0,0,2
"E25HA03-01","C25","Chinese","Genuine","Happy 3 CN",35,4.25,0.3155323,0.003548375,0.1937499,0.2486425,0.000288639,0.02772988,0.1238578,0.002098078,0,0,0,0,0,0,0,0,0,0,0,0,0,0,2,0,0,0,0,3
"E25HA03-01","C25","Chinese","Genuine","Happy 3 CN",36,4.375,0.3421423,0.003629133,0.1955742,0.2232266,0.000251008,0.02518771,0.1098527,0.001519945,0,0,0,0,0,0,0,0,0,0,0,0,0,0,2,0,0,0,0,3
"E25HA03-01","C25","Chinese","Genuine","Happy 3 CN",37,4.5,0.3650662,0.00326329,0.1876358,0.1866305,0.000251371,0.02571336,0.1235508,0.001261036,0,0,0,0,0,0,0,0,0,0,0,0,0,0,2,0,0,0,0,3
"E25HA03-01","C25","Chinese","Genuine","Happy 3 CN",38,4.625,0.3796191,0.002887964,0.1845108,0.175804,0.000249157,0.0248655,0.1265967,0.001168173,0,0,0,0,0,0,0,0,0,0,0,0,0,0,2,0,0,0,0,4
"E25HA03-01","C25","Chinese","Genuine","Happy 3 CN",39,4.75,0.3849303,0.002835743,0.1846086,0.1857608,0.000230014,0.02593619,0.1256599,0.001570915,0,0,0,0,0,0,0,0,0,0,0,0,0,0,2,0,0,0,0,4
"E25HA03-01","C25","Chinese","Genuine","Happy 3 CN",40,4.875,0.3804212,0.003331605,0.1736357,0.2089535,0.000224546,0.02745087,0.1150746,0.002354128,0,0,0,0,0,0,0,0,0,0,0,0,0,0,2,0,0,0,0,4
"E25HA03-01","C25","Chinese","Genuine","Happy 3 CN",41,5,0.3744207,0.003114313,0.1738261,0.230669,0.00023408,0.02543334,0.114557,0.002153614,0,0,0,0,0,0,0,0,0,0,0,0,0,0,2,0,0,0,0,4
"E25HA03-01","C25","Chinese","Genuine","Happy 3 CN",42,5.125,0.3699323,0.003389974,0.178575,0.2463092,0.000217865,0.02346918,0.1063089,0.002346236,0,0,0,0,0,0,0,0,0,0,0,0,0,0,2,0,0,0,0,4
"E25HA03-01","C25","Chinese","Genuine","Happy 3 CN",43,5.25,0.3702203,0.002800904,0.1615005,0.2505748,0.000233531,0.03349802,0.09515617,0.002413158,0,0,0,0,0,0,0,0,0,0,0,0,0,0,2,0,0,0,0,3
"E25HA04-01","C25","Chinese","Genuine","Happy 4 CN",1,0,0.3611392,5.3353e-05,0.2742527,0.2813689,0.000239928,0.05738317,0.03362079,0.00165503,0,0,0,0,0,0,0,0,0,0,0,0,0,0,1,0,1,0,0,1
"E25HA04-01","C25","Chinese","Genuine","Happy 4 CN",2,0.125,0.3520405,0.000113168,0.2539654,0.2995354,0.000362307,0.05237716,0.03194261,0.001561656,0,0,0,0,0,0,0,0,0,0,0,0,0,0,1,0,1,0,0,1
"E25HA04-01","C25","Chinese","Genuine","Happy 4 CN",3,0.25,0.3189772,0.000227573,0.2206712,0.3661215,0.000477322,0.04896948,0.03116822,0.001073883,0,0,0,0,0,0,0,0,0,0,0,0,0,0,1,0,1,0,0,1
"E25HA04-01","C25","Chinese","Genuine","Happy 4 CN",4,0.375,0.2971235,0.000399834,0.2003831,0.4096742,0.000512635,0.04286685,0.03850768,0.001025782,0,0,0,0,0,0,0,0,0,0,0,0,0,0,1,0,1,0,0,1
"E25HA04-01","C25","Chinese","Genuine","Happy 4 CN",5,0.5,0.2817452,0.000473329,0.1850803,0.4413566,0.000659273,0.0331891,0.03426494,0.002092915,0,0,0,0,0,0,0,0,0,0,0,0,0,0,1,0,1,0,0,1
"E25HA04-01","C25","Chinese","Genuine","Happy 4 CN",6,0.625,0.2687269,0.000562922,0.1650901,0.4687828,0.000721018,0.02547414,0.03262227,0.002461614,0,0,0,0,0,0,0,0,0,0,0,0,0,0,1,0,1,0,0,1
"E25HA04-01","C25","Chinese","Genuine","Happy 4 CN",7,0.75,0.2995189,0.001112301,0.1568351,0.4072077,0.000739328,0.01972662,0.04352999,0.003781997,0,0,0,0,0,0,0,0,0,0,0,0,0,0,1,0,1,0,0,1
"E25HA04-01","C25","Chinese","Genuine","Happy 4 CN",8,0.875,0.329946,0.004660166,0.129568,0.3453082,0.000795434,0.02151791,0.06027182,0.003636812,0,0,0,0,0,0,0,0,0,0,0,0,0,0,1,0,0,0,0,1
"E25HA04-01","C25","Chinese","Genuine","Happy 4 CN",9,1,0.3519655,0.00631574,0.1203666,0.3004387,0.000678001,0.02020773,0.06792161,0.00290312,0,0,0,0,0,0,0,0,0,0,0,0,0,0,1,0,0,0,0,1
"E25HA04-01","C25","Chinese","Genuine","Happy 4 CN",10,1.125,0.3599117,0.006435101,0.1104289,0.2835241,0.000654786,0.02917567,0.07684339,0.001996348,0,0,0,0,0,0,0,0,0,0,0,0,0,0,1,0,0,0,0,2
"E25HA04-01","C25","Chinese","Genuine","Happy 4 CN",11,1.25,0.3741024,0.005683618,0.1040852,0.2542435,0.000647335,0.04090802,0.07806633,0.001838922,0,0,0,0,0,0,0,0,0,0,0,0,0,0,1,0,0,0,0,2
"E25HA04-01","C25","Chinese","Genuine","Happy 4 CN",12,1.375,0.3881366,0.006924472,0.09959593,0.2254715,0.000494907,0.0481003,0.08640312,0.002382982,0,0,0,0,0,0,0,0,0,0,0,0,0,0,1,0,1,0,0,3
"E25HA04-01","C25","Chinese","Genuine","Happy 4 CN",13,1.5,0.3719819,0.00909164,0.1709197,0.1664253,0.000415541,0.04231343,0.08121261,0.001673213,0,0,0,0,0,0,0,0,0,0,0,0,0,0,1,0,1,0,0,3
"E25HA04-01","C25","Chinese","Genuine","Happy 4 CN",14,1.625,0.3879325,0.009097032,0.1656835,0.1622107,0.000331325,0.03785843,0.09522153,0.002646898,0,0,0,0,0,0,0,0,0,0,0,0,0,0,1,0,1,0,0,3
"E25HA04-01","C25","Chinese","Genuine","Happy 4 CN",15,1.75,0.395096,0.008039275,0.1534756,0.1475079,0.000299359,0.03609354,0.121232,0.002054986,0,0,0,0,0,0,0,0,0,0,0,0,0,0,2,0,1,0,0,4
"E25HA04-01","C25","Chinese","Genuine","Happy 4 CN",16,1.875,0.4010528,0.006618141,0.1411349,0.1385904,0.000270568,0.03735188,0.1371215,0.001413123,0,0,0,0,0,0,0,0,0,0,0,0,0,0,2,0,1,0,0,4
"E25HA04-01","C25","Chinese","Genuine","Happy 4 CN",17,2,0.4064696,0.005908099,0.1202627,0.1463301,0.000260057,0.04132822,0.1341817,0.000971743,0,0,0,0,0,0,0,0,0,0,0,0,0,0,2,0,1,0,0,4
"E25HA04-01","C25","Chinese","Genuine","Happy 4 CN",18,2.125,0.4111635,0.006035698,0.103738,0.1497121,0.000272643,0.0458823,0.13404,0.000668225,0,0,0,0,0,0,0,0,0,0,0,0,0,0,2,0,1,0,0,4
"E25HA04-01","C25","Chinese","Genuine","Happy 4 CN",19,2.25,0.4055659,0.005864737,0.08993566,0.169688,0.000271277,0.04831424,0.1338514,0.000459509,0,0,0,0,0,0,0,0,0,0,0,0,0,0,2,0,1,0,0,4
"E25HA04-01","C25","Chinese","Genuine","Happy 4 CN",20,2.375,0.3969144,0.005200082,0.09119955,0.1930307,0.000264399,0.0540858,0.1374992,0.000315984,0,0,0,0,0,0,0,0,0,0,0,0,0,0,2,0,1,0,0,4
"E25HA04-01","C25","Chinese","Genuine","Happy 4 CN",21,2.5,0.3687741,0.009669393,0.1839389,0.1426356,0.000282241,0.04398274,0.1174993,0.000803974,0,0,0,0,0,0,0,0,0,0,0,0,0,0,2,0,1,0,0,4
"E25HA04-01","C25","Chinese","Genuine","Happy 4 CN",22,2.625,0.3740452,0.007309438,0.1672094,0.1695721,0.000223516,0.04307135,0.1391923,0.000552858,0,0,0,0,0,0,0,0,0,0,0,0,0,0,2,0,1,0,0,4
"E25HA04-01","C25","Chinese","Genuine","Happy 4 CN",23,2.75,0.3766648,0.006793456,0.1313653,0.1901128,0.000270219,0.04187436,0.1279031,0.000386944,0,0,0,0,0,0,0,0,0,0,0,0,0,0,2,0,1,0,0,4
"E25HA04-01","C25","Chinese","Genuine","Happy 4 CN",24,2.875,0.3731758,0.006735987,0.1002585,0.2150259,0.000333492,0.03302772,0.1103261,0.001238616,0,0,0,0,0,0,0,0,0,0,0,0,0,0,2,0,1,0,0,4
"E25HA04-01","C25","Chinese","Genuine","Happy 4 CN",25,3,0.3731543,0.01316293,0.07713503,0.2274238,0.000405385,0.02783367,0.09071799,0.004547638,0,0,0,0,0,0,0,0,0,0,0,0,0,0,2,0,1,0,0,3
"E25HA04-01","C25","Chinese","Genuine","Happy 4 CN",26,3.125,0.3806893,0.01828033,0.06557985,0.2211215,0.000498729,0.0218288,0.088571,0.005404982,0,0,0,0,0,0,0,0,0,0,0,0,0,0,2,0,0,0,0,3
"E25HA04-01","C25","Chinese","Genuine","Happy 4 CN",27,3.25,0.3837444,0.01704846,0.05909323,0.1923118,0.000456371,0.0171898,0.1294401,0.003765142,0,0,0,0,0,0,0,0,0,0,0,0,0,0,2,0,0,0,0,3
"E25HA04-01","C25","Chinese","Genuine","Happy 4 CN",28,3.375,0.3848053,0.01354911,0.06570846,0.2028991,0.000458104,0.02264136,0.1215537,0.002726383,0,0,0,0,0,0,0,0,0,0,0,0,0,0,2,0,0,0,0,3
"E25HA04-01","C25","Chinese","Genuine","Happy 4 CN",29,3.5,0.3821812,0.01043145,0.06016304,0.2168362,0.000473831,0.03979853,0.1164894,0.002592403,0,0,0,0,0,0,0,0,0,0,0,0,0,0,2,0,0,0,0,3
"E25HA04-01","C25","Chinese","Genuine","Happy 4 CN",30,3.625,0.3694264,0.00815529,0.05887891,0.2483439,0.000579909,0.0515556,0.104011,0.002988202,0,0,0,0,0,0,0,0,0,0,0,0,0,0,2,0,0,0,0,3
"E25HA04-01","C25","Chinese","Genuine","Happy 4 CN",31,3.75,0.368121,0.006613339,0.06198678,0.2550777,0.000654732,0.05633909,0.09358262,0.003090631,0,0,0,0,0,0,0,0,0,0,0,0,0,0,2,0,0,0,0,3
"E25HA04-01","C25","Chinese","Genuine","Happy 4 CN",32,3.875,0.3640544,0.005382114,0.05958987,0.2661509,0.000731394,0.06105088,0.08897688,0.003700477,0,0,0,0,0,0,0,0,0,0,0,0,0,0,2,0,0,0,0,3
"E25HA04-01","C25","Chinese","Genuine","Happy 4 CN",33,4,0.3613378,0.004385957,0.05883074,0.2735119,0.000712983,0.06873202,0.08672631,0.004534536,0,0,0,0,0,0,0,0,0,0,0,0,0,0,2,0,0,0,0,3
"E25HA04-01","C25","Chinese","Genuine","Happy 4 CN",34,4.125,0.368287,0.003803854,0.0576828,0.2609591,0.000671975,0.07187835,0.08151472,0.003118201,0,0,0,0,0,0,0,0,0,0,0,0,0,0,2,0,0,0,0,3
"E25HA04-01","C25","Chinese","Genuine","Happy 4 CN",35,4.25,0.3706359,0.003222985,0.06484185,0.2571791,0.000724351,0.07398207,0.08781417,0.002161568,0,0,0,0,0,0,0,0,0,0,0,0,0,0,2,0,0,0,0,3
"E25HA04-01","C25","Chinese","Genuine","Happy 4 CN",36,4.375,0.3736686,0.002958053,0.05985181,0.2518437,0.000807476,0.08592825,0.08897461,0.001486416,0,0,0,0,0,0,0,0,0,0,0,0,0,0,2,0,0,0,0,3
"E25HA04-01","C25","Chinese","Genuine","Happy 4 CN",37,4.5,0.3734692,0.002891561,0.05762902,0.25262,0.000776605,0.09480676,0.09154341,0.001022143,0,0,0,0,0,0,0,0,0,0,0,0,0,0,2,0,0,0,0,3
"E25HA04-01","C25","Chinese","Genuine","Happy 4 CN",38,4.625,0.3807274,0.00258868,0.05930167,0.2384269,0.000767298,0.1125695,0.09810939,0.000702883,0,0,0,0,0,0,0,0,0,0,0,0,0,0,2,0,1,0,0,3
"E25HA04-01","C25","Chinese","Genuine","Happy 4 CN",39,4.75,0.3886517,0.004360173,0.08623694,0.2227011,0.000701188,0.1031081,0.1056154,0.002331953,0,0,0,0,0,0,0,0,0,0,0,0,0,0,2,0,1,0,0,3
"E25HA04-01","C25","Chinese","Genuine","Happy 4 CN",40,4.875,0.3971575,0.005514481,0.1064414,0.2058211,0.000577834,0.08861114,0.1100452,0.003037693,0,0,0,0,0,0,0,0,0,0,0,0,0,0,2,0,1,0,0,3
"E25HA04-01","C25","Chinese","Genuine","Happy 4 CN",41,5,0.3977547,0.005893422,0.1365682,0.184194,0.000499744,0.07434176,0.1158815,0.003698347,0,0,0,0,0,0,0,0,0,0,0,0,0,0,2,0,1,0,0,3
"E25HA04-01","C25","Chinese","Genuine","Happy 4 CN",42,5.125,0.3948444,0.005902397,0.1637601,0.1704688,0.000423699,0.05989176,0.1259205,0.003695026,0,0,0,0,0,0,0,0,0,0,0,0,0,0,2,0,1,0,0,4
"E25HA04-01","C25","Chinese","Genuine","Happy 4 CN",43,5.25,0.3983837,0.005496551,0.1545188,0.1759238,0.000355787,0.0486712,0.1281928,0.002818167,0,0,0,0,0,0,0,0,0,0,0,0,0,0,2,0,1,0,0,4
"E25HA04-01","C25","Chinese","Genuine","Happy 4 CN",44,5.375,0.3961707,0.004952583,0.1453082,0.1889146,0.000287603,0.05350729,0.1352636,0.002571271,0,0,0,0,0,0,0,0,0,0,0,0,0,0,2,0,1,0,0,4
"E25HA04-01","C25","Chinese","Genuine","Happy 4 CN",45,5.5,0.4045157,0.004570071,0.1300121,0.1782356,0.000309538,0.05865869,0.1333688,0.00176815,0,0,0,0,0,0,0,0,0,0,0,0,0,0,2,0,1,0,0,4
"E25HA04-01","C25","Chinese","Genuine","Happy 4 CN",46,5.625,0.4063421,0.003838497,0.1196461,0.1786611,0.000321583,0.06032431,0.1474269,0.002214736,0,0,0,0,0,0,0,0,0,0,0,0,0,0,2,0,1,0,0,4
"E25HA04-01","C25","Chinese","Genuine","Happy 4 CN",47,5.75,0.3997363,0.003143025,0.1185961,0.1946288,0.000280571,0.05100859,0.1500738,0.002809729,0,0,0,0,0,0,0,0,0,0,0,0,0,0,2,0,0,0,0,4
"E25HA04-01","C25","Chinese","Genuine","Happy 4 CN",48,5.875,0.3993466,0.003392771,0.1026378,0.1967181,0.000288368,0.04143255,0.1667116,0.002484383,0,0,0,0,0,0,0,0,0,0,0,0,0,0,2,0,0,0,0,4
"E25HA04-01","C25","Chinese","Genuine","Happy 4 CN",49,6,0.4016094,0.003670731,0.09750268,0.1937499,0.000309408,0.03431904,0.1702023,0.001840731,0,0,0,0,0,0,0,0,0,0,0,0,0,0,2,0,0,0,0,4
"E25HA04-01","C25","Chinese","Genuine","Happy 4 CN",50,6.125,0.3903763,0.003449945,0.09039661,0.1751954,0.000261726,0.02768241,0.2010255,0.001397701,0,0,0,0,0,0,0,0,0,0,0,0,0,0,2,0,0,0,0,4
"E25HA04-01","C25","Chinese","Genuine","Happy 4 CN",51,6.25,0.3795167,0.003072041,0.09444306,0.2107386,0.000256822,0.02979427,0.1982517,0.000961138,0,0,0,0,0,0,0,0,0,0,0,0,0,0,2,0,0,0,0,4
"E25HA04-01","C25","Chinese","Genuine","Happy 4 CN",52,6.375,0.3877008,0.003119566,0.09299509,0.2038852,0.000263952,0.03285702,0.1924365,0.002694605,0,0,0,0,0,0,0,0,0,0,0,0,0,0,2,0,0,0,0,4
"E25HA04-01","C25","Chinese","Genuine","Happy 4 CN",53,6.5,0.3874302,0.003394085,0.09045011,0.2109502,0.000263099,0.04575159,0.1785222,0.00286181,0,0,0,0,0,0,0,0,0,0,0,0,0,0,2,0,0,0,0,4
"E25HA04-01","C25","Chinese","Genuine","Happy 4 CN",54,6.625,0.3857786,0.00376016,0.08692008,0.2187447,0.000266044,0.06839342,0.1643703,0.001967941,0,0,0,0,0,0,0,0,0,0,0,0,0,0,2,0,1,0,0,4
"E25HA04-01","C25","Chinese","Genuine","Happy 4 CN",55,6.75,0.3963335,0.003997965,0.08805797,0.2007481,0.000274679,0.07604933,0.1613051,0.001353267,0,0,0,0,0,0,0,0,0,0,0,0,0,0,2,0,1,0,0,4
"E25HA04-01","C25","Chinese","Genuine","Happy 4 CN",56,6.875,0.3931707,0.005061493,0.08872535,0.2091673,0.000252607,0.07307886,0.1453666,0.000930582,0,0,0,0,0,0,0,0,0,0,0,0,0,0,2,0,1,0,0,4
"E25HA04-01","C25","Chinese","Genuine","Happy 4 CN",57,7,0.3879991,0.004550283,0.08143835,0.2209684,0.000366317,0.07516943,0.1371994,0.00063992,0,0,0,0,0,0,0,0,0,0,0,0,0,0,2,0,1,0,0,4
"E25HA04-01","C25","Chinese","Genuine","Happy 4 CN",58,7.125,0.3831696,0.004262754,0.07794543,0.231656,0.000351425,0.08350182,0.1447423,0.000460393,0,0,0,0,0,0,0,0,0,0,0,0,0,0,2,0,1,0,0,4
"E25HA04-01","C25","Chinese","Genuine","Happy 4 CN",59,7.25,0.3738482,0.003883187,0.08174667,0.2509724,0.000317286,0.08396086,0.1461506,0.000316592,0,0,0,0,0,0,0,0,0,0,0,0,0,0,2,0,1,0,0,4
"E25HA04-01","C25","Chinese","Genuine","Happy 4 CN",60,7.375,0.3522741,0.009846588,0.1785885,0.1862644,0.000320806,0.06649716,0.127924,0.000377324,0,0,0,0,0,0,0,0,0,0,0,0,0,0,2,0,1,0,0,4
"E25HA04-01","C25","Chinese","Genuine","Happy 4 CN",61,7.5,0.3691841,0.01102123,0.1741548,0.1865976,0.000262372,0.04997529,0.1207181,0.001155291,0,0,0,0,0,0,0,0,0,0,0,0,0,0,1,0,1,0,0,4
"E25HA04-01","C25","Chinese","Genuine","Happy 4 CN",62,7.625,0.3854794,0.01060613,0.1536608,0.1774698,0.000218341,0.03786385,0.1247251,0.001270532,0,0,0,0,0,0,0,0,0,0,0,0,0,0,2,0,1,0,0,4
"E25HA04-01","C25","Chinese","Genuine","Happy 4 CN",63,7.75,0.3954217,0.009657492,0.1552697,0.1544158,0.000186079,0.0356781,0.1374557,0.001059817,0,0,0,0,0,0,0,0,0,0,0,0,0,0,2,0,1,0,0,4
"E25HA04-01","C25","Chinese","Genuine","Happy 4 CN",64,7.875,0.3913456,0.009247561,0.1465667,0.1372567,0.000169109,0.03415618,0.1680481,0.000995092,0,0,0,0,0,0,0,0,0,0,0,0,0,0,2,0,1,0,0,4
"E25HA04-01","C25","Chinese","Genuine","Happy 4 CN",65,8,0.3511275,0.01376135,0.2495649,0.09845237,0.000177995,0.02638369,0.1397796,0.002246408,0,0,0,0,0,0,0,0,0,0,0,0,0,0,1,0,1,0,0,4
"E25HA04-01","C25","Chinese","Genuine","Happy 4 CN",66,8.125,0.3459761,0.01339869,0.2750778,0.08019155,0.000148677,0.02016368,0.1246581,0.0019305,0,0,0,0,0,0,0,0,0,0,0,0,0,0,2,0,0,0,0,4
"E25HA04-01","C25","Chinese","Genuine","Happy 4 CN",67,8.25,0.3548294,0.01253409,0.2678612,0.07001203,0.000127637,0.01700529,0.1335935,0.002600144,0,0,0,0,0,0,0,0,0,0,0,0,0,0,2,0,0,0,0,4
"E25HA04-01","C25","Chinese","Genuine","Happy 4 CN",68,8.375,0.3631056,0.009959242,0.2294684,0.07291458,0.000121469,0.01271436,0.1660868,0.002219454,0,0,0,0,0,0,0,0,0,0,0,0,0,0,2,0,0,0,0,4
"E25HA04-01","C25","Chinese","Genuine","Happy 4 CN",69,8.5,0.3742354,0.01094529,0.2013571,0.08780874,9.5593e-05,0.009172525,0.1775429,0.003063997,0,0,0,0,0,0,0,0,0,0,0,0,0,0,2,0,0,0,0,4
"E25HA04-01","C25","Chinese","Genuine","Happy 4 CN",70,8.625,0.3846847,0.009163775,0.1772503,0.1106452,9.083e-05,0.006868843,0.179919,0.004539586,0,0,0,0,0,0,0,0,0,0,0,0,0,0,2,0,0,0,0,5
"E25HA04-01","C25","Chinese","Genuine","Happy 4 CN",71,8.75,0.3949944,0.008299991,0.1699705,0.1187633,8.8231e-05,0.005529581,0.1753567,0.004352992,0,0,0,0,0,0,0,0,0,0,0,0,0,0,2,0,0,0,0,5
"E25HA04-01","C25","Chinese","Genuine","Happy 4 CN",72,8.875,0.3972558,0.01162599,0.1521323,0.1309545,0.000100322,0.004224836,0.1817776,0.004558897,0,0,0,0,0,0,0,0,0,0,0,0,0,0,2,0,0,0,0,5
"E25HA04-01","C25","Chinese","Genuine","Happy 4 CN",73,9,0.3460396,0.02319382,0.2720713,0.09366874,0.000105914,0.00371735,0.1680005,0.006386252,0,0,0,0,0,0,0,0,0,0,0,0,0,0,1,0,0,0,0,5
"E25HA04-01","C25","Chinese","Genuine","Happy 4 CN",74,9.125,0.3605819,0.02010739,0.2483345,0.07775284,0.000102614,0.004299367,0.1828969,0.004391544,0,0,0,0,0,0,0,0,0,0,0,0,0,0,1,0,0,0,0,5
"E25HA04-01","C25","Chinese","Genuine","Happy 4 CN",75,9.25,0.3689796,0.01532029,0.2267691,0.0782351,8.4359e-05,0.004130113,0.1961881,0.003623349,0,0,0,0,0,0,0,0,0,0,0,0,0,0,2,0,0,0,0,5
"E25HA04-01","C25","Chinese","Genuine","Happy 4 CN",76,9.375,0.37633,0.01327622,0.1908237,0.0897985,8.0037e-05,0.003769148,0.2021977,0.002941387,0,0,0,0,0,0,0,0,0,0,0,0,0,0,2,0,0,0,0,5
"E25HA04-01","C25","Chinese","Genuine","Happy 4 CN",77,9.5,0.3804552,0.01591061,0.1569432,0.1174545,0.000105158,0.003173678,0.2081383,0.002840917,0,0,0,0,0,0,0,0,0,0,0,0,0,0,2,0,0,0,0,5
"E25HA04-01","C25","Chinese","Genuine","Happy 4 CN",78,9.625,0.3802422,0.0133802,0.133848,0.1560669,0.000104619,0.00336706,0.2164408,0.003595198,0,0,0,0,0,0,0,0,0,0,0,0,0,0,2,0,0,0,0,5
"E25HA04-01","C25","Chinese","Genuine","Happy 4 CN",79,9.75,0.3867006,0.01116877,0.1310618,0.1643595,9.6358e-05,0.00456985,0.2109176,0.003649544,0,0,0,0,0,0,0,0,0,0,0,0,0,0,2,0,0,0,0,5
"E25HA04-01","C25","Chinese","Genuine","Happy 4 CN",80,9.875,0.3962713,0.01106478,0.1406513,0.1594032,0.00011027,0.004965166,0.1969901,0.004070649,0,0,0,0,0,0,0,0,0,0,0,0,0,0,2,0,0,0,0,4
"E25HA04-01","C25","Chinese","Genuine","Happy 4 CN",81,10,0.3967478,0.009276703,0.1498522,0.1462218,9.76e-05,0.005538957,0.1995221,0.004049461,0,0,0,0,0,0,0,0,0,0,0,0,0,0,2,0,0,0,0,4
"E25HA04-01","C25","Chinese","Genuine","Happy 4 CN",82,10.125,0.4006343,0.007742506,0.143631,0.1368153,0.000120946,0.006529073,0.1941567,0.004455172,0,0,0,0,0,0,0,0,0,0,0,0,0,0,2,0,0,0,0,4
"E25HA04-01","C25","Chinese","Genuine","Happy 4 CN",83,10.25,0.4003732,0.007433848,0.1389602,0.1420012,0.000131823,0.006583693,0.1964078,0.004507551,0,0,0,0,0,0,0,0,0,0,0,0,0,0,2,0,0,0,0,4
"E25HA04-01","C25","Chinese","Genuine","Happy 4 CN",84,10.375,0.4010846,0.007385319,0.1362241,0.138896,0.000134992,0.007327613,0.1961771,0.004984959,0,0,0,0,0,0,0,0,0,0,0,0,0,0,2,0,0,0,0,4
"E25HA04-01","C25","Chinese","Genuine","Happy 4 CN",85,10.5,0.3993887,0.007572831,0.1317081,0.1509709,0.000110847,0.006537536,0.200345,0.003614692,0,0,0,0,0,0,0,0,0,0,0,0,0,0,2,0,0,0,0,4
"E25HA04-01","C25","Chinese","Genuine","Happy 4 CN",86,10.625,0.3808206,0.01036296,0.1108865,0.2040449,0.00013418,0.006141624,0.1840152,0.002485665,0,0,0,0,0,0,0,0,0,0,0,0,0,0,2,0,0,0,0,4
"E25HA04-01","C25","Chinese","Genuine","Happy 4 CN",87,10.75,0.3548497,0.0102869,0.1014946,0.2668384,0.000157515,0.005926484,0.1842222,0.001739979,0,0,0,0,0,0,0,0,0,0,0,0,0,0,2,0,0,0,0,4
"E25HA04-04","C25","Chinese","Genuine","Happy 4 CN",1,0,0.3879049,0.000549183,0.1498002,0.07440226,0.00013137,0.02451577,0.2244478,7.4489e-05,0,0,0,0,0,0,0,0,0,0,0,0,0,0,1,0,0,0,0,5
"E25HA04-04","C25","Chinese","Genuine","Happy 4 CN",2,0.125,0.3821118,0.000971335,0.1362968,0.08656055,0.000136767,0.02606058,0.2360908,0.000101208,0,0,0,0,0,0,0,0,0,0,0,0,0,0,1,0,0,0,0,5
"E25HA04-04","C25","Chinese","Genuine","Happy 4 CN",3,0.25,0.347694,0.002269832,0.237518,0.06600273,0.00012725,0.02009038,0.1949099,0.000205096,0,0,0,0,0,0,0,0,0,0,0,0,0,0,1,0,0,0,0,5
"E25HA04-04","C25","Chinese","Genuine","Happy 4 CN",4,0.375,0.3598034,0.002688179,0.2029127,0.07004578,9.763e-05,0.0168782,0.2050452,0.000141036,0,0,0,0,0,0,0,0,0,0,0,0,0,0,1,0,0,0,0,5
"E25HA04-04","C25","Chinese","Genuine","Happy 4 CN",5,0.5,0.3733481,0.004846442,0.1652741,0.1063602,9.603e-05,0.01344278,0.2016506,0.000914781,0,0,0,0,0,0,0,0,0,0,0,0,0,0,1,0,0,0,0,5
"E25HA04-04","C25","Chinese","Genuine","Happy 4 CN",6,0.625,0.3765929,0.004323881,0.1323944,0.1460155,9.0685e-05,0.01117666,0.1868402,0.001455455,0,0,0,0,0,0,0,0,0,0,0,0,0,0,1,0,0,0,0,5
"E25HA04-04","C25","Chinese","Genuine","Happy 4 CN",7,0.75,0.3780245,0.005186026,0.1135316,0.1510043,8.3771e-05,0.008751301,0.2027855,0.001799075,0,0,1,0,0,0,0,0,0,0,0,0,0,0,1,0,0,0,0,5
"E25HA04-04","C25","Chinese","Genuine","Happy 4 CN",8,0.875,0.3888728,0.007369771,0.0916179,0.1528826,0.000164838,0.01318246,0.1940985,0.001407431,0,0,0,0,0,0,0,0,0,0,0,0,0,0,2,0,0,0,0,5
"E25HA04-04","C25","Chinese","Genuine","Happy 4 CN",9,1,0.3967614,0.009197667,0.08127822,0.1588616,0.00016163,0.01541482,0.179458,0.001965055,0,0,0,0,0,0,0,0,0,0,0,0,0,0,2,0,0,0,0,4
"E25HA04-04","C25","Chinese","Genuine","Happy 4 CN",10,1.125,0.3978671,0.009174461,0.07726765,0.1622401,0.000170004,0.0161564,0.1859069,0.001463035,0,0,0,0,0,0,0,0,0,0,0,0,0,0,2,0,0,0,0,4
"E25HA04-04","C25","Chinese","Genuine","Happy 4 CN",11,1.25,0.3973055,0.008576129,0.08037256,0.1590255,0.000139209,0.02046046,0.1928222,0.001694651,0,0,0,0,0,0,0,0,0,0,0,0,0,0,2,0,0,0,0,4
"E25HA04-04","C25","Chinese","Genuine","Happy 4 CN",12,1.375,0.3921051,0.008824424,0.08067788,0.1571251,0.00012398,0.02184135,0.2072335,0.001165337,0,0,0,0,0,0,0,0,0,0,0,0,0,0,2,0,0,0,0,4
"E25HA04-04","C25","Chinese","Genuine","Happy 4 CN",13,1.5,0.3874347,0.007680167,0.08242541,0.1513247,0.000107211,0.02340051,0.2192888,0.001067832,0,0,0,0,0,0,0,0,0,0,0,0,0,0,1,0,0,0,0,5
"E25HA04-04","C25","Chinese","Genuine","Happy 4 CN",14,1.625,0.3797285,0.00593901,0.08286236,0.1693759,8.8718e-05,0.0271493,0.2366194,0.000900044,0,0,1,0,0,0,0,0,0,0,0,0,0,0,1,0,0,0,0,5
"E25HA04-04","C25","Chinese","Genuine","Happy 4 CN",15,1.75,0.3899686,0.006142627,0.09307452,0.164148,9.9232e-05,0.0407938,0.2177134,0.001025062,0,0,0,0,0,0,0,0,0,0,0,0,0,0,1,0,0,0,0,4
"E25HA04-04","C25","Chinese","Genuine","Happy 4 CN",16,1.875,0.3907011,0.005565777,0.1187343,0.1506076,0.000121258,0.04508514,0.2172555,0.001328157,0,0,0,0,0,0,0,0,0,0,0,0,0,0,1,0,0,0,0,4
"E25HA04-04","C25","Chinese","Genuine","Happy 4 CN",17,2,0.3956388,0.00566813,0.1242885,0.1589144,0.000131098,0.03656901,0.20802,0.001489647,0,0,0,0,0,0,0,0,0,0,0,0,0,0,1,0,0,0,0,4
"E25HA04-04","C25","Chinese","Genuine","Happy 4 CN",18,2.125,0.3929667,0.005654714,0.1135547,0.180062,0.000206001,0.03188813,0.1826209,0.002761588,0,0,0,0,0,0,0,0,0,0,0,0,0,0,1,0,0,0,0,4
"E25HA04-04","C25","Chinese","Genuine","Happy 4 CN",19,2.25,0.4029844,0.005543285,0.106522,0.1708042,0.000281934,0.0315765,0.1716215,0.001998705,0,0,0,0,0,0,0,0,0,0,0,0,0,0,1,0,0,0,0,4
"E25HA04-04","C25","Chinese","Genuine","Happy 4 CN",20,2.375,0.3898526,0.004733373,0.1319109,0.1386566,0.000214839,0.02627425,0.2049272,0.001563231,0,0,1,0,0,0,0,0,0,0,0,0,0,0,1,0,0,0,0,4
"E25HA04-04","C25","Chinese","Genuine","Happy 4 CN",21,2.5,0.3882613,0.005278347,0.14128,0.140418,0.000190749,0.03067372,0.2130652,0.001074965,0,0,0,0,0,0,0,0,0,0,0,0,0,0,1,0,0,0,0,4
"E25HA04-04","C25","Chinese","Genuine","Happy 4 CN",22,2.625,0.3854908,0.004273898,0.1382137,0.1417267,0.000224249,0.03426347,0.221949,0.001273302,0,0,0,0,0,0,0,0,0,0,0,0,0,0,1,0,0,0,0,4
"E25HA04-04","C25","Chinese","Genuine","Happy 4 CN",23,2.75,0.3900767,0.0048235,0.1173582,0.1599363,0.000249671,0.03596933,0.2089904,0.001591078,0,0,0,0,0,0,0,0,0,0,0,0,0,0,1,0,0,0,0,4
"E25HA04-04","C25","Chinese","Genuine","Happy 4 CN",24,2.875,0.3935747,0.004938044,0.09026898,0.1718258,0.000319263,0.05173144,0.1990433,0.001203077,0,0,0,0,0,0,0,0,0,0,0,0,0,0,1,0,0,0,0,4
"E25HA04-04","C25","Chinese","Genuine","Happy 4 CN",25,3,0.3968492,0.00417483,0.08398896,0.1782205,0.000324282,0.05693727,0.1906519,0.001053703,0,0,0,0,0,0,0,0,0,0,0,0,0,0,1,0,0,0,0,4
"E25HA04-04","C25","Chinese","Genuine","Happy 4 CN",26,3.125,0.3976546,0.004242376,0.07349648,0.169404,0.000356483,0.06624521,0.1940826,0.001146473,0,0,0,0,0,0,0,0,0,0,0,0,0,0,1,0,0,0,0,4
"E25HA04-04","C25","Chinese","Genuine","Happy 4 CN",27,3.25,0.3850977,0.003701703,0.0824777,0.2056932,0.000345146,0.05759412,0.1902549,0.000912576,0,0,0,0,0,0,0,0,0,0,0,0,0,0,2,0,0,0,0,4
"E25HA04-04","C25","Chinese","Genuine","Happy 4 CN",28,3.375,0.3781787,0.002884428,0.0863982,0.227206,0.000334665,0.07509053,0.1920004,0.000663919,0,0,0,0,0,0,0,0,0,0,0,0,0,0,2,0,0,0,0,4
"E25HA04-04","C25","Chinese","Genuine","Happy 4 CN",29,3.5,0.3831664,0.002812722,0.08298523,0.222675,0.000462064,0.09214175,0.1916869,0.001162868,0,0,0,0,0,0,0,0,0,0,0,0,0,0,2,0,0,0,0,3
"E25HA04-04","C25","Chinese","Genuine","Happy 4 CN",30,3.625,0.3857274,0.002556838,0.08725858,0.2212448,0.000468021,0.1038346,0.1961827,0.000961129,0,0,0,0,0,0,0,0,0,0,0,0,0,0,2,0,0,0,0,3
"E25HA04-04","C25","Chinese","Genuine","Happy 4 CN",31,3.75,0.3834216,0.001997701,0.0934338,0.2282384,0.000403326,0.09090315,0.1971223,0.000660926,0,0,0,0,0,0,0,0,0,0,0,0,0,0,2,0,0,0,0,3
"E25HA04-04","C25","Chinese","Genuine","Happy 4 CN",32,3.875,0.3816727,0.001757276,0.1058132,0.2253354,0.000363196,0.07908694,0.2119839,0.00045449,0,0,0,0,0,0,0,0,0,0,0,0,0,0,2,0,0,0,0,3
"E25HA04-04","C25","Chinese","Genuine","Happy 4 CN",33,4,0.3811859,0.001510057,0.1084872,0.2129872,0.000330036,0.08080313,0.2207904,0.000312533,0,0,0,0,0,0,0,0,0,0,0,0,0,0,2,0,0,0,0,3
"E25HA04-04","C25","Chinese","Genuine","Happy 4 CN",34,4.125,0.3760788,0.001320019,0.1090894,0.2180374,0.000322427,0.08918158,0.2365104,0.000536008,0,0,0,0,0,0,0,0,0,0,0,0,0,0,2,0,0,0,0,3
"E25HA04-04","C25","Chinese","Genuine","Happy 4 CN",35,4.25,0.3749434,0.001211647,0.1195574,0.2177145,0.0003346,0.09083584,0.2424554,0.000368589,0,0,0,0,0,0,0,0,0,0,0,0,0,0,2,0,1,0,0,4
"E25HA04-04","C25","Chinese","Genuine","Happy 4 CN",36,4.375,0.3778892,0.000945339,0.1195145,0.2166021,0.000330229,0.09737164,0.2390343,0.000253462,0,0,1,0,0,0,0,0,0,0,0,0,0,0,2,0,1,0,0,3
"E25HA04-04","C25","Chinese","Genuine","Happy 4 CN",37,4.5,0.3783098,0.000851518,0.1267161,0.2245045,0.000375207,0.09398971,0.2344946,0.000174295,0,0,1,0,0,0,0,0,0,0,0,0,0,0,2,0,1,0,0,3
"E25HA04-04","C25","Chinese","Genuine","Happy 4 CN",38,4.625,0.3701767,0.000727937,0.1288171,0.2468028,0.000348479,0.09360573,0.2158527,0.000119855,0,0,1,0,0,0,0,0,0,0,0,0,0,0,2,0,1,0,0,3
"E25HA06-02","C25","Chinese","Genuine","Happy 6 CN",1,0,0.2634478,0.00085199,0.08939061,0.4736757,0.000151834,0.02015442,0.07634929,0,0,0,1,0,0,0,0,0,0,0,0,0,0,0,0,0,0,0,0,2
"E25HA06-02","C25","Chinese","Genuine","Happy 6 CN",2,0.125,0.2884877,0.000943148,0.1602026,0.3428057,0.000149682,0.02183253,0.1002253,0.000527918,0,0,1,0,0,0,0,0,0,0,0,0,0,0,0,0,0,0,0,3
"E25HA06-02","C25","Chinese","Genuine","Happy 6 CN",3,0.25,0.3091722,0.001192566,0.136758,0.2946752,0.000123358,0.01915249,0.1598337,0.000809933,0,0,1,0,0,0,0,0,0,0,0,0,0,0,0,0,0,0,0,3
"E25HA06-02","C25","Chinese","Genuine","Happy 6 CN",4,0.375,0.3034599,0.001448078,0.109273,0.3334459,0.000124172,0.02268283,0.1618941,0.000556955,0,0,1,0,0,0,0,0,0,0,0,0,0,0,1,0,0,0,0,3
"E25HA06-02","C25","Chinese","Genuine","Happy 6 CN",5,0.5,0.3130571,0.001620745,0.09764039,0.3338405,0.000205763,0.02238503,0.1586502,0.001062868,0,0,1,0,0,0,0,0,0,0,0,0,0,0,1,0,0,0,0,3
"E25HA06-02","C25","Chinese","Genuine","Happy 6 CN",6,0.625,0.3248453,0.00189793,0.08375334,0.3231584,0.000261046,0.02176503,0.1545241,0.001102049,0,0,1,0,0,0,0,0,0,0,0,0,0,0,1,0,0,0,0,4
"E25HA06-02","C25","Chinese","Genuine","Happy 6 CN",7,0.75,0.3369094,0.003538474,0.07820083,0.3076426,0.000259466,0.01998896,0.1435763,0.000856516,0,0,1,0,0,0,0,0,0,0,0,0,0,0,1,0,0,0,0,4
"E25HA06-02","C25","Chinese","Genuine","Happy 6 CN",8,0.875,0.3525733,0.006137516,0.06565216,0.2823664,0.000291228,0.0206443,0.1285391,0.000588988,0,0,1,0,0,0,0,0,0,0,0,0,0,0,1,0,0,0,0,4
"E25HA06-02","C25","Chinese","Genuine","Happy 6 CN",9,1,0.3706988,0.01290052,0.05352963,0.2504176,0.000368716,0.01936136,0.126485,0.002620372,0,0,1,0,0,0,0,0,0,0,0,0,0,0,2,0,0,0,0,4
"E25HA06-02","C25","Chinese","Genuine","Happy 6 CN",10,1.125,0.3830442,0.01839247,0.09340461,0.1832552,0.000339866,0.0165372,0.116694,0.002099253,0,0,1,0,0,0,0,0,0,0,0,0,0,0,1,0,0,0,0,4
"E25HA06-02","C25","Chinese","Genuine","Happy 6 CN",11,1.25,0.3942317,0.02706462,0.1169589,0.1362142,0.000272161,0.01770226,0.0996528,0.001849356,0,0,1,0,0,0,0,0,0,0,0,0,0,0,1,0,0,0,0,4
"E25HA06-02","C25","Chinese","Genuine","Happy 6 CN",12,1.375,0.4070252,0.0344169,0.1178888,0.106275,0.000237979,0.01429314,0.1091954,0.00241657,0,0,1,0,0,0,0,0,0,0,0,0,0,0,1,0,0,0,0,4
"E25HA06-02","C25","Chinese","Genuine","Happy 6 CN",13,1.5,0.4161898,0.06355737,0.1043569,0.08327588,0.000192583,0.009937221,0.1087681,0.00182742,0,0,1,0,0,0,0,0,0,0,0,0,0,0,1,0,0,0,0,4
"E25HA06-02","C25","Chinese","Genuine","Happy 6 CN",14,1.625,0.4048128,0.1190181,0.08603134,0.06468144,0.000167808,0.007151818,0.1120686,0.001420086,0,0,1,0,1,0,0,0,0,0,0,0,0,0,1,0,0,0,0,4
"E25HA06-02","C25","Chinese","Genuine","Happy 6 CN",15,1.75,0.3886925,0.1737755,0.06888034,0.05437554,0.000201828,0.005199861,0.1204946,0.001169584,0,0,0,0,1,0,0,0,0,0,0,0,0,0,1,0,0,0,0,4
"E25HA06-02","C25","Chinese","Genuine","Happy 6 CN",16,1.875,0.3777714,0.2109706,0.05916329,0.05188604,0.000187201,0.003795015,0.1002691,0.001417758,0,0,0,0,1,0,0,0,1,0,0,0,0,0,2,0,0,0,0,4
"E25HA06-02","C25","Chinese","Genuine","Happy 6 CN",17,2,0.3811256,0.2147815,0.05901687,0.04172986,0.000200946,0.002703087,0.1063372,0.00097493,0,0,0,0,1,0,0,0,1,0,0,0,0,0,2,0,0,0,0,4
"E25HA06-02","C25","Chinese","Genuine","Happy 6 CN",18,2.125,0.3857543,0.1718209,0.0844484,0.03924046,0.000222088,0.002014299,0.1382545,0.000670416,0,0,0,0,1,0,0,0,1,0,0,0,0,0,1,0,0,0,0,4
"E25HA06-02","C25","Chinese","Genuine","Happy 6 CN",19,2.25,0.4056002,0.1438763,0.08394128,0.04702252,0.000232025,0.002161851,0.1267986,0.000844274,0,0,0,0,1,0,0,0,1,0,0,0,0,0,1,0,0,0,0,4
"E25HA06-02","C25","Chinese","Genuine","Happy 6 CN",20,2.375,0.4183323,0.1159063,0.07266197,0.0539576,0.000190489,0.003158277,0.1207238,0.000742199,0,0,0,0,1,0,0,0,0,0,0,0,0,0,2,0,0,0,0,5
"E25HA06-02","C25","Chinese","Genuine","Happy 6 CN",21,2.5,0.4295522,0.1066512,0.0733529,0.06106347,0.000232908,0.005484961,0.1116417,0.000535367,0,0,0,0,1,0,0,0,0,0,0,0,0,0,1,0,0,0,0,5
"E25HA06-02","C25","Chinese","Genuine","Happy 6 CN",22,2.625,0.4258772,0.09302473,0.1020784,0.04707083,0.000379271,0.007494934,0.1081085,0.003524302,0,0,0,0,1,0,0,0,0,0,0,0,0,0,1,0,0,0,0,5
"E25HA06-02","C25","Chinese","Genuine","Happy 6 CN",23,2.75,0.4339401,0.08278867,0.08773914,0.0492055,0.000300213,0.006133859,0.1045904,0.004321391,0,0,0,0,1,0,0,0,0,0,0,0,0,0,1,0,0,0,0,5
"E25HA06-02","C25","Chinese","Genuine","Happy 6 CN",24,2.875,0.4351453,0.09225719,0.06776712,0.07273887,0.000240559,0.005538664,0.1053675,0.006004308,0,0,0,0,1,0,0,0,0,0,0,0,0,0,1,0,0,0,0,5
"E25HA06-02","C25","Chinese","Genuine","Happy 6 CN",25,3,0.4267438,0.0797189,0.06764106,0.1073831,0.000208888,0.005861061,0.1100797,0.007395612,0,0,0,0,1,0,0,0,0,0,0,0,0,0,1,0,0,0,0,5
"E25HA06-02","C25","Chinese","Genuine","Happy 6 CN",26,3.125,0.4244035,0.07664485,0.06380263,0.12432,0.000252638,0.007047603,0.1128981,0.006044356,0,0,0,0,1,0,0,0,0,0,0,0,0,0,1,0,0,0,0,4
"E25HA06-02","C25","Chinese","Genuine","Happy 6 CN",27,3.25,0.4273412,0.08147487,0.06948251,0.1009159,0.000293484,0.006971071,0.1190746,0.005182896,0,0,0,0,1,0,0,0,0,0,0,0,0,0,1,0,0,0,0,5
"E25HA06-02","C25","Chinese","Genuine","Happy 6 CN",28,3.375,0.4164742,0.08133602,0.1151073,0.074071,0.000549212,0.005200944,0.1494296,0.004808235,0,0,0,0,1,0,0,0,0,0,0,0,0,0,1,0,0,0,0,5
"E25HA06-02","C25","Chinese","Genuine","Happy 6 CN",29,3.5,0.3906016,0.07342431,0.1199598,0.05820928,0.000476536,0.00376898,0.2069716,0.004357308,0,0,0,0,1,0,0,0,0,0,0,0,0,0,1,0,0,0,0,5
"E25HA06-02","C25","Chinese","Genuine","Happy 6 CN",30,3.625,0.3930483,0.1003904,0.1077068,0.05951964,0.000445235,0.003099687,0.2066897,0.003830677,0,0,0,0,1,0,0,0,0,0,0,0,0,0,2,0,0,0,0,5
"E25HA06-02","C25","Chinese","Genuine","Happy 6 CN",31,3.75,0.3902199,0.09048337,0.08412266,0.1001325,0.000430906,0.003234865,0.2150715,0.005986774,0,0,0,0,1,0,0,0,0,0,0,0,0,0,2,0,0,0,0,5
"E25HA06-02","C25","Chinese","Genuine","Happy 6 CN",32,3.875,0.3812349,0.07387044,0.078707,0.1030715,0.000322892,0.002859473,0.2345078,0.004968978,0,0,0,0,1,0,0,0,0,0,0,1,0,0,2,0,0,0,0,5
"E25HA06-02","C25","Chinese","Genuine","Happy 6 CN",33,4,0.3812352,0.05928417,0.07682691,0.1197976,0.000261373,0.003612105,0.2355296,0.004526339,0,0,0,0,1,0,0,0,0,0,0,1,0,0,2,0,0,0,0,5
"E25HA06-02","C25","Chinese","Genuine","Happy 6 CN",34,4.125,0.372228,0.04711365,0.06812529,0.1746678,0.00021171,0.004186158,0.2174382,0.007126575,0,0,0,0,1,0,0,0,0,0,0,1,0,0,2,0,0,0,0,4
"E25HA06-02","C25","Chinese","Genuine","Happy 6 CN",35,4.25,0.359163,0.04191334,0.05702066,0.2264291,0.00020401,0.005427721,0.1817704,0.01330875,0,0,0,0,1,0,0,0,0,0,0,1,0,0,2,0,0,0,0,4
"E25HA06-02","C25","Chinese","Genuine","Happy 6 CN",36,4.375,0.373197,0.03789062,0.08786569,0.1731237,0.000220987,0.005275475,0.1852975,0.01040174,0,0,0,0,1,0,0,0,0,0,0,1,0,0,2,0,0,0,0,4
"E25HA06-02","C25","Chinese","Genuine","Happy 6 CN",37,4.5,0.3779294,0.03397069,0.08933754,0.1550698,0.000185055,0.004979845,0.1973672,0.009085253,0,0,0,0,0,0,0,0,0,0,0,1,0,0,2,0,0,0,0,4
"E25HA06-02","C25","Chinese","Genuine","Happy 6 CN",38,4.625,0.3725282,0.02760769,0.08602068,0.1502876,0.000143322,0.004581578,0.2228197,0.008334049,0,0,0,0,0,0,0,0,0,0,0,1,0,0,2,0,0,0,0,4
"E25HA06-02","C25","Chinese","Genuine","Happy 6 CN",39,4.75,0.3682173,0.02480606,0.07639893,0.191693,0.000124041,0.004695895,0.2267579,0.009168186,0,0,0,0,0,0,0,0,0,0,0,1,0,0,2,0,0,0,0,4
"E25HA06-02","C25","Chinese","Genuine","Happy 6 CN",40,4.875,0.3661723,0.02255839,0.07105512,0.1964489,0.000108366,0.005166166,0.2424305,0.007494416,0,0,0,0,0,0,0,0,0,0,0,1,0,0,2,0,0,0,0,4
"E25HA06-02","C25","Chinese","Genuine","Happy 6 CN",41,5,0.3649554,0.02034295,0.07198185,0.1938757,0.000111427,0.005423199,0.2528597,0.008385417,0,0,0,0,0,0,0,0,0,0,0,1,0,0,2,0,0,0,0,5
"E25HA06-02","C25","Chinese","Genuine","Happy 6 CN",42,5.125,0.3613424,0.01816367,0.05928712,0.2251174,0.000118243,0.005068373,0.2307624,0.009721034,0,0,0,0,0,0,0,0,0,0,0,1,0,0,2,0,0,0,0,4
"E25HA06-02","C25","Chinese","Genuine","Happy 6 CN",43,5.25,0.3537062,0.01552484,0.05045288,0.2569999,0.000126019,0.006730219,0.2151735,0.009807617,0,0,0,0,0,0,0,0,0,0,0,1,0,0,2,0,0,0,0,4
"E25HA06-02","C25","Chinese","Genuine","Happy 6 CN",44,5.375,0.3540421,0.01400058,0.04614882,0.2677572,0.000133107,0.007255989,0.2219415,0.009973127,0,0,0,0,0,0,0,0,0,0,0,1,0,0,2,0,0,0,0,4
"E25HA06-02","C25","Chinese","Genuine","Happy 6 CN",45,5.5,0.3594521,0.01465712,0.04146761,0.2649956,0.0001345,0.007446252,0.2157187,0.0102845,0,0,0,0,0,0,0,0,0,0,0,1,0,0,2,0,0,0,0,4
"E25HA07-01","C25","Chinese","Genuine","Happy 7 CN",1,0,0.2490781,5.3035e-05,0.2969765,0.5113573,0.000773102,0.02661816,0.009580519,0,0,0,0,0,0,0,0,0,0,0,0,0,0,0,1,0,0,0,0,0
"E25HA07-01","C25","Chinese","Genuine","Happy 7 CN",2,0.125,0.219836,8.4498e-05,0.2423351,0.5695307,0.001007025,0.02056264,0.008595066,0,0,0,0,0,0,0,0,0,0,0,0,0,0,0,1,0,0,0,0,0
"E25HA07-01","C25","Chinese","Genuine","Happy 7 CN",3,0.25,0.2143237,0.000176222,0.3530232,0.4025764,0.000907652,0.01571744,0.02162192,0.000281364,0,0,0,0,0,0,0,0,0,0,0,0,0,0,1,0,0,0,0,2
"E25HA07-01","C25","Chinese","Genuine","Happy 7 CN",4,0.375,0.2561511,0.000182155,0.3400101,0.3438367,0.00078148,0.01144949,0.02754453,0.000377005,0,0,0,0,0,0,0,0,0,0,0,0,0,0,1,0,0,0,0,2
"E25HA07-01","C25","Chinese","Genuine","Happy 7 CN",5,0.5,0.2662358,0.000777438,0.2642839,0.372105,0.001274288,0.009210384,0.02709122,0.001140894,0,0,0,0,0,0,0,0,0,0,0,0,0,0,1,0,0,0,0,2
"E25HA07-01","C25","Chinese","Genuine","Happy 7 CN",6,0.625,0.2331166,0.005046632,0.192621,0.4697382,0.002799903,0.00747671,0.02021401,0.001195083,0,0,0,0,0,0,0,0,0,0,0,0,0,0,1,0,0,0,0,2
"E25HA07-01","C25","Chinese","Genuine","Happy 7 CN",7,0.75,0.2410534,0.01616446,0.1428109,0.4753568,0.003019162,0.006362193,0.01701537,0.003843678,0,0,0,0,0,0,0,0,0,0,0,0,0,0,1,0,0,0,0,2
"E25HA07-01","C25","Chinese","Genuine","Happy 7 CN",8,0.875,0.2540224,0.01905562,0.1067074,0.4640183,0.00281925,0.005390076,0.01890346,0.003518496,0,0,0,0,0,0,0,0,0,0,0,0,0,0,1,0,0,0,0,1
"E25HA07-01","C25","Chinese","Genuine","Happy 7 CN",9,1,0.2968623,0.02680698,0.08815825,0.3879478,0.002266269,0.006337808,0.01771308,0.004019415,0,0,0,0,0,0,0,0,0,0,0,0,0,0,1,0,0,0,0,1
"E25HA07-01","C25","Chinese","Genuine","Happy 7 CN",10,1.125,0.3230255,0.03415259,0.07252311,0.3419095,0.002092973,0.005453628,0.01930163,0.006152067,0,0,0,0,0,0,0,0,0,0,0,0,0,0,1,0,0,0,0,1
"E25HA07-01","C25","Chinese","Genuine","Happy 7 CN",11,1.25,0.3242764,0.05756182,0.05567617,0.3434187,0.001911134,0.006839702,0.01507398,0.006360329,0,0,0,0,0,0,0,0,0,0,0,0,0,0,1,0,0,0,0,1
"E25HA07-01","C25","Chinese","Genuine","Happy 7 CN",12,1.375,0.3492706,0.06840657,0.04849681,0.2965909,0.001922036,0.006687427,0.01495598,0.008110669,0,0,0,0,0,0,0,0,0,0,0,0,0,0,1,0,0,0,0,1
"E25HA07-01","C25","Chinese","Genuine","Happy 7 CN",13,1.5,0.3704374,0.0764313,0.03969199,0.2559265,0.001605887,0.007420721,0.01904942,0.009406867,0,0,0,0,0,0,0,0,1,0,0,0,0,0,1,0,0,0,0,2
"E25HA07-01","C25","Chinese","Genuine","Happy 7 CN",14,1.625,0.387685,0.07855082,0.03226566,0.2224747,0.001229255,0.009736502,0.01892694,0.008253014,0,0,0,0,0,0,0,0,1,0,0,0,0,0,1,0,0,0,0,2
"E25HA07-01","C25","Chinese","Genuine","Happy 7 CN",15,1.75,0.3837844,0.07098738,0.02864242,0.2310717,0.001021557,0.01138641,0.01846085,0.01068697,0,0,0,0,0,0,0,0,1,0,0,0,0,0,2,0,0,0,0,2
"E25HA07-01","C25","Chinese","Genuine","Happy 7 CN",16,1.875,0.3763135,0.05678952,0.02710799,0.2467507,0.000822437,0.01417296,0.01971491,0.01133263,0,0,0,0,0,0,0,0,1,0,0,0,0,0,2,0,0,0,0,2
"E25HA07-01","C25","Chinese","Genuine","Happy 7 CN",17,2,0.3774417,0.05685199,0.02602114,0.2448975,0.000770453,0.01727803,0.0173452,0.009230811,0,0,0,0,0,0,0,0,1,0,0,0,0,0,2,0,0,0,0,2
"E25HA07-01","C25","Chinese","Genuine","Happy 7 CN",18,2.125,0.3871343,0.06179748,0.02410811,0.2258155,0.000685711,0.01560969,0.01710702,0.00738222,0,0,0,0,0,0,0,0,1,0,0,0,0,0,2,0,0,0,0,2
"E25HA07-01","C25","Chinese","Genuine","Happy 7 CN",19,2.25,0.3695036,0.07575639,0.1225474,0.1637335,0.000750532,0.01761016,0.03048836,0.005270081,0,0,0,0,0,0,0,0,1,0,0,0,0,0,1,0,0,0,0,3
"E25HA07-01","C25","Chinese","Genuine","Happy 7 CN",20,2.375,0.397162,0.06435188,0.1075252,0.1390951,0.0006794,0.01490187,0.03427355,0.005718718,0,0,0,0,0,0,0,0,0,0,0,0,0,0,1,0,0,0,0,3
"E25HA07-01","C25","Chinese","Genuine","Happy 7 CN",21,2.5,0.3999344,0.0621474,0.08339986,0.1547381,0.000689139,0.01440525,0.03182667,0.008011208,0,0,0,0,0,0,0,0,0,0,0,0,0,0,1,0,0,0,0,3
"E25HA07-01","C25","Chinese","Genuine","Happy 7 CN",22,2.625,0.4080443,0.06487878,0.06418887,0.1533612,0.000867719,0.01541622,0.02550075,0.008702456,0,0,0,0,0,0,0,0,1,0,0,0,0,0,1,0,0,0,0,3
"E25HA07-01","C25","Chinese","Genuine","Happy 7 CN",23,2.75,0.4033465,0.06586237,0.05301861,0.1729624,0.000973753,0.01804754,0.02125773,0.008914079,0,0,0,0,0,0,0,0,0,0,0,0,0,0,1,0,0,0,0,2
"E25HA07-01","C25","Chinese","Genuine","Happy 7 CN",24,2.875,0.3952083,0.05881153,0.0441701,0.1966482,0.001199006,0.01887246,0.01912409,0.01041671,0,0,0,0,0,0,0,0,0,0,0,0,0,0,1,0,0,0,0,2
"E25HA07-01","C25","Chinese","Genuine","Happy 7 CN",25,3,0.3933469,0.05680983,0.03827533,0.2056161,0.001560933,0.01930211,0.01696308,0.01115468,0,0,0,0,0,0,0,0,0,0,0,0,0,0,1,0,0,0,0,2
"E25HA07-01","C25","Chinese","Genuine","Happy 7 CN",26,3.125,0.3889241,0.05649059,0.03377165,0.2177887,0.001946729,0.01886976,0.01664606,0.009751724,0,0,0,0,0,0,0,0,0,0,0,0,0,0,1,0,0,0,0,2
"E25HA07-01","C25","Chinese","Genuine","Happy 7 CN",27,3.25,0.3882849,0.05924962,0.02987752,0.2229139,0.002488563,0.02168632,0.01534383,0.009195094,0,0,0,0,0,0,0,0,0,0,0,0,0,0,1,0,0,0,0,1
"E25HA07-01","C25","Chinese","Genuine","Happy 7 CN",28,3.375,0.3948372,0.07171096,0.03052342,0.2109311,0.002289647,0.02119497,0.01441459,0.008326246,0,0,0,0,0,0,0,0,0,0,0,0,0,0,2,0,0,0,0,1
"E25HA07-01","C25","Chinese","Genuine","Happy 7 CN",29,3.5,0.3921689,0.07032627,0.03691987,0.2170124,0.002097556,0.0206583,0.01529679,0.005725594,0,0,0,0,0,0,0,0,0,0,0,0,0,0,2,0,0,0,0,1
"E25HA07-01","C25","Chinese","Genuine","Happy 7 CN",30,3.625,0.3672788,0.06159403,0.0429844,0.2676202,0.001750402,0.01865291,0.01704287,0.005415612,0,0,0,0,0,0,0,0,0,0,0,0,0,0,2,0,0,0,0,1
"E25HA07-01","C25","Chinese","Genuine","Happy 7 CN",31,3.75,0.3644879,0.05753456,0.04372931,0.2744189,0.001492136,0.01697287,0.02026209,0.003724079,0,0,0,0,0,0,0,0,0,0,0,0,0,0,2,0,0,0,0,1
"E25HA07-01","C25","Chinese","Genuine","Happy 7 CN",32,3.875,0.3546219,0.05562243,0.04464719,0.2944636,0.001320312,0.01567995,0.02058594,0.005557653,0,0,0,0,0,0,0,0,0,0,0,0,0,0,2,0,0,0,0,1
"E25HA07-01","C25","Chinese","Genuine","Happy 7 CN",33,4,0.3385857,0.05831935,0.04711559,0.3263418,0.001241174,0.01551205,0.01926565,0.007388426,0,0,0,0,0,0,0,0,0,0,0,0,0,0,2,0,0,0,0,1
"E25HA07-01","C25","Chinese","Genuine","Happy 7 CN",34,4.125,0.3350078,0.059273,0.05115859,0.3335797,0.001145402,0.01625178,0.0187915,0.00855729,0,0,0,0,0,0,0,0,0,0,0,0,0,0,2,0,0,0,0,1
"E25HA07-01","C25","Chinese","Genuine","Happy 7 CN",35,4.25,0.3283871,0.05139937,0.05372312,0.3474256,0.001143586,0.01793359,0.01909412,0.009552862,0,0,0,0,0,0,0,0,0,0,0,0,0,0,2,0,0,0,0,1
"E25HA07-01","C25","Chinese","Genuine","Happy 7 CN",36,4.375,0.2993492,0.04562877,0.2036031,0.2416459,0.001014623,0.01439228,0.04254206,0.006886854,0,0,0,0,0,0,0,0,0,0,0,0,0,0,1,0,0,0,0,2
"E25HA07-01","C25","Chinese","Genuine","Happy 7 CN",37,4.5,0.3147439,0.0387865,0.2350069,0.1839875,0.000821778,0.01149092,0.05616259,0.007762631,0,0,0,0,0,0,0,0,0,0,0,0,0,0,1,0,0,0,0,3
"E25HA07-01","C25","Chinese","Genuine","Happy 7 CN",38,4.625,0.3437759,0.03334777,0.2046048,0.1856332,0.000872311,0.01069282,0.05032106,0.009694029,0,0,0,0,0,0,0,0,0,0,0,0,0,0,1,0,0,0,0,3
"E25HA07-01","C25","Chinese","Genuine","Happy 7 CN",39,4.75,0.348159,0.0302249,0.1775924,0.2176557,0.000816743,0.008975063,0.04470279,0.009867051,0,0,0,0,0,0,0,0,0,0,0,0,0,0,1,0,0,0,0,3
"E25HA07-01","C25","Chinese","Genuine","Happy 7 CN",40,4.875,0.3494055,0.02965074,0.1540336,0.2425973,0.000762904,0.01013887,0.04104741,0.006991238,0,0,0,0,0,0,0,0,0,0,0,0,0,0,1,0,0,0,0,3
"E25HA07-01","C25","Chinese","Genuine","Happy 7 CN",41,5,0.3397343,0.03082379,0.1348422,0.2818412,0.000870085,0.01221848,0.03712637,0.004875407,0,0,0,0,0,0,0,0,0,0,0,0,0,0,2,0,0,0,0,2
"E25HA07-01","C25","Chinese","Genuine","Happy 7 CN",42,5.125,0.3336139,0.03341489,0.1243581,0.3076432,0.000973514,0.01280877,0.03388377,0.006048578,0,0,0,0,0,0,0,0,0,0,0,0,0,0,2,0,0,0,0,2
"E25HA07-01","C25","Chinese","Genuine","Happy 7 CN",43,5.25,0.3355542,0.031438,0.116168,0.312696,0.000924643,0.01390438,0.032915,0.006729063,0,0,0,0,0,0,0,0,0,0,0,0,0,0,2,0,0,0,0,2
"E25HA07-01","C25","Chinese","Genuine","Happy 7 CN",44,5.375,0.3377515,0.02729793,0.1171902,0.31478,0.000993908,0.0144428,0.03065208,0.007212523,0,0,0,0,0,0,0,0,0,0,0,0,0,0,2,0,0,0,0,2
"E25HA07-01","C25","Chinese","Genuine","Happy 7 CN",45,5.5,0.3455542,0.02243316,0.1290998,0.3038701,0.00093195,0.01433315,0.03237823,0.009667495,0,0,0,0,0,0,0,0,0,0,0,0,0,0,2,0,0,0,0,2
"E25HA07-01","C25","Chinese","Genuine","Happy 7 CN",46,5.625,0.3490362,0.02040094,0.1330696,0.3008322,0.001160903,0.01876283,0.03065686,0.01049187,0,0,0,0,0,0,0,0,0,0,0,0,0,0,2,0,0,0,0,2
"E25HA07-01","C25","Chinese","Genuine","Happy 7 CN",47,5.75,0.3655878,0.01817183,0.1500363,0.273559,0.001457303,0.01962706,0.02986566,0.01273872,0,0,0,0,0,0,0,0,0,0,0,0,0,0,2,0,0,0,0,1
"E25HA07-01","C25","Chinese","Genuine","Happy 7 CN",48,5.875,0.380787,0.01892084,0.1654077,0.2396469,0.002162127,0.01920493,0.02543966,0.01289856,0,0,0,0,0,0,0,0,0,0,0,0,0,0,1,0,0,0,0,1
"E25HA07-01","C25","Chinese","Genuine","Happy 7 CN",49,6,0.3885046,0.01734155,0.1825552,0.2094532,0.00243006,0.01694748,0.0234326,0.01403407,0,0,0,0,0,0,0,0,0,0,0,0,0,0,1,0,0,0,0,1
"E25HA07-01","C25","Chinese","Genuine","Happy 7 CN",50,6.125,0.39801,0.01337376,0.1859939,0.1920121,0.002418577,0.01724479,0.02117932,0.01259767,0,0,0,0,0,0,0,0,0,0,0,0,0,0,1,0,0,0,0,1
"E25HA07-01","C25","Chinese","Genuine","Happy 7 CN",51,6.25,0.3976406,0.009720924,0.1967651,0.2051296,0.002759162,0.01867341,0.01731239,0.009062563,0,0,0,0,0,0,0,0,0,0,0,0,0,0,1,0,0,0,0,1
"E25HA07-01","C25","Chinese","Genuine","Happy 7 CN",52,6.375,0.4087679,0.0070277,0.1949366,0.1939733,0.003370462,0.02078184,0.01374732,0.006231926,0,0,0,0,0,0,0,0,0,0,0,0,0,0,1,0,0,0,0,1
"E25HA07-01","C25","Chinese","Genuine","Happy 7 CN",53,6.5,0.3970523,0.004973544,0.2232481,0.1926927,0.003110469,0.02430226,0.01305533,0.005053421,0,0,0,0,0,0,0,0,0,0,0,0,0,0,1,0,0,0,0,1
"E25SA07-03","C25","Chinese",,"Happy 7 CN",1,0,0.2843787,0.000125145,0.08687285,0.4315808,0.000272073,0.0825887,0.05965905,0.001087813,0,0,0,0,0,0,0,0,0,0,0,0,0,0,2,0,1,0,0,0
"E25SA07-03","C25","Chinese",,"Happy 7 CN",2,0.125,0.2935527,0.000138391,0.07709809,0.4132389,0.000244591,0.08668958,0.06526349,0.000748041,0,0,0,0,0,0,0,0,0,0,0,0,0,0,2,0,1,0,0,1
"E25SA07-03","C25","Chinese",,"Happy 7 CN",3,0.25,0.2712776,0.000188842,0.06991954,0.4579394,0.000212608,0.0748696,0.06478617,0.000514395,0,0,1,0,0,0,0,0,0,0,0,0,0,0,2,0,1,0,0,1
"E25SA07-03","C25","Chinese",,"Happy 7 CN",4,0.375,0.2741659,0.007333439,0.05627147,0.4522263,0.000260157,0.05874979,0.05466759,0.003347043,0,0,1,0,0,0,0,0,0,0,0,0,0,0,2,0,1,0,0,1
"E25SA07-03","C25","Chinese",,"Happy 7 CN",5,0.5,0.3192275,0.04601094,0.06364448,0.3619862,0.000268232,0.04695262,0.05342554,0.002468037,0,0,0,0,0,0,0,0,0,0,0,0,0,0,1,0,1,0,0,2
"E25SA07-03","C25","Chinese",,"Happy 7 CN",6,0.625,0.3477297,0.05301777,0.0502549,0.3048719,0.00022299,0.03715146,0.05598884,0.002170548,0,0,0,0,0,0,0,0,0,0,0,0,0,0,2,0,1,0,0,3
"E25SA07-03","C25","Chinese",,"Happy 7 CN",7,0.75,0.365977,0.05816586,0.03725887,0.2682831,0.000167243,0.02897326,0.05524048,0.001807086,0,0,0,0,1,0,0,0,0,0,0,0,0,0,2,0,1,0,0,3
"E25SA07-03","C25","Chinese",,"Happy 7 CN",8,0.875,0.3828785,0.05796635,0.02743993,0.2344347,0.000140402,0.02264154,0.0509149,0.001623848,0,0,0,0,1,0,0,0,0,0,0,0,0,0,2,0,1,0,0,3
"E25SA07-03","C25","Chinese",,"Happy 7 CN",9,1,0.3944594,0.06207978,0.02133077,0.2112207,0.000119593,0.0170373,0.04517731,0.002278331,0,0,0,0,1,0,0,0,0,0,0,0,0,0,2,0,1,0,0,3
"E25SA07-03","C25","Chinese",,"Happy 7 CN",10,1.125,0.4050863,0.06019229,0.01636808,0.1899262,9.8397e-05,0.01304533,0.04336647,0.001909625,0,0,0,0,1,0,0,0,0,0,0,0,0,0,2,0,1,0,0,3
"E25SA07-03","C25","Chinese",,"Happy 7 CN",11,1.25,0.3928375,0.1253473,0.03119846,0.136075,0.000323098,0.009864909,0.04333983,0.001597505,0,0,0,0,1,0,0,0,0,0,0,0,0,0,1,0,2,0,0,4
"E25SA07-03","C25","Chinese",,"Happy 7 CN",12,1.375,0.3880222,0.1627708,0.02467637,0.1183705,0.000245406,0.007445176,0.03814141,0.001605626,0,0,0,0,1,0,0,0,1,0,0,0,0,0,1,0,2,0,0,4
"E25SA07-03","C25","Chinese",,"Happy 7 CN",13,1.5,0.3895291,0.1788697,0.01874574,0.09727604,0.000178472,0.005631834,0.03613143,0.001188965,0,0,0,0,1,0,0,0,1,0,0,0,0,0,1,0,2,0,0,4
"E25SA07-03","C25","Chinese",,"Happy 7 CN",14,1.625,0.399462,0.1721462,0.01560578,0.09363966,0.000137557,0.004757519,0.03622584,0.001005416,0,0,0,0,2,0,0,0,1,0,0,0,0,0,1,0,2,0,0,4
"E25SA07-03","C25","Chinese",,"Happy 7 CN",15,1.75,0.3933342,0.1934388,0.01327573,0.08206171,0.000121921,0.004167519,0.03143008,0.001342044,0,0,0,0,2,0,0,0,1,0,0,0,0,0,1,0,2,0,0,4
"E25SA07-03","C25","Chinese",,"Happy 7 CN",16,1.875,0.3822501,0.2218217,0.01089645,0.08148763,9.9165e-05,0.003286916,0.03090327,0.0012037,0,0,0,0,2,0,0,0,1,0,0,0,0,0,1,0,2,0,0,4
"E25SA07-03","C25","Chinese",,"Happy 7 CN",17,2,0.3882358,0.2141241,0.00931809,0.08510816,8.4791e-05,0.002916252,0.03692485,0.001223985,0,0,0,0,2,0,0,0,1,0,0,0,0,0,0,0,2,0,0,4
"E25SA07-03","C25","Chinese",,"Happy 7 CN",18,2.125,0.389661,0.2142122,0.008801452,0.07510789,7.2583e-05,0.002600837,0.04486743,0.001467825,0,0,0,0,2,0,0,0,1,0,0,0,0,0,0,0,3,0,0,4
"E25SA07-03","C25","Chinese",,"Happy 7 CN",19,2.25,0.3814783,0.2325976,0.007849041,0.08294255,5.5348e-05,0.002311801,0.03879968,0.001385893,0,0,0,0,2,0,0,0,1,0,0,0,0,0,0,0,3,0,0,4
"E25SA07-03","C25","Chinese",,"Happy 7 CN",20,2.375,0.3877107,0.2215224,0.007070455,0.08615053,4.469e-05,0.001985622,0.03533413,0.001068242,0,0,0,0,2,0,0,0,1,0,0,0,0,0,0,0,3,0,0,4
"E25SA07-03","C25","Chinese",,"Happy 7 CN",21,2.5,0.383652,0.2306194,0.01365957,0.0712493,8.6733e-05,0.002197959,0.04558309,0.001014753,0,0,0,0,2,0,0,0,1,0,0,0,0,0,0,0,3,0,0,4
"E25SA07-03","C25","Chinese",,"Happy 7 CN",22,2.625,0.3949715,0.2086385,0.01519306,0.08002576,8.4895e-05,0.002291792,0.05145126,0.001453416,0,0,0,0,2,0,0,0,1,0,0,0,0,0,0,0,2,0,0,4
"E25SA07-03","C25","Chinese",,"Happy 7 CN",23,2.75,0.4071824,0.1846662,0.01558433,0.08604416,9.3191e-05,0.00227256,0.0564153,0.002106611,0,0,0,0,2,0,0,0,1,0,0,0,0,0,0,0,2,0,0,5
"E25SA07-03","C25","Chinese",,"Happy 7 CN",24,2.875,0.4133506,0.1481021,0.01442119,0.1017057,8.4115e-05,0.00254479,0.08444174,0.00211779,0,0,1,0,2,0,0,0,1,0,0,0,0,0,0,0,3,0,0,5
"E25SA07-03","C25","Chinese",,"Happy 7 CN",25,3,0.4151365,0.1264752,0.01404131,0.120497,7.9815e-05,0.002934863,0.09474395,0.001827706,0,0,1,0,2,0,0,0,1,0,0,0,0,0,0,0,3,0,0,5
"E25SA07-03","C25","Chinese",,"Happy 7 CN",26,3.125,0.4218348,0.1152863,0.01324033,0.1224775,7.3342e-05,0.003360234,0.0947129,0.001575275,0,0,1,0,2,0,0,0,1,0,0,0,0,0,0,0,3,0,0,5
"E25SA07-03","C25","Chinese",,"Happy 7 CN",27,3.25,0.4267404,0.118296,0.01165679,0.1182271,6.5963e-05,0.003128959,0.1003008,0.001234271,0,0,1,0,2,0,0,0,1,0,0,0,0,0,0,0,3,0,0,5
"E25SA07-03","C25","Chinese",,"Happy 7 CN",28,3.375,0.4229438,0.1113543,0.01105773,0.1346577,5.6865e-05,0.003128431,0.1046205,0.001160173,0,0,1,0,1,0,0,0,1,0,0,0,0,0,0,0,3,0,0,5
"E25SA07-03","C25","Chinese",,"Happy 7 CN",29,3.5,0.4288201,0.1129605,0.01303667,0.1164697,5.921e-05,0.003278109,0.0986978,0.002378444,0,0,1,0,2,0,0,0,1,0,0,0,0,0,0,0,3,0,0,5
"E25SA07-03","C25","Chinese",,"Happy 7 CN",30,3.625,0.4271719,0.1254424,0.01123946,0.09490354,5.6136e-05,0.003163216,0.08390015,0.002850823,0,0,1,0,2,0,0,0,1,0,0,0,0,0,0,0,3,0,0,5
"E25SA07-03","C25","Chinese",,"Happy 7 CN",31,3.75,0.4333002,0.119504,0.00966692,0.0961557,6.2846e-05,0.003186448,0.08275548,0.002208777,0,0,1,0,2,0,0,0,1,0,0,0,0,0,1,0,3,0,0,5
"E25SA07-03","C25","Chinese",,"Happy 7 CN",32,3.875,0.4402252,0.1099977,0.009495256,0.0895161,5.8118e-05,0.003154031,0.07990447,0.001705943,0,0,1,0,1,0,0,0,1,0,0,0,0,0,1,0,3,0,0,5
"E25SA07-03","C25","Chinese",,"Happy 7 CN",33,4,0.4284394,0.1008494,0.009032723,0.122476,5.8092e-05,0.003462885,0.06843109,0.001745536,0,0,0,0,1,0,0,0,1,0,0,0,0,0,1,0,2,0,0,5
"E25SA07-03","C25","Chinese",,"Happy 7 CN",34,4.125,0.4311478,0.08358102,0.008499312,0.1235141,5.5888e-05,0.004597329,0.07157449,0.001447771,0,0,0,0,1,0,0,0,1,0,0,0,0,0,1,0,2,0,0,4
"E25SA07-03","C25","Chinese",,"Happy 7 CN",35,4.25,0.4204834,0.08977611,0.009095756,0.1492813,5.7905e-05,0.005324565,0.06669529,0.001132506,0,0,0,0,1,0,0,0,1,0,0,0,0,0,1,0,2,0,0,4
"E25SA07-03","C25","Chinese",,"Happy 7 CN",36,4.375,0.4130702,0.07863861,0.0090562,0.1671609,5.888e-05,0.00585171,0.06297185,0.001480214,0,0,0,0,1,0,0,0,1,0,0,0,0,0,1,0,2,0,0,4
"E25SA07-03","C25","Chinese",,"Happy 7 CN",37,4.5,0.417937,0.06701912,0.009533835,0.1595241,5.9705e-05,0.006392871,0.06701704,0.001326953,0,0,0,0,1,0,0,0,1,0,0,0,0,0,1,0,2,0,0,4
"E25SA07-03","C25","Chinese",,"Happy 7 CN",38,4.625,0.4186985,0.06029532,0.01001396,0.1594506,7.5213e-05,0.009333444,0.07064373,0.001401618,0,0,0,0,1,0,0,0,1,0,0,0,0,0,1,0,2,0,0,5
"E25SA07-03","C25","Chinese",,"Happy 7 CN",39,4.75,0.4215911,0.05188154,0.01265476,0.1546596,7.2264e-05,0.009393313,0.08648905,0.001161969,0,0,0,0,1,0,0,0,1,0,0,0,0,0,1,0,2,0,0,5
"E25SA07-03","C25","Chinese",,"Happy 7 CN",40,4.875,0.4257941,0.04849038,0.01406398,0.1469336,6.5911e-05,0.009424152,0.09617233,0.000938287,0,0,0,0,1,0,0,0,1,0,0,0,0,0,1,0,2,0,0,5
"E25SA07-03","C25","Chinese",,"Happy 7 CN",41,5,0.420331,0.04454708,0.01436501,0.1583283,6.0044e-05,0.01061392,0.1045808,0.000828002,0,0,0,0,1,0,0,0,0,0,0,0,0,0,1,0,2,0,0,5
"E25SA07-03","C25","Chinese",,"Happy 7 CN",42,5.125,0.418263,0.04494647,0.01397749,0.1627921,6.0612e-05,0.01517666,0.1048867,0.000757659,0,0,0,0,1,0,0,0,0,0,0,0,0,0,1,0,2,0,0,5
"E25SA07-03","C25","Chinese",,"Happy 7 CN",43,5.25,0.4255548,0.06749813,0.02957269,0.1208445,9.3289e-05,0.01352641,0.09336171,0.000827815,0,0,0,0,1,0,0,0,0,0,0,0,0,0,1,0,2,0,0,5
"E25SA07-03","C25","Chinese",,"Happy 7 CN",44,5.375,0.4238026,0.0577025,0.02879995,0.09777686,8.9041e-05,0.0122681,0.1142224,0.000667021,0,0,0,0,1,0,0,0,0,0,0,0,0,0,1,0,2,0,0,5
"E25SA07-03","C25","Chinese",,"Happy 7 CN",45,5.5,0.4261123,0.05075413,0.03251832,0.09407795,0.000123654,0.01712539,0.1215445,0.000625634,0,0,0,0,1,0,0,0,0,0,0,0,0,0,1,0,2,0,0,5
"E25SA07-03","C25","Chinese",,"Happy 7 CN",46,5.625,0.417239,0.04395905,0.0330102,0.09687202,0.000121376,0.01808269,0.147496,0.00092676,0,0,0,0,1,0,0,0,0,0,0,0,0,0,1,0,2,0,0,5
"E25SA07-03","C25","Chinese",,"Happy 7 CN",47,5.75,0.4186989,0.03746092,0.02871424,0.1092963,0.000101398,0.01836851,0.1502189,0.001606843,0,0,0,0,1,0,0,0,0,0,0,0,0,0,1,0,2,0,0,5
"E25SA07-03","C25","Chinese",,"Happy 7 CN",48,5.875,0.4122316,0.03252329,0.02502346,0.1222686,9.8312e-05,0.01829211,0.1670422,0.001896431,0,0,1,0,1,0,0,0,0,0,0,0,0,0,1,0,2,0,0,5
"E25SA07-03","C25","Chinese",,"Happy 7 CN",49,6,0.4064368,0.02610151,0.02331004,0.1505207,8.9549e-05,0.02250014,0.1730399,0.002421112,0,0,1,0,1,0,0,0,0,0,0,0,0,0,1,0,2,0,0,5
"E25SA07-03","C25","Chinese",,"Happy 7 CN",50,6.125,0.3978426,0.02199657,0.02167223,0.1791695,8.6834e-05,0.02183672,0.1539524,0.002310205,0,0,1,0,1,0,0,0,0,0,0,0,0,0,1,0,2,0,0,5
"E25SA07-03","C25","Chinese",,"Happy 7 CN",51,6.25,0.3960983,0.0177883,0.02275547,0.1905323,9.4998e-05,0.02281178,0.1449416,0.001649502,0,0,1,0,1,0,0,0,0,0,0,0,0,0,1,0,2,0,0,5
"E25SA07-03","C25","Chinese",,"Happy 7 CN",52,6.375,0.3978827,0.01425041,0.02286729,0.1923797,9.7469e-05,0.0301016,0.1570325,0.002151832,0,0,1,0,1,0,0,0,0,0,0,0,0,0,1,0,2,0,0,5
"E25SA07-03","C25","Chinese",,"Happy 7 CN",53,6.5,0.4014519,0.01182605,0.02298099,0.1889645,9.5739e-05,0.03564357,0.1646169,0.002030385,0,0,1,0,1,0,0,0,0,0,0,0,0,0,1,0,2,0,0,5
"E25SA07-03","C25","Chinese",,"Happy 7 CN",54,6.625,0.4020588,0.02574025,0.07640372,0.1425451,0.000178752,0.03032583,0.1396459,0.002410318,0,0,1,0,1,0,0,0,0,0,0,0,0,0,1,0,2,0,0,5
"E25SA07-03","C25","Chinese",,"Happy 7 CN",55,6.75,0.4084827,0.02207656,0.06902567,0.130704,0.000149434,0.02683198,0.1443717,0.002326124,0,0,1,0,1,0,0,0,0,0,0,0,0,0,1,0,2,0,0,5
"E25SA07-03","C25","Chinese",,"Happy 7 CN",56,6.875,0.4087085,0.02363276,0.05556225,0.1466365,0.000160483,0.02657253,0.1307884,0.001905848,0,0,1,0,1,0,0,0,0,0,0,0,0,0,1,0,2,0,0,5
"E25SA07-03","C25","Chinese",,"Happy 7 CN",57,7,0.3960381,0.01933064,0.04646715,0.1832343,0.000196249,0.02668034,0.1353269,0.003865517,0,0,1,0,1,0,0,0,0,0,0,0,0,0,1,0,2,0,0,4
"E25SA07-03","C25","Chinese",,"Happy 7 CN",58,7.125,0.3960185,0.01734899,0.04205287,0.1910217,0.000231815,0.0292026,0.1328273,0.004031036,0,0,0,0,1,0,0,0,0,0,0,0,0,0,1,0,1,0,0,4
"E25SA07-03","C25","Chinese",,"Happy 7 CN",59,7.25,0.4013713,0.0168533,0.04142047,0.1856833,0.000253199,0.02789633,0.125302,0.005612307,0,0,0,0,1,0,0,0,0,0,0,0,0,0,1,0,1,0,0,4
"E25SA07-03","C25","Chinese",,"Happy 7 CN",60,7.375,0.4045708,0.01543998,0.04361751,0.182953,0.000251494,0.02986783,0.123142,0.006753079,0,0,0,0,1,0,0,0,0,0,0,0,0,0,1,0,1,0,0,4
"E25SA07-03","C25","Chinese",,"Happy 7 CN",61,7.5,0.3988374,0.01303614,0.04486542,0.1969229,0.000231873,0.02636417,0.1218554,0.006753751,0,0,0,0,1,0,0,0,0,0,0,0,0,0,2,0,1,0,0,4
"E25SA07-03","C25","Chinese",,"Happy 7 CN",62,7.625,0.3983078,0.01066377,0.04826017,0.1997249,0.000235641,0.02700158,0.1223754,0.006099158,0,0,0,0,1,0,0,0,0,0,0,0,0,0,2,0,1,0,0,4
"E25SA07-03","C25","Chinese",,"Happy 7 CN",63,7.75,0.3941442,0.009619286,0.04995525,0.2092754,0.000239731,0.02827973,0.11301,0.007371075,0,0,0,0,1,0,0,0,0,0,0,0,0,0,2,0,1,0,0,4
"E25SA07-03","C25","Chinese",,"Happy 7 CN",64,7.875,0.4024674,0.0104849,0.06110988,0.1934895,0.000254454,0.03127562,0.1034579,0.008519356,0,0,0,0,0,0,0,0,0,0,0,0,0,0,2,0,1,0,0,4
"E25SA07-03","C25","Chinese",,"Happy 7 CN",65,8,0.4107111,0.01017626,0.08657745,0.1645925,0.000244699,0.0297595,0.1115988,0.008149701,0,0,0,0,0,0,0,0,0,0,0,0,0,0,2,0,1,0,0,4
"E25SA07-03","C25","Chinese",,"Happy 7 CN",66,8.125,0.3693994,0.01357755,0.1982352,0.1165006,0.0002395,0.02492501,0.1142485,0.007840587,0,0,0,0,0,0,0,0,0,0,0,0,0,0,1,0,1,0,0,4
"E25SA07-03","C25","Chinese",,"Happy 7 CN",67,8.25,0.3652904,0.01189238,0.2261846,0.09199081,0.000226739,0.02058536,0.1405203,0.007669034,0,0,0,0,0,0,0,0,0,0,0,0,0,0,1,0,0,0,0,4
"E25SA07-03","C25","Chinese",,"Happy 7 CN",68,8.375,0.3798304,0.01117298,0.2105164,0.0808361,0.000203904,0.02252275,0.1517579,0.006706236,0,0,0,0,0,0,0,0,0,0,0,0,0,0,1,0,1,0,0,4
"E25SA07-03","C25","Chinese",,"Happy 7 CN",69,8.5,0.390681,0.01126711,0.1891828,0.08772515,0.000179523,0.02807089,0.157767,0.006467223,0,0,0,0,0,0,0,0,0,0,0,0,0,0,1,0,1,0,0,5
"E25SA07-03","C25","Chinese",,"Happy 7 CN",70,8.625,0.3979517,0.01034729,0.1838972,0.08063322,0.000181187,0.02874786,0.1621539,0.005786815,0,0,0,0,0,0,0,0,0,0,0,0,0,0,1,0,1,0,0,5
"E25SA07-03","C25","Chinese",,"Happy 7 CN",71,8.75,0.4039179,0.009479514,0.1783721,0.07784718,0.000220863,0.03138521,0.1631568,0.005104047,0,0,0,0,0,0,0,0,0,0,0,0,0,0,1,0,1,0,0,5
"E25SA07-03","C25","Chinese",,"Happy 7 CN",72,8.875,0.407974,0.009280226,0.1421556,0.1054867,0.00020703,0.03280849,0.1543159,0.004754177,0,0,0,0,0,0,0,0,0,0,0,0,0,0,1,0,1,0,0,5
"E25SA07-03","C25","Chinese",,"Happy 7 CN",73,9,0.4092119,0.009397069,0.117905,0.1276133,0.000205239,0.03283112,0.138972,0.005894325,0,0,0,0,0,0,0,0,0,0,0,0,0,0,2,0,1,0,0,5
"E25SA07-03","C25","Chinese",,"Happy 7 CN",74,9.125,0.4059344,0.008353655,0.1043977,0.1510649,0.000209983,0.03878123,0.1293752,0.005538501,0,0,0,0,0,0,0,0,0,0,0,0,0,0,2,0,1,0,0,5
"E25SA07-03","C25","Chinese",,"Happy 7 CN",75,9.25,0.4005848,0.008041088,0.08933157,0.173378,0.0001974,0.04051986,0.1195675,0.005589231,0,0,0,0,0,0,0,0,0,0,0,0,0,0,2,0,1,0,0,5
"E25SA07-03","C25","Chinese",,"Happy 7 CN",76,9.375,0.3787837,0.007458067,0.07683983,0.2250064,0.000205601,0.04057265,0.0992073,0.00413051,0,0,0,0,0,0,0,0,0,0,0,0,0,0,2,0,1,0,0,4
"E25SA07-03","C25","Chinese",,"Happy 7 CN",77,9.5,0.3682917,0.006558526,0.06950736,0.2515246,0.000225203,0.03968941,0.08262215,0.00284037,0,0,0,0,0,0,0,0,0,0,0,0,0,0,2,0,0,0,0,4
"E26HA01-01","C26","Chinese","Genuine","Happy 1 CN",1,0,0.3570855,0.01799759,0.1112784,0.07248343,0.001422765,0.002736751,0.3017656,0,0,0,0,0,0,0,0,0,0,0,0,0,0,0,0,0,0,0,0,4
"E26HA01-01","C26","Chinese","Genuine","Happy 1 CN",2,0.125,0.3647837,0.01297864,0.1222546,0.07066061,0.001279784,0.003619955,0.2818927,0,0,0,0,0,0,0,0,0,0,0,0,0,0,0,0,0,0,0,0,4
"E26HA01-01","C26","Chinese","Genuine","Happy 1 CN",3,0.25,0.3711494,0.01020302,0.1156646,0.07616805,0.001268623,0.005670847,0.2671724,0.000929615,0,0,0,0,0,0,0,0,0,0,0,0,0,0,0,0,0,0,0,4
"E26HA01-01","C26","Chinese","Genuine","Happy 1 CN",4,0.375,0.3869858,0.008702004,0.1029127,0.1001277,0.001175463,0.007545959,0.2342654,0.000941984,0,0,0,0,0,0,0,0,0,0,0,0,0,0,0,0,0,0,0,4
"E26HA01-01","C26","Chinese","Genuine","Happy 1 CN",5,0.5,0.3919335,0.007556539,0.1100438,0.1064613,0.001066089,0.01159987,0.22221,0.001347514,0,0,0,0,0,0,0,0,0,0,0,0,0,0,0,0,0,0,0,4
"E26HA01-01","C26","Chinese","Genuine","Happy 1 CN",6,0.625,0.3939466,0.007815895,0.1088351,0.1102721,0.001113058,0.01437973,0.2166551,0.002185228,0,0,0,0,0,0,0,0,0,0,0,0,0,0,0,0,0,0,0,4
"E26HA01-01","C26","Chinese","Genuine","Happy 1 CN",7,0.75,0.3946654,0.01084996,0.09745944,0.1032895,0.001665943,0.01474531,0.2144866,0.001502685,0,0,0,0,0,0,0,0,0,0,0,0,0,0,0,0,0,0,0,4
"E26HA01-01","C26","Chinese","Genuine","Happy 1 CN",8,0.875,0.3893839,0.01413733,0.09116521,0.09915406,0.001532156,0.01554411,0.2244938,0.002052298,0,0,0,0,0,0,0,0,0,0,0,0,0,0,0,0,0,0,0,3
"E26HA01-01","C26","Chinese","Genuine","Happy 1 CN",9,1,0.3732857,0.02061611,0.0918977,0.09361994,0.001332977,0.01319399,0.2560573,0.002337764,0,0,0,0,0,0,0,0,0,0,0,0,0,0,0,0,0,0,0,3
"E26HA01-01","C26","Chinese","Genuine","Happy 1 CN",10,1.125,0.3737547,0.02122105,0.08785821,0.09971254,0.001331278,0.01115223,0.2545552,0.001607577,0,0,0,0,0,0,0,0,0,0,0,0,0,0,0,0,0,0,0,4
"E26HA01-01","C26","Chinese","Genuine","Happy 1 CN",11,1.25,0.3809675,0.02017864,0.1005491,0.09165363,0.001440089,0.01222229,0.2399209,0.001903323,0,0,0,0,0,0,0,0,0,0,0,0,0,0,0,0,0,0,0,4
"E26HA01-01","C26","Chinese","Genuine","Happy 1 CN",12,1.375,0.3791355,0.02150099,0.103823,0.07610545,0.001291826,0.01538868,0.2432601,0.001930402,0,0,0,0,1,0,0,0,0,0,0,0,0,0,0,0,0,0,0,4
"E26HA01-01","C26","Chinese","Genuine","Happy 1 CN",13,1.5,0.396116,0.04124165,0.0916788,0.07096472,0.001140343,0.0138707,0.2090402,0.001959702,0,0,0,0,1,0,0,0,0,0,0,0,0,0,0,0,0,0,0,4
"E26HA01-01","C26","Chinese","Genuine","Happy 1 CN",14,1.625,0.4049672,0.07566744,0.07659214,0.06613023,0.001490545,0.01214939,0.1910904,0.001409657,0,0,0,0,1,0,0,0,0,0,0,0,0,0,0,0,0,0,0,4
"E26HA01-01","C26","Chinese","Genuine","Happy 1 CN",15,1.75,0.3886737,0.1448115,0.06610779,0.05293146,0.001655784,0.009073417,0.1829379,0.000969359,0,0,0,0,1,0,0,0,0,0,0,0,0,0,0,0,0,0,0,4
"E26HA01-01","C26","Chinese","Genuine","Happy 1 CN",16,1.875,0.3819402,0.1184777,0.06654964,0.04895795,0.001661425,0.00809193,0.2090156,0.000666586,0,0,0,0,1,0,0,0,0,0,0,0,0,0,0,0,0,0,0,4
"E26HA01-01","C26","Chinese","Genuine","Happy 1 CN",17,2,0.3559999,0.09213845,0.08361954,0.04299925,0.00163424,0.008682562,0.2697271,0.001242121,0,0,0,0,1,0,0,0,0,0,0,0,0,0,0,0,0,0,0,4
"E26HA01-01","C26","Chinese","Genuine","Happy 1 CN",18,2.125,0.3556958,0.07502175,0.08630963,0.04308319,0.001913345,0.009753864,0.276489,0.000854152,0,0,0,0,1,0,0,0,0,0,0,0,0,0,0,0,0,0,0,4
"E26HA01-01","C26","Chinese","Genuine","Happy 1 CN",19,2.25,0.3810957,0.09161394,0.06883937,0.0501245,0.003096156,0.01080148,0.2288786,0.000587363,0,0,0,0,1,0,0,0,0,0,0,0,0,0,0,0,0,0,0,3
"E26HA01-01","C26","Chinese","Genuine","Happy 1 CN",20,2.375,0.336739,0.2260614,0.04966075,0.04373909,0.002972355,0.01031912,0.1852992,0.000403904,0,0,0,0,1,0,0,0,1,0,0,0,0,0,0,0,0,0,0,3
"E26HA01-01","C26","Chinese","Genuine","Happy 1 CN",21,2.5,0.2932169,0.3444946,0.03617945,0.04023634,0.002742375,0.008734277,0.1689459,0.000277747,0,0,0,0,1,0,0,0,1,0,0,0,0,0,0,0,0,0,0,3
"E26HA01-01","C26","Chinese","Genuine","Happy 1 CN",22,2.625,0.259599,0.4333075,0.02640406,0.03580466,0.002134935,0.006372075,0.1917228,0.002058118,0,0,0,0,2,0,0,0,1,0,0,0,0,0,0,0,0,0,0,3
"E26HA01-01","C26","Chinese","Genuine","Happy 1 CN",23,2.75,0.1977187,0.5719097,0.01881363,0.03370615,0.001734886,0.004410451,0.1539398,0.002026867,0,0,0,0,3,0,0,0,2,0,0,0,0,0,0,0,0,0,0,3
"E26HA01-01","C26","Chinese","Genuine","Happy 1 CN",24,2.875,0.1485029,0.6805451,0.01429127,0.03279337,0.001389353,0.003065519,0.1095531,0.001393787,0,0,0,0,3,0,0,0,2,0,0,0,0,0,0,0,0,0,0,3
"E26HA01-01","C26","Chinese","Genuine","Happy 1 CN",25,3,0.1218471,0.7408781,0.01095587,0.03846433,0.001031915,0.002135261,0.07709923,0.000958446,0,0,0,0,3,0,0,0,2,0,0,0,0,0,0,0,0,0,0,3
"E26HA01-01","C26","Chinese","Genuine","Happy 1 CN",26,3.125,0.104817,0.7797651,0.009321373,0.05243838,0.000803229,0.001485587,0.0558456,0.000659081,0,0,0,0,3,0,0,0,2,0,0,0,0,0,0,0,0,0,0,3
"E26HA01-01","C26","Chinese","Genuine","Happy 1 CN",27,3.25,0.12983,0.7330551,0.009232529,0.06166106,0.000663289,0.00110445,0.04284009,0.000453221,0,0,0,0,3,0,0,0,2,0,0,0,0,0,0,0,0,0,0,3
"E26HA01-01","C26","Chinese","Genuine","Happy 1 CN",28,3.375,0.1359217,0.7231508,0.008163077,0.06113111,0.000669479,0.000837101,0.03324674,0.00031166,0,0,0,0,3,0,0,0,2,0,0,0,0,0,0,0,0,0,0,3
"E26HA01-01","C26","Chinese","Genuine","Happy 1 CN",29,3.5,0.1441479,0.7082787,0.008058948,0.07005408,0.000727205,0.000648822,0.02864214,0.000214315,0,0,0,0,3,0,0,0,2,0,0,0,0,0,0,0,1,0,0,3
"E26HA01-01","C26","Chinese","Genuine","Happy 1 CN",30,3.625,0.1510386,0.6955841,0.008534899,0.09240413,0.001216634,0.000694894,0.02867503,0.000147375,0,0,0,0,3,0,0,0,2,0,0,0,0,0,0,0,1,0,0,3
"E26HA01-01","C26","Chinese","Genuine","Happy 1 CN",31,3.75,0.193727,0.6109676,0.0106726,0.1103058,0.001387863,0.001124527,0.0335422,0.000101343,0,0,0,0,3,0,0,0,2,0,0,0,0,0,0,0,0,0,0,3
"E26HA01-01","C26","Chinese","Genuine","Happy 1 CN",32,3.875,0.2463396,0.5063127,0.01455794,0.1378569,0.001813364,0.003091835,0.04496554,0.000535677,0,0,0,0,3,0,0,0,2,0,0,0,0,0,0,0,0,0,0,3
"E26HA01-01","C26","Chinese","Genuine","Happy 1 CN",33,4,0.2800393,0.439274,0.01590564,0.1432027,0.001400472,0.002683047,0.08263502,0.000394043,0,0,0,0,3,0,0,0,2,0,0,0,0,0,0,0,0,0,0,3
"E26HA01-01","C26","Chinese","Genuine","Happy 1 CN",34,4.125,0.2930396,0.3510517,0.01888744,0.2099094,0.001174103,0.005018475,0.1011567,0.000360003,0,0,0,0,3,0,0,0,2,0,0,0,0,0,0,0,0,0,0,3
"E26HA01-01","C26","Chinese","Genuine","Happy 1 CN",35,4.25,0.3063525,0.3079825,0.02027515,0.2470154,0.00094824,0.004351564,0.1084231,0.000515707,0,0,0,0,3,0,0,0,1,0,0,0,0,0,0,0,0,0,0,3
"E26HA01-01","C26","Chinese","Genuine","Happy 1 CN",36,4.375,0.3299399,0.2646013,0.0165724,0.2436684,0.001019729,0.004244746,0.1211011,0.002915116,0,0,0,0,3,0,0,0,1,0,0,0,0,0,0,0,0,0,0,3
"E26HA01-01","C26","Chinese","Genuine","Happy 1 CN",37,4.5,0.3352787,0.2406754,0.01536722,0.2631624,0.002119304,0.004394165,0.1300559,0.003378432,0,0,0,0,2,0,0,0,1,0,0,0,0,0,0,0,0,0,0,3
"E26HA01-01","C26","Chinese","Genuine","Happy 1 CN",38,4.625,0.3319178,0.275508,0.01609139,0.192451,0.002680177,0.003333607,0.1312308,0.003390895,0,0,0,0,2,0,0,0,1,0,0,0,0,0,0,0,0,0,0,3
"E26HA01-01","C26","Chinese","Genuine","Happy 1 CN",39,4.75,0.3287897,0.3011146,0.01640576,0.1567724,0.002486421,0.002493387,0.1255761,0.003100165,0,0,0,0,2,0,0,0,1,0,0,0,0,0,0,0,0,0,0,4
"E26HA01-01","C26","Chinese","Genuine","Happy 1 CN",40,4.875,0.3556572,0.2605422,0.02428686,0.1260638,0.002457212,0.001993195,0.1124961,0.002239241,0,0,0,0,2,0,0,0,1,0,0,0,0,0,0,0,0,0,0,4
"E26HA01-01","C26","Chinese","Genuine","Happy 1 CN",41,5,0.369003,0.2428938,0.02704186,0.1079693,0.002961325,0.001878718,0.1113502,0.001758668,0,0,0,0,2,0,0,0,1,0,0,0,0,0,0,0,0,0,0,4
"E26HA01-01","C26","Chinese","Genuine","Happy 1 CN",42,5.125,0.3835995,0.2068592,0.05877873,0.08253073,0.003726097,0.00183676,0.1302254,0.001906859,0,0,0,0,1,0,0,0,1,0,0,0,0,0,0,0,0,0,0,4
"E26HA01-01","C26","Chinese","Genuine","Happy 1 CN",43,5.25,0.3976525,0.187065,0.050707,0.09149072,0.004351812,0.001877838,0.1336434,0.001311263,0,0,0,0,1,0,0,0,1,0,0,0,0,0,0,0,0,0,0,4
"E26HA01-01","C26","Chinese","Genuine","Happy 1 CN",44,5.375,0.3921034,0.1477794,0.04869507,0.1379808,0.003960992,0.002750162,0.1516254,0.002485711,0,0,0,0,1,0,0,0,0,0,0,0,0,0,0,0,0,0,0,4
"E26HA01-01","C26","Chinese","Genuine","Happy 1 CN",45,5.5,0.3643938,0.1217191,0.04333741,0.2177883,0.004071485,0.006483501,0.1477217,0.001709314,0,0,0,0,1,0,0,0,0,0,0,0,0,0,0,0,0,0,0,3
"E26HA01-01","C26","Chinese","Genuine","Happy 1 CN",46,5.625,0.3096051,0.1125674,0.03394404,0.3442397,0.003308086,0.009632942,0.1352725,0.00117542,0,0,0,0,1,0,0,0,0,0,0,0,0,0,0,0,0,0,0,3
"E26HA01-01","C26","Chinese","Genuine","Happy 1 CN",47,5.75,0.2582597,0.09558485,0.03000352,0.4586052,0.003231133,0.0116564,0.1288138,0.001356291,0,0,0,0,1,0,0,0,0,0,0,0,0,0,0,0,0,0,0,3
"E26HA01-01","C26","Chinese","Genuine","Happy 1 CN",48,5.875,0.2375242,0.08077664,0.02429551,0.508417,0.003710207,0.01338996,0.1162226,0.000932661,0,0,0,0,1,0,0,0,0,0,0,0,0,0,0,0,0,0,0,3
"E26HA02-02","C26","Chinese","Genuine","Happy 2 CN",1,0,0.2454245,0.5151978,0.02888896,0.005597712,0.00306951,0.001572636,0.2479628,0,0,0,0,0,2,0,0,0,1,0,0,0,0,0,0,0,1,0,0,4
"E26HA02-02","C26","Chinese","Genuine","Happy 2 CN",2,0.125,0.2552975,0.4940566,0.0288913,0.004883114,0.003012415,0.001749165,0.2950182,1.9207e-05,0,0,0,0,2,0,0,0,1,0,0,0,0,0,0,0,1,0,0,4
"E26HA02-02","C26","Chinese","Genuine","Happy 2 CN",3,0.25,0.2563653,0.490748,0.02628783,0.004224387,0.00307544,0.001696094,0.3369253,1.3208e-05,0,0,0,0,2,0,0,0,1,0,0,0,0,0,0,0,1,0,0,4
"E26HA02-02","C26","Chinese","Genuine","Happy 2 CN",4,0.375,0.2234558,0.5554978,0.02166034,0.004241022,0.003383079,0.00126213,0.3154858,9.082e-06,0,0,0,0,3,0,0,0,1,0,0,0,0,0,0,0,1,0,0,4
"E26HA02-02","C26","Chinese","Genuine","Happy 2 CN",5,0.5,0.1992656,0.6031322,0.01704505,0.004407275,0.003889958,0.000937188,0.2526027,6.246e-06,0,0,0,0,3,0,0,0,1,0,0,0,0,0,0,0,1,0,0,4
"E26HA02-02","C26","Chinese","Genuine","Happy 2 CN",6,0.625,0.1590735,0.6830153,0.01274921,0.004026359,0.006662003,0.000890865,0.1991923,4.295e-06,0,0,0,0,3,0,0,0,1,0,0,0,0,0,0,0,1,0,0,4
"E26HA02-02","C26","Chinese","Genuine","Happy 2 CN",7,0.75,0.1603844,0.6800365,0.01213541,0.005175197,0.00646585,0.000885926,0.2079159,2.953e-06,0,0,0,0,3,0,0,0,1,0,0,0,0,0,0,0,1,0,0,4
"E26HA02-02","C26","Chinese","Genuine","Happy 2 CN",8,0.875,0.1405967,0.7193695,0.009833382,0.004753496,0.008107748,0.001152873,0.1824634,2.031e-06,0,0,0,0,3,0,0,0,2,0,0,0,0,0,0,0,1,0,0,4
"E26HA02-02","C26","Chinese","Genuine","Happy 2 CN",9,1,0.1419481,0.7165032,0.01029623,0.005366501,0.007772524,0.001439304,0.1661733,1.397e-06,0,0,0,0,3,0,0,0,2,0,0,0,0,0,0,0,1,0,0,4
"E26HA02-02","C26","Chinese","Genuine","Happy 2 CN",10,1.125,0.1536695,0.6929678,0.01657413,0.004775533,0.006059911,0.00172666,0.1827233,9.6e-07,0,0,0,0,3,0,0,0,1,0,0,0,0,0,0,0,1,0,0,4
"E26HA02-02","C26","Chinese","Genuine","Happy 2 CN",11,1.25,0.1734256,0.6534363,0.02976625,0.004057784,0.00541347,0.002605774,0.1987872,6.6e-07,0,0,0,0,3,0,0,0,1,0,0,0,0,0,0,0,1,0,0,4
"E26HA02-02","C26","Chinese","Genuine","Happy 2 CN",12,1.375,0.2006062,0.5990641,0.0275988,0.003879569,0.00432281,0.002939299,0.2804703,0.000754339,0,0,0,0,3,0,0,0,1,0,0,0,0,0,0,0,1,0,0,4
"E26HA02-02","C26","Chinese","Genuine","Happy 2 CN",13,1.5,0.200319,0.5995957,0.02510894,0.003457752,0.003476549,0.003076658,0.2662861,0.000518725,0,0,0,0,3,0,0,0,1,0,0,0,0,0,0,0,1,0,0,4
"E26HA02-02","C26","Chinese","Genuine","Happy 2 CN",14,1.625,0.1890071,0.6221709,0.0207989,0.003013899,0.00285571,0.002792375,0.2664318,0.000356705,0,0,0,0,3,0,0,0,1,0,0,0,0,0,0,0,1,0,0,4
"E26HA02-02","C26","Chinese","Genuine","Happy 2 CN",15,1.75,0.1914477,0.6172581,0.01784455,0.002820324,0.002506482,0.002597272,0.2923167,0.00024529,0,0,0,0,3,0,0,0,1,0,0,0,0,0,0,0,1,0,0,4
"E26HA02-02","C26","Chinese","Genuine","Happy 2 CN",16,1.875,0.2039633,0.5922027,0.01630781,0.00278487,0.002398019,0.002417951,0.3350035,0.000168675,0,0,0,0,3,0,0,0,1,0,0,0,0,0,0,0,1,0,0,4
"E26HA02-02","C26","Chinese","Genuine","Happy 2 CN",17,2,0.2109661,0.5782059,0.01737059,0.003583886,0.00209872,0.002299467,0.3532337,0.000491706,0,0,0,0,3,0,0,0,1,0,0,0,0,0,0,0,1,0,0,4
"E26HA02-02","C26","Chinese","Genuine","Happy 2 CN",18,2.125,0.2193806,0.5613901,0.01735987,0.004882022,0.002095105,0.002494571,0.3856202,0.000338125,0,0,0,0,3,0,0,0,1,0,0,0,0,0,0,0,1,0,0,4
"E26HA02-02","C26","Chinese","Genuine","Happy 2 CN",19,2.25,0.2295817,0.541042,0.015883,0.006434628,0.002134738,0.002349535,0.3972805,0.000232514,0,0,0,0,3,0,0,0,1,0,0,0,0,0,0,0,1,0,0,4
"E26HA02-02","C26","Chinese","Genuine","Happy 2 CN",20,2.375,0.2376624,0.5249496,0.01784031,0.007465005,0.002078515,0.001974425,0.4075769,0.002281706,0,0,0,0,3,0,0,0,1,0,0,0,0,0,0,0,1,0,0,4
"E26HA02-02","C26","Chinese","Genuine","Happy 2 CN",21,2.5,0.2488104,0.4977606,0.01718218,0.007604062,0.001713022,0.001955864,0.4222584,0.001709288,0,0,0,0,3,0,0,0,1,0,0,0,0,0,0,0,1,0,0,4
"E26HA02-02","C26","Chinese","Genuine","Happy 2 CN",22,2.625,0.2698165,0.4574804,0.02352764,0.0118476,0.001459865,0.002182464,0.3875789,0.001175402,0,0,0,0,3,0,0,0,1,0,0,0,0,0,0,0,1,0,0,4
"E26HA02-02","C26","Chinese","Genuine","Happy 2 CN",23,2.75,0.283004,0.3932464,0.02783289,0.01414285,0.001254928,0.002435864,0.384419,0.001779503,0,0,0,0,3,0,0,0,1,0,0,0,0,0,0,0,1,0,0,4
"E26HA02-02","C26","Chinese","Genuine","Happy 2 CN",24,2.875,0.2981668,0.3511775,0.02957263,0.01513908,0.0011435,0.002737384,0.3703658,0.001223686,0,0,0,0,3,0,0,0,1,0,0,0,0,0,0,0,1,0,0,4
"E26HA02-02","C26","Chinese","Genuine","Happy 2 CN",25,3,0.3003703,0.3133262,0.0348978,0.01364097,0.001041322,0.002586738,0.3771585,0.000841475,0,0,0,0,3,0,0,0,1,0,0,0,0,0,0,0,1,0,0,4
"E26HA02-02","C26","Chinese","Genuine","Happy 2 CN",26,3.125,0.3102407,0.2882596,0.03623068,0.01100474,0.001661275,0.002226355,0.3662259,0.00061445,0,0,0,0,2,0,0,0,1,0,0,0,0,0,0,0,1,0,0,4
"E26HA02-02","C26","Chinese","Genuine","Happy 2 CN",27,3.25,0.3016207,0.2693059,0.04434209,0.009258596,0.001714568,0.002235455,0.3885494,0.002151355,0,0,0,0,2,0,0,0,1,0,0,0,0,0,0,0,1,0,0,4
"E26HA02-02","C26","Chinese","Genuine","Happy 2 CN",28,3.375,0.3034744,0.2453604,0.05667703,0.008945729,0.001525563,0.002381609,0.3880782,0.002649845,0,0,0,0,2,0,0,0,1,0,0,0,0,0,0,0,1,0,0,4
"E26HA02-02","C26","Chinese","Genuine","Happy 2 CN",29,3.5,0.2927918,0.2176485,0.05952926,0.008422986,0.001425517,0.00237045,0.4122619,0.002690474,0,0,0,0,2,0,0,0,1,0,0,0,0,0,0,0,0,0,0,4
"E26HA02-04","C26","Chinese","Genuine","Happy 2 CN",1,0,0.3418249,0.3255062,0.02050172,0.02329463,0.000646132,0.003505444,0.3317613,0,0,0,0,0,1,0,0,0,1,0,0,0,0,0,0,0,0,0,0,4
"E26HA02-04","C26","Chinese","Genuine","Happy 2 CN",2,0.125,0.3457682,0.3183911,0.02037658,0.02253235,0.001075326,0.003720055,0.3084213,0.00049245,0,0,0,0,1,0,0,0,1,0,0,0,0,0,0,0,0,0,0,4
"E26HA02-04","C26","Chinese","Genuine","Happy 2 CN",3,0.25,0.3547434,0.3006734,0.01974986,0.02183795,0.001689431,0.005040059,0.2781089,0.000338637,0,0,0,0,1,0,0,0,1,0,0,0,0,0,0,0,0,0,0,4
"E26HA02-04","C26","Chinese","Genuine","Happy 2 CN",4,0.375,0.3494219,0.3090864,0.01729343,0.02074418,0.001765116,0.005240841,0.2756926,0.00058326,0,0,0,0,1,0,0,0,1,0,0,0,0,0,0,0,0,0,0,4
"E26HA02-04","C26","Chinese","Genuine","Happy 2 CN",5,0.5,0.267815,0.469836,0.01234962,0.01547993,0.001940282,0.00419205,0.2033732,0.000401082,0,0,0,0,2,0,0,0,2,0,0,0,0,0,0,0,1,0,0,4
"E26HA02-04","C26","Chinese","Genuine","Happy 2 CN",6,0.625,0.1919188,0.6199214,0.008522758,0.01147168,0.001826756,0.002903091,0.1409963,0.000275807,0,0,0,0,2,0,0,0,2,0,0,0,0,0,0,0,2,0,0,4
"E26HA02-04","C26","Chinese","Genuine","Happy 2 CN",7,0.75,0.136574,0.729437,0.005891304,0.009092586,0.001615176,0.002004373,0.09754542,0.00018966,0,0,0,0,3,0,0,0,3,0,0,0,0,0,0,0,3,0,0,4
"E26HA02-04","C26","Chinese","Genuine","Happy 2 CN",8,0.875,0.1008333,0.8001112,0.004076342,0.007166665,0.001709241,0.001386165,0.06748461,0.000130421,0,0,0,0,3,0,0,0,3,0,0,0,0,0,0,0,3,1,0,4
"E26HA02-04","C26","Chinese","Genuine","Happy 2 CN",9,1,0.07238053,0.8564616,0.002837817,0.005536554,0.001506069,0.000967703,0.04680442,8.9685e-05,0,0,0,0,3,0,0,0,3,0,0,0,0,0,0,0,3,1,0,3
"E26HA02-04","C26","Chinese","Genuine","Happy 2 CN",10,1.125,0.05427987,0.8922814,0.001974402,0.004089647,0.00147934,0.000685676,0.03265017,6.1672e-05,0,0,0,0,3,0,0,0,3,0,0,0,0,0,0,0,3,1,0,3
"E26HA02-04","C26","Chinese","Genuine","Happy 2 CN",11,1.25,0.04102428,0.9185309,0.001447828,0.003225443,0.001623691,0.000482737,0.02280748,4.2409e-05,0,0,0,0,3,0,0,0,3,0,0,0,0,0,0,0,3,1,0,3
"E26HA02-04","C26","Chinese","Genuine","Happy 2 CN",12,1.375,0.03277579,0.9348476,0.001086081,0.002843824,0.00146673,0.000342625,0.01615206,3.5507e-05,0,0,0,0,3,0,0,0,3,0,0,0,0,0,0,0,4,1,0,3
"E26HA02-04","C26","Chinese","Genuine","Happy 2 CN",13,1.5,0.02731618,0.9456423,0.000817625,0.002620832,0.001485703,0.000241938,0.01134965,2.4417e-05,0,0,0,0,3,0,0,0,3,0,0,0,0,0,0,0,4,1,0,3
"E26HA02-04","C26","Chinese","Genuine","Happy 2 CN",14,1.625,0.02251347,0.955162,0.000608976,0.002349958,0.001611343,0.000176599,0.007956455,1.679e-05,0,0,0,0,4,0,0,0,3,0,0,0,0,0,0,0,4,1,0,3
"E26HA02-04","C26","Chinese","Genuine","Happy 2 CN",15,1.75,0.02039457,0.9593424,0.000476319,0.002514291,0.001607457,0.000151006,0.006143942,1.1546e-05,0,0,0,0,4,0,0,0,3,0,0,0,0,0,0,0,4,1,0,3
"E26HA02-04","C26","Chinese","Genuine","Happy 2 CN",16,1.875,0.01855908,0.9629725,0.000458028,0.002259773,0.001443604,0.000134025,0.004747925,7.94e-06,0,0,0,0,4,0,0,0,3,0,0,0,0,0,0,0,4,1,0,3
"E26HA02-04","C26","Chinese","Genuine","Happy 2 CN",17,2,0.02216721,0.9557303,0.000448924,0.00180865,0.001614028,0.000110176,0.004241644,5.46e-06,0,0,0,0,4,0,0,0,3,0,0,0,0,0,0,0,4,1,0,3
"E26HA02-04","C26","Chinese","Genuine","Happy 2 CN",18,2.125,0.02318922,0.9536676,0.000357772,0.002092092,0.001593644,0.000120352,0.00370399,3.754e-06,0,0,0,0,4,0,0,0,3,0,0,0,0,0,0,0,4,1,0,3
"E26HA02-04","C26","Chinese","Genuine","Happy 2 CN",19,2.25,0.02199383,0.9560443,0.000306717,0.002136704,0.001659928,9.5453e-05,0.002857853,2.582e-06,0,0,0,0,4,0,0,0,3,0,0,0,0,0,0,0,4,1,0,3
"E26HA02-04","C26","Chinese","Genuine","Happy 2 CN",20,2.375,0.02157057,0.9568844,0.000300071,0.001706569,0.001474259,7.627e-05,0.002944277,0.000439526,0,0,0,0,4,0,0,0,3,0,0,0,0,0,0,0,4,1,0,2
"E26HA02-04","C26","Chinese","Genuine","Happy 2 CN",21,2.5,0.01992135,0.9601831,0.000276724,0.002758442,0.001635033,6.4129e-05,0.003195201,0.000302242,0,0,0,0,4,0,0,0,3,0,0,0,0,0,0,0,4,1,0,2
"E26HA02-04","C26","Chinese","Genuine","Happy 2 CN",22,2.625,0.02379998,0.95242,0.0002605,0.004081406,0.001710047,6.522e-05,0.003183001,0.000207839,0,0,0,0,4,0,0,0,3,0,0,0,0,0,0,0,4,1,0,2
"E26HA02-04","C26","Chinese","Genuine","Happy 2 CN",23,2.75,0.02214678,0.9557215,0.000276902,0.003357056,0.001653832,6.4973e-05,0.003913978,0.000142922,0,0,0,0,4,0,0,0,3,0,0,0,0,0,0,0,4,1,0,2
"E26HA02-04","C26","Chinese","Genuine","Happy 2 CN",24,2.875,0.02195663,0.956099,0.000264113,0.003185818,0.001554629,6.7377e-05,0.004397997,9.8281e-05,0,0,0,0,4,0,0,0,3,0,0,0,0,0,0,0,3,1,0,2
"E26HA02-04","C26","Chinese","Genuine","Happy 2 CN",25,3,0.02566315,0.9486841,0.000257981,0.003261729,0.001333876,7.6346e-05,0.004119774,6.7583e-05,0,0,0,0,4,0,0,0,3,0,0,0,0,0,0,0,4,1,0,2
"E26HA02-04","C26","Chinese","Genuine","Happy 2 CN",26,3.125,0.02146381,0.9570801,0.000206234,0.003268797,0.001084125,7.5435e-05,0.003336267,4.7054e-05,0,0,0,0,4,0,0,0,3,0,0,0,0,0,0,0,4,1,0,2
"E26HA02-04","C26","Chinese","Genuine","Happy 2 CN",27,3.25,0.01792753,0.9641504,0.000228929,0.003389439,0.00089552,6.9183e-05,0.002904701,3.2357e-05,0,0,0,0,4,0,0,0,3,0,0,0,0,0,0,0,4,1,0,3
"E26HA02-04","C26","Chinese","Genuine","Happy 2 CN",28,3.375,0.0178884,0.9642271,0.000261226,0.003518685,0.000801311,6.1291e-05,0.002913264,2.225e-05,0,0,0,0,4,0,0,0,3,0,0,0,0,0,0,0,4,1,0,3
"E26HA02-04","C26","Chinese","Genuine","Happy 2 CN",29,3.5,0.02012167,0.9597595,0.00023093,0.003500625,0.000818139,5.1122e-05,0.002686154,1.5301e-05,0,0,0,0,4,0,0,0,3,0,0,0,0,0,0,0,4,1,0,3
"E26HA02-04","C26","Chinese","Genuine","Happy 2 CN",30,3.625,0.01800137,0.9639994,0.000230003,0.003203168,0.000930976,4.2823e-05,0.002498811,1.0522e-05,0,0,0,0,4,0,0,0,3,0,0,0,0,0,0,0,4,1,0,3
"E26HA02-04","C26","Chinese","Genuine","Happy 2 CN",31,3.75,0.01579349,0.9684147,0.000209406,0.003359357,0.000918535,4.6229e-05,0.002721413,7.235e-06,0,0,0,0,4,0,0,0,3,0,0,0,0,0,0,0,4,1,0,3
"E26HA02-04","C26","Chinese","Genuine","Happy 2 CN",32,3.875,0.01862359,0.9627541,0.000266537,0.003510968,0.001168398,7.247e-05,0.003686831,4.975e-06,0,0,0,0,4,0,0,0,3,0,0,0,0,0,0,0,3,1,0,3
"E26HA02-04","C26","Chinese","Genuine","Happy 2 CN",33,4,0.03685185,0.9263004,0.000385819,0.004454108,0.001364355,0.000125663,0.01125472,3.421e-06,0,0,0,0,4,0,0,0,3,0,0,0,0,0,0,0,3,1,0,3
"E26HA02-04","C26","Chinese","Genuine","Happy 2 CN",34,4.125,0.04675927,0.9064851,0.000461946,0.00655602,0.001541646,0.000175764,0.01784153,2.353e-06,0,0,0,0,3,0,0,0,3,0,0,0,0,0,0,0,3,1,0,3
"E26HA02-04","C26","Chinese","Genuine","Happy 2 CN",35,4.25,0.0559754,0.8880523,0.000932099,0.006705789,0.001529982,0.000238516,0.04391813,1.618e-06,0,0,0,0,3,0,0,0,3,0,0,0,0,0,0,0,3,1,0,3
"E26HA02-04","C26","Chinese","Genuine","Happy 2 CN",36,4.375,0.06805637,0.8638912,0.001036168,0.006941189,0.001811723,0.000310064,0.07508907,1.113e-06,0,0,0,0,3,0,0,0,3,0,0,0,0,0,0,0,3,1,0,3
"E26HA02-04","C26","Chinese","Genuine","Happy 2 CN",37,4.5,0.08202611,0.8359623,0.001748872,0.008079086,0.003188436,0.000681408,0.08783145,7.65e-07,0,0,0,0,3,0,0,0,3,0,0,0,0,0,0,0,3,1,0,3
"E26HA02-04","C26","Chinese","Genuine","Happy 2 CN",38,4.625,0.1549499,0.6730517,0.005577191,0.01099521,0.003460929,0.001366793,0.1759269,5.26e-07,0,0,0,0,3,0,0,0,3,0,0,0,0,0,0,0,2,1,0,4
"E26HA02-04","C26","Chinese","Genuine","Happy 2 CN",39,4.75,0.2449948,0.4991411,0.01877831,0.02642811,0.005869071,0.001332417,0.1554087,3.62e-07,0,0,0,0,3,0,0,0,2,0,0,0,0,0,0,0,2,0,0,4
"E26HA02-04","C26","Chinese","Genuine","Happy 2 CN",40,4.875,0.2875144,0.4177154,0.02378304,0.03418539,0.007817251,0.001343243,0.1327062,0.003665214,0,0,0,0,3,0,0,0,2,0,0,0,0,0,0,0,1,0,0,4
"E26HA03-04","C26","Chinese","Genuine","Happy 3 CN",1,0,0.4361382,0.0152472,0.2304263,0.01830119,0.006786946,0.004025882,0.02887795,0,0,0,0,0,0,0,0,0,1,0,0,0,0,0,0,0,0,0,0,4
"E26HA03-04","C26","Chinese","Genuine","Happy 3 CN",2,0.125,0.4339141,0.02322746,0.2112749,0.01464624,0.005673399,0.003494233,0.03618177,0.002289365,0,0,0,0,0,0,0,0,1,0,0,0,0,0,0,0,0,0,0,4
"E26HA03-04","C26","Chinese","Genuine","Happy 3 CN",3,0.25,0.4403117,0.03791971,0.1726562,0.01228835,0.004828919,0.002921287,0.05419984,0.00299783,0,0,0,0,0,0,0,0,1,0,0,0,0,0,0,0,0,0,0,4
"E26HA03-04","C26","Chinese","Genuine","Happy 3 CN",4,0.375,0.4251296,0.09443212,0.1368679,0.01190571,0.00371912,0.002336804,0.04806796,0.002061476,0,0,0,0,1,0,0,0,1,0,0,0,0,0,0,0,0,0,0,4
"E26HA03-04","C26","Chinese","Genuine","Happy 3 CN",5,0.5,0.3861768,0.1899352,0.1025617,0.01059818,0.002883672,0.001827718,0.04726858,0.002979144,0,0,0,0,1,0,0,0,1,0,0,0,0,0,0,0,0,0,0,4
"E26HA03-04","C26","Chinese","Genuine","Happy 3 CN",6,0.625,0.300989,0.3721115,0.07180913,0.008213426,0.002582686,0.001274137,0.03512405,0.002048626,0,0,0,0,2,0,0,0,2,0,0,0,0,0,0,0,0,0,0,4
"E26HA03-04","C26","Chinese","Genuine","Happy 3 CN",7,0.75,0.2146809,0.5528219,0.04961995,0.006928805,0.002018185,0.000877793,0.02425775,0.00140875,0,0,0,0,2,0,0,0,2,0,0,0,0,0,0,0,1,0,0,4
"E26HA03-04","C26","Chinese","Genuine","Happy 3 CN",8,0.875,0.1551092,0.677531,0.03416681,0.004928521,0.002483855,0.000606486,0.01700365,0.000968736,0,0,0,0,3,0,0,0,3,0,0,0,0,0,0,0,2,0,0,3
"E26HA03-04","C26","Chinese","Genuine","Happy 3 CN",9,1,0.1140295,0.7635179,0.02352714,0.003808704,0.00273204,0.00042003,0.01239891,0.000666157,0,0,0,0,3,0,0,0,3,0,0,0,0,0,0,0,3,0,0,3
"E26HA03-04","C26","Chinese","Genuine","Happy 3 CN",10,1.125,0.0883091,0.8175907,0.01622218,0.002878643,0.002509526,0.000294837,0.008830201,0.001007127,0,0,0,0,3,0,0,0,3,0,0,0,0,0,0,0,3,0,0,3
"E26HA03-04","C26","Chinese","Genuine","Happy 3 CN",11,1.25,0.06727561,0.8614677,0.01122031,0.002261192,0.002080548,0.000205957,0.006404398,0.001211916,0,0,0,0,3,0,0,0,3,0,0,0,0,0,0,0,3,1,0,3
"E26HA03-04","C26","Chinese","Genuine","Happy 3 CN",12,1.375,0.05334898,0.8905652,0.007820732,0.002121547,0.001639756,0.000147493,0.00465755,0.000833381,0,0,0,0,3,0,0,0,3,0,0,0,0,0,0,0,3,1,0,3
"E26HA03-04","C26","Chinese","Genuine","Happy 3 CN",13,1.5,0.04397021,0.9101781,0.005516035,0.001872946,0.001415927,0.000108622,0.003660855,0.00057308,0,0,0,0,3,0,0,0,3,0,0,0,0,0,0,0,3,1,0,3
"E26HA03-04","C26","Chinese","Genuine","Happy 3 CN",14,1.625,0.03714233,0.9244221,0.004037486,0.002419004,0.001230934,8.0271e-05,0.003200936,0.000394082,0,0,0,0,3,0,0,0,3,0,0,0,0,0,0,0,3,1,0,3
"E26HA03-04","C26","Chinese","Genuine","Happy 3 CN",15,1.75,0.03291616,0.9332794,0.002933196,0.004851703,0.001467686,6.1764e-05,0.003109729,0.000270993,0,0,0,0,3,0,0,0,3,0,0,0,0,0,0,0,3,1,0,3
"E26HA03-04","C26","Chinese","Genuine","Happy 3 CN",16,1.875,0.04544436,0.9085058,0.002345619,0.008133551,0.001433125,6.3812e-05,0.009952242,0.000221359,0,0,0,0,3,0,0,0,3,0,0,0,0,0,0,0,3,1,0,3
"E26HA03-04","C26","Chinese","Genuine","Happy 3 CN",17,2,0.08427787,0.8310688,0.002609339,0.02548356,0.001753636,0.000107369,0.02113374,0.00168733,0,0,0,0,3,0,0,0,3,0,0,0,0,0,0,0,3,0,0,3
"E26HA03-04","C26","Chinese","Genuine","Happy 3 CN",18,2.125,0.1211841,0.75743,0.00462527,0.05076193,0.001878664,0.000202144,0.02793336,0.004706346,0,0,0,0,3,0,0,0,3,0,0,0,0,0,0,0,3,0,0,3
"E26HA03-04","C26","Chinese","Genuine","Happy 3 CN",19,2.25,0.1415317,0.716887,0.004175823,0.05319634,0.002151286,0.000317538,0.03726596,0.0100317,0,0,0,0,3,0,0,0,3,0,0,0,0,0,0,0,2,0,0,3
"E26HA03-04","C26","Chinese","Genuine","Happy 3 CN",20,2.375,0.1825326,0.6351355,0.004750638,0.0722657,0.001973598,0.00038068,0.04121566,0.01248391,0,0,0,0,3,0,0,0,3,0,0,0,0,0,0,0,2,0,0,3
"E26HA03-04","C26","Chinese","Genuine","Happy 3 CN",21,2.5,0.2106322,0.57908,0.006275649,0.07343712,0.001888881,0.000405416,0.04527703,0.01242793,0,0,0,0,3,0,0,0,3,0,0,0,0,0,0,0,2,0,0,3
"E26HA03-04","C26","Chinese","Genuine","Happy 3 CN",22,2.625,0.222455,0.5556207,0.01167043,0.0589546,0.001756844,0.000651395,0.06854694,0.008861444,0,0,0,0,3,0,0,0,3,0,0,0,0,0,0,0,2,0,0,3
"E26HA03-04","C26","Chinese","Genuine","Happy 3 CN",23,2.75,0.1702567,0.6598545,0.008380625,0.0414215,0.001396189,0.000456947,0.04849439,0.006093625,0,0,0,0,3,0,0,0,3,0,0,0,0,0,0,0,2,0,0,3
"E26HA03-04","C26","Chinese","Genuine","Happy 3 CN",24,2.875,0.1323483,0.7355578,0.005868441,0.0313727,0.001087446,0.000316017,0.033534,0.004190318,0,0,0,0,3,0,0,0,3,0,0,0,0,0,0,0,2,0,0,3
"E26HA03-04","C26","Chinese","Genuine","Happy 3 CN",25,3,0.1037861,0.7926037,0.004156243,0.0241861,0.00101337,0.000219139,0.02323988,0.002881498,0,0,0,0,3,0,0,0,3,0,0,0,0,0,0,0,3,0,0,3
"E26HA03-04","C26","Chinese","Genuine","Happy 3 CN",26,3.125,0.08451389,0.8310953,0.002967055,0.0174323,0.001095304,0.000153786,0.01621995,0.001981479,0,0,0,0,3,0,0,0,3,0,0,0,0,0,0,0,3,0,0,3
"E26HA03-04","C26","Chinese","Genuine","Happy 3 CN",27,3.25,0.07292093,0.8542461,0.002156507,0.01264186,0.001345227,0.000109099,0.01190985,0.001362576,0,0,0,0,3,0,0,0,3,0,0,0,0,0,0,0,3,0,0,3
"E26HA03-04","C26","Chinese","Genuine","Happy 3 CN",28,3.375,0.06006242,0.8799366,0.001573726,0.009404739,0.001246065,7.7113e-05,0.008472688,0.000936984,0,0,0,0,3,0,0,0,3,0,0,0,0,0,0,0,3,0,0,3
"E26HA03-04","C26","Chinese","Genuine","Happy 3 CN",29,3.5,0.04926206,0.9015201,0.001202688,0.007144317,0.001164507,5.6755e-05,0.006204273,0.000644323,0,0,0,0,3,0,0,0,3,0,0,0,0,0,0,0,3,0,0,3
"E26HA03-04","C26","Chinese","Genuine","Happy 3 CN",30,3.625,0.04051254,0.919006,0.000919846,0.005712254,0.001055441,4.3593e-05,0.004784237,0.000443072,0,0,0,0,3,0,0,0,3,0,0,0,0,0,0,0,3,0,0,3
"E26HA03-04","C26","Chinese","Genuine","Happy 3 CN",31,3.75,0.03604792,0.9279267,0.000788575,0.004650934,0.000926051,3.8167e-05,0.003931454,0.000304681,0,0,0,0,3,0,0,0,3,0,0,0,0,0,0,0,4,0,0,3
"E26HA03-04","C26","Chinese","Genuine","Happy 3 CN",32,3.875,0.03574921,0.9285181,0.000887362,0.003583918,0.001002686,3.7754e-05,0.004546103,0.000209516,0,0,0,0,3,0,0,0,3,0,0,0,0,0,0,0,4,0,0,3
"E26HA03-04","C26","Chinese","Genuine","Happy 3 CN",33,4,0.03284764,0.9343188,0.001112145,0.003648027,0.001277278,4.3679e-05,0.005264818,0.000144075,0,0,0,0,3,0,0,0,3,0,0,0,0,0,0,0,4,0,0,3
"E26HA03-04","C26","Chinese","Genuine","Happy 3 CN",34,4.125,0.03592715,0.9281585,0.001238602,0.004001588,0.001220006,4.4499e-05,0.005533184,0.00036086,0,0,0,0,3,0,0,0,3,0,0,0,0,0,0,0,4,0,0,3
"E26HA03-04","C26","Chinese","Genuine","Happy 3 CN",35,4.25,0.04111936,0.9177767,0.001170567,0.008458817,0.001125676,4.7716e-05,0.00582153,0.000248148,0,0,0,0,3,0,0,0,3,0,0,0,0,0,0,0,4,0,0,3
"E26HA03-04","C26","Chinese","Genuine","Happy 3 CN",36,4.375,0.03923328,0.9215457,0.000967765,0.01007917,0.001025282,5.5794e-05,0.005967398,0.00017064,0,0,0,0,3,0,0,0,3,0,0,0,0,0,0,0,4,0,0,3
"E26HA03-04","C26","Chinese","Genuine","Happy 3 CN",37,4.5,0.03668641,0.9266378,0.000872106,0.01199361,0.002023052,4.5489e-05,0.006693646,0.000117342,0,0,0,0,3,0,0,0,3,0,0,0,0,0,0,0,4,0,0,3
"E26HA03-04","C26","Chinese","Genuine","Happy 3 CN",38,4.625,0.03199389,0.9360249,0.000787529,0.01064196,0.001595062,3.8746e-05,0.006131368,8.0691e-05,0,0,0,0,3,0,0,0,3,0,0,0,0,0,0,0,4,0,0,3
"E26HA03-04","C26","Chinese","Genuine","Happy 3 CN",39,4.75,0.02755019,0.9449245,0.00061881,0.009370305,0.001430036,3.3518e-05,0.005422641,5.5487e-05,0,0,0,0,3,0,0,0,3,0,0,0,0,0,0,0,4,0,0,3
"E26HA03-04","C26","Chinese","Genuine","Happy 3 CN",40,4.875,0.02581527,0.9484065,0.000514743,0.01083363,0.00131716,2.707e-05,0.005705426,3.8156e-05,0,0,0,0,3,0,0,0,3,0,0,0,0,0,0,0,4,1,0,3
"E26HA03-04","C26","Chinese","Genuine","Happy 3 CN",41,5,0.02396426,0.9521253,0.000493954,0.01078084,0.001777098,2.5032e-05,0.007286548,2.6238e-05,0,0,0,0,3,0,0,0,3,0,0,0,0,0,0,0,4,1,0,3
"E26HA03-04","C26","Chinese","Genuine","Happy 3 CN",42,5.125,0.02138528,0.9572737,0.000500138,0.009811981,0.001706307,2.0222e-05,0.006331914,1.8043e-05,0,0,0,0,3,0,0,0,3,0,0,0,0,0,0,0,4,1,0,3
"E26HA03-04","C26","Chinese","Genuine","Happy 3 CN",43,5.25,0.01973994,0.9605533,0.000484284,0.008350826,0.001388841,2.0676e-05,0.005172535,0.00019356,0,0,0,0,3,0,0,0,3,0,0,0,0,0,0,0,4,1,0,3
"E26HA03-04","C26","Chinese","Genuine","Happy 3 CN",44,5.375,0.02019848,0.9596291,0.000586815,0.008051366,0.001166588,1.8179e-05,0.00413443,0.000568768,0,0,0,0,3,0,0,0,3,0,0,0,0,0,0,0,4,1,0,3
"E26HA03-04","C26","Chinese","Genuine","Happy 3 CN",45,5.5,0.02065472,0.9587116,0.000464114,0.01148484,0.000910581,1.6647e-05,0.003894287,0.000391116,0,0,0,0,3,0,0,0,3,0,0,0,0,0,0,0,4,1,0,3
"E26HA03-04","C26","Chinese","Genuine","Happy 3 CN",46,5.625,0.02361039,0.9527981,0.000452351,0.01160594,0.001056736,2.1576e-05,0.004541788,0.000268954,0,0,0,0,3,0,0,0,3,0,0,0,0,0,0,0,4,1,0,3
"E26HA03-04","C26","Chinese","Genuine","Happy 3 CN",47,5.75,0.02405445,0.9519513,0.000618977,0.008697384,0.001594894,2.9307e-05,0.005953227,0.001300589,0,0,0,0,3,0,0,0,3,0,0,0,0,0,0,0,4,1,0,3
"E26HA03-04","C26","Chinese","Genuine","Happy 3 CN",48,5.875,0.03392655,0.9322413,0.001156833,0.008644205,0.002296096,6.3609e-05,0.009468062,0.000894358,0,0,0,0,3,0,0,0,3,0,0,0,0,0,0,0,4,1,0,3
"E26HA03-04","C26","Chinese","Genuine","Happy 3 CN",49,6,0.04146908,0.9172767,0.001439618,0.01136377,0.003004943,0.000117824,0.008511753,0.000615011,0,0,0,0,3,0,0,0,3,0,0,0,0,0,0,0,3,1,0,3
"E26HA03-04","C26","Chinese","Genuine","Happy 3 CN",50,6.125,0.03732631,0.9255053,0.001373369,0.009964563,0.002308077,0.000122082,0.008361191,0.000422916,0,0,0,0,3,0,0,0,3,0,0,0,0,0,0,0,3,1,0,3
"E26HA03-04","C26","Chinese","Genuine","Happy 3 CN",51,6.25,0.04569117,0.9087435,0.002258921,0.009913651,0.002024739,0.000113198,0.008352357,0.000290821,0,0,0,0,3,0,0,0,3,0,0,0,0,0,0,0,3,1,0,3
"E26HA03-04","C26","Chinese","Genuine","Happy 3 CN",52,6.375,0.05770107,0.8847543,0.002495011,0.01166246,0.0016455,0.000162584,0.01016129,0.000199985,0,0,0,0,3,0,0,0,3,0,0,0,0,0,0,0,3,0,0,4
"E26HA03-04","C26","Chinese","Genuine","Happy 3 CN",53,6.5,0.1036519,0.7929139,0.003689232,0.01490076,0.001656786,0.000234003,0.01880336,0.002913316,0,0,0,0,3,0,0,0,3,0,0,0,0,0,0,0,3,0,0,4
"E26HA03-04","C26","Chinese","Genuine","Happy 3 CN",54,6.625,0.1647255,0.6712375,0.007078874,0.04356749,0.001599803,0.000620942,0.03355709,0.00650725,0,0,0,0,3,0,0,0,3,0,0,0,0,0,0,0,3,0,0,4
"E26HA03-04","C26","Chinese","Genuine","Happy 3 CN",55,6.75,0.2503373,0.505185,0.01492458,0.0687449,0.001650956,0.001018884,0.05071498,0.004876871,0,0,0,0,3,0,0,0,3,0,0,0,0,0,0,0,3,0,0,4
"E26HA03-04","C26","Chinese","Genuine","Happy 3 CN",56,6.875,0.3067817,0.3553984,0.04401317,0.07149675,0.001657206,0.000870721,0.081091,0.003888645,0,0,0,0,3,0,0,0,3,0,0,0,0,0,0,0,2,0,0,4
"E26HA03-04","C26","Chinese","Genuine","Happy 3 CN",57,7,0.3459858,0.2494134,0.06391869,0.09451722,0.00155837,0.000710191,0.07922006,0.00334343,0,0,0,0,2,0,0,0,2,0,0,0,0,0,0,0,2,0,0,4
"E26HA03-04","C26","Chinese","Genuine","Happy 3 CN",58,7.125,0.3675991,0.1790117,0.09936655,0.0825435,0.002160018,0.000602391,0.1007855,0.00229913,0,0,0,0,2,0,0,0,2,0,0,0,0,0,0,0,2,0,0,4
"E26HA03-04","C26","Chinese","Genuine","Happy 3 CN",59,7.25,0.378791,0.1273432,0.1340486,0.07631611,0.002720825,0.000607459,0.1102511,0.002747882,0,0,0,0,2,0,0,0,2,0,0,0,0,0,0,0,1,0,0,4
"E26HA05-04","C26","Chinese","Genuine","Happy 5 CN",1,0,0.4627879,0.03749358,0.1018609,0.09040905,0.003800767,0.006795181,0.06744172,0.003243976,0,0,0,0,0,0,0,0,2,0,0,0,0,0,0,0,0,0,0,1
"E26HA05-04","C26","Chinese","Genuine","Happy 5 CN",2,0.125,0.4500251,0.07554515,0.08363,0.08737518,0.006708418,0.006835218,0.05343187,0.002534989,0,0,0,0,0,0,0,0,2,0,0,0,0,0,0,0,0,0,0,2
"E26HA05-04","C26","Chinese","Genuine","Happy 5 CN",3,0.25,0.3713638,0.2405816,0.05808891,0.07318819,0.005857596,0.005614562,0.0370942,0.001773742,0,0,0,0,0,0,0,0,2,0,0,0,0,0,0,0,0,0,0,2
"E26HA05-04","C26","Chinese","Genuine","Happy 5 CN",4,0.375,0.2589238,0.4706753,0.0399983,0.05126885,0.004331068,0.003864043,0.02557298,0.001219725,0,0,0,0,1,0,0,0,2,0,0,0,0,0,0,0,1,0,0,2
"E26HA05-04","C26","Chinese","Genuine","Happy 5 CN",5,0.5,0.1799067,0.6322943,0.0275628,0.03564114,0.003354213,0.002667226,0.01774376,0.000838751,0,0,0,0,2,0,0,0,3,0,0,0,0,0,0,0,2,0,0,2
"E26HA05-04","C26","Chinese","Genuine","Happy 5 CN",6,0.625,0.1259327,0.7427076,0.01904933,0.02517455,0.002563264,0.001839976,0.01233432,0.000677059,0,0,0,0,2,0,0,0,3,0,0,0,0,0,0,0,3,1,0,2
"E26HA05-04","C26","Chinese","Genuine","Happy 5 CN",7,0.75,0.08938687,0.8174944,0.0131956,0.01813935,0.002344975,0.001269329,0.008588113,0.000937485,0,0,0,0,3,0,0,0,3,0,0,0,0,0,0,0,3,1,0,2
"E26HA05-04","C26","Chinese","Genuine","Happy 5 CN",8,0.875,0.06365892,0.8701159,0.009118206,0.01303976,0.001979431,0.000877418,0.006075072,0.000918034,0,0,0,0,3,0,0,0,3,0,0,0,0,0,0,0,3,1,0,2
"E26HA05-04","C26","Chinese","Genuine","Happy 5 CN",9,1,0.04608006,0.9060752,0.006301237,0.009766884,0.001853418,0.000609941,0.004277998,0.000917403,0,0,0,0,3,0,0,0,3,0,0,0,0,0,0,0,3,1,0,2
"E26HA05-04","C26","Chinese","Genuine","Happy 5 CN",10,1.125,0.03438393,0.9300187,0.004373799,0.00744302,0.001612115,0.000427759,0.0030331,0.000630858,0,0,0,0,3,0,0,0,3,0,0,0,0,0,0,0,3,1,0,2
"E26HA05-04","C26","Chinese","Genuine","Happy 5 CN",11,1.25,0.02900755,0.9411505,0.003033385,0.005559105,0.001263389,0.000301143,0.002210784,0.001088863,0,0,0,0,3,0,0,0,3,0,0,0,0,0,0,0,4,0,0,2
"E26HA05-04","C26","Chinese","Genuine","Happy 5 CN",12,1.375,0.02569762,0.948031,0.002108461,0.004536825,0.000999395,0.000214552,0.001602059,0.001912918,0,0,0,0,3,0,0,0,3,0,0,0,0,0,0,0,4,0,0,2
"E26HA05-04","C26","Chinese","Genuine","Happy 5 CN",13,1.5,0.02237989,0.9548457,0.001480646,0.003638222,0.000975332,0.000152193,0.001210875,0.00131543,0,0,0,0,3,0,0,0,3,0,0,0,0,0,0,0,4,0,0,2
"E26HA05-04","C26","Chinese","Genuine","Happy 5 CN",14,1.625,0.02133329,0.9570622,0.001060865,0.003092763,0.000959758,0.000115725,0.001102002,0.000906677,0,0,0,0,3,0,0,0,3,0,0,0,0,0,0,0,4,0,0,2
"E26HA05-04","C26","Chinese","Genuine","Happy 5 CN",15,1.75,0.02029144,0.9592307,0.000773019,0.002741726,0.001040445,8.544e-05,0.000863926,0.000623482,0,0,0,0,3,0,0,0,3,0,0,0,0,0,0,0,4,0,0,2
"E26HA05-04","C26","Chinese","Genuine","Happy 5 CN",16,1.875,0.01930909,0.9612542,0.000636826,0.002299234,0.001379297,6.8301e-05,0.001030918,0.000428741,0,0,0,0,3,0,0,0,3,0,0,0,0,0,0,0,4,0,0,2
"E26HA05-04","C26","Chinese","Genuine","Happy 5 CN",17,2,0.0190539,0.9618045,0.000623639,0.002661737,0.001412098,5.646e-05,0.001064235,0.000294826,0,0,0,0,3,0,0,0,3,0,0,0,0,0,0,0,4,0,0,2
"E26HA05-04","C26","Chinese","Genuine","Happy 5 CN",18,2.125,0.01820257,0.9635347,0.000671501,0.002518469,0.001429789,6.3729e-05,0.001434857,0.000576255,0,0,0,0,3,0,0,0,3,0,0,0,0,0,0,0,4,1,0,2
"E26HA05-04","C26","Chinese","Genuine","Happy 5 CN",19,2.25,0.02113428,0.9576904,0.00059514,0.002583871,0.001560276,6.8611e-05,0.003838644,0.000559826,0,0,0,0,3,0,0,0,3,0,0,0,0,0,0,0,4,1,0,3
"E26HA05-04","C26","Chinese","Genuine","Happy 5 CN",20,2.375,0.02526778,0.9494376,0.000538313,0.002388108,0.001966839,8.3516e-05,0.004632546,0.000384967,0,0,0,0,3,0,0,0,3,0,0,0,0,0,0,0,4,1,0,3
"E26HA05-04","C26","Chinese","Genuine","Happy 5 CN",21,2.5,0.03611032,0.9277663,0.000906319,0.002609327,0.002036784,0.000211071,0.007835587,0.000286317,0,0,0,0,3,0,0,0,3,0,0,0,0,0,0,0,3,1,0,3
"E26HA05-04","C26","Chinese","Genuine","Happy 5 CN",22,2.625,0.03921463,0.9215666,0.001296591,0.002587461,0.002090848,0.000277032,0.01195289,0.000196888,0,0,0,0,3,0,0,0,3,0,0,0,0,0,0,0,3,0,0,3
"E26HA05-04","C26","Chinese","Genuine","Happy 5 CN",23,2.75,0.04218212,0.9156361,0.00119834,0.003000909,0.002027654,0.000260065,0.01309798,0.000135391,0,0,0,0,3,0,0,0,3,0,0,0,0,0,0,0,3,0,0,4
"E26HA05-04","C26","Chinese","Genuine","Happy 5 CN",24,2.875,0.04714262,0.9057188,0.001257653,0.003154684,0.001762804,0.000251644,0.02202412,9.3102e-05,0,0,0,0,3,0,0,0,3,0,0,0,0,0,0,0,3,0,0,4
"E26HA05-04","C26","Chinese","Genuine","Happy 5 CN",25,3,0.07372314,0.8526638,0.001412444,0.004271587,0.006267969,0.000513128,0.04229632,6.4022e-05,0,0,0,0,3,0,0,0,3,0,0,0,0,0,0,0,3,0,0,4
"E26HA05-04","C26","Chinese","Genuine","Happy 5 CN",26,3.125,0.1102973,0.7795526,0.001969274,0.005366168,0.005591032,0.001221568,0.08939943,4.4025e-05,0,0,0,0,3,0,0,0,3,0,0,0,0,0,0,0,3,0,0,4
"E26HA05-04","C26","Chinese","Genuine","Happy 5 CN",27,3.25,0.123006,0.7542234,0.002458622,0.01107839,0.004472952,0.001222024,0.09747624,0.000261834,0,0,0,0,3,0,0,0,3,0,0,0,0,0,0,0,3,0,0,4
"E26HA05-04","C26","Chinese","Genuine","Happy 5 CN",28,3.375,0.1603664,0.6797903,0.003206386,0.02456516,0.003691171,0.001888559,0.1266925,0.001133258,0,0,0,0,3,0,0,0,3,0,0,0,0,0,0,0,2,0,0,4
"E26HA05-04","C26","Chinese","Genuine","Happy 5 CN",29,3.5,0.1878327,0.6251129,0.00819313,0.02608325,0.003590098,0.002086203,0.1605337,0.002857714,0,0,0,0,3,0,0,0,3,0,0,0,0,0,0,0,2,0,0,4
"E26HA05-04","C26","Chinese","Genuine","Happy 5 CN",30,3.625,0.2263382,0.5483016,0.009465076,0.03250921,0.003360502,0.002165121,0.1683781,0.005094668,0,0,0,0,3,0,0,0,2,0,0,0,0,0,0,0,2,0,0,4
"E26HA05-04","C26","Chinese","Genuine","Happy 5 CN",31,3.75,0.280208,0.4408031,0.01379445,0.03368418,0.003608455,0.002111831,0.1669801,0.003762753,0,0,0,0,3,0,0,0,2,0,0,0,0,0,0,0,1,0,0,4
"E26HA05-04","C26","Chinese","Genuine","Happy 5 CN",32,3.875,0.317836,0.3290728,0.01768955,0.03263969,0.003876109,0.002081526,0.1773894,0.003856719,0,0,0,0,2,0,0,0,2,0,0,0,0,0,0,0,1,0,0,4
"E26HA05-04","C26","Chinese","Genuine","Happy 5 CN",33,4,0.3055882,0.2575136,0.01686886,0.02678109,0.004909848,0.002413739,0.2633198,0.00291554,0,0,0,0,2,0,0,0,2,0,0,0,0,0,0,0,1,0,0,4
"E26HA06-01","C26","Chinese","Genuine","Happy 6 CN",1,0,0.4210101,0.03897463,0.06021465,0.07377023,0.004075749,0.003564542,0.1672074,0.005593906,0,0,0,0,1,0,0,0,0,0,0,0,0,0,0,0,0,0,0,4
"E26HA06-01","C26","Chinese","Genuine","Happy 6 CN",2,0.125,0.4337112,0.0533303,0.06233842,0.07477401,0.005238608,0.004284135,0.1375485,0.003846683,0,0,0,0,1,0,0,0,0,0,0,0,0,0,0,0,0,0,0,4
"E26HA06-01","C26","Chinese","Genuine","Happy 6 CN",3,0.25,0.4345521,0.05270033,0.06283174,0.0728634,0.005380127,0.004755626,0.1355698,0.002645195,0,0,0,0,1,0,0,0,0,0,0,0,0,0,0,0,0,0,0,4
"E26HA06-01","C26","Chinese","Genuine","Happy 6 CN",4,0.375,0.4387203,0.05232023,0.07586053,0.07201787,0.007911308,0.004054929,0.1294209,0.002307917,0,0,0,0,0,0,0,0,0,0,0,0,0,0,0,0,0,0,0,4
"E26HA06-01","C26","Chinese","Genuine","Happy 6 CN",5,0.5,0.4334083,0.04461231,0.1030926,0.06409685,0.007682108,0.004659439,0.1321012,0.001587053,0,0,1,0,0,0,0,0,0,0,0,0,0,0,0,0,0,0,0,4
"E26HA06-01","C26","Chinese","Genuine","Happy 6 CN",6,0.625,0.439095,0.05111386,0.1025507,0.06066163,0.007361855,0.0057539,0.114519,0.001091347,0,0,1,0,0,0,0,0,0,0,0,0,0,0,0,0,0,0,0,4
"E26HA06-01","C26","Chinese","Genuine","Happy 6 CN",7,0.75,0.4365324,0.07938381,0.08451466,0.05163119,0.007881382,0.006090201,0.1159928,0.001637635,0,0,1,0,1,0,0,0,0,0,0,0,0,0,0,0,0,0,0,4
"E26HA06-01","C26","Chinese","Genuine","Happy 6 CN",8,0.875,0.3970477,0.1732868,0.06295089,0.04999233,0.007020111,0.004512079,0.09723534,0.00277493,0,0,0,0,1,0,0,0,0,0,0,0,0,0,0,0,0,0,0,4
"E26HA06-01","C26","Chinese","Genuine","Happy 6 CN",9,1,0.2903389,0.3969005,0.04361727,0.03611998,0.005676462,0.003187181,0.06860079,0.002258897,0,0,0,0,2,0,0,0,1,0,0,0,0,0,0,0,0,0,0,3
"E26HA06-01","C26","Chinese","Genuine","Happy 6 CN",10,1.125,0.2076917,0.5691989,0.03064978,0.02575913,0.005138853,0.002213881,0.04755636,0.001553344,0,0,0,0,2,0,0,0,1,0,0,0,0,0,0,0,1,0,0,3
"E26HA06-01","C26","Chinese","Genuine","Happy 6 CN",11,1.25,0.1514064,0.6865865,0.02132162,0.01844006,0.004170121,0.001537746,0.03332502,0.001068167,0,0,0,0,3,0,0,0,2,0,0,0,0,0,0,0,1,0,0,3
"E26HA06-01","C26","Chinese","Genuine","Happy 6 CN",12,1.375,0.1149868,0.7627378,0.01496129,0.01317049,0.003581525,0.001077957,0.02370604,0.000734531,0,0,0,0,3,0,0,0,2,0,0,0,0,0,0,0,1,0,0,3
"E26HA06-01","C26","Chinese","Genuine","Happy 6 CN",13,1.5,0.09174751,0.8114948,0.01068763,0.01000728,0.003449631,0.000755449,0.01877128,0.000505105,0,0,0,0,3,0,0,0,2,0,0,0,0,0,0,0,1,0,0,3
"E26HA06-01","C26","Chinese","Genuine","Happy 6 CN",14,1.625,0.08270185,0.8311576,0.008105724,0.008525713,0.003162861,0.000582162,0.02015551,0.000347338,0,0,0,0,3,0,0,0,2,0,0,0,0,0,0,0,1,0,0,3
"E26HA06-01","C26","Chinese","Genuine","Happy 6 CN",15,1.75,0.1020797,0.7935138,0.00646908,0.01214004,0.002420163,0.000549745,0.0237793,0.001405933,0,0,0,0,3,0,0,0,2,0,0,0,0,0,0,0,1,0,0,3
"E26HA06-01","C26","Chinese","Genuine","Happy 6 CN",16,1.875,0.1151694,0.7680942,0.005842907,0.01506478,0.001932656,0.000483901,0.02657463,0.003138073,0,0,0,0,3,0,0,0,2,0,0,0,0,0,0,0,1,0,0,3
"E26HA06-01","C26","Chinese","Genuine","Happy 6 CN",17,2,0.1109323,0.7771054,0.005637449,0.01443979,0.001635841,0.000438042,0.02898046,0.004246801,0,0,0,0,3,0,0,0,2,0,0,0,0,0,0,0,1,0,0,3
"E26HA06-01","C26","Chinese","Genuine","Happy 6 CN",18,2.125,0.1118487,0.7756264,0.005587853,0.01443066,0.001484992,0.000407198,0.03276929,0.004861678,0,0,0,0,3,0,0,0,2,0,0,0,0,0,0,0,1,0,0,3
"E26HA06-01","C26","Chinese","Genuine","Happy 6 CN",19,2.25,0.1177249,0.7641095,0.006806714,0.01723513,0.001939727,0.000408288,0.03773803,0.00500654,0,0,0,0,3,0,0,0,2,0,0,0,0,0,0,0,1,0,0,3
"E26HA06-01","C26","Chinese","Genuine","Happy 6 CN",20,2.375,0.09302011,0.8136582,0.005005243,0.0135742,0.002196112,0.000312256,0.027067,0.003461038,0,0,0,0,3,0,0,0,3,0,0,0,0,0,0,0,1,0,0,3
"E26HA06-01","C26","Chinese","Genuine","Happy 6 CN",21,2.5,0.07136951,0.8570541,0.003793929,0.0109026,0.001922656,0.000226409,0.01914312,0.002431875,0,0,0,0,3,0,0,0,3,0,0,0,0,0,0,0,1,0,0,3
"E26HA06-01","C26","Chinese","Genuine","Happy 6 CN",22,2.625,0.05621193,0.8874339,0.002754051,0.0102443,0.001705889,0.00016706,0.01337409,0.001672293,0,0,0,0,3,0,0,0,3,0,0,0,0,0,0,0,2,1,0,3
"E26HA06-01","C26","Chinese","Genuine","Happy 6 CN",23,2.75,0.04761922,0.9046639,0.00198578,0.008679245,0.001629597,0.000132465,0.009550026,0.00129032,0,0,0,0,3,0,0,0,3,0,0,0,0,0,0,0,2,1,0,3
"E26HA06-01","C26","Chinese","Genuine","Happy 6 CN",24,2.875,0.03811427,0.9237048,0.001761818,0.006566671,0.001285966,9.5467e-05,0.00676439,0.001007506,0,0,0,0,3,0,0,0,3,0,0,0,0,0,0,0,3,1,0,2
"E26HA06-01","C26","Chinese","Genuine","Happy 6 CN",25,3,0.03149383,0.9369669,0.001426334,0.005790362,0.001259346,7.0201e-05,0.004840834,0.000817443,0,0,0,0,3,0,0,0,3,0,0,0,0,0,0,0,3,1,0,2
"E26HA06-01","C26","Chinese","Genuine","Happy 6 CN",26,3.125,0.02905025,0.9418687,0.001221955,0.004728272,0.001402184,7.4121e-05,0.003633853,0.00056212,0,0,0,0,3,0,0,0,3,0,0,0,0,0,0,0,3,1,0,2
"E26HA06-01","C26","Chinese","Genuine","Happy 6 CN",27,3.25,0.02878128,0.9424183,0.001326757,0.004648778,0.001562731,6.1379e-05,0.00269256,0.000386545,0,0,0,0,3,0,0,0,3,0,0,0,0,0,0,0,3,1,0,2
"E26HA06-01","C26","Chinese","Genuine","Happy 6 CN",28,3.375,0.02756919,0.9448506,0.001105168,0.003617426,0.001658005,4.8e-05,0.002196179,0.00026581,0,0,0,0,3,0,0,0,3,0,0,0,0,0,0,0,3,1,0,2
"E26HA06-01","C26","Chinese","Genuine","Happy 6 CN",29,3.5,0.03021209,0.9395717,0.001195162,0.003176949,0.001789118,4.4509e-05,0.001865477,0.000323006,0,0,0,0,3,0,0,0,3,0,0,0,0,0,0,0,3,1,0,2
"E26HA06-01","C26","Chinese","Genuine","Happy 6 CN",30,3.625,0.03041304,0.9391817,0.001086915,0.002551898,0.002262122,3.4599e-05,0.001525565,0.000222117,0,0,0,0,3,0,0,0,3,0,0,0,0,0,0,0,3,1,0,2
"E26HA06-01","C26","Chinese","Genuine","Happy 6 CN",31,3.75,0.03861482,0.9227781,0.001335852,0.002578491,0.001994029,3.3743e-05,0.001549901,0.00015274,0,0,0,0,3,0,0,0,3,0,0,0,0,0,0,0,3,1,0,2
"E26HA06-01","C26","Chinese","Genuine","Happy 6 CN",32,3.875,0.04216962,0.9156685,0.001526811,0.003062845,0.001843063,3.2992e-05,0.001375132,0.000232509,0,0,0,0,3,0,0,0,3,0,0,0,0,0,0,0,3,1,0,2
"E26HA06-01","C26","Chinese","Genuine","Happy 6 CN",33,4,0.05249203,0.8950288,0.002038296,0.003802907,0.001825352,3.5191e-05,0.001409036,0.00021053,0,0,0,0,3,0,0,0,3,0,0,0,0,0,0,0,3,1,0,2
"E26HA06-01","C26","Chinese","Genuine","Happy 6 CN",34,4.125,0.06526627,0.8694835,0.002228721,0.005603607,0.002467895,3.1781e-05,0.001638593,0.000144773,0,0,0,0,3,0,0,0,3,0,0,0,0,0,0,0,3,1,0,2
"E26HA06-01","C26","Chinese","Genuine","Happy 6 CN",35,4.25,0.07097972,0.8580624,0.00290967,0.006861757,0.002032294,2.9747e-05,0.002763414,9.9554e-05,0,0,0,0,3,0,0,0,3,0,0,0,0,0,0,0,3,1,0,2
"E26HA06-01","C26","Chinese","Genuine","Happy 6 CN",36,4.375,0.06147327,0.8770924,0.002808312,0.00671487,0.001710996,3.6465e-05,0.003140675,0.00290728,0,0,0,0,3,0,0,0,3,0,0,0,0,0,0,0,2,1,0,2
"E26HA06-01","C26","Chinese","Genuine","Happy 6 CN",37,4.5,0.05409578,0.8918422,0.003062748,0.007559,0.001356964,5.7617e-05,0.005378052,0.001999209,0,0,0,0,3,0,0,0,3,0,0,0,0,0,0,0,2,0,0,2
"E26HA06-01","C26","Chinese","Genuine","Happy 6 CN",38,4.625,0.04524619,0.909532,0.002518483,0.00602023,0.001111824,5.7346e-05,0.005257803,0.004810262,0,0,0,0,3,0,0,0,3,0,0,0,0,0,0,0,2,0,0,3
"E26HA06-01","C26","Chinese","Genuine","Happy 6 CN",39,4.75,0.04462108,0.9107765,0.002170492,0.004690987,0.000983943,5.5911e-05,0.004576196,0.004399888,0,0,0,0,3,0,0,0,3,0,0,0,0,0,0,0,2,0,0,3
"E26HA06-01","C26","Chinese","Genuine","Happy 6 CN",40,4.875,0.03780929,0.9243957,0.002325743,0.004297681,0.000848332,6.4683e-05,0.004173514,0.007370001,0,0,0,0,3,0,0,0,3,0,0,0,0,0,0,0,2,0,0,3
"E26HA06-01","C26","Chinese","Genuine","Happy 6 CN",41,5,0.03942319,0.921165,0.001973481,0.004649535,0.000964568,6.9129e-05,0.005987654,0.005068026,0,0,0,0,3,0,0,0,3,0,0,0,0,0,0,0,2,0,0,3
"E26HA06-01","C26","Chinese","Genuine","Happy 6 CN",42,5.125,0.04184661,0.9163253,0.001905876,0.00548565,0.000894479,0.000119301,0.006308808,0.00763357,0,0,0,0,3,0,0,0,3,0,0,0,0,0,0,0,2,0,0,4
"E26HA06-01","C26","Chinese","Genuine","Happy 6 CN",43,5.25,0.03850253,0.9230176,0.002005341,0.006543113,0.000834785,0.00011909,0.005877542,0.006879114,0,0,0,0,3,0,0,0,3,0,0,0,0,0,0,0,2,0,0,4
"E26HA06-01","C26","Chinese","Genuine","Happy 6 CN",44,5.375,0.04658827,0.9068528,0.001919019,0.008620214,0.00116167,0.000146367,0.00533908,0.007237876,0,0,0,0,3,0,0,0,3,0,0,0,0,0,0,0,2,0,0,4
"E26HA06-01","C26","Chinese","Genuine","Happy 6 CN",45,5.5,0.05316789,0.8937388,0.003038027,0.0160082,0.000993643,0.000217735,0.008122981,0.01478834,0,0,0,0,3,0,0,0,3,0,0,0,0,0,0,0,1,0,0,4
"E26HA06-01","C26","Chinese","Genuine","Happy 6 CN",46,5.625,0.08934739,0.8215074,0.007103013,0.0245822,0.001188814,0.00042645,0.01234362,0.02887035,0,0,0,0,3,0,0,0,3,0,0,0,0,0,0,0,1,0,0,4
"E27HA01-01","C27","Chinese","Genuine","Happy 1 CN",1,0,0.5976592,0.000160231,0.03231696,0.3225886,0.008941849,0.009691983,0.000481826,0.001294656,0,0,0,0,0,0,0,0,0,0,0,0,0,0,0,0,0,0,0,0
"E27HA01-01","C27","Chinese","Genuine","Happy 1 CN",2,0.125,0.5561012,0.000224604,0.03254832,0.3188124,0.01118941,0.01378907,0.00063823,0.000950844,0,0,0,0,0,0,0,0,0,0,0,0,0,0,0,0,0,0,0,0
"E27HA01-01","C27","Chinese","Genuine","Happy 1 CN",3,0.25,0.5153583,0.000433643,0.03337759,0.3388798,0.01158425,0.0145129,0.001024118,0.000795496,0,0,0,0,0,0,0,0,0,0,0,0,0,0,0,0,0,0,0,0
"E27HA01-01","C27","Chinese","Genuine","Happy 1 CN",4,0.375,0.5298214,0.002989272,0.02695628,0.3352484,0.01240548,0.01375809,0.001677909,0.000551531,0,0,0,0,0,0,0,0,0,0,0,0,0,0,0,0,0,0,0,0
"E27HA01-01","C27","Chinese","Genuine","Happy 1 CN",5,0.5,0.5074887,0.05126359,0.01921936,0.315612,0.0173257,0.01493865,0.002781352,0.001039117,0,0,0,0,0,0,0,0,0,0,0,0,0,0,0,0,0,0,0,0
"E27HA01-01","C27","Chinese","Genuine","Happy 1 CN",6,0.625,0.473242,0.118362,0.01362874,0.317984,0.02271309,0.01439805,0.002481951,0.000999608,0,0,0,0,0,0,0,0,0,0,0,0,0,0,0,0,0,0,0,0
"E27HA01-01","C27","Chinese","Genuine","Happy 1 CN",7,0.75,0.4104553,0.2319759,0.009569309,0.3149027,0.03112188,0.01316699,0.002008202,0.001000605,0,0,0,0,0,0,0,0,0,0,0,0,0,0,0,0,0,0,0,0
"E27HA01-01","C27","Chinese","Genuine","Happy 1 CN",8,0.875,0.3524273,0.3389837,0.006680109,0.3164581,0.03409674,0.01127555,0.001542598,0.001344714,0,0,0,0,0,0,0,0,0,0,0,0,0,0,0,0,0,0,0,0
"E27HA01-01","C27","Chinese","Genuine","Happy 1 CN",9,1,0.3155767,0.4008688,0.004718123,0.3272639,0.03593212,0.01025558,0.001300369,0.001528746,0,0,0,0,0,0,0,0,0,0,0,0,0,0,0,0,0,0,0,0
"E27HA01-01","C27","Chinese","Genuine","Happy 1 CN",10,1.125,0.2904736,0.4452689,0.003417133,0.3173043,0.04130535,0.00932997,0.001215536,0.001963653,0,0,0,0,0,0,0,0,1,0,0,0,0,0,0,0,0,0,0,0
"E27HA01-01","C27","Chinese","Genuine","Happy 1 CN",11,1.25,0.2710911,0.4799451,0.002508038,0.2858766,0.04764038,0.009051748,0.000991587,0.002133867,0,0,0,0,0,0,0,0,1,0,0,0,0,0,0,0,0,0,0,0
"E27HA01-01","C27","Chinese","Genuine","Happy 1 CN",12,1.375,0.2627681,0.4979486,0.001961261,0.2817278,0.05039791,0.008323736,0.000928153,0.002254536,0,0,0,0,0,0,0,0,1,0,0,0,0,0,0,0,0,0,0,0
"E27HA01-01","C27","Chinese","Genuine","Happy 1 CN",13,1.5,0.2478054,0.5249622,0.001475151,0.2772589,0.04810158,0.008716589,0.000845711,0.002065202,0,0,0,0,0,0,0,0,1,0,0,0,0,0,0,0,0,0,0,0
"E27HA01-01","C27","Chinese","Genuine","Happy 1 CN",14,1.625,0.2392984,0.5401582,0.001119657,0.2845966,0.04903084,0.009445486,0.000772688,0.001861061,0,0,0,0,0,0,0,0,1,0,0,0,0,0,0,0,0,0,0,0
"E27HA01-01","C27","Chinese","Genuine","Happy 1 CN",15,1.75,0.2140251,0.5895317,0.000859184,0.2451619,0.04755463,0.009779043,0.000621009,0.001749313,0,0,0,0,0,0,0,0,1,0,0,0,0,0,0,0,0,0,0,0
"E27HA01-01","C27","Chinese","Genuine","Happy 1 CN",16,1.875,0.2115147,0.6005697,0.000746172,0.2142006,0.04889803,0.01175331,0.00056329,0.002004621,0,0,0,0,0,0,0,0,1,0,0,0,0,0,0,0,0,0,0,0
"E27HA01-01","C27","Chinese","Genuine","Happy 1 CN",17,2,0.2159756,0.6002073,0.000771497,0.1768583,0.04192853,0.01146472,0.00072012,0.001651322,0,0,0,0,0,0,0,0,1,0,0,0,0,0,0,0,0,0,0,0
"E27HA01-01","C27","Chinese","Genuine","Happy 1 CN",18,2.125,0.1963205,0.6355998,0.000703577,0.1717413,0.0360883,0.01255148,0.00079774,0.001199738,0,0,0,0,0,0,0,0,1,0,0,0,0,0,0,0,0,0,0,0
"E27HA01-01","C27","Chinese","Genuine","Happy 1 CN",19,2.25,0.2381417,0.5546495,0.000726866,0.2383501,0.03419901,0.01423894,0.000725423,0.001178952,0,0,0,0,0,0,0,0,1,0,0,0,0,0,0,0,0,0,0,0
"E27HA01-01","C27","Chinese","Genuine","Happy 1 CN",20,2.375,0.2706356,0.4471164,0.000798263,0.3224067,0.03336784,0.02244415,0.000913394,0.001128993,0,0,0,0,0,0,0,0,1,0,0,0,0,0,0,0,0,0,0,0
"E27HA01-01","C27","Chinese","Genuine","Happy 1 CN",21,2.5,0.3171383,0.3320473,0.003398974,0.3537809,0.02784256,0.02270138,0.001295,0.001370609,0,0,0,0,0,0,0,0,1,0,0,0,0,0,0,0,0,0,0,0
"E27HA01-01","C27","Chinese","Genuine","Happy 1 CN",22,2.625,0.3722486,0.229365,0.006474774,0.373071,0.0250289,0.02239333,0.001323171,0.00108982,0,0,0,0,0,0,0,0,1,0,0,0,0,0,0,0,0,0,0,0
"E27HA01-01","C27","Chinese","Genuine","Happy 1 CN",23,2.75,0.389224,0.1578708,0.01112923,0.3990486,0.02020955,0.02203466,0.001341268,0.000749422,0,0,0,0,0,0,0,0,1,0,0,0,0,0,0,0,0,0,0,0
"E27HA02-07","C27","Chinese","Genuine","Happy 2 CN",1,0,0.3584191,0.01477041,0.004120497,0.4007053,0.03761199,0.07239655,0.000954862,0.001266457,0,0,0,0,0,0,0,0,0,0,0,0,0,0,0,0,2,0,0,0
"E27HA02-07","C27","Chinese","Genuine","Happy 2 CN",2,0.125,0.3614464,0.01326075,0.003541296,0.3951294,0.0507096,0.07197018,0.000874274,0.001109748,0,0,0,0,0,0,0,0,0,0,0,0,0,0,0,0,2,0,0,0
"E27HA02-07","C27","Chinese","Genuine","Happy 2 CN",3,0.25,0.3567713,0.02484966,0.003032309,0.4087647,0.05434907,0.067828,0.001096379,0.00079112,0,0,0,0,0,0,0,0,0,0,0,0,0,0,0,0,2,0,0,0
"E27HA02-07","C27","Chinese","Genuine","Happy 2 CN",4,0.375,0.3206664,0.1858121,0.002176997,0.3906214,0.05107182,0.05011451,0.000874081,0.000602706,0,0,0,0,0,0,0,0,0,0,0,0,0,0,0,0,2,0,0,0
"E27HA02-07","C27","Chinese","Genuine","Happy 2 CN",5,0.5,0.2630006,0.359628,0.001528371,0.3679222,0.04439557,0.03551988,0.00083844,0.000462777,0,0,0,0,0,0,0,0,0,0,0,0,0,0,0,0,2,0,0,0
"E27HA02-07","C27","Chinese","Genuine","Happy 2 CN",6,0.625,0.2220406,0.480094,0.001110808,0.3645513,0.041248,0.02723446,0.000784788,0.000535823,0,0,0,0,0,0,0,0,0,0,0,0,0,0,0,0,2,0,0,0
"E27HA02-07","C27","Chinese","Genuine","Happy 2 CN",7,0.75,0.1982628,0.5525846,0.000817439,0.3589495,0.03571258,0.02077675,0.000687368,0.000388506,0,0,0,0,0,0,0,0,1,0,0,0,0,0,0,0,2,0,0,0
"E27HA02-07","C27","Chinese","Genuine","Happy 2 CN",8,0.875,0.1817921,0.6028281,0.000594495,0.3739664,0.03363814,0.01618274,0.000580199,0.000374647,0,0,0,0,0,0,0,0,1,0,0,0,0,0,0,0,2,0,0,0
"E27HA02-07","C27","Chinese","Genuine","Happy 2 CN",9,1,0.1765972,0.6259302,0.00050806,0.4096065,0.02942384,0.01361818,0.000554931,0.000363096,0,0,0,0,0,0,0,0,1,0,0,0,0,0,0,0,2,0,0,0
"E27HA02-07","C27","Chinese","Genuine","Happy 2 CN",10,1.125,0.1701498,0.6485212,0.00042651,0.4185095,0.02542972,0.01044302,0.000619351,0.000391177,0,0,0,0,0,0,0,0,1,0,0,0,0,0,0,0,1,0,0,0
"E27HA02-07","C27","Chinese","Genuine","Happy 2 CN",11,1.25,0.1554756,0.683491,0.000334122,0.4168678,0.02138987,0.008049796,0.000534671,0.000584351,0,0,0,0,0,0,0,0,1,0,0,0,0,0,0,0,1,0,0,0
"E27HA02-07","C27","Chinese","Genuine","Happy 2 CN",12,1.375,0.1431383,0.7108654,0.000274286,0.3909827,0.02461649,0.006985791,0.000541641,0.000461849,0,0,0,0,0,0,0,0,1,0,0,0,0,0,0,0,1,0,0,0
"E27HA02-07","C27","Chinese","Genuine","Happy 2 CN",13,1.5,0.1459037,0.709122,0.000254347,0.3971286,0.02565898,0.007784082,0.000527047,0.000515329,0,0,0,0,0,0,0,0,1,0,0,0,0,0,0,0,1,0,0,0
"E27HA02-07","C27","Chinese","Genuine","Happy 2 CN",14,1.625,0.1517823,0.700358,0.000261101,0.4028449,0.02654858,0.008072222,0.000517902,0.000400368,0,0,0,0,0,0,0,0,1,0,0,0,0,0,0,0,1,0,0,0
"E27HA02-07","C27","Chinese","Genuine","Happy 2 CN",15,1.75,0.1599699,0.68519,0.000234181,0.3922025,0.02688826,0.007744039,0.000480293,0.000441828,0,0,0,0,0,0,0,0,1,0,0,0,0,0,0,0,1,0,0,0
"E27HA02-07","C27","Chinese","Genuine","Happy 2 CN",16,1.875,0.1572782,0.6911108,0.000225056,0.3876734,0.025104,0.007698812,0.000465089,0.000449831,0,0,0,0,0,0,0,0,1,0,0,0,0,0,0,0,1,0,0,0
"E27HA02-07","C27","Chinese","Genuine","Happy 2 CN",17,2,0.1761864,0.6593844,0.000224016,0.4238779,0.02303994,0.008859772,0.000440238,0.000444941,0,0,0,0,0,0,0,0,1,0,0,0,0,0,0,0,1,0,0,0
"E27HA02-07","C27","Chinese","Genuine","Happy 2 CN",18,2.125,0.1784339,0.6603444,0.000264924,0.4133893,0.02178653,0.009668661,0.000446076,0.000388788,0,0,0,0,0,0,0,0,1,0,0,0,0,0,0,0,1,0,0,0
"E27HA02-07","C27","Chinese","Genuine","Happy 2 CN",19,2.25,0.1853995,0.6481313,0.000681951,0.4117329,0.02174137,0.01041818,0.000878754,0.000384623,0,0,0,0,0,0,0,0,1,0,0,0,0,0,0,0,1,0,0,0
"E27HA02-07","C27","Chinese","Genuine","Happy 2 CN",20,2.375,0.1961241,0.6264771,0.001177182,0.3986763,0.01977362,0.01161867,0.001980559,0.000294328,0,0,0,0,0,0,0,0,1,0,0,0,0,0,0,0,1,0,0,1
"E27HA02-07","C27","Chinese","Genuine","Happy 2 CN",21,2.5,0.2076466,0.6138446,0.001205442,0.4088784,0.01734967,0.01091327,0.001860912,0.001569593,0,0,0,0,0,0,0,0,1,0,0,0,0,0,0,0,1,0,0,1
"E27HA02-07","C27","Chinese","Genuine","Happy 2 CN",22,2.625,0.2158313,0.601966,0.000959369,0.4104708,0.01748797,0.009482739,0.001392955,0.002097254,0,0,0,0,0,0,0,0,1,0,0,0,0,0,0,0,1,0,0,1
"E27HA02-07","C27","Chinese","Genuine","Happy 2 CN",23,2.75,0.2144748,0.6023167,0.00080829,0.397844,0.02336202,0.009774144,0.001240374,0.00166232,0,0,0,0,0,0,0,0,1,0,0,0,0,0,0,0,1,0,0,1
"E27HA02-07","C27","Chinese","Genuine","Happy 2 CN",24,2.875,0.2204464,0.5817142,0.006861942,0.3058206,0.01709889,0.008571297,0.009294148,0.002230218,0,0,0,0,0,0,0,0,1,0,0,0,0,0,0,0,1,0,0,2
"E27HA02-07","C27","Chinese","Genuine","Happy 2 CN",25,3,0.2294148,0.5243976,0.005243369,0.3722823,0.01517452,0.008761577,0.007141804,0.002172221,0,0,0,0,0,0,0,0,1,0,0,0,0,0,0,0,1,0,0,2
"E27HA02-07","C27","Chinese","Genuine","Happy 2 CN",26,3.125,0.2442232,0.509616,0.003788557,0.385333,0.01841274,0.009980492,0.005258949,0.002056662,0,0,0,0,0,0,0,0,1,0,0,0,0,0,0,0,1,0,0,1
"E27HA02-07","C27","Chinese","Genuine","Happy 2 CN",27,3.25,0.2468041,0.5175302,0.002698342,0.4109255,0.02209781,0.01130675,0.00386964,0.001898365,0,0,0,0,0,0,0,0,1,0,0,0,0,0,0,0,1,0,0,1
"E27HA02-07","C27","Chinese","Genuine","Happy 2 CN",28,3.375,0.2478799,0.5218364,0.001961065,0.4173946,0.03165684,0.01328216,0.002956002,0.001545646,0,0,0,0,0,0,0,0,1,0,0,0,0,0,0,0,1,0,0,1
"E27HA02-07","C27","Chinese","Genuine","Happy 2 CN",29,3.5,0.2422683,0.5310766,0.001443068,0.4361973,0.03762,0.01630176,0.002144869,0.001276211,0,0,0,0,0,0,0,0,1,0,0,0,0,0,0,0,1,0,0,1
"E27HA02-07","C27","Chinese","Genuine","Happy 2 CN",30,3.625,0.2422262,0.531068,0.001108853,0.3946041,0.03894222,0.01732786,0.001637331,0.000944823,0,0,0,1,0,0,0,0,1,0,0,0,0,0,0,0,1,0,0,1
"E27HA02-07","C27","Chinese","Genuine","Happy 2 CN",31,3.75,0.2635124,0.4802122,0.000834253,0.3999613,0.04321638,0.0172976,0.001257274,0.000837086,0,0,0,1,0,0,0,0,1,0,0,0,0,0,0,0,1,0,0,1
"E27HA02-07","C27","Chinese","Genuine","Happy 2 CN",32,3.875,0.2609486,0.4941899,0.000652021,0.3958353,0.04275741,0.01556118,0.001082768,0.000775689,0,0,0,1,0,0,0,0,1,0,0,0,0,0,0,0,1,0,0,1
"E27HA02-07","C27","Chinese","Genuine","Happy 2 CN",33,4,0.258689,0.4973667,0.000662862,0.3789476,0.04489316,0.01511867,0.000987589,0.000701308,0,0,0,0,0,0,0,0,1,0,0,0,0,0,0,0,1,0,0,0
"E27HA03-02","C27","Chinese","Genuine","Happy 3 CN",1,0,0.1874936,4.822e-06,0.6408465,0.1278377,0.000823535,0.01192421,0.005748643,0.000274032,0,0,0,0,0,0,0,0,0,0,0,0,0,0,0,0,0,0,0,5
"E27HA03-02","C27","Chinese","Genuine","Happy 3 CN",2,0.125,0.2149694,4.924e-06,0.5193343,0.2385323,0.001269243,0.0100433,0.004928161,0.000224041,0,0,0,0,0,0,0,0,0,0,0,0,0,0,0,0,0,0,0,4
"E27HA03-02","C27","Chinese","Genuine","Happy 3 CN",3,0.25,0.2329066,2.7752e-05,0.3711239,0.3422048,0.004426638,0.01322039,0.004702861,0.000326917,0,0,0,0,0,0,0,0,0,0,0,0,0,0,0,0,0,0,0,4
"E27HA03-02","C27","Chinese","Genuine","Happy 3 CN",4,0.375,0.2345225,7.881e-05,0.2606354,0.4372016,0.007449284,0.01777823,0.004112301,0.000384335,0,0,0,0,0,0,0,0,0,0,0,0,0,0,0,0,0,0,0,3
"E27HA03-02","C27","Chinese","Genuine","Happy 3 CN",5,0.5,0.2670039,0.000183868,0.1858684,0.4648193,0.01260751,0.02128398,0.004079756,0.000507299,0,0,0,0,0,0,0,0,0,0,0,0,0,0,0,0,0,0,0,3
"E27HA03-02","C27","Chinese","Genuine","Happy 3 CN",6,0.625,0.2754874,0.000303281,0.1327524,0.508521,0.01354118,0.02514871,0.004220594,0.000447551,0,0,0,0,0,0,0,0,0,0,0,0,0,0,0,0,0,0,0,3
"E27HA03-02","C27","Chinese","Genuine","Happy 3 CN",7,0.75,0.29431,0.000365937,0.0955891,0.5146867,0.01493769,0.02763023,0.004182851,0.000402595,0,0,0,0,0,0,0,0,0,0,0,0,0,0,0,0,0,0,0,2
"E27HA03-02","C27","Chinese","Genuine","Happy 3 CN",8,0.875,0.3233198,0.000368526,0.0696267,0.5185896,0.01447898,0.02662482,0.003945505,0.000510528,0,0,0,0,0,0,0,0,0,0,0,0,0,0,0,0,0,0,0,2
"E27HA03-02","C27","Chinese","Genuine","Happy 3 CN",9,1,0.3492841,0.000441696,0.05094852,0.5017524,0.01930205,0.0256712,0.003504782,0.000583571,0,0,0,0,0,0,0,0,0,0,0,0,0,0,0,0,0,0,0,2
"E27HA03-02","C27","Chinese","Genuine","Happy 3 CN",10,1.125,0.3719298,0.000627793,0.03784253,0.4834647,0.02162035,0.02487867,0.003494694,0.000582679,0,0,0,0,0,0,0,0,0,0,0,0,0,0,0,0,0,0,0,1
"E27HA03-02","C27","Chinese","Genuine","Happy 3 CN",11,1.25,0.3781742,0.000802217,0.02841088,0.4631598,0.02881473,0.02410933,0.003249767,0.000553438,0,0,0,0,0,0,0,0,0,0,0,0,0,0,0,0,0,0,0,1
"E27HA03-02","C27","Chinese","Genuine","Happy 3 CN",12,1.375,0.4116561,0.000993182,0.02101972,0.4467053,0.02918423,0.0236677,0.002887997,0.000573536,0,0,0,0,0,0,0,0,0,0,0,0,0,0,0,0,0,0,0,1
"E27HA03-02","C27","Chinese","Genuine","Happy 3 CN",13,1.5,0.416316,0.0010336,0.01642996,0.4531397,0.02779353,0.03002528,0.002582419,0.00052903,0,0,0,0,0,0,0,0,0,0,0,0,0,0,0,0,0,0,0,1
"E27HA03-02","C27","Chinese","Genuine","Happy 3 CN",14,1.625,0.4102995,0.001438342,0.01404726,0.4645629,0.0254446,0.03012773,0.002418973,0.00082301,0,0,0,0,0,0,0,0,0,0,0,0,0,0,0,0,0,0,0,1
"E27HA03-02","C27","Chinese","Genuine","Happy 3 CN",15,1.75,0.3770961,0.001755281,0.01142088,0.4965242,0.02842529,0.03525899,0.002450938,0.001077533,0,0,0,0,0,0,0,0,0,0,0,0,0,0,0,0,0,0,0,1
"E27HA03-02","C27","Chinese","Genuine","Happy 3 CN",16,1.875,0.3501487,0.001903802,0.009454927,0.5193704,0.03210704,0.03796006,0.00213716,0.001298403,0,0,0,0,0,0,0,0,0,0,0,0,0,0,0,0,0,0,0,1
"E27HA03-02","C27","Chinese","Genuine","Happy 3 CN",17,2,0.350574,0.002230108,0.007545882,0.5171543,0.03525771,0.03628774,0.001766329,0.001554888,0,0,0,0,0,0,0,0,0,0,0,0,0,0,0,0,0,0,0,0
"E27HA03-02","C27","Chinese","Genuine","Happy 3 CN",18,2.125,0.3667051,0.00212251,0.006369846,0.499448,0.0368761,0.03549483,0.001493474,0.001704305,0,0,0,0,0,0,0,0,0,0,0,0,0,0,0,0,0,0,0,0
"E27HA03-02","C27","Chinese","Genuine","Happy 3 CN",19,2.25,0.3691378,0.00220278,0.005704091,0.5018907,0.03589311,0.03394594,0.001426435,0.001641609,0,0,0,0,0,0,0,0,0,0,0,0,0,0,0,0,0,0,0,0
"E27HA03-02","C27","Chinese","Genuine","Happy 3 CN",20,2.375,0.3564528,0.002596152,0.005563988,0.5143625,0.03304083,0.03445982,0.001386206,0.001153324,0,0,0,0,0,0,0,0,0,0,0,0,0,0,0,0,0,0,0,0
"E27HA03-02","C27","Chinese","Genuine","Happy 3 CN",21,2.5,0.3488117,0.003440074,0.004751177,0.5198463,0.033401,0.0377555,0.001314783,0.000854942,0,0,0,0,0,0,0,0,0,0,0,0,0,0,0,0,0,0,0,0
"E27HA03-02","C27","Chinese","Genuine","Happy 3 CN",22,2.625,0.3328932,0.006755753,0.004126617,0.5311161,0.03488137,0.03801047,0.001160322,0.000602209,0,0,0,0,0,0,0,0,0,0,0,0,0,0,0,0,0,0,0,0
"E27HA03-02","C27","Chinese","Genuine","Happy 3 CN",23,2.75,0.3464678,0.01938367,0.003218455,0.4775372,0.0418241,0.03797659,0.001227689,0.000694501,0,0,0,1,0,0,0,0,0,0,0,0,0,0,0,0,0,0,0,0
"E27HA03-02","C27","Chinese","Genuine","Happy 3 CN",24,2.875,0.3550242,0.03883409,0.002494409,0.4287594,0.04780735,0.04466106,0.001164732,0.000787793,0,0,0,1,0,0,0,0,0,0,0,0,0,0,0,0,0,0,0,0
"E27HA03-02","C27","Chinese","Genuine","Happy 3 CN",25,3,0.36866,0.08710781,0.001990026,0.3724002,0.0471715,0.04374173,0.001052736,0.000571384,0,0,0,1,0,0,0,0,0,0,0,0,0,0,0,0,0,0,0,0
"E27HA03-02","C27","Chinese","Genuine","Happy 3 CN",26,3.125,0.3500769,0.1834562,0.001741343,0.3046657,0.04888585,0.04044699,0.000968396,0.00556871,0,0,0,1,0,0,0,0,0,0,0,0,0,0,0,0,0,0,0,0
"E27HA03-02","C27","Chinese","Genuine","Happy 3 CN",27,3.25,0.3271521,0.269389,0.001380606,0.2539831,0.04791608,0.03426439,0.000795142,0.005982286,0,0,0,1,0,0,0,0,1,0,0,0,0,0,0,0,0,0,0,0
"E27HA03-02","C27","Chinese","Genuine","Happy 3 CN",28,3.375,0.3316427,0.2912557,0.001147987,0.227517,0.046133,0.02948263,0.000684216,0.004521339,0,0,0,1,0,0,0,0,1,0,0,0,0,0,0,0,0,0,0,0
"E27HA03-02","C27","Chinese","Genuine","Happy 3 CN",29,3.5,0.3469815,0.2814149,0.000894278,0.2402006,0.04953651,0.02623167,0.000625051,0.00353661,0,0,0,1,0,0,0,0,1,0,0,0,0,0,0,0,0,0,0,0
"E27HA03-02","C27","Chinese","Genuine","Happy 3 CN",30,3.625,0.3642886,0.2634042,0.000827403,0.2337169,0.05415886,0.02331074,0.000569969,0.002794585,0,0,0,1,0,0,0,0,1,0,0,0,0,0,0,0,0,0,0,0
"E27HA03-02","C27","Chinese","Genuine","Happy 3 CN",31,3.75,0.3678253,0.2477385,0.000758817,0.245768,0.06148961,0.02112567,0.00057567,0.002099861,0,0,0,1,0,0,0,0,1,0,0,0,0,0,0,0,0,0,0,0
"E27HA03-02","C27","Chinese","Genuine","Happy 3 CN",32,3.875,0.3684248,0.2566834,0.000790141,0.2286751,0.06268421,0.02066668,0.000597554,0.001499818,0,0,0,1,0,0,0,0,1,0,0,0,0,0,0,0,0,0,0,0
"E27HA03-02","C27","Chinese","Genuine","Happy 3 CN",33,4,0.3647781,0.2713492,0.000660221,0.2013336,0.0640832,0.01842014,0.000553275,0.00118853,0,0,0,1,0,0,0,0,1,0,0,0,0,0,0,0,0,0,0,0
"E27HA03-02","C27","Chinese","Genuine","Happy 3 CN",34,4.125,0.347572,0.309638,0.000835989,0.1907785,0.05918059,0.01927781,0.000879929,0.000951247,0,0,0,0,0,0,0,0,1,0,0,0,0,0,0,0,0,0,0,0
"E27HA03-02","C27","Chinese","Genuine","Happy 3 CN",35,4.25,0.3080128,0.3907313,0.000768,0.1613763,0.05638062,0.01598681,0.001085543,0.001325291,0,0,0,0,0,0,0,0,1,0,0,0,0,0,0,0,0,0,0,0
"E27HA03-02","C27","Chinese","Genuine","Happy 3 CN",36,4.375,0.2750658,0.4558482,0.000647069,0.1475237,0.0571724,0.01448313,0.001066836,0.00155711,0,0,0,0,0,0,0,0,1,0,0,0,0,0,0,0,0,0,0,0
"E27HA03-02","C27","Chinese","Genuine","Happy 3 CN",37,4.5,0.2463663,0.5118315,0.000543153,0.1358199,0.05458778,0.01444567,0.001051966,0.001466022,0,0,0,0,0,0,0,0,2,0,0,0,0,0,0,0,0,0,0,0
"E27HA03-02","C27","Chinese","Genuine","Happy 3 CN",38,4.625,0.2421041,0.5198987,0.000460745,0.1390649,0.05460358,0.01325494,0.00103583,0.001301957,0,0,0,0,0,0,0,0,2,0,0,0,0,0,0,0,0,0,0,0
"E27HA03-02","C27","Chinese","Genuine","Happy 3 CN",39,4.75,0.2286815,0.5462221,0.000499443,0.1187836,0.05608233,0.0153365,0.001102846,0.001075239,0,0,0,0,0,0,0,0,2,0,0,0,0,0,0,0,0,0,0,0
"E27HA03-02","C27","Chinese","Genuine","Happy 3 CN",40,4.875,0.2163198,0.5704853,0.000483606,0.1160919,0.05230248,0.01527481,0.001117056,0.000975542,0,0,0,0,0,0,0,0,2,0,0,0,0,0,0,0,1,0,0,0
"E27HA03-02","C27","Chinese","Genuine","Happy 3 CN",41,5,0.2126452,0.5775684,0.000564895,0.132538,0.04670415,0.01503911,0.001251292,0.00088693,0,0,0,0,0,0,0,0,2,0,0,0,0,0,0,0,1,0,0,0
"E27HA03-02","C27","Chinese","Genuine","Happy 3 CN",42,5.125,0.2082116,0.5871776,0.000517778,0.1303695,0.04318547,0.01226628,0.001061364,0.001185632,0,0,0,0,0,0,0,0,2,0,0,0,0,0,0,0,1,0,0,0
"E27HA03-02","C27","Chinese","Genuine","Happy 3 CN",43,5.25,0.21436,0.5753822,0.000500115,0.1286793,0.04653967,0.0109456,0.000899866,0.001118198,0,0,0,0,0,0,0,0,2,0,0,0,0,0,0,0,1,0,0,0
"E27HA03-02","C27","Chinese","Genuine","Happy 3 CN",44,5.375,0.2117911,0.5806174,0.000545457,0.1362265,0.04652425,0.01157626,0.000864582,0.001223745,0,0,0,0,0,0,0,0,2,0,0,0,0,0,0,0,0,0,0,0
"E27HA03-02","C27","Chinese","Genuine","Happy 3 CN",45,5.5,0.2227097,0.5599783,0.00077025,0.1350497,0.04843092,0.0113194,0.000899413,0.001158958,0,0,0,0,0,0,0,0,2,0,0,0,0,0,0,0,0,0,0,0
"E27HA03-02","C27","Chinese","Genuine","Happy 3 CN",46,5.625,0.2351386,0.5354645,0.000774417,0.1296998,0.05710492,0.01007285,0.000841081,0.001215514,0,0,0,0,0,0,0,0,2,0,0,0,0,0,0,0,0,0,0,0
"E27HA03-02","C27","Chinese","Genuine","Happy 3 CN",47,5.75,0.2647926,0.4795058,0.00080202,0.1757607,0.06746954,0.01290023,0.000751237,0.000971878,0,0,0,0,0,0,0,0,2,0,0,0,0,0,0,0,0,0,0,0
"E27HA03-02","C27","Chinese","Genuine","Happy 3 CN",48,5.875,0.2757587,0.4607887,0.000868995,0.1928063,0.06218743,0.01637976,0.00078326,0.000789337,0,0,0,0,0,0,0,0,2,0,0,0,0,0,0,0,0,0,0,0
"E27HA03-02","C27","Chinese","Genuine","Happy 3 CN",49,6,0.2854076,0.4210258,0.000861841,0.2587728,0.06455663,0.01651326,0.00068824,0.000952775,0,0,0,0,0,0,0,0,2,0,0,0,0,0,0,0,0,0,0,0
"E27HA03-02","C27","Chinese","Genuine","Happy 3 CN",50,6.125,0.2977416,0.3572957,0.000728189,0.3009811,0.0708323,0.01689767,0.00068593,0.001091439,0,0,0,0,0,0,0,0,1,0,0,0,0,0,0,0,0,0,0,0
"E27HA03-02","C27","Chinese","Genuine","Happy 3 CN",51,6.25,0.3056512,0.2947725,0.000824569,0.3414949,0.06578306,0.02223099,0.000847695,0.001116721,0,0,0,0,0,0,0,0,1,0,0,0,0,0,0,0,0,0,0,0
"E27HA03-02","C27","Chinese","Genuine","Happy 3 CN",52,6.375,0.3109859,0.2451131,0.000814974,0.3772189,0.06071747,0.02984344,0.000941506,0.001115526,0,0,0,0,0,0,0,0,1,0,0,0,0,0,0,0,0,0,0,0
"E27HA03-02","C27","Chinese","Genuine","Happy 3 CN",53,6.5,0.3291497,0.2058556,0.000956559,0.3782423,0.06185706,0.03695549,0.001019451,0.001128529,0,0,0,0,0,0,0,0,1,0,0,0,0,0,0,0,0,0,0,0
"E27HA03-02","C27","Chinese","Genuine","Happy 3 CN",54,6.625,0.3250243,0.1672246,0.00129227,0.3985443,0.06869227,0.04348539,0.001207895,0.001054854,0,0,0,0,0,0,0,0,1,0,0,0,0,0,0,0,1,0,0,0
"E27HA03-02","C27","Chinese","Genuine","Happy 3 CN",55,6.75,0.3481779,0.1381713,0.001691037,0.3861141,0.06792775,0.04166386,0.00132537,0.000895151,0,0,0,0,0,0,0,0,1,0,0,0,0,0,0,0,1,0,0,0
"E27HA03-02","C27","Chinese","Genuine","Happy 3 CN",56,6.875,0.3543641,0.1089574,0.002100456,0.4010202,0.05990343,0.03587938,0.001421538,0.000745693,0,0,0,0,0,0,0,0,1,0,0,0,0,0,0,0,0,0,0,0
"E27HA03-02","C27","Chinese","Genuine","Happy 3 CN",57,7,0.3568134,0.08111048,0.002780592,0.4156909,0.05050109,0.03143114,0.001502391,0.00060818,0,0,0,0,0,0,0,0,1,0,0,0,0,0,0,0,0,0,0,0
"E27HA03-02","C27","Chinese","Genuine","Happy 3 CN",58,7.125,0.3511394,0.06151578,0.003637787,0.4497185,0.04267617,0.03018761,0.00167284,0.000485052,0,0,0,0,0,0,0,0,0,0,0,0,0,0,0,0,0,0,0,0
"E27HA03-02","C27","Chinese","Genuine","Happy 3 CN",59,7.25,0.3506258,0.04401163,0.004615899,0.4905468,0.03943083,0.03465342,0.001534253,0.000497407,0,0,0,0,0,0,0,0,0,0,0,0,0,0,0,0,0,0,0,0
"E27HA03-02","C27","Chinese","Genuine","Happy 3 CN",60,7.375,0.3487142,0.03079243,0.006419045,0.5209855,0.03400938,0.03293264,0.001463967,0.000477106,0,0,0,0,0,0,0,0,0,0,0,0,0,0,0,0,0,0,0,0
"E27HA04-02","C27","Chinese","Genuine","Happy 4 CN",1,0,0.3865979,0.000246432,0.03846394,0.4413047,0.0152439,0.01552222,0.000508477,3.5431e-05,0,0,0,0,0,0,0,0,0,0,1,0,0,0,0,0,0,0,0,0
"E27HA04-02","C27","Chinese","Genuine","Happy 4 CN",2,0.125,0.41133,0.000236755,0.05252678,0.3887035,0.01312354,0.01595568,0.000563621,2.4365e-05,0,0,0,0,0,0,0,0,0,0,1,0,0,0,0,0,0,0,0,0
"E27HA04-02","C27","Chinese","Genuine","Happy 4 CN",3,0.25,0.4322781,0.000230665,0.05817225,0.3492902,0.01345725,0.01552623,0.000644429,0.000108015,0,0,0,0,0,0,0,0,0,0,0,0,0,0,0,0,0,0,0,0
"E27HA04-02","C27","Chinese","Genuine","Happy 4 CN",4,0.375,0.4379146,0.000338678,0.05639079,0.3330209,0.01271687,0.01797925,0.000710975,0.000279912,0,0,0,0,0,0,0,0,0,0,0,0,0,0,0,0,0,0,0,0
"E27HA04-02","C27","Chinese","Genuine","Happy 4 CN",5,0.5,0.4631212,0.00060242,0.04623926,0.310914,0.01511886,0.01841471,0.00081619,0.000194523,0,0,0,0,0,0,0,0,0,0,0,0,0,0,0,0,0,0,0,0
"E27HA04-02","C27","Chinese","Genuine","Happy 4 CN",6,0.625,0.4673668,0.001315627,0.03836303,0.3008831,0.01690239,0.0262266,0.000936538,0.000283641,0,0,0,0,0,0,0,0,0,0,0,0,0,0,0,0,0,0,0,0
"E27HA04-02","C27","Chinese","Genuine","Happy 4 CN",7,0.75,0.4893203,0.001878587,0.0312381,0.2780563,0.02032216,0.028102,0.000975696,0.000506457,0,0,0,0,0,0,0,0,0,0,0,0,0,0,0,0,0,0,0,0
"E27HA04-02","C27","Chinese","Genuine","Happy 4 CN",8,0.875,0.4973224,0.003016755,0.02577625,0.3080897,0.02171908,0.0291512,0.001029907,0.000393144,0,0,0,0,0,0,0,0,0,0,0,0,0,0,0,0,0,0,0,0
"E27HA04-02","C27","Chinese","Genuine","Happy 4 CN",9,1,0.525513,0.005358725,0.02307097,0.2778963,0.02245898,0.03020103,0.000891358,0.000403944,0,0,0,0,0,0,0,0,0,0,0,0,0,0,0,0,0,0,0,0
"E27HA04-02","C27","Chinese","Genuine","Happy 4 CN",10,1.125,0.5375262,0.008876968,0.02000356,0.2843148,0.02228575,0.03544074,0.000903237,0.00095439,0,0,0,0,0,0,0,0,0,0,0,0,0,0,0,0,0,0,0,0
"E27HA04-02","C27","Chinese","Genuine","Happy 4 CN",11,1.25,0.5389082,0.007072383,0.01841861,0.2927144,0.02413535,0.03825881,0.000849013,0.000818964,0,0,0,0,0,0,0,0,0,0,0,0,0,0,0,0,0,0,0,0
"E27HA04-02","C27","Chinese","Genuine","Happy 4 CN",12,1.375,0.5481345,0.006375859,0.01747058,0.2801323,0.02363279,0.03889669,0.000976059,0.000796977,0,0,0,0,0,0,0,0,0,0,0,0,0,0,0,0,0,0,0,0
"E27HA04-02","C27","Chinese","Genuine","Happy 4 CN",13,1.5,0.5836573,0.005210404,0.01627348,0.2690436,0.02492245,0.03517924,0.000895421,0.000708013,0,0,0,0,0,0,0,0,0,0,0,0,0,0,0,0,0,0,0,0
"E27HA04-02","C27","Chinese","Genuine","Happy 4 CN",14,1.625,0.5923298,0.004857378,0.01528183,0.2817029,0.02287993,0.03324961,0.001179125,0.000911153,0,0,0,0,0,0,0,0,0,0,0,0,0,0,0,0,0,0,0,0
"E27HA04-02","C27","Chinese","Genuine","Happy 4 CN",15,1.75,0.605293,0.004539358,0.0152255,0.2673981,0.02453618,0.03454918,0.001001106,0.000837792,0,0,0,0,0,0,0,0,0,0,0,0,0,0,0,0,0,0,0,0
"E27HA04-02","C27","Chinese","Genuine","Happy 4 CN",16,1.875,0.6061205,0.004061353,0.01976521,0.2515804,0.02345555,0.03682298,0.000964915,0.000853303,0,0,0,0,0,0,0,0,0,0,0,0,0,0,0,0,0,0,0,0
"E27HA04-02","C27","Chinese","Genuine","Happy 4 CN",17,2,0.5986933,0.003663164,0.0216525,0.267545,0.02006012,0.03482401,0.000918319,0.000809482,0,0,0,0,0,0,0,0,0,0,0,0,0,0,0,0,0,0,0,0
"E27HA04-02","C27","Chinese","Genuine","Happy 4 CN",18,2.125,0.6048293,0.008138612,0.01827085,0.2376103,0.01885689,0.03791979,0.001152572,0.000718127,0,0,0,0,0,0,0,0,0,0,0,0,0,0,0,0,0,0,0,0
"E27HA04-02","C27","Chinese","Genuine","Happy 4 CN",19,2.25,0.610105,0.01346405,0.02103509,0.2263685,0.0152688,0.032837,0.002094632,0.000756732,0,0,0,0,0,0,0,0,0,0,0,0,0,0,0,0,0,0,0,0
"E27HA04-02","C27","Chinese","Genuine","Happy 4 CN",20,2.375,0.6062474,0.01879004,0.02113226,0.2199533,0.01215603,0.02871227,0.002950306,0.000876286,0,0,0,0,0,0,0,0,0,0,0,0,0,0,0,0,0,0,0,1
"E27HA04-02","C27","Chinese","Genuine","Happy 4 CN",21,2.5,0.5547431,0.03294451,0.02339727,0.2695905,0.009492163,0.02679964,0.003059831,0.001164675,0,0,0,0,0,0,0,0,0,0,0,0,0,0,0,0,0,0,0,1
"E27HA04-02","C27","Chinese","Genuine","Happy 4 CN",22,2.625,0.563914,0.04781406,0.01961025,0.2630509,0.009003419,0.0314312,0.00260593,0.001639602,0,0,0,0,0,0,0,0,0,0,0,0,0,0,0,0,0,0,0,1
"E27HA04-02","C27","Chinese","Genuine","Happy 4 CN",23,2.75,0.5586774,0.05719955,0.01938914,0.2655103,0.008897039,0.03248862,0.002566986,0.002021648,0,0,0,0,0,0,0,0,0,0,0,0,0,0,0,0,0,0,0,1
"E27HA04-02","C27","Chinese","Genuine","Happy 4 CN",24,2.875,0.5601737,0.04781311,0.01802977,0.2895581,0.009469689,0.03467448,0.002249926,0.001891708,0,0,0,0,0,0,0,0,0,0,0,0,0,0,0,0,0,0,0,0
"E27HA04-02","C27","Chinese","Genuine","Happy 4 CN",25,3,0.5487429,0.03548243,0.01500631,0.3364297,0.0111474,0.03344082,0.001694815,0.001511574,0,0,0,0,0,0,0,0,0,0,0,0,0,0,0,0,0,0,0,0
"E27HA04-02","C27","Chinese","Genuine","Happy 4 CN",26,3.125,0.5400454,0.02772013,0.01421351,0.3540754,0.01216133,0.0322708,0.001405589,0.001505269,0,0,0,0,0,0,0,0,0,0,0,0,0,0,0,0,0,0,0,0
"E27HA04-02","C27","Chinese","Genuine","Happy 4 CN",27,3.25,0.529608,0.02040275,0.01407664,0.3550806,0.01337286,0.03115313,0.001255698,0.001303528,0,0,0,0,0,0,0,0,0,0,0,0,0,0,0,0,0,0,0,0
"E27HA04-02","C27","Chinese","Genuine","Happy 4 CN",28,3.375,0.5334725,0.01804942,0.0126799,0.3333023,0.01689138,0.0325966,0.001004858,0.001108372,0,0,0,0,0,0,0,0,0,0,0,0,0,0,0,0,0,0,0,0
"E27HA04-02","C27","Chinese","Genuine","Happy 4 CN",29,3.5,0.5295839,0.01751733,0.01160614,0.3322191,0.01796568,0.03053293,0.000829928,0.000979976,0,0,0,0,0,0,0,0,0,0,0,0,0,0,0,0,0,0,0,0
"E27HA04-02","C27","Chinese","Genuine","Happy 4 CN",30,3.625,0.5309056,0.02234245,0.01031165,0.3196011,0.02046293,0.03654072,0.000832596,0.000997571,0,0,0,0,0,0,0,0,0,0,0,0,0,0,0,0,0,0,0,0
"E27HA04-02","C27","Chinese","Genuine","Happy 4 CN",31,3.75,0.5302297,0.05153065,0.008891691,0.2834144,0.02448828,0.0414714,0.000986322,0.001891757,0,0,0,0,0,0,0,0,0,0,0,0,0,0,0,0,0,0,0,0
"E27HA04-02","C27","Chinese","Genuine","Happy 4 CN",32,3.875,0.4803833,0.1312893,0.006796814,0.304783,0.02475223,0.04571585,0.001211431,0.001718575,0,0,0,0,0,0,0,0,0,0,0,0,0,0,0,0,0,0,0,0
"E27HA04-02","C27","Chinese","Genuine","Happy 4 CN",33,4,0.4080068,0.2648179,0.004978017,0.2928412,0.02428284,0.04336752,0.001195734,0.001509539,0,0,0,0,0,0,0,0,0,0,0,0,0,0,0,0,0,0,0,0
"E27HA04-02","C27","Chinese","Genuine","Happy 4 CN",34,4.125,0.3335177,0.3935241,0.003694529,0.2560892,0.02361228,0.03817214,0.001122386,0.001065033,0,0,0,0,0,0,0,0,1,0,0,0,0,0,0,0,0,0,0,0
"E27HA04-02","C27","Chinese","Genuine","Happy 4 CN",35,4.25,0.2732744,0.4995988,0.002724961,0.2172744,0.02322825,0.03122399,0.001024304,0.001214467,0,0,0,0,0,0,0,0,1,0,0,0,0,0,0,0,0,0,0,0
"E27HA04-02","C27","Chinese","Genuine","Happy 4 CN",36,4.375,0.2340441,0.5669364,0.002024825,0.1781916,0.02287435,0.02569173,0.000821933,0.001438959,0,0,0,0,0,0,0,0,1,0,0,0,0,0,0,0,0,0,0,0
"E27HA04-02","C27","Chinese","Genuine","Happy 4 CN",37,4.5,0.2013293,0.6242185,0.001497738,0.1623584,0.02478178,0.02162981,0.000710036,0.00154512,0,0,0,0,0,0,0,0,2,0,0,0,0,0,0,0,0,0,0,0
"E27HA04-02","C27","Chinese","Genuine","Happy 4 CN",38,4.625,0.1864074,0.6522745,0.001205527,0.1502865,0.02448381,0.02125039,0.000756725,0.001470616,0,0,0,0,0,0,0,0,2,0,0,0,0,0,0,0,0,0,0,0
"E27HA04-02","C27","Chinese","Genuine","Happy 4 CN",39,4.75,0.191438,0.6524346,0.001163712,0.1574159,0.02729084,0.02373599,0.001033397,0.001311297,0,0,0,0,0,0,0,0,2,0,0,0,0,0,0,0,0,0,0,0
"E27HA04-02","C27","Chinese","Genuine","Happy 4 CN",40,4.875,0.2382468,0.5807596,0.001140605,0.1742044,0.02808598,0.02397777,0.000997057,0.00123349,0,0,0,0,0,0,0,0,2,0,0,0,0,0,0,0,0,0,0,0
"E27HA04-02","C27","Chinese","Genuine","Happy 4 CN",41,5,0.2330081,0.5879433,0.001140507,0.1723066,0.0298666,0.02961718,0.001139579,0.000975877,0,0,0,0,0,0,0,0,1,0,0,0,0,0,0,0,0,0,0,0
"E27HA04-02","C27","Chinese","Genuine","Happy 4 CN",42,5.125,0.2321011,0.5878716,0.001185523,0.1663247,0.02795284,0.02763667,0.001136149,0.001348634,0,0,0,0,0,0,0,0,2,0,0,0,0,0,0,0,0,0,0,0
"E27HA04-02","C27","Chinese","Genuine","Happy 4 CN",43,5.25,0.2697082,0.5292578,0.001227372,0.1884557,0.03039121,0.03036697,0.001222618,0.001115773,0,0,0,0,0,0,0,0,1,0,0,0,0,0,0,0,0,0,0,0
"E27HA04-02","C27","Chinese","Genuine","Happy 4 CN",44,5.375,0.3238428,0.3815735,0.00339972,0.2489488,0.02546733,0.03119516,0.003511426,0.000964153,0,0,0,0,0,0,0,0,1,0,0,0,0,0,0,0,0,0,0,0
"E27HA04-02","C27","Chinese","Genuine","Happy 4 CN",45,5.5,0.3623504,0.2734426,0.005166151,0.2894351,0.02167373,0.03363355,0.005000172,0.000898192,0,0,0,0,0,0,0,0,1,0,0,0,0,0,0,0,0,0,0,0
"E27HA04-02","C27","Chinese","Genuine","Happy 4 CN",46,5.625,0.3864355,0.1952995,0.006211986,0.3333641,0.01914405,0.04195555,0.004912596,0.000834053,0,0,0,0,0,0,0,0,1,0,0,0,0,0,0,0,0,0,0,0
"E27HA04-02","C27","Chinese","Genuine","Happy 4 CN",47,5.75,0.4065346,0.1615139,0.02386728,0.2763334,0.01367101,0.0339858,0.01103778,0.000657202,0,0,0,0,0,0,0,0,1,0,0,0,0,0,0,0,0,0,0,2
"E27HA04-02","C27","Chinese","Genuine","Happy 4 CN",48,5.875,0.3890051,0.2119616,0.02648108,0.2419786,0.01056382,0.03017003,0.01830117,0.000552492,0,0,0,0,0,0,0,0,1,0,0,0,0,0,0,0,0,0,0,3
"E27HA04-02","C27","Chinese","Genuine","Happy 4 CN",49,6,0.4054939,0.1721585,0.02139663,0.2835456,0.009450146,0.02818085,0.01409486,0.000379925,0,0,0,0,0,0,0,0,1,0,0,0,0,0,0,0,0,0,0,2
"E27HA04-02","C27","Chinese","Genuine","Happy 4 CN",50,6.125,0.405359,0.153385,0.01673688,0.3238534,0.01135063,0.02878799,0.01048786,0.000591018,0,0,0,0,0,0,0,0,0,0,0,0,0,0,0,0,0,0,0,2
"E27HA04-02","C27","Chinese","Genuine","Happy 4 CN",51,6.25,0.4065339,0.1546389,0.01382036,0.3313622,0.01163632,0.03327049,0.008286246,0.000682862,0,0,0,0,0,0,0,0,0,0,0,0,0,0,0,0,0,0,0,2
"E27HA04-02","C27","Chinese","Genuine","Happy 4 CN",52,6.375,0.4231601,0.1158798,0.01289673,0.3619248,0.01298852,0.03277949,0.006291609,0.000796614,0,0,0,0,0,0,0,0,0,0,0,0,0,0,0,0,0,0,0,1
"E27HA04-02","C27","Chinese","Genuine","Happy 4 CN",53,6.5,0.4288232,0.08046163,0.0233552,0.3660286,0.01070048,0.03670087,0.005053247,0.000806665,0,0,0,0,0,0,0,0,0,0,0,0,0,0,0,0,0,0,0,1
"E27HA04-02","C27","Chinese","Genuine","Happy 4 CN",54,6.625,0.4684238,0.05555167,0.02455085,0.3497742,0.01048284,0.03505234,0.003812553,0.000636779,0,0,0,0,0,0,0,0,0,0,0,0,0,0,0,0,0,0,0,1
"E27HA04-02","C27","Chinese","Genuine","Happy 4 CN",55,6.75,0.5002928,0.03839733,0.03860358,0.3340781,0.009142493,0.02904119,0.00327072,0.000438833,0,0,0,0,0,0,0,0,0,0,0,0,0,0,0,0,0,0,0,1
"E27HA04-02","C27","Chinese","Genuine","Happy 4 CN",56,6.875,0.4824368,0.02654392,0.04775722,0.3368466,0.008341216,0.02926645,0.002851461,0.000337875,0,0,0,0,0,0,0,0,0,0,0,0,0,0,0,0,0,0,0,1
"E27HA04-02","C27","Chinese","Genuine","Happy 4 CN",57,7,0.4994471,0.01846448,0.05170484,0.3137453,0.008576399,0.02917496,0.002255962,0.000291114,0,0,0,0,0,0,0,0,0,0,0,0,0,0,0,0,0,0,0,1
"E27HA04-02","C27","Chinese","Genuine","Happy 4 CN",58,7.125,0.5028864,0.0127247,0.0824441,0.2962757,0.007445081,0.02383552,0.001887699,0.000200187,0,0,0,0,0,0,0,0,0,0,0,0,0,0,0,0,0,0,0,1
"E27HA04-02","C27","Chinese","Genuine","Happy 4 CN",59,7.25,0.4889949,0.008808677,0.1021507,0.3035916,0.007562407,0.02249124,0.001581936,0.000157693,0,0,0,0,0,0,0,0,0,0,0,0,0,0,0,0,0,0,0,1
"E27HA05-02","C27","Chinese","Genuine","Happy 5 CN",1,0,0.4121857,0.007921927,0.07275374,0.3254085,0.003244066,0.02083321,0.004834672,0.00035438,0,0,0,0,0,0,0,0,0,0,0,0,0,0,0,0,0,0,0,1
"E27HA05-02","C27","Chinese","Genuine","Happy 5 CN",2,0.125,0.4092218,0.008076972,0.06625216,0.3395532,0.004023712,0.02315504,0.004250043,0.000326373,0,0,0,0,0,0,0,0,0,0,0,0,0,0,0,0,0,0,0,1
"E27HA05-02","C27","Chinese","Genuine","Happy 5 CN",3,0.25,0.4045168,0.006554429,0.06217078,0.381926,0.004780663,0.02713897,0.003274423,0.000278493,0,0,0,0,0,0,0,0,0,0,0,0,0,0,0,0,0,0,0,1
"E27HA05-02","C27","Chinese","Genuine","Happy 5 CN",4,0.375,0.4071257,0.008290098,0.05755562,0.4000942,0.004769396,0.02579103,0.003338968,0.000280789,0,0,0,0,0,0,0,0,0,0,0,0,0,0,0,0,0,0,0,1
"E27HA05-02","C27","Chinese","Genuine","Happy 5 CN",5,0.5,0.3747017,0.01881018,0.0513089,0.4204559,0.005568228,0.03372955,0.004635375,0.001568296,0,0,0,0,0,0,0,0,0,0,0,0,0,0,0,0,0,0,0,1
"E27HA05-02","C27","Chinese","Genuine","Happy 5 CN",6,0.625,0.3973763,0.06545478,0.04443951,0.3657637,0.006101893,0.03366192,0.004987883,0.001265258,0,0,0,0,0,0,0,0,0,0,0,0,0,0,0,0,0,0,0,1
"E27HA05-02","C27","Chinese","Genuine","Happy 5 CN",7,0.75,0.4096765,0.09889963,0.03815801,0.3266081,0.006687019,0.03586597,0.005913056,0.001147179,0,0,0,0,0,0,0,0,0,0,0,0,0,0,0,0,0,0,0,1
"E27HA05-02","C27","Chinese","Genuine","Happy 5 CN",8,0.875,0.412623,0.1280752,0.03279735,0.3061494,0.007177687,0.03707068,0.007773537,0.001120671,0,0,0,0,0,0,0,0,0,0,0,0,0,0,0,0,0,0,0,1
"E27HA05-02","C27","Chinese","Genuine","Happy 5 CN",9,1,0.4086707,0.1327026,0.02633298,0.3236027,0.007831042,0.03694282,0.007103966,0.00088587,0,0,0,0,0,0,0,0,0,0,0,0,0,0,0,0,0,0,0,1
"E27HA05-02","C27","Chinese","Genuine","Happy 5 CN",10,1.125,0.4103597,0.135226,0.02315894,0.3239735,0.009061353,0.03651962,0.007040449,0.00072882,0,0,0,0,0,0,0,0,0,0,0,0,0,0,0,0,0,0,0,1
"E27HA05-02","C27","Chinese","Genuine","Happy 5 CN",11,1.25,0.4118221,0.1282724,0.01779903,0.3481268,0.01150752,0.03455061,0.005800216,0.000668502,0,0,0,0,0,0,0,0,0,0,0,0,0,0,0,0,0,0,0,0
"E27HA05-02","C27","Chinese","Genuine","Happy 5 CN",12,1.375,0.40968,0.1179238,0.01433978,0.3591739,0.01391131,0.03819896,0.004742046,0.000722678,0,0,0,0,0,0,0,0,0,0,0,0,0,0,0,0,0,0,0,0
"E27HA05-02","C27","Chinese","Genuine","Happy 5 CN",13,1.5,0.3954517,0.1064156,0.01142284,0.3798681,0.01490495,0.05238704,0.004342731,0.001057264,0,0,0,0,0,0,0,0,0,0,0,0,0,0,0,0,0,0,0,0
"E27HA05-02","C27","Chinese","Genuine","Happy 5 CN",14,1.625,0.3844567,0.08831,0.01097388,0.4098835,0.01525603,0.04552555,0.003964957,0.001362967,0,0,0,0,0,0,0,0,0,0,0,0,0,0,0,0,0,0,0,0
"E27HA05-02","C27","Chinese","Genuine","Happy 5 CN",15,1.75,0.374103,0.09861933,0.00925491,0.42185,0.01649943,0.04664163,0.003508961,0.001042087,0,0,0,0,0,0,0,0,0,0,0,0,0,0,0,0,0,0,0,0
"E27HA05-02","C27","Chinese","Genuine","Happy 5 CN",16,1.875,0.3793183,0.121795,0.00829627,0.3894783,0.01614575,0.05164412,0.003832555,0.000811435,0,0,0,0,0,0,0,0,0,0,0,0,0,0,0,0,0,0,0,0
"E27HA05-02","C27","Chinese","Genuine","Happy 5 CN",17,2,0.3964807,0.1399179,0.008587295,0.366901,0.01701061,0.0485908,0.003662065,0.000989362,0,0,0,0,0,0,0,0,0,0,0,0,0,0,0,0,0,0,0,0
"E27HA05-02","C27","Chinese","Genuine","Happy 5 CN",18,2.125,0.3805295,0.1200018,0.00735185,0.3917253,0.0207225,0.05582538,0.002857523,0.00151354,0,0,0,0,0,0,0,0,0,0,0,0,0,0,0,0,0,0,0,0
"E27HA05-02","C27","Chinese","Genuine","Happy 5 CN",19,2.25,0.373776,0.0953422,0.007967244,0.4156547,0.01901964,0.06169253,0.003578974,0.001957614,0,0,0,0,0,0,0,0,0,0,0,0,0,0,0,0,0,0,0,0
"E27HA05-02","C27","Chinese","Genuine","Happy 5 CN",20,2.375,0.380633,0.06985059,0.01136283,0.437772,0.01837054,0.05154235,0.003044121,0.001428405,0,0,0,0,0,0,0,0,0,0,0,0,0,0,0,0,0,0,0,0
"E27HA05-02","C27","Chinese","Genuine","Happy 5 CN",21,2.5,0.3443239,0.04953594,0.01736753,0.5017267,0.01749683,0.04238757,0.00269127,0.001118962,0,0,0,0,0,0,0,0,0,0,0,0,0,0,0,0,0,0,0,0
"E27HA07-01","C27","Chinese","Genuine","Happy 7 CN",1,0,0.5048051,6.391e-06,0.1110769,0.3639362,0.007820859,0.01481794,0.000285344,0.000343362,0,0,0,0,0,0,0,0,0,0,1,0,0,0,0,0,0,0,0,0
"E27HA07-01","C27","Chinese","Genuine","Happy 7 CN",2,0.125,0.4945982,7.212e-06,0.1302878,0.3358819,0.008207158,0.01617891,0.000439441,0.000399004,0,0,0,0,0,0,0,0,0,0,1,0,0,0,0,0,0,0,0,0
"E27HA07-01","C27","Chinese","Genuine","Happy 7 CN",3,0.25,0.5131106,2.367e-05,0.1070145,0.3143573,0.007379922,0.01539721,0.000539975,0.000296498,0,0,0,0,0,0,0,0,0,0,1,0,0,0,0,0,0,0,0,0
"E27HA07-01","C27","Chinese","Genuine","Happy 7 CN",4,0.375,0.5520431,0.000562282,0.07588253,0.3014602,0.01016692,0.01655379,0.000763649,0.000469248,0,0,0,0,0,0,0,0,0,0,1,0,0,0,0,0,0,0,0,0
"E27HA07-01","C27","Chinese","Genuine","Happy 7 CN",5,0.5,0.5344484,0.001265048,0.06210515,0.3118159,0.01074548,0.01531141,0.001302263,0.001235335,0,0,0,0,0,0,0,0,0,0,1,0,0,0,0,0,0,0,0,0
"E27HA07-01","C27","Chinese","Genuine","Happy 7 CN",6,0.625,0.5337619,0.001829716,0.04661625,0.2995409,0.01494681,0.0256585,0.001340947,0.001511408,0,0,0,0,0,0,0,0,0,0,0,0,0,0,0,0,0,0,0,0
"E27HA07-01","C27","Chinese","Genuine","Happy 7 CN",7,0.75,0.5483958,0.002298236,0.03577233,0.2896074,0.01577225,0.0280867,0.001339376,0.001846282,0,0,0,0,0,0,0,0,0,0,0,0,0,0,0,0,0,0,0,0
"E27HA07-01","C27","Chinese","Genuine","Happy 7 CN",8,0.875,0.5508071,0.008754134,0.02724164,0.2842587,0.01588807,0.0340167,0.001822475,0.004527712,0,0,0,0,0,0,0,0,0,0,0,0,0,0,0,0,0,0,0,0
"E27HA07-01","C27","Chinese","Genuine","Happy 7 CN",9,1,0.5484931,0.01542785,0.02117783,0.2770283,0.01652296,0.03611411,0.001676427,0.006264884,0,0,0,0,0,0,0,0,0,0,0,0,0,0,0,0,0,0,0,0
"E27HA07-01","C27","Chinese","Genuine","Happy 7 CN",10,1.125,0.5261115,0.02170587,0.0172929,0.2893651,0.017819,0.03639241,0.002047174,0.006543371,0,0,0,0,0,0,0,0,0,0,0,0,0,0,0,0,0,0,0,0
"E27HA07-01","C27","Chinese","Genuine","Happy 7 CN",11,1.25,0.5122526,0.0254037,0.01693158,0.2855349,0.01687268,0.0377804,0.002660336,0.006558751,0,0,0,0,0,0,0,0,0,0,0,0,0,0,0,0,0,0,0,0
"E27HA07-01","C27","Chinese","Genuine","Happy 7 CN",12,1.375,0.5169963,0.04168103,0.01465684,0.2728051,0.015647,0.04163533,0.003049902,0.006650259,0,0,0,0,0,0,0,0,0,0,0,0,0,0,0,0,0,0,0,0
"E27HA07-01","C27","Chinese","Genuine","Happy 7 CN",13,1.5,0.5326514,0.0506052,0.01390443,0.2471917,0.01480823,0.04013273,0.003003453,0.005409368,0,0,0,0,0,0,0,0,0,0,0,0,0,0,0,0,0,0,0,0
"E27HA07-01","C27","Chinese","Genuine","Happy 7 CN",14,1.625,0.5358688,0.04312925,0.01340841,0.2588519,0.01472548,0.04043482,0.003529509,0.004659882,0,0,0,0,0,0,0,0,0,0,0,0,0,0,0,0,0,0,0,0
"E27HA07-01","C27","Chinese","Genuine","Happy 7 CN",15,1.75,0.5477508,0.03987158,0.01234571,0.2684332,0.01541041,0.03722107,0.003605921,0.004538401,0,0,0,0,0,0,0,0,0,0,0,0,0,0,0,0,0,0,0,0
"E27HA07-01","C27","Chinese","Genuine","Happy 7 CN",16,1.875,0.5530712,0.04267601,0.01063833,0.2647718,0.01615674,0.03973844,0.003728908,0.003955775,0,0,0,0,0,0,0,0,0,0,0,0,0,0,0,0,0,0,0,0
"E27HA07-01","C27","Chinese","Genuine","Happy 7 CN",17,2,0.5624176,0.04639374,0.0103784,0.2431772,0.01520432,0.03655922,0.003765349,0.004690657,0,0,0,0,0,0,0,0,0,0,0,0,0,0,0,0,0,0,0,0
"E27HA07-01","C27","Chinese","Genuine","Happy 7 CN",18,2.125,0.5571225,0.04610016,0.01100507,0.2527279,0.01466357,0.03382536,0.004138694,0.004401369,0,0,0,0,0,0,0,0,0,0,0,0,0,0,0,0,0,0,0,0
"E27HA07-01","C27","Chinese","Genuine","Happy 7 CN",19,2.25,0.5626073,0.03617681,0.01259858,0.2596234,0.01330767,0.03143223,0.003732629,0.003722135,0,0,0,0,0,0,0,0,0,0,0,0,0,0,0,0,0,0,0,0
"E27HA07-01","C27","Chinese","Genuine","Happy 7 CN",20,2.375,0.5540559,0.02708121,0.01485854,0.2761469,0.01162956,0.03031706,0.003509246,0.003091984,0,0,0,0,0,0,0,0,0,0,0,0,0,0,0,0,0,0,0,0
"E27HA07-01","C27","Chinese","Genuine","Happy 7 CN",21,2.5,0.5371001,0.01969303,0.01836463,0.297159,0.01011038,0.0271443,0.003274281,0.002439218,0,0,0,0,0,0,0,0,0,0,0,0,0,0,0,0,0,0,0,0
"E27HA07-01","C27","Chinese","Genuine","Happy 7 CN",22,2.625,0.5229881,0.01526377,0.02128918,0.3039392,0.00981367,0.02513345,0.003699875,0.002041662,0,0,0,0,0,0,0,0,0,0,0,0,0,0,0,0,0,0,0,0
"E27HA07-01","C27","Chinese","Genuine","Happy 7 CN",23,2.75,0.5070792,0.01122574,0.02650909,0.2836151,0.009337224,0.02422833,0.004902573,0.001591076,0,0,0,0,0,0,0,0,0,0,0,0,0,0,0,0,0,0,0,0
"E27HA07-01","C27","Chinese","Genuine","Happy 7 CN",24,2.875,0.4960588,0.007964955,0.0396888,0.2715094,0.008413044,0.02358542,0.00527632,0.001325692,0,0,0,0,0,0,0,0,0,0,0,0,0,0,0,0,0,0,0,0
"E27HA07-01","C27","Chinese","Genuine","Happy 7 CN",25,3,0.4758476,0.005627854,0.04472119,0.2760013,0.008766212,0.02059,0.004774355,0.000985608,0,0,0,0,0,0,0,0,0,0,0,0,0,0,0,0,0,0,0,1
"E27HA07-01","C27","Chinese","Genuine","Happy 7 CN",26,3.125,0.4390425,0.00447223,0.122803,0.2229548,0.006401897,0.01713658,0.01119349,0.000999241,0,0,0,0,0,0,0,0,0,0,0,0,0,0,0,0,0,0,0,2
"E27HA07-01","C27","Chinese","Genuine","Happy 7 CN",27,3.25,0.4239254,0.003144113,0.1398897,0.2615441,0.004892556,0.01570209,0.009085259,0.000687134,0,0,0,0,0,0,0,0,0,0,0,0,0,0,0,0,0,0,0,2
"E27HA07-01","C27","Chinese","Genuine","Happy 7 CN",28,3.375,0.4060596,0.002238651,0.1235285,0.3205694,0.005010934,0.01390207,0.00656812,0.000507745,0,0,0,0,0,0,0,0,0,0,0,0,0,0,0,0,0,0,0,2
"E27HA07-01","C27","Chinese","Genuine","Happy 7 CN",29,3.5,0.415248,0.00167125,0.1000605,0.3075666,0.006637127,0.01462766,0.004702962,0.000659972,0,0,0,0,0,0,0,0,0,0,0,0,0,0,0,0,0,0,0,1
"E27HA07-01","C27","Chinese","Genuine","Happy 7 CN",30,3.625,0.4272252,0.001189784,0.07826626,0.3102116,0.008075388,0.01484036,0.003370883,0.000454246,0,0,0,0,0,0,0,0,0,0,0,0,0,0,0,0,0,0,0,1
"E28HA01-01","C28","Chinese","Genuine","Happy 1 CN",1,0,0.395506,0.3900445,0.1063439,0.1122899,0.006778742,0.002145282,0.002576206,0.004533804,0,0,0,0,1,0,0,0,1,0,0,0,0,0,0,0,1,0,0,4
"E28HA01-01","C28","Chinese","Genuine","Happy 1 CN",2,0.125,0.3569717,0.4364352,0.09517092,0.1276225,0.007078165,0.002027542,0.003090432,0.003520748,0,0,0,0,1,0,0,0,1,0,0,0,0,0,0,0,1,0,0,4
"E28HA01-01","C28","Chinese","Genuine","Happy 1 CN",3,0.25,0.307031,0.4994066,0.09495148,0.09976096,0.005844643,0.001673303,0.0053603,0.002421063,0,0,0,0,1,0,0,0,1,0,0,0,0,0,0,0,1,0,0,3
"E28HA01-01","C28","Chinese","Genuine","Happy 1 CN",4,0.375,0.2371129,0.6055926,0.09165327,0.07806838,0.004343614,0.001280264,0.009679873,0.001896754,0,0,0,0,1,0,0,0,1,0,0,0,0,0,0,0,0,0,0,3
"E28HA01-01","C28","Chinese","Genuine","Happy 1 CN",5,0.5,0.1960825,0.6658163,0.08615585,0.05884857,0.003471064,0.001037645,0.01096935,0.001406685,0,0,0,0,1,0,0,0,2,0,0,0,0,0,0,0,0,0,0,3
"E28HA01-01","C28","Chinese","Genuine","Happy 1 CN",6,0.625,0.1688233,0.7052642,0.07809992,0.04810758,0.003086603,0.000837202,0.009478576,0.000967315,0,0,0,0,1,0,0,0,2,0,0,0,0,0,0,0,0,0,0,3
"E28HA01-01","C28","Chinese","Genuine","Happy 1 CN",7,0.75,0.1359891,0.7579604,0.06095859,0.03731556,0.002494408,0.000667039,0.008952135,0.00066518,0,0,0,0,1,0,0,0,2,0,0,0,0,0,0,0,0,0,0,3
"E28HA01-01","C28","Chinese","Genuine","Happy 1 CN",8,0.875,0.1061509,0.808376,0.04609581,0.02818945,0.002055167,0.000489184,0.008131806,0.000737057,0,0,0,0,1,0,0,0,2,0,0,0,0,0,0,0,0,0,0,3
"E28HA01-01","C28","Chinese","Genuine","Happy 1 CN",9,1,0.08480433,0.844682,0.04039635,0.02144828,0.001906235,0.000380326,0.009060719,0.000637169,0,0,0,0,1,0,0,0,3,0,0,0,0,0,0,0,0,0,0,3
"E28HA01-01","C28","Chinese","Genuine","Happy 1 CN",10,1.125,0.06400003,0.8818337,0.02930994,0.01498229,0.001488592,0.000299932,0.01252749,0.000724611,0,0,0,0,2,0,0,0,3,0,0,0,0,0,0,0,0,0,0,3
"E28HA01-01","C28","Chinese","Genuine","Happy 1 CN",11,1.25,0.04546613,0.9158301,0.02047733,0.01034388,0.001113725,0.000208437,0.008936143,0.000638855,0,0,0,0,2,0,0,0,3,0,0,0,0,0,0,0,1,0,0,3
"E28HA01-01","C28","Chinese","Genuine","Happy 1 CN",12,1.375,0.03255504,0.9395401,0.01434469,0.007155143,0.00081055,0.00014439,0.006313321,0.002647683,0,0,0,0,3,0,0,0,3,0,0,0,0,0,0,0,1,0,0,3
"E28HA01-01","C28","Chinese","Genuine","Happy 1 CN",13,1.5,0.02321072,0.9567763,0.009975364,0.004960066,0.00060569,9.9969e-05,0.004429061,0.003876138,0,0,0,0,3,0,0,0,3,0,0,0,0,0,0,0,2,0,0,3
"E28HA01-01","C28","Chinese","Genuine","Happy 1 CN",14,1.625,0.01706745,0.9680641,0.007083673,0.003463229,0.000453271,6.9557e-05,0.003119448,0.003759705,0,0,0,0,3,0,0,0,3,0,0,0,0,0,0,0,3,0,0,3
"E28HA01-01","C28","Chinese","Genuine","Happy 1 CN",15,1.75,0.01277579,0.9759606,0.005080725,0.0024161,0.000338987,4.8071e-05,0.002209349,0.004534069,0,0,0,0,3,0,0,0,3,0,0,0,0,0,0,0,3,0,0,3
"E28HA01-01","C28","Chinese","Genuine","Happy 1 CN",16,1.875,0.009549456,0.981941,0.003669184,0.001690636,0.000257897,3.341e-05,0.001634487,0.003388032,0,0,0,0,3,0,0,0,3,0,0,0,0,0,0,0,3,1,0,3
"E28HA01-01","C28","Chinese","Genuine","Happy 1 CN",17,2,0.007242731,0.9862297,0.002699039,0.001186042,0.000198596,2.3066e-05,0.001232046,0.002598217,0,0,0,0,4,0,0,0,4,0,0,0,0,0,0,0,3,1,0,3
"E28HA01-01","C28","Chinese","Genuine","Happy 1 CN",18,2.125,0.005614031,0.9892637,0.001915897,0.000846749,0.000148081,1.5912e-05,0.000870096,0.002406027,0,0,0,0,4,0,0,0,4,0,0,0,0,0,0,0,3,1,0,3
"E28HA01-01","C28","Chinese","Genuine","Happy 1 CN",19,2.25,0.004372159,0.9915938,0.001365222,0.000689008,0.000116952,1.1083e-05,0.000636324,0.002952035,0,0,0,0,4,0,0,0,4,0,0,0,0,0,0,0,3,1,0,3
"E28HA01-01","C28","Chinese","Genuine","Happy 1 CN",20,2.375,0.003842295,0.9925479,0.000988924,0.000489292,9.1807e-05,7.665e-06,0.000495582,0.002831734,0,0,0,0,4,0,0,0,4,0,0,0,0,0,0,0,3,1,0,3
"E28HA01-01","C28","Chinese","Genuine","Happy 1 CN",21,2.5,0.003705946,0.992748,0.000844369,0.000401889,9.6504e-05,5.323e-06,0.000431291,0.002124001,0,0,0,0,4,0,0,0,4,0,0,0,0,0,0,0,3,1,0,3
"E28HA01-01","C28","Chinese","Genuine","Happy 1 CN",22,2.625,0.003514926,0.9930801,0.00066662,0.000309424,8.3695e-05,3.703e-06,0.000363226,0.001748561,0,0,0,0,4,0,0,0,4,0,0,0,0,0,0,0,3,1,0,3
"E28HA01-01","C28","Chinese","Genuine","Happy 1 CN",23,2.75,0.003518964,0.9930377,0.000558116,0.000279089,7.0789e-05,2.565e-06,0.000288589,0.001898487,0,0,0,0,4,0,0,0,4,0,0,0,0,0,0,0,4,1,0,3
"E28HA01-01","C28","Chinese","Genuine","Happy 1 CN",24,2.875,0.003582703,0.9928865,0.000472645,0.000253173,5.9845e-05,1.788e-06,0.000222064,0.001404747,0,0,0,0,4,0,0,0,4,0,0,0,0,0,0,0,4,1,0,3
"E28HA01-01","C28","Chinese","Genuine","Happy 1 CN",25,3,0.003786902,0.9924619,0.000414249,0.000218137,4.9918e-05,1.249e-06,0.000178733,0.001159839,0,0,0,0,4,0,0,0,4,0,0,0,0,0,0,0,4,1,0,3
"E28HA01-01","C28","Chinese","Genuine","Happy 1 CN",26,3.125,0.004105153,0.9918143,0.00038542,0.000253229,4.3151e-05,8.97e-07,0.00014131,0.001769165,0,0,0,0,4,0,0,0,4,0,0,0,0,0,0,0,3,1,0,3
"E28HA01-01","C28","Chinese","Genuine","Happy 1 CN",27,3.25,0.003815861,0.9923851,0.00034142,0.000233266,4.2095e-05,6.46e-07,0.000121569,0.001368797,0,0,0,0,4,0,0,0,4,0,0,0,0,0,0,0,3,1,0,3
"E28HA01-01","C28","Chinese","Genuine","Happy 1 CN",28,3.375,0.003489661,0.9930323,0.000276232,0.000247391,4.3042e-05,4.63e-07,9.521e-05,0.00094874,0,0,0,0,4,0,0,0,4,0,0,0,0,0,0,0,3,1,0,3
"E28HA01-01","C28","Chinese","Genuine","Happy 1 CN",29,3.5,0.003515692,0.9929766,0.000239982,0.000329142,5.149e-05,3.67e-07,8.5873e-05,0.001055233,0,0,0,0,4,0,0,0,4,0,0,0,0,0,0,0,3,1,0,3
"E28HA01-01","C28","Chinese","Genuine","Happy 1 CN",30,3.625,0.003976644,0.9920522,0.000280823,0.000382867,5.8451e-05,3.2e-07,8.179e-05,0.000919301,0,0,0,0,4,0,0,0,4,0,0,0,0,0,0,0,4,1,0,3
"E28HA01-01","C28","Chinese","Genuine","Happy 1 CN",31,3.75,0.004003147,0.9919975,0.000317601,0.00041149,5.4726e-05,3.02e-07,8.4906e-05,0.00106886,0,0,0,0,4,0,0,0,4,0,0,0,0,0,0,0,4,1,0,3
"E28HA01-01","C28","Chinese","Genuine","Happy 1 CN",32,3.875,0.004221496,0.9915596,0.000339445,0.000382604,5.3334e-05,2.82e-07,8.322e-05,0.001203647,0,0,0,0,4,0,0,0,4,0,0,0,0,0,0,0,4,1,0,3
"E28HA01-01","C28","Chinese","Genuine","Happy 1 CN",33,4,0.004151469,0.9916989,0.000340137,0.000381324,5.5572e-05,2.28e-07,6.8175e-05,0.000979829,0,0,0,0,4,0,0,0,4,0,0,0,0,0,0,0,4,1,0,3
"E28HA01-01","C28","Chinese","Genuine","Happy 1 CN",34,4.125,0.004244332,0.9915125,0.000353778,0.000346711,5.6174e-05,1.99e-07,6.1064e-05,0.000910073,0,0,0,0,4,0,0,0,4,0,0,0,0,0,0,0,4,1,0,3
"E28HA01-01","C28","Chinese","Genuine","Happy 1 CN",35,4.25,0.004255514,0.9914898,0.000460778,0.000360876,5.8005e-05,1.96e-07,6.8129e-05,0.001309384,0,0,0,0,4,0,0,0,4,0,0,0,0,0,0,0,4,1,0,3
"E28HA01-01","C28","Chinese","Genuine","Happy 1 CN",36,4.375,0.004795223,0.9904102,0.000439245,0.000302172,4.6553e-05,1.57e-07,5.4541e-05,0.001502315,0,0,0,0,4,0,0,0,4,0,0,0,0,0,0,0,4,1,0,3
"E28HA01-01","C28","Chinese","Genuine","Happy 1 CN",37,4.5,0.006068146,0.9878641,0.000562564,0.000248766,3.4393e-05,1.36e-07,5.3634e-05,0.00193477,0,0,0,0,4,0,0,0,4,0,0,0,0,0,0,0,4,1,0,3
"E28HA01-01","C28","Chinese","Genuine","Happy 1 CN",38,4.625,0.006154018,0.9876922,0.000557987,0.00029484,2.6406e-05,1.3e-07,5.024e-05,0.002286935,0,0,0,0,4,0,0,0,4,0,0,0,0,0,0,0,4,1,0,3
"E28HA01-01","C28","Chinese","Genuine","Happy 1 CN",39,4.75,0.006076966,0.9878463,0.000481899,0.000286964,2.3322e-05,1.29e-07,4.6467e-05,0.001952969,0,0,0,0,4,0,0,0,4,0,0,0,0,0,0,0,4,1,0,3
"E28HA01-01","C28","Chinese","Genuine","Happy 1 CN",40,4.875,0.005714611,0.9885709,0.000516679,0.000297156,2.164e-05,1.19e-07,4.0902e-05,0.001482192,0,0,0,0,4,0,0,0,4,0,0,0,0,0,0,0,4,1,0,3
"E28HA01-01","C28","Chinese","Genuine","Happy 1 CN",41,5,0.005022422,0.9899552,0.000522912,0.000228737,2.4359e-05,1.27e-07,4.2203e-05,0.001797961,0,0,0,0,4,0,0,0,4,0,0,0,0,0,0,0,4,1,0,3
"E28HA01-01","C28","Chinese","Genuine","Happy 1 CN",42,5.125,0.004940208,0.9901196,0.000464165,0.000250095,2.789e-05,1.37e-07,4.1397e-05,0.001476947,0,0,0,0,4,0,0,0,4,0,0,0,0,0,0,0,4,1,0,3
"E28HA01-01","C28","Chinese","Genuine","Happy 1 CN",43,5.25,0.004791015,0.990418,0.000631013,0.000325148,4.5276e-05,1.43e-07,4.1378e-05,0.001601206,0,0,0,0,4,0,0,0,4,0,0,0,0,0,0,0,4,1,0,3
"E28HA01-01","C28","Chinese","Genuine","Happy 1 CN",44,5.375,0.004926331,0.9901474,0.00051387,0.000276274,4.3132e-05,1.22e-07,4.5458e-05,0.00191814,0,0,0,0,4,0,0,0,4,0,0,0,0,0,0,0,4,1,0,3
"E28HA01-01","C28","Chinese","Genuine","Happy 1 CN",45,5.5,0.004762239,0.9904755,0.000510826,0.000199069,4.6455e-05,1.09e-07,5.7802e-05,0.00225923,0,0,0,0,4,0,0,0,4,0,0,0,0,0,0,0,4,1,0,3
"E28HA01-01","C28","Chinese","Genuine","Happy 1 CN",46,5.625,0.00407869,0.9918426,0.000517633,0.000185345,7.2175e-05,1.25e-07,5.7332e-05,0.003204547,0,0,0,0,4,0,0,0,4,0,0,0,0,0,0,0,4,1,0,3
"E28HA01-01","C28","Chinese","Genuine","Happy 1 CN",47,5.75,0.003407904,0.9931842,0.000470678,0.000206544,7.0225e-05,1.67e-07,6.2907e-05,0.003407777,0,0,0,0,4,0,0,0,4,0,0,0,0,0,0,0,4,1,0,3
"E28HA01-01","C28","Chinese","Genuine","Happy 1 CN",48,5.875,0.003122082,0.9937559,0.00038582,0.000219562,7.9217e-05,2.34e-07,5.6792e-05,0.003048399,0,0,0,0,4,0,0,0,4,0,0,0,0,0,0,0,4,1,0,3
"E28HA01-01","C28","Chinese","Genuine","Happy 1 CN",49,6,0.00300839,0.9939833,0.000387035,0.00019264,7.7741e-05,2.15e-07,6.2295e-05,0.003285056,0,0,0,0,4,0,0,0,4,0,0,0,0,0,0,0,4,1,0,3
"E28HA01-01","C28","Chinese","Genuine","Happy 1 CN",50,6.125,0.002575255,0.9948495,0.000353449,0.000240761,0.000109452,2.87e-07,5.6348e-05,0.002542868,0,0,0,0,4,0,0,0,4,0,0,0,0,0,0,0,4,1,0,3
"E28HA01-01","C28","Chinese","Genuine","Happy 1 CN",51,6.25,0.002365373,0.9952693,0.000280887,0.000215989,0.000121316,4.13e-07,5.3046e-05,0.003869296,0,0,0,0,4,0,0,0,4,0,0,0,0,0,0,0,4,1,0,3
"E28HA01-01","C28","Chinese","Genuine","Happy 1 CN",52,6.375,0.00195591,0.9960882,0.00023218,0.000157561,0.000144012,4.98e-07,5.4475e-05,0.003117794,0,0,0,0,4,0,0,0,4,0,0,0,0,0,0,0,4,1,0,3
"E28HA01-01","C28","Chinese","Genuine","Happy 1 CN",53,6.5,0.001893082,0.9962139,0.000174133,0.000116759,0.000351779,4.56e-07,6.2125e-05,0.002803836,0,0,0,0,4,0,0,0,4,0,0,0,0,0,0,0,4,1,0,3
"E28HA01-01","C28","Chinese","Genuine","Happy 1 CN",54,6.625,0.002064311,0.9958714,0.000134081,9.5385e-05,0.000408261,6.35e-07,6.5692e-05,0.002258576,0,0,0,0,4,0,0,0,4,0,0,0,0,0,0,0,4,1,0,3
"E28HA01-01","C28","Chinese","Genuine","Happy 1 CN",55,6.75,0.002145019,0.99571,0.000121191,7.284e-05,0.000345539,5.53e-07,6.0434e-05,0.003879748,0,0,0,0,4,0,0,0,4,0,0,0,0,0,0,0,4,1,0,3
"E28HA01-01","C28","Chinese","Genuine","Happy 1 CN",56,6.875,0.002146724,0.9957066,0.000114923,6.8098e-05,0.000295839,6.68e-07,6.3553e-05,0.005389451,0,0,0,0,4,0,0,0,4,0,0,0,0,0,0,0,4,1,0,3
"E28HA01-01","C28","Chinese","Genuine","Happy 1 CN",57,7,0.00242479,0.9951504,0.000102735,6.5924e-05,0.000236649,7.27e-07,7.6557e-05,0.004432528,0,0,0,0,4,0,0,0,4,0,0,0,0,0,0,0,4,1,0,3
"E28HA01-01","C28","Chinese","Genuine","Happy 1 CN",58,7.125,0.00253041,0.9949392,9.3021e-05,9.3286e-05,0.000186319,6.33e-07,7.1864e-05,0.003802718,0,0,0,0,4,0,0,0,4,0,0,0,0,0,0,0,4,1,0,3
"E28HA01-01","C28","Chinese","Genuine","Happy 1 CN",59,7.25,0.003392772,0.9932145,0.000181025,0.00011245,0.000164945,6.44e-07,8.9763e-05,0.004726554,0,0,0,0,4,0,0,0,4,0,0,0,0,0,0,0,4,1,0,3
"E28HA01-01","C28","Chinese","Genuine","Happy 1 CN",60,7.375,0.003634252,0.9927316,0.000274277,0.000138306,0.000159285,6.37e-07,0.000100622,0.005444613,0,0,0,0,4,0,0,0,4,0,0,0,0,0,0,0,4,1,0,3
"E28HA01-01","C28","Chinese","Genuine","Happy 1 CN",61,7.5,0.004146698,0.9917066,0.000335604,0.000114434,0.000162178,8.3e-07,0.000157474,0.004859802,0,0,0,0,3,0,0,0,4,0,0,0,0,0,0,0,4,1,0,3
"E28HA01-01","C28","Chinese","Genuine","Happy 1 CN",62,7.625,0.004116408,0.9917672,0.000333393,0.000107421,0.000165708,8.33e-07,0.000158479,0.004428909,0,0,0,0,3,0,0,0,4,0,0,0,0,0,0,0,4,1,0,3
"E28HA01-01","C28","Chinese","Genuine","Happy 1 CN",63,7.75,0.004011913,0.9919762,0.000310825,0.000102858,0.000148032,7.99e-07,0.000204258,0.003693315,0,0,0,0,3,0,0,0,4,0,0,0,0,0,0,0,4,1,0,3
"E28HA01-01","C28","Chinese","Genuine","Happy 1 CN",64,7.875,0.003905001,0.99219,0.000260895,0.000106906,0.000139023,7.03e-07,0.000205415,0.003655311,0,0,0,0,4,0,0,0,4,0,0,0,0,0,0,0,4,1,0,3
"E28HA01-01","C28","Chinese","Genuine","Happy 1 CN",65,8,0.003368026,0.993264,0.000241448,0.000109682,0.000117237,6.37e-07,0.000171862,0.002630961,0,0,0,0,4,0,0,0,4,0,0,0,0,0,0,0,4,1,0,3
"E28HA01-01","C28","Chinese","Genuine","Happy 1 CN",66,8.125,0.003081823,0.9938364,0.000222975,0.000115987,0.000136999,6.01e-07,0.00013341,0.002365428,0,0,0,0,4,0,0,0,4,0,0,0,0,0,0,0,4,1,0,3
"E28HA01-01","C28","Chinese","Genuine","Happy 1 CN",67,8.25,0.002915259,0.9941695,0.000187162,0.000129096,0.000126633,6.29e-07,0.000119614,0.003627908,0,0,0,0,4,0,0,0,4,0,0,0,0,0,0,0,4,1,0,3
"E28HA01-01","C28","Chinese","Genuine","Happy 1 CN",68,8.375,0.004272258,0.9914558,0.00032746,0.000133753,0.000162473,2.345e-06,0.00054071,0.006583613,0,0,0,0,3,0,0,0,4,0,0,0,0,0,0,0,4,1,0,3
"E28HA01-01","C28","Chinese","Genuine","Happy 1 CN",69,8.5,0.02251597,0.9554691,0.01461147,0.000765925,0.000374656,8.2754e-05,0.01303544,0.005280374,0,0,0,0,3,0,0,0,4,0,0,0,0,0,0,0,3,1,0,3
"E28HA01-01","C28","Chinese","Genuine","Happy 1 CN",70,8.625,0.06093441,0.8791059,0.02977178,0.001483916,0.000412325,8.6553e-05,0.02749609,0.004164299,0,0,0,0,3,0,0,0,3,0,0,0,0,0,0,0,3,1,0,3
"E28HA01-01","C28","Chinese","Genuine","Happy 1 CN",71,8.75,0.0734622,0.8541316,0.06432427,0.002165907,0.000374131,7.8064e-05,0.03108154,0.003211381,0,0,0,0,3,0,0,0,3,0,0,0,0,0,0,0,3,1,0,4
"E28HA01-01","C28","Chinese","Genuine","Happy 1 CN",72,8.875,0.07458963,0.8519391,0.07064879,0.002298059,0.000389593,6.6731e-05,0.02868683,0.00232786,0,0,0,0,3,0,0,0,3,0,0,0,0,0,0,0,3,1,0,4
"E28HA02-03","C28","Chinese","Genuine","Happy 2 CN",1,0,0.05286564,0.9028717,0.05762551,0.01190029,0.001815856,0.000887145,0.002215277,0.04456834,0,0,0,0,1,0,0,0,3,0,0,0,0,0,0,0,1,0,0,3
"E28HA02-03","C28","Chinese","Genuine","Happy 2 CN",2,0.125,0.06375665,0.8829332,0.05560638,0.01270878,0.001965518,0.00098331,0.003282704,0.04112817,0,0,0,0,1,0,0,0,3,0,0,0,0,0,0,0,1,0,0,3
"E28HA02-03","C28","Chinese","Genuine","Happy 2 CN",3,0.25,0.06003208,0.8879716,0.04761039,0.0118014,0.001789269,0.001066548,0.003477935,0.03608681,0,0,0,0,1,0,0,0,3,0,0,0,0,0,0,0,1,0,0,3
"E28HA02-03","C28","Chinese","Genuine","Happy 2 CN",4,0.375,0.04819403,0.9091597,0.03360735,0.008879103,0.001908349,0.001067019,0.002956683,0.02868491,0,0,0,0,1,0,0,0,3,0,0,0,0,0,0,0,2,0,0,3
"E28HA02-03","C28","Chinese","Genuine","Happy 2 CN",5,0.5,0.03438557,0.9350438,0.02313122,0.006152126,0.001404974,0.000735766,0.002120522,0.02719338,0,0,0,0,2,0,0,0,3,0,0,0,0,0,0,0,2,0,0,3
"E28HA02-03","C28","Chinese","Genuine","Happy 2 CN",6,0.625,0.02472493,0.9531735,0.0159283,0.004240693,0.00098427,0.000506629,0.001566788,0.0298233,0,0,0,0,2,0,0,0,3,0,0,0,0,0,0,0,3,0,0,3
"E28HA02-03","C28","Chinese","Genuine","Happy 2 CN",7,0.75,0.01828251,0.9652389,0.01101497,0.002942721,0.00068278,0.000348748,0.001513111,0.02724149,0,0,0,0,3,0,0,0,3,0,0,0,0,0,0,0,3,1,0,3
"E28HA02-03","C28","Chinese","Genuine","Happy 2 CN",8,0.875,0.01342926,0.974382,0.007635087,0.002087134,0.000477688,0.000240041,0.001158888,0.02132854,0,0,0,0,3,0,0,0,3,0,0,0,0,0,0,0,3,1,0,3
"E28HA02-03","C28","Chinese","Genuine","Happy 2 CN",9,1,0.01082455,0.979204,0.005277837,0.001480817,0.000356738,0.000165179,0.000890866,0.01499408,0,0,0,0,3,0,0,0,3,0,0,0,0,0,0,0,3,1,0,3
"E28HA02-03","C28","Chinese","Genuine","Happy 2 CN",10,1.125,0.008551261,0.9834841,0.003648876,0.001108183,0.000274831,0.000113735,0.000672456,0.01116274,0,0,0,0,3,0,0,0,3,0,0,0,0,0,0,0,3,1,0,3
"E28HA02-03","C28","Chinese","Genuine","Happy 2 CN",11,1.25,0.006573418,0.9872566,0.002536779,0.000886267,0.000209325,7.8322e-05,0.000557167,0.008920662,0,0,0,0,3,0,0,0,3,0,0,0,0,0,0,0,4,1,0,3
"E28HA02-03","C28","Chinese","Genuine","Happy 2 CN",12,1.375,0.005337107,0.9896032,0.001816307,0.000627745,0.00015752,5.4052e-05,0.000488016,0.007971898,0,0,0,0,3,0,0,0,4,0,0,0,0,0,0,0,4,1,0,3
"E28HA02-03","C28","Chinese","Genuine","Happy 2 CN",13,1.5,0.004480408,0.99123,0.001279797,0.000481968,0.000134605,3.746e-05,0.000471299,0.007790986,0,0,0,0,3,0,0,0,4,0,0,0,0,0,0,0,4,1,0,3
"E28HA02-03","C28","Chinese","Genuine","Happy 2 CN",14,1.625,0.004027775,0.9920757,0.000914991,0.000381217,0.000114768,2.6111e-05,0.000518202,0.01224601,0,0,0,0,3,0,0,0,4,0,0,0,0,0,0,0,4,1,0,3
"E28HA02-03","C28","Chinese","Genuine","Happy 2 CN",15,1.75,0.003956383,0.9921775,0.000664119,0.000320457,9.2608e-05,1.847e-05,0.000594985,0.01362355,0,0,0,0,3,0,0,0,4,0,0,0,0,0,0,0,4,2,0,3
"E28HA02-03","C28","Chinese","Genuine","Happy 2 CN",16,1.875,0.003915518,0.992231,0.000485857,0.000279861,7.8468e-05,1.3259e-05,0.000494815,0.01390834,0,0,0,0,3,0,0,0,4,0,0,0,0,0,0,0,4,2,0,3
"E28HA02-03","C28","Chinese","Genuine","Happy 2 CN",17,2,0.003633684,0.9927753,0.000357953,0.000226672,5.8669e-05,9.29e-06,0.000454824,0.01188234,0,0,0,0,3,0,0,0,4,0,0,0,0,0,0,0,4,2,0,3
"E28HA02-03","C28","Chinese","Genuine","Happy 2 CN",18,2.125,0.003578892,0.9928715,0.000279525,0.000208518,5.7141e-05,7.132e-06,0.000444858,0.01244806,0,0,0,0,3,0,0,0,4,0,0,0,0,0,0,0,4,2,0,3
"E28HA02-03","C28","Chinese","Genuine","Happy 2 CN",19,2.25,0.003295468,0.9934292,0.000214436,0.000188715,4.77e-05,5.23e-06,0.000461644,0.011504,0,0,0,0,3,0,0,0,4,0,0,0,0,0,0,0,4,2,0,3
"E28HA02-03","C28","Chinese","Genuine","Happy 2 CN",20,2.375,0.003318372,0.9933771,0.000175271,0.00021159,4.4604e-05,4.031e-06,0.000427324,0.01372375,0,0,0,0,3,0,0,0,4,0,0,0,0,0,0,0,4,1,0,2
"E28HA02-03","C28","Chinese","Genuine","Happy 2 CN",21,2.5,0.003551012,0.9929075,0.00015368,0.000209567,5.9975e-05,4.054e-06,0.00049634,0.01269948,0,0,0,0,3,0,0,0,4,0,0,0,0,0,0,0,4,1,0,2
"E28HA02-03","C28","Chinese","Genuine","Happy 2 CN",22,2.625,0.003575467,0.9928556,0.000140272,0.000219777,7.3474e-05,4.5e-06,0.000697113,0.0224149,0,0,0,0,3,0,0,0,4,0,0,0,0,0,0,0,4,1,0,2
"E28HA02-03","C28","Chinese","Genuine","Happy 2 CN",23,2.75,0.003731073,0.9925423,0.000115782,0.000208142,7.4114e-05,4.067e-06,0.000679955,0.01954786,0,0,0,0,3,0,0,0,4,0,0,0,0,0,0,0,4,1,0,2
"E28HA02-03","C28","Chinese","Genuine","Happy 2 CN",24,2.875,0.003985908,0.9920312,0.000122502,0.000194642,8.6627e-05,7.168e-06,0.001061406,0.01944913,0,0,0,0,3,0,0,0,3,0,0,0,0,0,0,0,4,1,0,2
"E28HA02-03","C28","Chinese","Genuine","Happy 2 CN",25,3,0.0051853,0.9896315,0.00022395,0.000256896,8.0453e-05,9.896e-06,0.002003837,0.02207196,0,0,0,0,3,0,0,0,3,0,0,0,0,0,0,0,4,1,0,2
"E28HA02-03","C28","Chinese","Genuine","Happy 2 CN",26,3.125,0.006619608,0.9867622,0.000204992,0.000324603,9.4289e-05,1.2465e-05,0.001858182,0.02140548,0,0,0,0,3,0,0,0,3,0,0,0,0,0,0,0,4,1,0,1
"E28HA02-03","C28","Chinese","Genuine","Happy 2 CN",27,3.25,0.006261854,0.9874773,0.000170925,0.000327577,9.2474e-05,1.154e-05,0.001836692,0.0226351,0,0,0,0,3,0,0,0,3,0,0,0,0,0,0,0,4,1,0,1
"E28HA02-03","C28","Chinese","Genuine","Happy 2 CN",28,3.375,0.006040072,0.9879206,0.000208191,0.00036773,8.9424e-05,2.0674e-05,0.002514357,0.01855064,0,0,0,0,3,0,0,0,3,0,0,0,0,0,0,0,4,1,0,1
"E28HA02-03","C28","Chinese","Genuine","Happy 2 CN",29,3.5,0.005167463,0.9896657,0.000177163,0.000803268,9.6046e-05,2.0026e-05,0.002212333,0.02057706,0,0,0,0,3,0,0,0,3,0,0,0,0,0,0,0,4,1,0,2
"E28HA02-03","C28","Chinese","Genuine","Happy 2 CN",30,3.625,0.005268688,0.9894637,0.000269115,0.000837539,9.0733e-05,3.2413e-05,0.005806916,0.01624266,0,0,0,0,4,0,0,0,3,0,0,0,0,0,0,0,4,1,0,2
"E28HA02-03","C28","Chinese","Genuine","Happy 2 CN",31,3.75,0.008625608,0.9827569,0.000453398,0.001065493,0.000120939,6.2451e-05,0.01320427,0.0121525,0,0,0,0,4,0,0,0,3,0,0,0,0,0,0,0,3,1,0,2
"E28HA02-03","C28","Chinese","Genuine","Happy 2 CN",32,3.875,0.007728389,0.984549,0.00035221,0.001225215,9.7109e-05,4.4125e-05,0.009410194,0.00876868,0,0,0,0,4,0,0,0,3,0,0,0,0,0,0,0,3,1,0,2
"E28HA02-03","C28","Chinese","Genuine","Happy 2 CN",33,4,0.008070418,0.9838634,0.000307626,0.001171001,7.4206e-05,3.1637e-05,0.007305141,0.006505972,0,0,0,0,4,0,0,0,3,0,0,0,0,0,0,0,3,1,0,2
"E28HA02-03","C28","Chinese","Genuine","Happy 2 CN",34,4.125,0.009228569,0.9815459,0.000265458,0.00108821,5.4998e-05,2.3337e-05,0.005556217,0.00507819,0,0,0,0,4,0,0,0,3,0,0,0,0,0,0,0,3,1,0,3
"E28HA02-03","C28","Chinese","Genuine","Happy 2 CN",35,4.25,0.01035649,0.9792894,0.000227153,0.000978233,4.0912e-05,1.6652e-05,0.004719659,0.005046629,0,0,0,0,4,0,0,0,3,0,0,0,0,0,0,0,3,1,0,3
"E28HA02-03","C28","Chinese","Genuine","Happy 2 CN",36,4.375,0.008151345,0.9836989,0.000201687,0.000808938,3.2738e-05,1.2134e-05,0.003493336,0.005433764,0,0,0,0,4,0,0,0,3,0,0,0,0,0,0,0,4,1,0,3
"E28HA02-03","C28","Chinese","Genuine","Happy 2 CN",37,4.5,0.006614511,0.9867721,0.000175454,0.000651127,2.7161e-05,8.528e-06,0.002505119,0.005031704,0,0,0,0,4,0,0,0,3,0,0,0,0,0,0,0,4,1,0,3
"E28HA02-03","C28","Chinese","Genuine","Happy 2 CN",38,4.625,0.005157607,0.9896855,0.000190119,0.000484359,2.8674e-05,6.109e-06,0.00198235,0.006114509,0,0,0,0,4,0,0,0,3,0,0,0,0,0,0,0,4,1,0,3
"E28HA02-03","C28","Chinese","Genuine","Happy 2 CN",39,4.75,0.004477466,0.9910456,0.000185787,0.000379962,3.9234e-05,4.35e-06,0.001795883,0.004457305,0,0,0,0,4,0,0,0,4,0,0,0,0,0,0,0,4,1,0,3
"E28HA02-03","C28","Chinese","Genuine","Happy 2 CN",40,4.875,0.004251453,0.9914975,0.00017466,0.00033028,3.6053e-05,3.073e-06,0.001446417,0.003596602,0,0,0,0,4,0,0,0,4,0,0,0,0,0,0,0,4,1,0,3
"E28HA02-03","C28","Chinese","Genuine","Happy 2 CN",41,5,0.003598383,0.9928035,0.000201518,0.000387559,3.7854e-05,2.269e-06,0.001127661,0.003834647,0,0,0,0,4,0,0,0,4,0,0,0,0,0,0,0,4,2,0,3
"E28HA02-03","C28","Chinese","Genuine","Happy 2 CN",42,5.125,0.003237532,0.9935251,0.000227424,0.000425635,3.689e-05,1.763e-06,0.00082666,0.002837128,0,0,0,0,4,0,0,0,4,0,0,0,0,0,0,0,4,2,0,3
"E28HA02-03","C28","Chinese","Genuine","Happy 2 CN",43,5.25,0.002747701,0.9945047,0.000287797,0.000686205,4.2276e-05,1.389e-06,0.000613751,0.004024379,0,0,0,0,4,0,0,0,4,0,0,0,0,0,0,0,4,2,0,3
"E28HA02-03","C28","Chinese","Genuine","Happy 2 CN",44,5.375,0.002329099,0.9953419,0.000286758,0.000715748,4.2133e-05,1.291e-06,0.000461203,0.004487695,0,0,0,0,4,0,0,0,4,0,0,0,0,0,0,0,4,2,0,3
"E28HA02-03","C28","Chinese","Genuine","Happy 2 CN",45,5.5,0.002005388,0.9959893,0.000247443,0.000759145,3.9704e-05,1.183e-06,0.000336472,0.003307248,0,0,0,0,4,0,0,0,4,0,0,0,0,0,0,0,4,2,0,3
"E28HA02-03","C28","Chinese","Genuine","Happy 2 CN",46,5.625,0.001932078,0.996136,0.000200656,0.000691143,3.9428e-05,9.6e-07,0.000246278,0.003010051,0,0,0,0,4,0,0,0,4,0,0,0,0,0,0,0,4,2,0,3
"E28HA02-03","C28","Chinese","Genuine","Happy 2 CN",47,5.75,0.001881069,0.996238,0.000204714,0.000554825,3.4652e-05,8.36e-07,0.00019379,0.00333074,0,0,0,0,4,0,0,0,4,0,0,0,0,0,0,0,4,2,0,2
"E28HA02-03","C28","Chinese","Genuine","Happy 2 CN",48,5.875,0.001937236,0.9961256,0.000200732,0.00042968,3.2375e-05,7.02e-07,0.000194397,0.002357244,0,0,0,0,4,0,0,0,4,0,0,0,0,0,0,0,4,2,0,2
"E28HA02-03","C28","Chinese","Genuine","Happy 2 CN",49,6,0.002035062,0.99593,0.000238452,0.000413457,2.5138e-05,6.8e-07,0.000155451,0.001693724,0,0,0,0,4,0,0,0,4,0,0,0,0,0,0,0,4,2,0,2
"E28HA02-03","C28","Chinese","Genuine","Happy 2 CN",50,6.125,0.002142844,0.9957144,0.00024304,0.000437973,2.0616e-05,5.81e-07,0.000134873,0.002222743,0,0,0,0,4,0,0,0,4,0,0,0,0,0,0,0,4,2,0,3
"E28HA02-03","C28","Chinese","Genuine","Happy 2 CN",51,6.25,0.002306947,0.9953861,0.000228262,0.000440493,1.823e-05,7.6e-07,0.000123077,0.001820748,0,0,0,0,4,0,0,0,4,0,0,0,0,0,0,0,4,2,0,3
"E28HA02-03","C28","Chinese","Genuine","Happy 2 CN",52,6.375,0.002031178,0.9959377,0.000212861,0.000434574,1.6745e-05,5.9e-07,9.8703e-05,0.001499884,0,0,0,0,4,0,0,0,4,0,0,0,0,0,0,0,4,2,0,2
"E28HA02-03","C28","Chinese","Genuine","Happy 2 CN",53,6.5,0.001820395,0.9963592,0.000213841,0.000392136,1.6317e-05,5.15e-07,0.000102061,0.004115345,0,0,0,0,4,0,0,0,4,0,0,0,0,0,0,0,4,2,0,2
"E28HA02-03","C28","Chinese","Genuine","Happy 2 CN",54,6.625,0.001840713,0.9963186,0.00017079,0.000312579,2.446e-05,4.74e-07,8.5455e-05,0.005613281,0,0,0,0,4,0,0,0,4,0,0,0,0,0,0,0,4,2,0,2
"E28HA02-03","C28","Chinese","Genuine","Happy 2 CN",55,6.75,0.001916253,0.9961675,0.000165044,0.000378822,3.1552e-05,4.25e-07,7.671e-05,0.003998488,0,0,0,0,4,0,0,0,4,0,0,0,0,0,0,0,4,2,0,3
"E28HA02-03","C28","Chinese","Genuine","Happy 2 CN",56,6.875,0.003158872,0.9936823,0.000136562,0.000295413,0.000117469,4.08e-07,6.3639e-05,0.003526642,0,0,0,0,4,0,0,0,4,0,0,0,0,0,0,0,4,2,0,3
"E28HA02-03","C28","Chinese","Genuine","Happy 2 CN",57,7,0.003412877,0.9931743,0.000157955,0.000231546,0.000127808,5.83e-07,7.3436e-05,0.00290373,0,0,0,0,4,0,0,0,4,0,0,0,0,0,0,0,4,2,0,3
"E28HA02-03","C28","Chinese","Genuine","Happy 2 CN",58,7.125,0.003861486,0.9922771,0.000219956,0.000202227,0.000145236,3.16e-06,0.000130176,0.003285043,0,0,0,0,4,0,0,0,4,0,0,0,0,0,0,0,4,2,0,3
"E28HA02-03","C28","Chinese","Genuine","Happy 2 CN",59,7.25,0.005661312,0.9886781,0.000380255,0.000174817,0.00024236,1.1314e-05,0.000802401,0.003005753,0,0,0,0,4,0,0,0,4,0,0,0,0,0,0,0,4,2,0,3
"E28HA02-03","C28","Chinese","Genuine","Happy 2 CN",60,7.375,0.007420392,0.9851636,0.003991215,0.000214011,0.000300967,1.5106e-05,0.001317698,0.002679278,0,0,0,0,4,0,0,0,4,0,0,0,0,0,0,0,4,1,0,4
"E28HA02-03","C28","Chinese","Genuine","Happy 2 CN",61,7.5,0.009681894,0.9806788,0.008150325,0.000459746,0.000451224,3.7779e-05,0.002774864,0.002617937,0,0,0,0,3,0,0,0,4,0,0,0,0,0,0,0,3,1,0,4
"E28HA02-03","C28","Chinese","Genuine","Happy 2 CN",62,7.625,0.01225473,0.9755803,0.009461725,0.000599399,0.000635146,5.2111e-05,0.006106255,0.00180024,0,0,0,0,3,0,0,0,4,0,0,0,0,0,0,0,3,1,0,4
"E28HA02-03","C28","Chinese","Genuine","Happy 2 CN",63,7.75,0.01506607,0.9699584,0.01008377,0.001098063,0.000593427,8.4971e-05,0.01230986,0.002000458,0,0,0,0,3,0,0,0,4,0,0,0,0,0,0,0,3,1,0,4
"E28HA02-03","C28","Chinese","Genuine","Happy 2 CN",64,7.875,0.01388634,0.9722916,0.00803566,0.001157393,0.000528194,7.8811e-05,0.01068612,0.002292121,0,0,0,0,3,0,0,0,4,0,0,0,0,0,0,0,2,1,0,4
"E28HA02-03","C28","Chinese","Genuine","Happy 2 CN",65,8,0.01135119,0.9773437,0.006335867,0.000968523,0.000469314,6.2836e-05,0.008014401,0.003273015,0,0,0,0,3,0,0,0,3,0,0,0,0,0,0,0,2,1,0,4
"E28HA02-03","C28","Chinese","Genuine","Happy 2 CN",66,8.125,0.009774755,0.9804844,0.005278961,0.000954557,0.000427242,5.846e-05,0.006823249,0.003530563,0,0,0,0,3,0,0,0,3,0,0,0,0,0,0,0,2,1,0,4
"E28HA02-03","C28","Chinese","Genuine","Happy 2 CN",67,8.25,0.01028228,0.9794759,0.004488764,0.001172029,0.000423263,6.0848e-05,0.005734984,0.002527321,0,0,0,0,3,0,0,0,3,0,0,0,0,0,0,0,1,1,0,3
"E28HA02-03","C28","Chinese","Genuine","Happy 2 CN",68,8.375,0.01045615,0.9791301,0.00439714,0.001083946,0.000389793,6.3237e-05,0.004962249,0.001792854,0,0,0,0,3,0,0,0,3,0,0,0,0,0,0,0,1,1,0,3
"E28HA02-03","C28","Chinese","Genuine","Happy 2 CN",69,8.5,0.01037897,0.9792998,0.004915761,0.001538933,0.000387981,6.4623e-05,0.004097024,0.003091809,0,0,0,0,3,0,0,0,3,0,0,0,0,0,0,0,1,0,0,3
"E28HA03-02","C28","Chinese","Genuine","Happy 3 CN",1,0,0.2083583,0.6276219,0.2304128,0.01848316,0.003626115,0.004692793,0.007466645,0.005618403,0,0,0,0,0,0,0,0,2,0,0,0,0,0,0,0,0,0,0,4
"E28HA03-02","C28","Chinese","Genuine","Happy 3 CN",2,0.125,0.1968477,0.6500255,0.2025118,0.0237414,0.003337301,0.004575276,0.007967627,0.004671024,0,0,0,0,0,0,0,0,2,0,0,0,0,0,0,0,0,0,0,4
"E28HA03-02","C28","Chinese","Genuine","Happy 3 CN",3,0.25,0.1914399,0.6569131,0.1820765,0.02372498,0.0030796,0.004036777,0.008384459,0.003524629,0,0,0,0,0,0,0,0,2,0,0,0,0,0,0,0,0,0,0,4
"E28HA03-02","C28","Chinese","Genuine","Happy 3 CN",4,0.375,0.1652074,0.7010773,0.1582349,0.02210187,0.002721803,0.003571471,0.008009396,0.002812247,0,0,0,0,0,0,0,0,2,0,0,0,0,0,0,0,0,0,0,4
"E28HA03-02","C28","Chinese","Genuine","Happy 3 CN",5,0.5,0.1471712,0.7319622,0.1296396,0.0215197,0.002287825,0.003575342,0.008160743,0.002766252,0,0,0,0,0,0,0,0,2,0,0,0,0,0,0,0,0,0,0,4
"E28HA03-02","C28","Chinese","Genuine","Happy 3 CN",6,0.625,0.1264788,0.7667038,0.1122016,0.0184601,0.002187213,0.003123862,0.009634042,0.004667497,0,0,0,0,1,0,0,0,2,0,0,0,0,0,0,0,0,0,0,4
"E28HA03-02","C28","Chinese","Genuine","Happy 3 CN",7,0.75,0.1046574,0.8048848,0.09623177,0.01580937,0.001945032,0.002612521,0.0110069,0.006922925,0,0,0,0,1,0,0,0,3,0,0,0,0,0,0,0,0,0,0,4
"E28HA03-02","C28","Chinese","Genuine","Happy 3 CN",8,0.875,0.08577953,0.8388618,0.0846236,0.01314906,0.00208051,0.00228924,0.009035522,0.005586166,0,0,0,0,1,0,0,0,3,0,0,0,0,0,0,0,0,0,0,4
"E28HA03-02","C28","Chinese","Genuine","Happy 3 CN",9,1,0.07986113,0.8483735,0.07995212,0.01234744,0.002055674,0.002189648,0.008424958,0.005800119,0,0,0,0,1,0,0,0,3,0,0,0,0,0,0,0,0,0,0,4
"E28HA03-02","C28","Chinese","Genuine","Happy 3 CN",10,1.125,0.07690684,0.8526136,0.07260601,0.01328427,0.001884073,0.002137907,0.01007082,0.005678155,0,0,0,0,1,0,0,0,3,0,0,0,0,0,0,0,0,0,0,4
"E28HA03-02","C28","Chinese","Genuine","Happy 3 CN",11,1.25,0.07415645,0.8568157,0.06472298,0.01365353,0.001907427,0.0020484,0.01110638,0.005232914,0,0,0,0,1,0,0,0,3,0,0,0,0,0,0,0,1,0,0,3
"E28HA03-02","C28","Chinese","Genuine","Happy 3 CN",12,1.375,0.06046604,0.8826872,0.04976304,0.0101841,0.00196126,0.001622947,0.009455973,0.006230209,0,0,0,0,1,0,0,0,3,0,0,0,0,0,0,0,1,0,0,3
"E28HA03-02","C28","Chinese","Genuine","Happy 3 CN",13,1.5,0.0484589,0.9055857,0.03594772,0.007250359,0.001728271,0.001253316,0.009339072,0.01197248,0,0,0,0,1,0,0,0,3,0,0,0,0,0,0,0,1,0,0,3
"E28HA03-02","C28","Chinese","Genuine","Happy 3 CN",14,1.625,0.05795417,0.8858392,0.02970916,0.005037067,0.00171689,0.000878959,0.01652555,0.01564614,0,0,0,0,1,0,0,0,3,0,0,0,0,0,0,0,1,0,0,3
"E28HA03-02","C28","Chinese","Genuine","Happy 3 CN",15,1.75,0.04935117,0.9025012,0.02482524,0.003486183,0.001241656,0.000613812,0.0154254,0.01499344,0,0,0,0,1,0,0,0,3,0,0,0,0,0,0,0,2,0,0,4
"E28HA03-02","C28","Chinese","Genuine","Happy 3 CN",16,1.875,0.04012078,0.9205906,0.01888759,0.002419002,0.000961702,0.000438855,0.02512635,0.01443572,0,0,0,0,2,0,0,0,3,0,0,0,0,0,0,0,2,0,0,4
"E28HA03-02","C28","Chinese","Genuine","Happy 3 CN",17,2,0.03118593,0.9382027,0.01372579,0.001698293,0.000731515,0.000329795,0.02531141,0.01370631,0,0,0,0,2,0,0,0,3,0,0,0,0,0,0,0,2,0,0,4
"E28HA03-02","C28","Chinese","Genuine","Happy 3 CN",18,2.125,0.02570019,0.9489973,0.01057979,0.001205832,0.000672486,0.000259899,0.02965284,0.01229909,0,0,0,0,2,0,0,0,3,0,0,0,0,0,0,0,2,0,0,4
"E28HA03-02","C28","Chinese","Genuine","Happy 3 CN",19,2.25,0.02130706,0.9576709,0.009993179,0.000878527,0.000634746,0.000253711,0.0303365,0.01671018,0,0,0,0,2,0,0,0,3,0,0,0,0,0,0,0,2,0,0,3
"E28HA03-02","C28","Chinese","Genuine","Happy 3 CN",20,2.375,0.02440027,0.9514651,0.01035556,0.000859823,0.000593718,0.000248943,0.02718474,0.01440052,0,0,0,0,2,0,0,0,3,0,0,0,0,0,0,0,2,0,0,3
"E28HA03-02","C28","Chinese","Genuine","Happy 3 CN",21,2.5,0.02626516,0.9477274,0.01286444,0.002057368,0.000756981,0.000267709,0.02158394,0.01375141,0,0,0,0,2,0,0,0,3,0,0,0,0,0,0,0,2,0,0,3
"E28HA03-02","C28","Chinese","Genuine","Happy 3 CN",22,2.625,0.07485303,0.8535272,0.05553707,0.001892441,0.001722469,0.00030162,0.02703628,0.009456242,0,0,0,0,2,0,0,0,3,0,0,0,0,0,0,0,1,0,0,4
"E28HA03-02","C28","Chinese","Genuine","Happy 3 CN",23,2.75,0.08669189,0.8293947,0.08642076,0.002311219,0.001484456,0.000303453,0.02893738,0.006502642,0,0,0,0,2,0,0,0,3,0,0,0,0,0,0,0,1,0,0,4
"E28HA03-02","C28","Chinese","Genuine","Happy 3 CN",24,2.875,0.10811,0.7867776,0.1108683,0.002487777,0.001203924,0.000313757,0.05788839,0.005217311,0,0,0,0,2,0,0,0,3,0,0,0,0,0,0,0,1,0,0,4
"E28HA03-02","C28","Chinese","Genuine","Happy 3 CN",25,3,0.1144591,0.7736095,0.1276821,0.002446684,0.0010638,0.000302243,0.09532677,0.005409182,0,0,0,0,2,0,0,0,3,0,0,0,0,0,0,0,1,0,0,4
"E28HA03-02","C28","Chinese","Genuine","Happy 3 CN",26,3.125,0.09453772,0.8128139,0.1157555,0.002989809,0.000991041,0.000329061,0.08281489,0.01272918,0,0,0,0,2,0,0,0,3,0,0,0,0,0,0,0,1,0,0,4
"E28HA03-02","C28","Chinese","Genuine","Happy 3 CN",27,3.25,0.0828554,0.8358284,0.097631,0.003515067,0.000865791,0.000416512,0.06888944,0.009966001,0,0,0,0,1,0,0,0,3,0,0,0,0,0,0,0,1,0,0,4
"E28HA03-02","C28","Chinese","Genuine","Happy 3 CN",28,3.375,0.08362611,0.8343563,0.08302161,0.005596407,0.000786315,0.00050262,0.0580472,0.008100672,0,0,0,0,1,0,0,0,3,0,0,0,0,0,0,0,0,0,0,4
"E28HA03-02","C28","Chinese","Genuine","Happy 3 CN",29,3.5,0.07997387,0.8416729,0.08179218,0.006294024,0.000692899,0.000644189,0.04710101,0.007244227,0,0,0,0,1,0,0,0,3,0,0,0,0,0,0,0,0,0,0,4
"E28HA03-02","C28","Chinese","Genuine","Happy 3 CN",30,3.625,0.07300487,0.8558697,0.06780881,0.008327565,0.0006538,0.000763288,0.03641143,0.007093785,0,0,0,0,1,0,0,0,3,0,0,0,0,0,0,0,0,0,0,4
"E28HA03-02","C28","Chinese","Genuine","Happy 3 CN",31,3.75,0.06475388,0.872413,0.06297252,0.01016485,0.000666099,0.000896136,0.03147438,0.006924677,0,0,0,0,1,0,0,0,3,0,0,0,0,0,0,0,0,0,0,4
"E28HA03-02","C28","Chinese","Genuine","Happy 3 CN",32,3.875,0.06577736,0.8705963,0.06994662,0.01323179,0.000692634,0.001117592,0.02956403,0.006272497,0,0,0,0,1,0,0,0,3,0,0,0,0,0,0,0,0,0,0,3
"E28HA03-02","C28","Chinese","Genuine","Happy 3 CN",33,4,0.07281715,0.8566575,0.07853355,0.01191416,0.000608398,0.001066,0.02403739,0.005096622,0,0,0,0,1,0,0,0,3,0,0,0,0,0,0,0,0,0,0,3
"E28HA03-02","C28","Chinese","Genuine","Happy 3 CN",34,4.125,0.0771527,0.8480744,0.1113108,0.009412467,0.000570508,0.00085525,0.03249332,0.009106927,0,0,0,0,1,0,0,0,3,0,0,0,0,0,0,0,0,0,0,4
"E28HA03-02","C28","Chinese","Genuine","Happy 3 CN",35,4.25,0.1252436,0.7525733,0.1446049,0.008650994,0.000519614,0.000724813,0.05281913,0.007504647,0,0,0,0,1,0,0,0,3,0,0,0,0,0,0,0,0,0,0,4
"E28HA03-02","C28","Chinese","Genuine","Happy 3 CN",36,4.375,0.105903,0.7916944,0.1183704,0.01047963,0.000617981,0.00143417,0.03883731,0.007440974,0,0,0,0,1,0,0,0,3,0,0,0,0,0,0,0,0,0,0,4
"E28HA03-02","C28","Chinese","Genuine","Happy 3 CN",37,4.5,0.1377237,0.730274,0.1418167,0.007895379,0.000681609,0.00106354,0.04903277,0.005116831,0,0,0,0,1,0,0,0,3,0,0,0,0,0,0,0,0,0,0,4
"E28HA03-02","C28","Chinese","Genuine","Happy 3 CN",38,4.625,0.139547,0.7265304,0.1555298,0.007818326,0.001050491,0.00089647,0.03688794,0.00351862,0,0,0,0,1,0,0,0,3,0,0,0,0,0,0,0,0,0,0,4
"E28HA03-02","C28","Chinese","Genuine","Happy 3 CN",39,4.75,0.1234976,0.757678,0.1426958,0.006511293,0.000974727,0.000788268,0.03413089,0.009599768,0,0,0,0,1,0,0,0,3,0,0,0,0,0,0,0,0,0,0,4
"E28HA03-02","C28","Chinese","Genuine","Happy 3 CN",40,4.875,0.1054329,0.7929153,0.1437221,0.007375607,0.0009181,0.000886736,0.02634793,0.009544902,0,0,0,0,1,0,0,0,3,0,0,0,0,0,0,0,0,0,0,4
"E28HA03-02","C28","Chinese","Genuine","Happy 3 CN",41,5,0.08937077,0.824439,0.122873,0.009459132,0.000986977,0.001243422,0.02055526,0.008041801,0,0,0,0,1,0,0,0,3,0,0,0,0,0,0,0,0,0,0,4
"E28HA03-02","C28","Chinese","Genuine","Happy 3 CN",42,5.125,0.0753581,0.8517885,0.1079514,0.008178839,0.000930655,0.001297951,0.01823213,0.008775992,0,0,0,0,1,0,0,0,3,0,0,0,0,0,0,0,0,0,0,4
"E28HA03-02","C28","Chinese","Genuine","Happy 3 CN",43,5.25,0.06643434,0.8691437,0.09908981,0.006877123,0.000841126,0.001204479,0.01437174,0.008483252,0,0,0,0,1,0,0,0,3,0,0,0,0,0,0,0,0,0,0,4
"E28HA03-02","C28","Chinese","Genuine","Happy 3 CN",44,5.375,0.05840798,0.8848655,0.08281124,0.006883379,0.000734527,0.001160157,0.01217499,0.00755446,0,0,0,0,1,0,0,0,3,0,0,0,0,0,0,0,0,0,0,4
"E28HA03-02","C28","Chinese","Genuine","Happy 3 CN",45,5.5,0.05643491,0.8887198,0.07890607,0.006747321,0.000755352,0.001170768,0.01266113,0.00689957,0,0,0,0,1,0,0,0,3,0,0,0,0,0,0,0,0,0,0,4
"E28HA03-02","C28","Chinese","Genuine","Happy 3 CN",46,5.625,0.05288821,0.895767,0.08266399,0.007528913,0.000715839,0.001290045,0.01151077,0.006805878,0,0,0,0,1,0,0,0,3,0,0,0,0,0,0,0,0,0,0,4
"E28HA03-02","C28","Chinese","Genuine","Happy 3 CN",47,5.75,0.04806273,0.9052724,0.0796712,0.008494739,0.000775492,0.00129199,0.01102887,0.008175252,0,0,0,0,1,0,0,0,3,0,0,0,0,0,0,0,0,0,0,4
"E28HA03-02","C28","Chinese","Genuine","Happy 3 CN",48,5.875,0.04654227,0.9082125,0.07329682,0.008419488,0.000804348,0.001525628,0.01112246,0.008119971,0,0,0,0,1,0,0,0,3,0,0,0,0,0,0,0,0,0,0,3
"E28HA03-02","C28","Chinese","Genuine","Happy 3 CN",49,6,0.0492887,0.9026067,0.07174835,0.007307661,0.000873728,0.001526961,0.01464763,0.01244965,0,0,0,0,1,0,0,0,3,0,0,0,0,0,0,0,0,0,0,3
"E28HA03-02","C28","Chinese","Genuine","Happy 3 CN",50,6.125,0.05581812,0.8898327,0.05992167,0.008274083,0.000932937,0.001429119,0.02543014,0.01496943,0,0,0,0,1,0,0,0,3,0,0,0,0,0,0,0,0,0,0,3
"E28HA03-02","C28","Chinese","Genuine","Happy 3 CN",51,6.25,0.05804709,0.8858825,0.05585248,0.008458686,0.000880295,0.001203473,0.02731105,0.01585971,0,0,0,0,1,0,0,0,3,0,0,0,0,0,0,0,0,0,0,3
"E28HA03-02","C28","Chinese","Genuine","Happy 3 CN",52,6.375,0.06278253,0.8772637,0.06495236,0.009335976,0.001093117,0.001291195,0.02677189,0.01768616,0,0,0,0,1,0,0,0,3,0,0,0,0,0,0,0,0,0,0,3
"E28HA03-02","C28","Chinese","Genuine","Happy 3 CN",53,6.5,0.07127777,0.8607527,0.08234004,0.01103135,0.001414575,0.001441036,0.02332217,0.02087401,0,0,0,0,1,0,0,0,3,0,0,0,0,0,0,0,0,0,0,3
"E28HA03-02","C28","Chinese","Genuine","Happy 3 CN",54,6.625,0.07150805,0.8606787,0.09236124,0.01657991,0.002560619,0.001983574,0.01705856,0.02941545,0,0,0,0,1,0,0,0,3,0,0,0,0,0,0,0,0,0,0,3
"E28HA03-02","C28","Chinese","Genuine","Happy 3 CN",55,6.75,0.08425641,0.8359563,0.09281018,0.02670265,0.005013508,0.005522908,0.01319542,0.02105036,0,0,0,0,1,0,0,0,3,0,0,0,0,0,0,0,1,0,0,3
"E28HA03-02","C28","Chinese","Genuine","Happy 3 CN",56,6.875,0.1023689,0.8005123,0.09859711,0.03296142,0.007103051,0.007233319,0.01102652,0.0183604,0,0,0,0,1,0,0,0,3,0,0,0,0,0,0,0,1,0,0,3
"E28HA03-02","C28","Chinese","Genuine","Happy 3 CN",57,7,0.1258017,0.7555202,0.1058865,0.03766547,0.008494974,0.009613857,0.01140482,0.01601129,0,0,0,0,1,0,0,0,3,0,0,0,0,0,0,0,1,0,0,3
"E28HA06-04","C28","Chinese","Genuine","Happy 6 CN",1,0,0.05401168,0.8927096,0.04195399,0.002795989,0.001938434,0.000522788,0.00360428,0.01087841,0,0,0,0,1,0,0,0,3,0,0,0,0,0,0,0,2,0,0,4
"E28HA06-04","C28","Chinese","Genuine","Happy 6 CN",2,0.125,0.05788602,0.8856037,0.05215757,0.003503727,0.00185588,0.000588204,0.004639942,0.0116073,0,0,0,0,2,0,0,0,3,0,0,0,0,0,0,0,2,0,0,4
"E28HA06-04","C28","Chinese","Genuine","Happy 6 CN",3,0.25,0.06175701,0.8782282,0.04934528,0.003032581,0.001786317,0.000733811,0.006010171,0.008989516,0,0,0,0,2,0,0,0,3,0,0,0,0,0,0,0,2,0,0,4
"E28HA06-04","C28","Chinese","Genuine","Happy 6 CN",4,0.375,0.06126199,0.8793179,0.04843555,0.002770182,0.00180341,0.001083919,0.006419993,0.007501745,0,0,0,0,2,0,0,0,3,0,0,0,0,0,0,0,2,0,0,4
"E28HA06-04","C28","Chinese","Genuine","Happy 6 CN",5,0.5,0.06123713,0.8791022,0.04357319,0.002408187,0.001575413,0.001258039,0.008021808,0.005232426,0,0,0,0,2,0,0,0,3,0,0,0,0,0,0,0,2,0,0,4
"E28HA06-04","C28","Chinese","Genuine","Happy 6 CN",6,0.625,0.06372048,0.8739606,0.04050312,0.002197285,0.001476507,0.001166809,0.008669812,0.005351508,0,0,0,0,2,0,0,0,3,0,0,0,0,0,0,0,2,0,0,4
"E28HA06-04","C28","Chinese","Genuine","Happy 6 CN",7,0.75,0.06216459,0.8768756,0.03675899,0.001821944,0.001452981,0.001049926,0.008026726,0.007621602,0,0,0,0,2,0,0,0,3,0,0,0,0,0,0,0,2,0,0,4
"E28HA06-04","C28","Chinese","Genuine","Happy 6 CN",8,0.875,0.0555181,0.8899169,0.03577142,0.001616479,0.00146761,0.000939045,0.008030999,0.01243428,0,0,0,0,2,0,0,0,3,0,0,0,0,0,0,0,2,0,0,4
"E28HA06-04","C28","Chinese","Genuine","Happy 6 CN",9,1,0.04993001,0.9010386,0.03597115,0.001766924,0.00133117,0.000857297,0.01142763,0.01336114,0,0,0,0,2,0,0,0,3,0,0,0,0,0,0,0,2,0,0,4
"E28HA06-04","C28","Chinese","Genuine","Happy 6 CN",10,1.125,0.04597975,0.9088671,0.03323053,0.001881236,0.001083215,0.000667593,0.009390995,0.01129355,0,0,0,0,2,0,0,0,3,0,0,0,0,0,0,0,2,0,0,4
"E28HA06-04","C28","Chinese","Genuine","Happy 6 CN",11,1.25,0.06232615,0.8760914,0.04894899,0.001408573,0.001132924,0.000586442,0.01347284,0.01015025,0,0,0,0,2,0,0,0,3,0,0,0,0,0,0,0,2,0,0,4
"E28HA06-04","C28","Chinese","Genuine","Happy 6 CN",12,1.375,0.05806509,0.8845061,0.04616082,0.001083809,0.00106335,0.000549232,0.01262134,0.007495405,0,0,0,0,2,0,0,0,3,0,0,0,0,0,0,0,2,0,0,4
"E28HA06-04","C28","Chinese","Genuine","Happy 6 CN",13,1.5,0.05141856,0.8977011,0.03909273,0.001071872,0.000966494,0.00056134,0.01066651,0.008601341,0,0,0,0,2,0,0,0,3,0,0,0,0,0,0,0,2,0,0,4
"E28HA06-04","C28","Chinese","Genuine","Happy 6 CN",14,1.625,0.05612562,0.8883708,0.03506637,0.001497121,0.00108657,0.000626311,0.008515559,0.008380214,0,0,0,0,2,0,0,0,3,0,0,0,0,0,0,0,2,0,0,4
"E28HA06-04","C28","Chinese","Genuine","Happy 6 CN",15,1.75,0.05453074,0.8918308,0.0360642,0.001777104,0.001123066,0.000578789,0.00687461,0.0076952,0,0,0,0,2,0,0,0,3,0,0,0,0,0,0,0,2,0,0,4
"E28HA06-04","C28","Chinese","Genuine","Happy 6 CN",16,1.875,0.05260627,0.8957322,0.04106904,0.002107206,0.001124633,0.000602488,0.007015381,0.007683709,0,0,0,0,2,0,0,0,3,0,0,0,0,0,0,0,2,0,0,4
"E28HA06-04","C28","Chinese","Genuine","Happy 6 CN",17,2,0.05230393,0.8961962,0.039308,0.001975403,0.001086104,0.000644382,0.00721198,0.01073088,0,0,0,0,2,0,0,0,3,0,0,0,0,0,0,0,2,0,0,4
"E28HA06-04","C28","Chinese","Genuine","Happy 6 CN",18,2.125,0.05971469,0.8815395,0.03673719,0.002121934,0.001105574,0.00070367,0.0103981,0.01503817,0,0,0,0,2,0,0,0,3,0,0,0,0,0,0,0,2,0,0,4
"E28HA06-04","C28","Chinese","Genuine","Happy 6 CN",19,2.25,0.06598306,0.8690747,0.04064518,0.002130176,0.000990236,0.000718389,0.01134373,0.01159368,0,0,0,0,2,0,0,0,3,0,0,0,0,0,0,0,2,0,0,4
"E28HA06-04","C28","Chinese","Genuine","Happy 6 CN",20,2.375,0.0739385,0.8533942,0.04866501,0.002035178,0.0012254,0.000840164,0.01224658,0.01337704,0,0,0,0,2,0,0,0,3,0,0,0,0,0,0,0,2,0,0,4
"E28HA06-04","C28","Chinese","Genuine","Happy 6 CN",21,2.5,0.07833044,0.8447652,0.05242995,0.002109324,0.001231116,0.001013685,0.01262065,0.01536425,0,0,0,0,2,0,0,0,3,0,0,0,0,0,0,0,2,0,0,4
"E28HA06-04","C28","Chinese","Genuine","Happy 6 CN",22,2.625,0.07626979,0.8492318,0.05665655,0.002078396,0.001344781,0.00094204,0.01251467,0.01430815,0,0,0,0,2,0,0,0,3,0,0,0,0,0,0,0,2,0,0,4
"E28HA06-04","C28","Chinese","Genuine","Happy 6 CN",23,2.75,0.06834868,0.8652552,0.05300923,0.002210243,0.001747807,0.001163857,0.01225167,0.01070042,0,0,0,0,2,0,0,0,3,0,0,0,0,0,0,0,2,0,0,3
"E28HA06-04","C28","Chinese","Genuine","Happy 6 CN",24,2.875,0.06725099,0.8676155,0.05571682,0.002402322,0.001913005,0.001354695,0.01370165,0.0108629,0,0,0,0,2,0,0,0,3,0,0,0,0,0,0,0,2,0,0,3
"E28HA06-04","C28","Chinese","Genuine","Happy 6 CN",25,3,0.06502381,0.8718033,0.05319082,0.002503739,0.002022496,0.001313157,0.01228804,0.01278553,0,0,0,0,2,0,0,0,3,0,0,0,0,0,0,0,2,0,0,3
"E28HA06-04","C28","Chinese","Genuine","Happy 6 CN",26,3.125,0.06219549,0.8773986,0.06077405,0.002546361,0.001991075,0.001364613,0.01267863,0.01691631,0,0,0,0,2,0,0,0,3,0,0,0,0,0,0,0,2,0,0,3
"E28HA06-04","C28","Chinese","Genuine","Happy 6 CN",27,3.25,0.06096787,0.8798693,0.06091246,0.002600397,0.001680405,0.001256842,0.01355674,0.01768429,0,0,0,0,2,0,0,0,3,0,0,0,0,0,0,0,2,0,0,3
"E28HA06-04","C28","Chinese","Genuine","Happy 6 CN",28,3.375,0.06487364,0.8722438,0.06088889,0.002917877,0.001615441,0.001306218,0.01374909,0.02229737,0,0,0,0,2,0,0,0,3,0,0,0,0,0,0,0,2,0,0,3
"E28HA06-04","C28","Chinese","Genuine","Happy 6 CN",29,3.5,0.07014845,0.8619223,0.06188795,0.002616914,0.001752055,0.001586849,0.01482246,0.02547635,0,0,0,0,2,0,0,0,3,0,0,0,0,0,0,0,2,0,0,3
"E28HA06-04","C28","Chinese","Genuine","Happy 6 CN",30,3.625,0.09650255,0.8102301,0.08433864,0.001982884,0.00258417,0.001318194,0.0161199,0.01845613,0,0,0,0,1,0,0,0,3,0,0,0,0,0,0,0,2,0,0,4
"E28HA06-04","C28","Chinese","Genuine","Happy 6 CN",31,3.75,0.1174555,0.7682028,0.1226958,0.001854764,0.001951748,0.001014754,0.02751744,0.0129069,0,0,0,0,1,0,0,0,3,0,0,0,0,0,0,0,2,0,0,4
"E28HA06-04","C28","Chinese","Genuine","Happy 6 CN",32,3.875,0.1141593,0.7750893,0.1193797,0.002002374,0.001501486,0.000856323,0.02708339,0.01063797,0,0,0,0,1,0,0,0,3,0,0,0,0,0,0,0,2,0,0,4
"E28HA06-04","C28","Chinese","Genuine","Happy 6 CN",33,4,0.1028071,0.7977023,0.09878844,0.002292821,0.00129778,0.0007828,0.02179926,0.009501707,0,0,0,0,1,0,0,0,3,0,0,0,0,0,0,0,2,0,0,4
"E28HA07-02","C28","Chinese","Genuine","Happy 7 CN",1,0,0.4368713,0.252333,0.133981,0.1059792,0.003714277,0.005808276,0.00852773,0.002304391,0,0,0,0,1,0,0,0,1,0,0,0,0,0,0,0,2,0,0,3
"E28HA07-02","C28","Chinese","Genuine","Happy 7 CN",2,0.125,0.4428138,0.2503806,0.1220538,0.1217887,0.003477318,0.005733852,0.01141793,0.001639054,0,0,0,0,1,0,0,0,1,0,0,0,0,0,0,0,2,0,0,3
"E28HA07-02","C28","Chinese","Genuine","Happy 7 CN",3,0.25,0.4377956,0.2683474,0.1276492,0.1018274,0.003012416,0.005553079,0.01872484,0.00282096,0,0,0,0,1,0,0,0,1,0,0,0,0,0,0,0,2,0,0,3
"E28HA07-02","C28","Chinese","Genuine","Happy 7 CN",4,0.375,0.4388945,0.2713269,0.112431,0.1128506,0.002929536,0.005382206,0.01797166,0.002339736,0,0,0,0,1,0,0,0,1,0,0,0,0,0,0,0,2,0,0,3
"E28HA07-02","C28","Chinese","Genuine","Happy 7 CN",5,0.5,0.430344,0.2844414,0.150907,0.08108634,0.002880765,0.004815965,0.02146361,0.002753921,0,0,0,0,1,0,0,0,1,0,0,0,0,0,0,0,1,0,0,3
"E28HA07-02","C28","Chinese","Genuine","Happy 7 CN",6,0.625,0.4010503,0.3190542,0.1326035,0.0681865,0.002793558,0.005034497,0.01992092,0.004141438,0,0,0,0,1,0,0,0,1,0,0,0,0,0,0,0,2,0,0,3
"E28HA07-02","C28","Chinese","Genuine","Happy 7 CN",7,0.75,0.34396,0.4039879,0.1125188,0.07356139,0.003111142,0.004433264,0.01633441,0.004929754,0,0,0,0,1,0,0,0,1,0,0,0,0,0,0,0,1,0,0,3
"E28HA07-02","C28","Chinese","Genuine","Happy 7 CN",8,0.875,0.3140146,0.4441274,0.1022556,0.06738173,0.003121783,0.005051396,0.01915511,0.005688807,0,0,0,0,1,0,0,0,1,0,0,0,0,0,0,0,2,0,0,3
"E28HA07-02","C28","Chinese","Genuine","Happy 7 CN",9,1,0.2914486,0.4757952,0.08695232,0.06082523,0.00331545,0.00636743,0.01966093,0.006907491,0,0,0,0,1,0,0,0,1,0,0,0,0,0,0,0,2,0,0,3
"E28HA07-02","C28","Chinese","Genuine","Happy 7 CN",10,1.125,0.2579275,0.5299927,0.07683915,0.05506244,0.002891334,0.005962866,0.03004251,0.007475259,0,0,0,0,1,0,0,0,2,0,0,0,0,0,0,0,2,0,0,3
"E28HA07-02","C28","Chinese","Genuine","Happy 7 CN",11,1.25,0.1906703,0.6509616,0.05858991,0.05427137,0.002448867,0.004888968,0.02546565,0.007670867,0,0,0,0,1,0,0,0,2,0,0,0,0,0,0,0,2,0,0,3
"E28HA07-02","C28","Chinese","Genuine","Happy 7 CN",12,1.375,0.1330349,0.7561474,0.04052636,0.03866299,0.001974337,0.003386713,0.01848895,0.007435231,0,0,0,0,1,0,0,0,2,0,0,0,0,0,0,0,3,1,0,3
"E28HA07-02","C28","Chinese","Genuine","Happy 7 CN",13,1.5,0.09203413,0.8312095,0.02819069,0.02883429,0.00150016,0.002340014,0.01283303,0.006264372,0,0,0,0,2,0,0,0,3,0,0,0,0,0,0,0,3,1,0,3
"E28HA07-02","C28","Chinese","Genuine","Happy 7 CN",14,1.625,0.06408422,0.8823375,0.02000977,0.02126876,0.001101084,0.001614066,0.009060358,0.004877265,0,0,0,0,2,0,0,0,3,0,0,0,0,0,0,0,3,1,0,3
"E28HA07-02","C28","Chinese","Genuine","Happy 7 CN",15,1.75,0.04554788,0.9161288,0.01420564,0.01640817,0.000789833,0.001114051,0.006403337,0.00346899,0,0,0,0,3,0,0,0,3,0,0,0,0,0,0,0,3,1,0,3
"E28HA07-02","C28","Chinese","Genuine","Happy 7 CN",16,1.875,0.03374117,0.9374857,0.01024016,0.01198238,0.000563579,0.000768993,0.004593224,0.002784863,0,0,0,0,3,0,0,0,3,0,0,0,0,0,0,0,4,2,0,3
"E28HA07-02","C28","Chinese","Genuine","Happy 7 CN",17,2,0.02644046,0.9505354,0.007352653,0.009244527,0.000398693,0.000529489,0.003225275,0.002005243,0,0,0,0,3,0,0,0,3,0,0,0,0,0,0,0,4,2,0,3
"E28HA07-02","C28","Chinese","Genuine","Happy 7 CN",18,2.125,0.020945,0.9604594,0.005543121,0.008311493,0.000285831,0.000364818,0.002247265,0.002438761,0,0,0,0,3,0,0,0,3,0,0,0,0,0,0,0,4,2,0,3
"E28HA07-02","C28","Chinese","Genuine","Happy 7 CN",19,2.25,0.01613223,0.9693511,0.004309957,0.007082348,0.000218937,0.000251372,0.001592724,0.002614433,0,0,0,0,3,0,0,0,3,0,0,0,0,0,0,0,4,2,0,3
"E28HA07-02","C28","Chinese","Genuine","Happy 7 CN",20,2.375,0.01227555,0.9765599,0.003170624,0.005977118,0.000223554,0.000173114,0.001124953,0.002038137,0,0,0,0,3,0,0,0,4,0,0,0,0,0,0,0,4,2,0,3
"E28HA07-02","C28","Chinese","Genuine","Happy 7 CN",21,2.5,0.008980213,0.9828035,0.002471262,0.005518284,0.000279972,0.000119387,0.000788967,0.001572085,0,0,0,0,3,0,0,0,4,0,0,0,0,0,0,0,4,2,0,3
"E28HA07-02","C28","Chinese","Genuine","Happy 7 CN",22,2.625,0.007716268,0.9850928,0.001944944,0.005936455,0.000327986,8.2379e-05,0.000555965,0.001265223,0,0,0,0,3,0,0,0,4,0,0,0,0,0,0,0,4,2,0,3
"E28HA07-02","C28","Chinese","Genuine","Happy 7 CN",23,2.75,0.007395747,0.9855698,0.001778532,0.005730604,0.000248312,5.7157e-05,0.000405671,0.001186837,0,0,0,0,3,0,0,0,4,0,0,0,0,0,0,0,4,2,0,3
"E28HA07-02","C28","Chinese","Genuine","Happy 7 CN",24,2.875,0.007107502,0.9860336,0.001628065,0.004731548,0.00019075,3.9845e-05,0.000301249,0.001787592,0,0,0,0,3,0,0,0,4,0,0,0,0,0,0,0,4,2,0,3
"E28HA07-02","C28","Chinese","Genuine","Happy 7 CN",25,3,0.009413855,0.9813435,0.001678641,0.004644838,0.00013915,2.8271e-05,0.000247077,0.001313214,0,0,0,0,3,0,0,0,4,0,0,0,0,0,0,0,4,2,0,3
"E28HA07-02","C28","Chinese","Genuine","Happy 7 CN",26,3.125,0.01058999,0.978938,0.001410751,0.004441733,0.000104313,1.9839e-05,0.000220389,0.001664453,0,0,0,0,3,0,0,0,4,0,0,0,0,0,0,0,4,2,0,3
"E28HA07-02","C28","Chinese","Genuine","Happy 7 CN",27,3.25,0.009753967,0.9805732,0.001084029,0.004214863,8.25e-05,1.4022e-05,0.000188273,0.001546658,0,0,0,0,4,0,0,0,4,0,0,0,0,0,0,0,4,2,0,3
"E28HA07-02","C28","Chinese","Genuine","Happy 7 CN",28,3.375,0.008364419,0.983327,0.000939473,0.003456614,7.3312e-05,1.0155e-05,0.000170534,0.001412745,0,0,0,0,4,0,0,0,4,0,0,0,0,0,0,0,4,2,0,3
"E28HA07-02","C28","Chinese","Genuine","Happy 7 CN",29,3.5,0.006522656,0.9869931,0.000886612,0.002986077,6.5217e-05,7.381e-06,0.000133693,0.00164499,0,0,0,0,4,0,0,0,4,0,0,0,0,0,0,0,5,2,0,3
"E28HA07-02","C28","Chinese","Genuine","Happy 7 CN",30,3.625,0.00519157,0.9896433,0.00079875,0.003104913,6.0689e-05,5.492e-06,0.000101848,0.001687859,0,0,0,0,4,0,0,0,4,0,0,0,0,0,0,0,5,2,0,3
"E28HA07-02","C28","Chinese","Genuine","Happy 7 CN",31,3.75,0.003999291,0.9920196,0.000715764,0.002743819,7.3897e-05,3.963e-06,8.3284e-05,0.001732444,0,0,0,0,4,0,0,0,4,0,0,0,0,0,0,0,5,2,0,3
"E28HA07-02","C28","Chinese","Genuine","Happy 7 CN",32,3.875,0.003155732,0.993701,0.000725879,0.002817299,7.3873e-05,3.025e-06,7.3787e-05,0.001472561,0,0,0,0,4,0,0,0,4,0,0,0,0,0,0,0,5,2,0,2
"E28HA07-02","C28","Chinese","Genuine","Happy 7 CN",33,4,0.002939711,0.9941292,0.000581697,0.002354552,8.9144e-05,2.3e-06,5.7655e-05,0.00116875,0,0,0,0,4,0,0,0,4,0,0,0,0,0,0,0,5,2,0,2
"E28HA07-02","C28","Chinese","Genuine","Happy 7 CN",34,4.125,0.002643073,0.9947198,0.000752033,0.002006589,0.000100029,1.809e-06,5.371e-05,0.00137614,0,0,0,0,4,0,0,0,4,0,0,0,0,0,0,0,5,2,0,2
"E28HA07-02","C28","Chinese","Genuine","Happy 7 CN",35,4.25,0.002403165,0.9951978,0.000740722,0.001707394,0.000205899,1.386e-06,4.3965e-05,0.001171732,0,0,0,0,4,0,0,0,4,0,0,0,0,0,0,0,5,2,0,2
"E28HA07-02","C28","Chinese","Genuine","Happy 7 CN",36,4.375,0.002095323,0.9958122,0.000735915,0.001620518,0.000222233,1.287e-06,4.8359e-05,0.001403956,0,0,0,0,4,0,0,0,4,0,0,0,0,0,0,0,5,3,0,2
"E28HA07-02","C28","Chinese","Genuine","Happy 7 CN",37,4.5,0.001941785,0.9961184,0.000592637,0.001213888,0.000229905,1.055e-06,9.0722e-05,0.001137535,0,0,0,0,4,0,0,0,4,0,0,0,0,0,0,0,5,3,0,2
"E28HA07-02","C28","Chinese","Genuine","Happy 7 CN",38,4.625,0.001658046,0.9966853,0.000469941,0.000875221,0.000211266,9.15e-07,8.4445e-05,0.000978568,0,0,0,0,4,0,0,0,4,0,0,0,0,0,0,0,5,2,0,2
"E28HA07-02","C28","Chinese","Genuine","Happy 7 CN",39,4.75,0.002032941,0.9959351,0.000371085,0.000630015,0.000192782,1.08e-06,0.000158702,0.000973168,0,0,0,0,3,0,0,0,4,0,0,0,0,0,0,0,5,2,0,3
"E28HA07-02","C28","Chinese","Genuine","Happy 7 CN",40,4.875,0.003290643,0.9934196,0.000442048,0.000468356,0.00030982,2.49e-06,0.000382596,0.003629877,0,0,0,0,3,0,0,0,3,0,0,0,0,0,0,0,4,2,0,3
"E28HA07-02","C28","Chinese","Genuine","Happy 7 CN",41,5,0.003976125,0.9920486,0.000353393,0.000372606,0.000277791,5.599e-06,0.001552887,0.004750729,0,0,0,0,3,0,0,0,3,0,0,0,0,0,0,0,4,2,0,3
"E28HA07-02","C28","Chinese","Genuine","Happy 7 CN",42,5.125,0.003808749,0.9923831,0.000284799,0.00030009,0.000233873,6.507e-06,0.002104868,0.006466729,0,0,0,0,3,0,0,0,3,0,0,0,0,0,0,0,4,2,0,3
"E28HA07-02","C28","Chinese","Genuine","Happy 7 CN",43,5.25,0.004208166,0.9915842,0.000220783,0.000279972,0.000201582,6.225e-06,0.002369889,0.005197556,0,0,0,0,3,0,0,0,3,0,0,0,0,0,0,0,4,2,0,3
"E28HA07-02","C28","Chinese","Genuine","Happy 7 CN",44,5.375,0.004821338,0.9903578,0.000179358,0.000300594,0.000160799,6.65e-06,0.003032916,0.005575096,0,0,0,0,3,0,0,0,3,0,0,0,0,0,0,0,4,2,0,3
"E28HA07-02","C28","Chinese","Genuine","Happy 7 CN",45,5.5,0.005570012,0.9888604,0.000167862,0.000317789,0.000138081,7.462e-06,0.005371253,0.004421535,0,0,0,0,3,0,0,0,3,0,0,0,0,0,0,0,4,2,0,3
"E28HA07-02","C28","Chinese","Genuine","Happy 7 CN",46,5.625,0.006386778,0.987227,0.00015727,0.000334089,0.000167637,1.1236e-05,0.005781586,0.003466377,0,0,0,0,3,0,0,0,3,0,0,0,0,0,0,0,4,2,0,3
"E28HA07-02","C28","Chinese","Genuine","Happy 7 CN",47,5.75,0.00576253,0.9884754,0.000159426,0.000324396,0.000178726,1.1186e-05,0.005021824,0.003213694,0,0,0,0,3,0,0,0,3,0,0,0,0,0,0,0,4,1,0,3
"E28HA07-02","C28","Chinese","Genuine","Happy 7 CN",48,5.875,0.006188585,0.9876233,0.000143673,0.00028623,0.000211713,1.2196e-05,0.004609608,0.005435159,0,0,0,0,3,0,0,0,3,0,0,0,0,0,0,0,4,1,0,3
"E28HA07-02","C28","Chinese","Genuine","Happy 7 CN",49,6,0.007205512,0.9855897,0.00011578,0.000352127,0.000182286,1.7296e-05,0.005411373,0.007527909,0,0,0,0,3,0,0,0,3,0,0,0,0,0,0,0,4,1,0,3
"E28HA07-02","C28","Chinese","Genuine","Happy 7 CN",50,6.125,0.007298851,0.9854032,0.000123927,0.000349482,0.000175906,1.6229e-05,0.006193703,0.01827364,0,0,0,0,3,0,0,0,3,0,0,0,0,0,0,0,4,1,0,3
"E28HA07-02","C28","Chinese","Genuine","Happy 7 CN",51,6.25,0.008128018,0.9837452,0.000149957,0.000308732,0.000172442,1.9819e-05,0.01023875,0.02110161,0,0,0,0,3,0,0,0,3,0,0,0,0,0,0,0,4,1,0,3
"E28HA07-02","C28","Chinese","Genuine","Happy 7 CN",52,6.375,0.008027923,0.9839457,0.000227374,0.000435963,0.000206626,3.0086e-05,0.01014593,0.02776783,0,0,0,0,3,0,0,0,3,0,0,0,0,0,0,0,4,1,0,3
"E28HA07-02","C28","Chinese","Genuine","Happy 7 CN",53,6.5,0.008365803,0.9832708,0.000237279,0.000791485,0.00026169,5.7898e-05,0.01047922,0.03062633,0,0,0,0,3,0,0,0,3,0,0,0,0,0,0,0,4,1,0,3
"E28HA07-02","C28","Chinese","Genuine","Happy 7 CN",54,6.625,0.009980606,0.9800472,0.000406924,0.000961762,0.000264575,0.00011763,0.01399991,0.03107556,0,0,0,0,3,0,0,0,3,0,0,0,0,0,0,0,4,1,0,3
"E28HA07-02","C28","Chinese","Genuine","Happy 7 CN",55,6.75,0.01371619,0.9726022,0.000519226,0.001597277,0.000293615,0.00027438,0.01718745,0.02919243,0,0,0,0,3,0,0,0,3,0,0,0,0,0,0,0,4,1,0,3
"E28HA07-02","C28","Chinese","Genuine","Happy 7 CN",56,6.875,0.01965017,0.9609249,0.001651613,0.002890695,0.000486663,0.000497783,0.01557904,0.02780093,0,0,0,0,2,0,0,0,3,0,0,0,0,0,0,0,3,1,0,3
"E28HA07-02","C28","Chinese","Genuine","Happy 7 CN",57,7,0.02513874,0.9502593,0.004856887,0.004077577,0.000872014,0.000761338,0.01345136,0.02341942,0,0,0,0,2,0,0,0,3,0,0,0,0,0,0,0,3,1,0,3
"E28HA07-02","C28","Chinese","Genuine","Happy 7 CN",58,7.125,0.03166078,0.9377046,0.009856465,0.007121722,0.001195827,0.000822125,0.01200433,0.01777127,0,0,0,0,2,0,0,0,3,0,0,0,0,0,0,0,3,1,0,3
"E28HA07-02","C28","Chinese","Genuine","Happy 7 CN",59,7.25,0.04183833,0.9182327,0.01449434,0.007643532,0.001379436,0.000789904,0.01036069,0.02045586,0,0,0,0,2,0,0,0,3,0,0,0,0,0,0,0,3,1,0,3
"E28HA07-02","C28","Chinese","Genuine","Happy 7 CN",60,7.375,0.05072659,0.9015609,0.02031765,0.009316612,0.001464939,0.000881226,0.009131239,0.01531534,0,0,0,0,2,0,0,0,3,0,0,0,0,0,0,0,3,0,0,3
"E28HA07-02","C28","Chinese","Genuine","Happy 7 CN",61,7.5,0.05302675,0.8970081,0.02293951,0.01078435,0.001706859,0.000976645,0.008366163,0.01505531,0,0,0,0,2,0,0,0,3,0,0,0,0,0,0,0,3,0,0,3
"E28HA07-02","C28","Chinese","Genuine","Happy 7 CN",62,7.625,0.05819117,0.8875365,0.0272231,0.01132474,0.001963696,0.001001879,0.00758294,0.02217352,0,0,0,0,1,0,0,0,3,0,0,0,0,0,0,0,3,0,0,3
"E28HA07-02","C28","Chinese","Genuine","Happy 7 CN",63,7.75,0.06613348,0.8726229,0.03192931,0.01318507,0.002246144,0.001607248,0.008550949,0.02571595,0,0,0,0,1,0,0,0,3,0,0,0,0,0,0,0,3,0,0,3
"E28HA07-02","C28","Chinese","Genuine","Happy 7 CN",64,7.875,0.06796657,0.8699088,0.02919396,0.01409996,0.00214318,0.001495731,0.007983184,0.01965499,0,0,0,0,1,0,0,0,3,0,0,0,0,0,0,0,2,0,0,3
"E28HA07-02","C28","Chinese","Genuine","Happy 7 CN",65,8,0.06820226,0.8699215,0.02998088,0.014311,0.002082541,0.001319095,0.007184998,0.02274651,0,0,0,0,1,0,0,0,3,0,0,0,0,0,0,0,2,0,0,3
"E28HA07-02","C28","Chinese","Genuine","Happy 7 CN",66,8.125,0.08083815,0.8469726,0.03638687,0.01407473,0.002057385,0.001284641,0.006831137,0.02193871,0,0,0,0,1,0,0,0,3,0,0,0,0,0,0,0,2,0,0,3
"E28HA07-02","C28","Chinese","Genuine","Happy 7 CN",67,8.25,0.09634502,0.8214353,0.03785351,0.01844749,0.002292581,0.001432205,0.006051735,0.02234874,0,0,0,0,1,0,0,0,3,0,0,0,0,0,0,0,2,0,0,3
"E28HA07-02","C28","Chinese","Genuine","Happy 7 CN",68,8.375,0.1067803,0.8035377,0.03629917,0.02769298,0.002741328,0.001493408,0.00539941,0.01658135,0,0,0,0,1,0,0,0,3,0,0,0,0,0,0,0,2,0,0,3
"E28HA07-02","C28","Chinese","Genuine","Happy 7 CN",69,8.5,0.1291696,0.7652668,0.03672514,0.02872187,0.003543536,0.00169436,0.005686866,0.01447939,0,0,0,0,1,0,0,0,3,0,0,0,0,0,0,0,2,0,0,3
"E28HA07-04","C28","Chinese","Genuine","Happy 7 CN",1,0,0.2362134,0.5288869,0.1118345,0.06674165,0.000405288,0.000146316,0.06598227,0.006699199,0,0,0,0,1,0,0,0,2,0,0,0,0,0,0,0,0,0,0,2
"E28HA07-04","C28","Chinese","Genuine","Happy 7 CN",2,0.125,0.1879335,0.625114,0.08572616,0.07456158,0.000326109,0.000128734,0.05717231,0.006580395,0,0,0,0,1,0,0,0,2,0,0,0,0,0,0,0,0,0,0,2
"E28HA07-04","C28","Chinese","Genuine","Happy 7 CN",3,0.25,0.1545647,0.6916076,0.06997916,0.06255006,0.00028506,9.9818e-05,0.05607872,0.008005729,0,0,0,0,1,0,0,0,2,0,0,0,0,0,0,0,0,0,0,2
"E28HA07-04","C28","Chinese","Genuine","Happy 7 CN",4,0.375,0.1520234,0.6965771,0.06532442,0.05631412,0.000226556,8.1033e-05,0.08931804,0.009225152,0,0,0,0,1,0,0,0,2,0,0,1,0,0,0,0,0,0,0,2
"E28HA07-04","C28","Chinese","Genuine","Happy 7 CN",5,0.5,0.1435663,0.7133534,0.05274527,0.05009804,0.000177128,6.3404e-05,0.1194898,0.008229973,0,0,0,0,1,0,0,0,2,0,0,1,0,0,0,0,0,0,0,2
"E28HA07-04","C28","Chinese","Genuine","Happy 7 CN",6,0.625,0.1301141,0.7401509,0.04444662,0.04501103,0.000142373,5.848e-05,0.1249061,0.01383733,0,0,0,0,1,0,0,0,2,0,0,1,0,0,0,0,0,0,0,2
"E28HA07-04","C28","Chinese","Genuine","Happy 7 CN",7,0.75,0.125657,0.7490741,0.0394226,0.06130606,0.00014027,6.2094e-05,0.1293226,0.01916441,0,0,0,0,2,0,0,0,3,0,0,1,0,0,0,0,0,0,0,2
"E28HA07-04","C28","Chinese","Genuine","Happy 7 CN",8,0.875,0.1129584,0.7744595,0.03524468,0.05765882,0.000134911,7.5191e-05,0.1231848,0.0151805,0,0,0,0,2,0,0,0,3,0,0,1,0,0,0,0,0,0,0,2
"E28HA07-04","C28","Chinese","Genuine","Happy 7 CN",9,1,0.1014159,0.7975149,0.03249422,0.04703404,0.000174843,7.1453e-05,0.1356176,0.01184794,0,0,0,0,2,0,0,0,3,0,0,1,0,0,0,0,0,0,0,2
"E28HA07-04","C28","Chinese","Genuine","Happy 7 CN",10,1.125,0.09312969,0.8140271,0.02688366,0.03938517,0.000165386,5.8856e-05,0.1191282,0.01045937,0,0,0,0,2,0,0,0,3,0,0,0,0,0,0,0,0,0,0,2
"E28HA07-04","C28","Chinese","Genuine","Happy 7 CN",11,1.25,0.08035683,0.8395076,0.02191513,0.034621,0.000143466,4.6535e-05,0.1018442,0.007628578,0,0,0,0,3,0,0,0,3,0,0,0,0,0,0,0,0,0,0,2
"E28HA07-04","C28","Chinese","Genuine","Happy 7 CN",12,1.375,0.06793036,0.8643132,0.01749686,0.04671879,0.000136249,3.7629e-05,0.08106979,0.00553603,0,0,0,0,3,0,0,0,3,0,0,0,0,0,0,0,0,0,0,2
"E28HA07-04","C28","Chinese","Genuine","Happy 7 CN",13,1.5,0.0507078,0.8987228,0.01442021,0.03414304,0.000168873,3.3811e-05,0.06773825,0.004374375,0,0,0,0,3,0,0,0,3,0,0,0,0,0,0,0,0,0,0,2
"E28HA07-04","C28","Chinese","Genuine","Happy 7 CN",14,1.625,0.04746155,0.9053121,0.01128241,0.02605731,0.000205947,3.8138e-05,0.08466569,0.004046444,0,0,0,0,3,0,0,0,3,0,0,0,0,0,0,0,0,0,0,2
"E28HA07-04","C28","Chinese","Genuine","Happy 7 CN",15,1.75,0.06353866,0.8730987,0.008547547,0.01824387,0.000147904,3.2046e-05,0.1584234,0.005058677,0,0,0,0,3,0,0,0,3,0,0,0,0,0,0,0,0,0,0,2
"E28HA07-04","C28","Chinese","Genuine","Happy 7 CN",16,1.875,0.07067259,0.858798,0.006489889,0.01266246,0.00010512,2.4348e-05,0.1705588,0.00416227,0,0,0,0,3,0,0,0,3,0,0,0,0,0,0,0,1,0,0,2
"E28HA07-04","C28","Chinese","Genuine","Happy 7 CN",17,2,0.05792118,0.8842611,0.005096345,0.008752131,8.5387e-05,1.7755e-05,0.123503,0.003074304,0,0,0,0,3,0,0,0,3,0,0,0,0,0,0,0,1,0,0,3
"E28HA07-04","C28","Chinese","Genuine","Happy 7 CN",18,2.125,0.04999109,0.9000956,0.003905714,0.006070606,6.9268e-05,1.5173e-05,0.09880617,0.002114064,0,0,0,0,3,0,0,0,3,0,0,0,0,0,0,0,2,0,0,3
"E28HA07-04","C28","Chinese","Genuine","Happy 7 CN",19,2.25,0.04240124,0.915257,0.003057661,0.004313716,6.779e-05,1.4474e-05,0.08611267,0.001656856,0,0,0,0,3,0,0,0,3,0,0,0,0,0,0,0,2,0,0,3
"E28HA07-04","C28","Chinese","Genuine","Happy 7 CN",20,2.375,0.03590448,0.9282385,0.002536576,0.003125038,6.4713e-05,1.3481e-05,0.09078285,0.001336996,0,0,0,0,4,0,0,0,3,0,0,0,0,0,0,0,2,0,0,3
"E28HA07-04","C28","Chinese","Genuine","Happy 7 CN",21,2.5,0.03060988,0.9388173,0.002053908,0.002442119,6.0923e-05,1.0567e-05,0.08207437,0.00167664,0,0,0,0,4,0,0,0,3,0,0,0,0,0,0,0,2,0,0,3
"E28HA07-04","C28","Chinese","Genuine","Happy 7 CN",22,2.625,0.03596769,0.9280995,0.001875015,0.002363926,5.0231e-05,9.936e-06,0.09713635,0.001644726,0,0,0,0,4,0,0,0,3,0,0,0,0,0,0,0,2,0,0,3
"E28HA07-04","C28","Chinese","Genuine","Happy 7 CN",23,2.75,0.03201175,0.9360014,0.001656545,0.002054618,4.6965e-05,7.525e-06,0.07769158,0.003240628,0,0,0,0,4,0,0,0,3,0,0,0,0,0,0,0,3,0,0,3
"E28HA07-04","C28","Chinese","Genuine","Happy 7 CN",24,2.875,0.02793912,0.9441389,0.001261236,0.001572494,3.6467e-05,5.226e-06,0.05444014,0.007071347,0,0,0,0,4,0,0,0,3,0,0,0,0,0,0,0,3,0,0,3
"E28HA07-04","C28","Chinese","Genuine","Happy 7 CN",25,3,0.0220705,0.9558709,0.000920459,0.00118517,3.918e-05,3.616e-06,0.03770669,0.01479652,0,0,0,0,4,0,0,0,3,0,0,0,0,0,0,0,3,0,0,2
"E28HA07-04","C28","Chinese","Genuine","Happy 7 CN",26,3.125,0.01839839,0.9632114,0.000711062,0.000845778,2.9689e-05,2.494e-06,0.02606611,0.0181692,0,0,0,0,4,0,0,0,3,0,0,0,0,0,0,0,3,0,0,2
"E28HA07-04","C28","Chinese","Genuine","Happy 7 CN",27,3.25,0.01737876,0.9652482,0.000583498,0.000641458,2.3241e-05,1.726e-06,0.01797489,0.01613072,0,0,0,0,4,0,0,0,3,0,0,0,0,0,0,0,3,1,0,2
"E28HA07-04","C28","Chinese","Genuine","Happy 7 CN",28,3.375,0.01715132,0.9657013,0.000497358,0.000503497,2.5973e-05,1.201e-06,0.01241835,0.01262263,0,0,0,0,4,0,0,0,3,0,0,0,0,0,0,0,3,1,0,2
"E28HA07-04","C28","Chinese","Genuine","Happy 7 CN",29,3.5,0.01524756,0.9695076,0.000397419,0.000371312,2.4257e-05,8.44e-07,0.008598895,0.009258137,0,0,0,0,4,0,0,0,3,0,0,0,0,0,0,0,4,1,0,2
"E28HA07-04","C28","Chinese","Genuine","Happy 7 CN",30,3.625,0.0179915,0.9640189,0.00047002,0.00031636,2.2727e-05,5.99e-07,0.006021983,0.007716322,0,0,0,0,4,0,0,0,3,0,0,0,0,0,0,0,4,1,0,2
"E28HA07-04","C28","Chinese","Genuine","Happy 7 CN",31,3.75,0.01624082,0.9675197,0.000372699,0.000264998,2.1017e-05,4.41e-07,0.004196112,0.005881542,0,0,0,0,4,0,0,0,3,0,0,0,0,0,0,0,4,1,0,2
"E28HA07-04","C28","Chinese","Genuine","Happy 7 CN",32,3.875,0.01565366,0.9686936,0.000405761,0.000254266,1.8767e-05,3.34e-07,0.002969495,0.005026003,0,0,0,0,4,0,0,0,4,0,0,0,0,0,0,0,4,1,0,2
"E28HA07-04","C28","Chinese","Genuine","Happy 7 CN",33,4,0.0141779,0.9716449,0.000355485,0.000201339,1.9382e-05,2.62e-07,0.002109387,0.004635171,0,0,0,0,4,0,0,0,4,0,0,0,0,0,0,0,4,1,0,2
"E28HA07-04","C28","Chinese","Genuine","Happy 7 CN",34,4.125,0.01344363,0.9731132,0.000344764,0.000202554,1.9903e-05,2.1e-07,0.001535245,0.003714921,0,0,0,0,4,0,0,0,3,0,0,0,0,0,0,0,4,1,0,2
"E28HA07-04","C28","Chinese","Genuine","Happy 7 CN",35,4.25,0.01207939,0.9758415,0.000296144,0.000154736,2.0327e-05,1.95e-07,0.001239081,0.004507368,0,0,0,0,4,0,0,0,3,0,0,0,0,0,0,0,4,1,0,2
"E28HA07-04","C28","Chinese","Genuine","Happy 7 CN",36,4.375,0.009883385,0.9802334,0.000254268,0.000130031,2.5437e-05,1.94e-07,0.001022612,0.00598203,0,0,0,0,4,0,0,0,3,0,0,0,0,0,0,0,4,1,0,2
"E28HA07-04","C28","Chinese","Genuine","Happy 7 CN",37,4.5,0.009486126,0.9810279,0.000236094,0.000105269,4.493e-05,2.5e-07,0.001338471,0.02674826,0,0,0,0,4,0,0,0,3,0,0,0,0,0,0,0,4,1,0,2
"E28HA07-04","C28","Chinese","Genuine","Happy 7 CN",38,4.625,0.01027206,0.9794561,0.00025444,0.000324264,6.6451e-05,1.163e-06,0.005335977,0.03896185,0,0,0,0,4,0,0,0,3,0,0,0,0,0,0,0,4,1,0,2
"E28HA07-04","C28","Chinese","Genuine","Happy 7 CN",39,4.75,0.01147211,0.9770672,0.000543668,0.002747443,9.9323e-05,2.5216e-05,0.01602014,0.0293233,0,0,0,0,4,0,0,0,3,0,0,0,0,0,0,0,4,1,0,2
"E28HA07-04","C28","Chinese","Genuine","Happy 7 CN",40,4.875,0.02409352,0.9521745,0.002615505,0.01153318,0.000545804,0.000109297,0.02348246,0.02034435,0,0,0,0,4,0,0,0,3,0,0,0,0,0,0,0,3,1,0,2
"E28HA07-04","C28","Chinese","Genuine","Happy 7 CN",41,5,0.04021,0.9200412,0.00380946,0.02374025,0.000519496,0.000102043,0.02258357,0.01398992,0,0,0,0,3,0,0,0,3,0,0,0,0,0,0,0,3,1,0,2
"E28HA07-04","C28","Chinese","Genuine","Happy 7 CN",42,5.125,0.0737005,0.8533611,0.01167708,0.02093263,0.00046008,9.4993e-05,0.02661585,0.009620249,0,0,0,0,3,0,0,0,3,0,0,0,0,0,0,0,3,1,0,3
"E28HA07-04","C28","Chinese","Genuine","Happy 7 CN",43,5.25,0.08774881,0.8252386,0.01814983,0.01996947,0.0005068,8.9178e-05,0.05182175,0.006615423,0,0,0,0,3,0,0,0,3,0,0,0,0,0,0,0,2,1,0,3
"E28HA07-04","C28","Chinese","Genuine","Happy 7 CN",44,5.375,0.08105464,0.8388023,0.01573529,0.03319324,0.000585065,8.111e-05,0.03857786,0.004549135,0,0,0,0,3,0,0,0,3,0,0,0,0,0,0,0,2,0,0,3
"E28HA07-04","C28","Chinese","Genuine","Happy 7 CN",45,5.5,0.0716396,0.8576667,0.01361565,0.03599359,0.000577363,9.8781e-05,0.03130182,0.003128241,0,0,0,0,3,0,0,0,3,0,0,0,0,0,0,0,2,0,0,3
"E28HA07-04","C28","Chinese","Genuine","Happy 7 CN",46,5.625,0.07115031,0.8588281,0.01302681,0.03518802,0.000612613,9.1842e-05,0.02782212,0.002151154,0,0,0,0,2,0,0,0,3,0,0,0,0,0,0,0,1,0,0,3
"E28HA07-04","C28","Chinese","Genuine","Happy 7 CN",47,5.75,0.07093939,0.8595215,0.01378105,0.0333176,0.000780494,8.5526e-05,0.02361327,0.001947167,0,0,0,0,2,0,0,0,3,0,0,0,0,0,0,0,1,0,0,3
"E28HA07-04","C28","Chinese","Genuine","Happy 7 CN",48,5.875,0.06936047,0.8626235,0.0138049,0.03249888,0.000819467,7.398e-05,0.02172169,0.002528833,0,0,0,0,2,0,0,0,3,0,0,0,0,0,0,0,1,0,0,3
"E28HA07-04","C28","Chinese","Genuine","Happy 7 CN",49,6,0.07154884,0.8590464,0.01600063,0.03283221,0.000902008,8.2536e-05,0.02103453,0.002727328,0,0,0,0,2,0,0,0,3,0,0,0,0,0,0,0,1,0,0,3
"E28HA07-04","C28","Chinese","Genuine","Happy 7 CN",50,6.125,0.07179017,0.8583658,0.016476,0.03338762,0.00076668,9.9311e-05,0.01864829,0.002316873,0,0,0,0,1,0,0,0,3,0,0,0,0,0,0,0,1,0,0,3
"E28HA07-04","C28","Chinese","Genuine","Happy 7 CN",51,6.25,0.06137938,0.8787272,0.01869568,0.04576565,0.001063628,0.000145674,0.01538444,0.002876021,0,0,0,0,1,0,0,0,3,0,0,0,0,0,0,0,0,0,0,3
"E28HA07-04","C28","Chinese","Genuine","Happy 7 CN",52,6.375,0.06301763,0.8754926,0.01804572,0.05435959,0.001021502,0.000147079,0.01514857,0.002153778,0,0,0,0,1,0,0,0,3,0,0,0,0,0,0,0,0,0,0,3
"E28HA07-04","C28","Chinese","Genuine","Happy 7 CN",53,6.5,0.06390186,0.8740049,0.01891675,0.0494227,0.001073785,0.000152682,0.0151478,0.004459931,0,0,0,0,1,0,0,0,3,0,0,0,0,0,0,0,0,0,0,3
"E28HA07-04","C28","Chinese","Genuine","Happy 7 CN",54,6.625,0.06595526,0.8698668,0.02255056,0.05470565,0.001115525,0.000205269,0.01590136,0.005858598,0,0,0,0,1,0,0,0,3,0,0,0,0,0,0,0,0,0,0,3
"E28HA07-04","C28","Chinese","Genuine","Happy 7 CN",55,6.75,0.06831834,0.865009,0.0304908,0.05804186,0.001281373,0.000252594,0.01696862,0.006206617,0,0,0,0,1,0,0,0,3,0,0,0,0,0,0,0,0,0,0,3
"E30HA01-04","C30","Chinese","Genuine","Happy 1 CN",1,0,0.4308801,0.03567588,0.02470159,0.1930287,0.001153504,0.01813178,0.0281514,0.2581321,0,0,0,0,0,0,1,0,0,1,0,0,0,0,0,0,0,0,0,0
"E30HA01-04","C30","Chinese","Genuine","Happy 1 CN",2,0.125,0.4393098,0.03463255,0.02275536,0.2082293,0.001064279,0.02599644,0.03221418,0.2031531,0,0,0,0,0,0,1,0,0,1,0,0,0,0,0,0,0,0,0,0
"E30HA01-04","C30","Chinese","Genuine","Happy 1 CN",3,0.25,0.4457701,0.06019274,0.02530756,0.1897898,0.000920147,0.02020698,0.03533103,0.1851527,0,0,0,0,0,0,1,0,0,1,0,0,0,0,0,0,0,0,0,2
"E30HA01-04","C30","Chinese","Genuine","Happy 1 CN",4,0.375,0.4504046,0.06473655,0.02449337,0.1764298,0.000801745,0.01842806,0.04351766,0.1558558,0,0,0,0,0,0,1,0,0,1,0,0,0,0,0,0,0,0,0,3
"E30HA01-04","C30","Chinese","Genuine","Happy 1 CN",5,0.5,0.4396604,0.06293122,0.02164208,0.2074554,0.000813663,0.0197289,0.04183275,0.161434,0,0,0,0,0,0,1,0,0,1,0,0,0,0,0,0,0,0,0,2
"E30HA01-04","C30","Chinese","Genuine","Happy 1 CN",6,0.625,0.4445382,0.07433484,0.02226151,0.1900122,0.000682395,0.01818433,0.05242309,0.1509575,0,0,0,0,0,0,1,0,0,1,0,0,0,0,0,0,0,0,0,3
"E30HA01-04","C30","Chinese","Genuine","Happy 1 CN",7,0.75,0.4457006,0.09091736,0.02458485,0.174983,0.000562838,0.01390022,0.06529374,0.1075747,0,0,0,0,0,0,1,0,0,1,0,0,0,0,0,0,0,0,0,3
"E30HA01-04","C30","Chinese","Genuine","Happy 1 CN",8,0.875,0.4349027,0.1317393,0.02044674,0.1714399,0.000524714,0.01255702,0.05558736,0.08948977,0,0,0,0,0,0,1,0,0,1,0,0,0,0,0,0,0,0,0,3
"E30HA01-04","C30","Chinese","Genuine","Happy 1 CN",9,1,0.430699,0.1459444,0.01701311,0.1771807,0.000493021,0.01062001,0.05012351,0.135423,0,0,0,0,0,0,1,0,1,1,0,0,0,0,0,0,0,0,0,3
"E30HA01-04","C30","Chinese","Genuine","Happy 1 CN",10,1.125,0.4284261,0.1570948,0.01428702,0.1774327,0.000439111,0.008986689,0.05142251,0.1067422,0,0,0,0,0,0,1,0,1,1,0,0,0,0,0,0,0,0,0,3
"E30HA01-04","C30","Chinese","Genuine","Happy 1 CN",11,1.25,0.4227183,0.1774698,0.0116205,0.1769113,0.00048321,0.008438137,0.04316062,0.1042688,0,0,0,0,0,0,1,0,1,1,0,0,0,0,0,0,0,0,0,2
"E30HA01-04","C30","Chinese","Genuine","Happy 1 CN",12,1.375,0.412717,0.2044577,0.02825108,0.1396332,0.000638086,0.008139506,0.04083817,0.1617392,0,0,0,0,0,0,1,0,1,1,0,0,0,0,0,0,0,0,0,3
"E30HA01-04","C30","Chinese","Genuine","Happy 1 CN",13,1.5,0.4059397,0.1963105,0.02360493,0.1775404,0.00050507,0.006661531,0.0353376,0.1458935,0,0,0,0,0,0,1,0,1,1,0,0,0,0,0,0,0,0,0,3
"E30HA01-04","C30","Chinese","Genuine","Happy 1 CN",14,1.625,0.4213019,0.1842979,0.01938116,0.1802757,0.000434984,0.007700357,0.03899924,0.1451719,0,0,0,0,0,0,1,0,1,1,0,0,0,0,0,0,0,0,0,3
"E30HA01-04","C30","Chinese","Genuine","Happy 1 CN",15,1.75,0.4399619,0.1685304,0.01964211,0.1676845,0.000464635,0.008341672,0.04086715,0.1405046,0,0,0,0,0,0,1,0,1,1,0,0,0,0,0,0,0,0,0,3
"E30HA01-04","C30","Chinese","Genuine","Happy 1 CN",16,1.875,0.448307,0.1531835,0.02030423,0.1666178,0.000491076,0.007304478,0.0390035,0.1115185,0,0,0,0,0,0,1,0,1,1,0,0,0,0,0,0,0,0,0,3
"E30HA01-04","C30","Chinese","Genuine","Happy 1 CN",17,2,0.4289393,0.2039664,0.02440008,0.1361154,0.000669975,0.006972658,0.03008337,0.090413,0,0,0,0,0,0,1,0,0,1,0,0,0,0,0,0,0,0,0,3
"E30HA01-04","C30","Chinese","Genuine","Happy 1 CN",18,2.125,0.4286594,0.1532764,0.0254939,0.1651687,0.000509068,0.006599748,0.04443844,0.0970111,0,0,0,0,0,0,1,0,0,1,0,0,0,0,0,0,0,0,0,3
"E30HA01-04","C30","Chinese","Genuine","Happy 1 CN",19,2.25,0.4446092,0.1418661,0.02239501,0.163802,0.000418212,0.007887172,0.03793557,0.1870697,0,0,0,0,0,0,1,0,0,1,0,0,0,0,0,0,0,0,0,3
"E30HA01-04","C30","Chinese","Genuine","Happy 1 CN",20,2.375,0.4354343,0.176889,0.0258818,0.133453,0.000499152,0.008529056,0.03105712,0.1396861,0,0,0,0,0,0,1,0,0,1,0,0,0,0,0,0,0,0,0,3
"E30HA01-04","C30","Chinese","Genuine","Happy 1 CN",21,2.5,0.4399185,0.1522852,0.02360147,0.1397027,0.000403785,0.006809838,0.03831895,0.1258508,0,0,0,0,0,0,1,0,0,1,0,0,0,0,0,0,0,0,0,3
"E30HA01-04","C30","Chinese","Genuine","Happy 1 CN",22,2.625,0.4418122,0.1577976,0.02019788,0.1478425,0.000381761,0.009074751,0.03379981,0.156884,0,0,0,0,0,0,1,0,1,1,0,0,0,0,0,0,0,0,0,3
"E30HA01-04","C30","Chinese","Genuine","Happy 1 CN",23,2.75,0.431864,0.1729248,0.018849,0.152949,0.000349886,0.007699302,0.02566423,0.2047322,0,0,0,0,0,0,1,0,1,1,0,0,0,0,0,0,0,0,0,3
"E30HA01-04","C30","Chinese","Genuine","Happy 1 CN",24,2.875,0.4022893,0.2301006,0.01686388,0.1733311,0.000501746,0.00874629,0.02015237,0.2409614,0,0,0,0,0,0,1,0,1,1,0,0,0,0,0,0,0,0,0,3
"E30HA01-04","C30","Chinese","Genuine","Happy 1 CN",25,3,0.3983316,0.2258002,0.01426709,0.2132799,0.000504321,0.008633477,0.01799187,0.2113233,0,0,0,0,0,0,1,0,1,1,0,0,0,0,0,0,0,0,0,3
"E30HA01-04","C30","Chinese","Genuine","Happy 1 CN",26,3.125,0.4058642,0.2180063,0.0122347,0.22012,0.000457344,0.01002891,0.01657809,0.185592,0,0,0,0,0,0,1,0,1,1,0,0,0,0,0,0,0,0,0,2
"E30HA01-04","C30","Chinese","Genuine","Happy 1 CN",27,3.25,0.3735859,0.2819229,0.01008312,0.1939425,0.000375089,0.008215957,0.0136753,0.1723092,0,0,0,0,0,0,1,0,1,1,0,0,0,0,0,0,0,0,0,2
"E30HA01-04","C30","Chinese","Genuine","Happy 1 CN",28,3.375,0.3046688,0.4108092,0.007259839,0.1495581,0.000375611,0.006311166,0.01001011,0.1450263,0,0,0,0,0,0,1,0,1,1,0,0,0,0,0,0,0,0,0,2
"E30HA01-04","C30","Chinese","Genuine","Happy 1 CN",29,3.5,0.2461127,0.5216416,0.005438743,0.1208077,0.000478161,0.004473025,0.007163625,0.1050285,0,0,0,0,1,0,1,0,2,1,0,0,0,0,0,0,0,0,0,2
"E30HA01-04","C30","Chinese","Genuine","Happy 1 CN",30,3.625,0.1868679,0.6358027,0.004186235,0.1062382,0.000610256,0.003096033,0.005032005,0.07711095,0,0,0,0,1,0,1,0,2,1,0,1,0,0,0,0,0,0,0,2
"E30HA01-04","C30","Chinese","Genuine","Happy 1 CN",31,3.75,0.1420946,0.72237,0.002922836,0.07418304,0.000558234,0.002132747,0.003478836,0.05349185,0,0,0,0,2,0,1,0,3,1,0,1,0,0,0,0,0,0,0,2
"E30HA01-04","C30","Chinese","Genuine","Happy 1 CN",32,3.875,0.1099887,0.784533,0.002010914,0.05104472,0.000402514,0.001466665,0.002394146,0.03713234,0,0,0,0,3,0,1,0,3,1,0,0,0,0,0,0,1,0,0,3
"E30HA01-04","C30","Chinese","Genuine","Happy 1 CN",33,4,0.0907459,0.8216099,0.001386986,0.0351857,0.0002872,0.001008635,0.00164707,0.02669397,0,0,0,0,3,0,1,0,3,1,0,0,0,0,0,0,2,1,0,3
"E30HA01-04","C30","Chinese","Genuine","Happy 1 CN",34,4.125,0.08102891,0.840075,0.0009558,0.0243042,0.000206614,0.000693668,0.001133123,0.01835627,0,0,0,0,3,0,1,0,3,0,0,0,0,0,0,0,3,1,0,3
"E30HA01-04","C30","Chinese","Genuine","Happy 1 CN",35,4.25,0.06887599,0.8637147,0.000658777,0.01679973,0.000149225,0.000477051,0.000779526,0.01275402,0,0,0,0,3,0,1,0,3,0,0,0,0,0,0,0,3,1,0,3
"E30HA01-04","C30","Chinese","Genuine","Happy 1 CN",36,4.375,0.06283471,0.8753392,0.00045401,0.01161901,0.000113341,0.000328089,0.000536476,0.00896326,0,0,0,0,3,0,1,0,4,0,0,0,0,0,0,0,3,1,0,3
"E30HA01-04","C30","Chinese","Genuine","Happy 1 CN",37,4.5,0.05445054,0.8917925,0.000312827,0.008059104,8.7148e-05,0.00022572,0.000369417,0.006521276,0,0,0,0,3,0,1,0,4,0,0,0,0,0,0,0,3,1,0,2
"E30HA01-04","C30","Chinese","Genuine","Happy 1 CN",38,4.625,0.04804247,0.904392,0.000216322,0.005619647,7.0725e-05,0.000155361,0.000255009,0.004498976,0,0,0,0,3,0,1,0,4,0,0,0,0,0,0,0,3,1,0,2
"E30HA01-04","C30","Chinese","Genuine","Happy 1 CN",39,4.75,0.04156636,0.9171953,0.000149955,0.003918786,5.5617e-05,0.000106923,0.000176362,0.003906888,0,0,0,0,3,0,1,0,4,0,0,0,0,0,0,0,4,1,0,2
"E30HA01-04","C30","Chinese","Genuine","Happy 1 CN",40,4.875,0.03718599,0.9258536,0.000104097,0.002792542,4.5317e-05,7.3619e-05,0.000121766,0.002756014,0,0,0,0,4,0,1,0,4,0,0,0,0,0,0,0,4,2,0,2
"E30HA01-04","C30","Chinese","Genuine","Happy 1 CN",41,5,0.03202114,0.9361129,7.3054e-05,0.002019806,0.000101528,5.0963e-05,8.4255e-05,0.002127682,0,0,0,0,4,0,1,0,4,0,0,0,0,0,0,0,4,2,0,3
"E30HA01-04","C30","Chinese","Genuine","Happy 1 CN",42,5.125,0.04299799,0.9141107,5.4844e-05,0.001468739,9.3147e-05,3.5407e-05,6.1873e-05,0.002194189,0,0,0,0,3,0,1,0,4,0,0,0,0,0,0,0,4,2,0,3
"E30HA01-04","C30","Chinese","Genuine","Happy 1 CN",43,5.25,0.05183416,0.896405,4.3984e-05,0.001133745,8.1655e-05,2.4728e-05,4.7628e-05,0.001954212,0,0,0,0,3,0,1,0,4,0,0,0,0,0,0,0,4,2,0,3
"E30HA01-04","C30","Chinese","Genuine","Happy 1 CN",44,5.375,0.05999382,0.8800628,3.3315e-05,0.000970064,7.6372e-05,1.744e-05,3.7901e-05,0.001609358,0,0,0,0,3,0,1,0,4,0,0,0,0,0,0,0,4,2,0,3
"E30HA01-04","C30","Chinese","Genuine","Happy 1 CN",45,5.5,0.05594872,0.8881373,4.3742e-05,0.000892645,8.41e-05,1.4896e-05,4.784e-05,0.001482362,0,0,0,0,3,0,1,0,3,0,0,0,0,0,0,0,4,1,0,3
"E30HA01-04","C30","Chinese","Genuine","Happy 1 CN",46,5.625,0.05256776,0.8948884,4.035e-05,0.000858084,0.000188016,1.5945e-05,4.3308e-05,0.002315155,0,0,0,0,3,0,1,0,3,0,0,0,0,0,0,0,4,1,0,3
"E30HA01-04","C30","Chinese","Genuine","Happy 1 CN",47,5.75,0.05447134,0.8910738,3.3697e-05,0.000982976,0.000188777,1.4694e-05,4.0714e-05,0.00278404,0,0,0,0,3,0,1,0,3,0,0,0,0,0,0,0,4,1,0,3
"E30HA01-04","C30","Chinese","Genuine","Happy 1 CN",48,5.875,0.06388292,0.8722456,3.465e-05,0.001083455,0.000205353,1.6171e-05,4.7163e-05,0.002557501,0,0,0,0,3,0,1,0,3,0,0,0,0,0,0,0,4,1,0,3
"E30HA01-04","C30","Chinese","Genuine","Happy 1 CN",49,6,0.07813191,0.8437444,4.8946e-05,0.001523351,0.000183152,2.4504e-05,0.00013098,0.001918272,0,0,0,0,3,0,1,0,3,0,0,0,0,0,0,0,4,1,0,3
"E30HA01-04","C30","Chinese","Genuine","Happy 1 CN",50,6.125,0.07716641,0.845673,5.5539e-05,0.001673817,0.000146771,2.5401e-05,0.000191337,0.001589685,0,0,0,0,3,0,1,0,3,0,0,0,0,0,0,0,4,1,0,4
"E30HA01-04","C30","Chinese","Genuine","Happy 1 CN",51,6.25,0.0741905,0.8516234,6.5105e-05,0.002090968,0.000118414,3.5033e-05,0.000280039,0.001185536,0,0,0,0,3,0,1,0,3,0,0,0,0,0,0,0,4,1,0,4
"E30HA01-04","C30","Chinese","Genuine","Happy 1 CN",52,6.375,0.06368619,0.8726426,0.000153116,0.003000871,0.000174682,6.8172e-05,0.00038467,0.000926235,0,0,0,0,2,0,1,0,3,0,0,0,0,0,0,0,3,1,0,4
"E30HA01-04","C30","Chinese","Genuine","Happy 1 CN",53,6.5,0.07375775,0.8525085,0.000290621,0.007103321,0.000159012,0.000252269,0.000941621,0.000680085,0,0,0,0,2,0,1,0,3,0,0,0,0,0,0,0,3,1,0,4
"E30HA01-04","C30","Chinese","Genuine","Happy 1 CN",54,6.625,0.09175129,0.8165538,0.000286717,0.01498531,0.000334663,0.000646373,0.000779392,0.002478751,0,0,0,0,2,0,1,0,3,0,0,0,0,0,0,0,3,1,0,3
"E30HA01-04","C30","Chinese","Genuine","Happy 1 CN",55,6.75,0.1356817,0.7288034,0.000431108,0.02972006,0.00047008,0.001556435,0.000852054,0.00883066,0,0,0,0,2,0,1,0,3,0,0,0,0,0,0,0,3,1,0,3
"E30HA01-04","C30","Chinese","Genuine","Happy 1 CN",56,6.875,0.1709814,0.6584038,0.000592973,0.04681937,0.000647114,0.002955142,0.000820158,0.02547352,0,0,0,0,1,0,1,0,3,0,0,0,0,0,0,0,3,1,0,3
"E30HA01-04","C30","Chinese","Genuine","Happy 1 CN",57,7,0.1993843,0.6019763,0.00089732,0.06028866,0.000785435,0.003195849,0.001039118,0.08296829,0,0,0,0,1,0,1,0,3,0,0,0,0,0,0,0,2,1,0,3
"E30HA01-04","C30","Chinese","Genuine","Happy 1 CN",58,7.125,0.2299022,0.5409757,0.004457979,0.06459956,0.000614398,0.003161129,0.003895571,0.0657536,0,0,0,0,1,0,1,0,2,0,0,0,0,0,0,0,2,1,0,3
"E30HA01-04","C30","Chinese","Genuine","Happy 1 CN",59,7.25,0.2192742,0.562232,0.003262633,0.07391362,0.000522415,0.003253655,0.003426788,0.06667832,0,0,0,0,1,0,1,0,2,0,0,0,0,0,0,0,2,1,0,3
"E30HA01-04","C30","Chinese","Genuine","Happy 1 CN",60,7.375,0.2255324,0.5498747,0.002537194,0.07826193,0.000571371,0.003722384,0.002720746,0.06544409,0,0,0,0,1,0,1,0,2,0,0,0,0,0,0,0,1,0,0,2
"E30HA01-04","C30","Chinese","Genuine","Happy 1 CN",61,7.5,0.2557591,0.4898482,0.002350297,0.0760955,0.000574515,0.004632926,0.00271374,0.05909412,0,0,0,0,1,0,1,0,2,0,0,0,0,0,0,0,1,0,0,2
"E30HA01-04","C30","Chinese","Genuine","Happy 1 CN",62,7.625,0.2693838,0.4625448,0.002104348,0.09236796,0.000536012,0.004973273,0.002665619,0.04399908,0,0,0,0,1,0,1,0,2,0,0,0,0,0,0,0,1,0,0,2
"E30HA01-04","C30","Chinese","Genuine","Happy 1 CN",63,7.75,0.2792377,0.4434131,0.001902313,0.09045047,0.000755362,0.005803648,0.002279898,0.03385232,0,0,0,0,1,0,1,0,2,0,0,0,0,0,0,0,1,0,0,1
"E30HA01-04","C30","Chinese","Genuine","Happy 1 CN",64,7.875,0.2891382,0.4237105,0.001581158,0.09197956,0.000823808,0.005941441,0.002017708,0.02354411,0,0,0,0,1,0,1,0,2,0,0,0,0,0,0,0,1,0,0,1
"E30HA01-04","C30","Chinese","Genuine","Happy 1 CN",65,8,0.2857451,0.4305512,0.001324118,0.08759569,0.000864136,0.006742572,0.00184891,0.01670527,0,0,0,0,0,0,1,0,2,0,0,0,0,0,0,0,1,0,0,1
"E30HA01-04","C30","Chinese","Genuine","Happy 1 CN",66,8.125,0.2945067,0.4132658,0.0011923,0.08116937,0.000850405,0.00789066,0.001976202,0.01159021,0,0,0,0,0,0,1,0,2,0,0,0,0,0,0,0,1,0,0,1
"E30HA01-04","C30","Chinese","Genuine","Happy 1 CN",67,8.25,0.2891601,0.4240015,0.001145392,0.0803,0.000794803,0.007316689,0.002040222,0.00899601,0,0,0,0,0,0,1,0,2,0,0,0,0,0,0,0,1,0,0,1
"E30HA02-01","C30","Chinese","Genuine","Happy 2 CN",1,0,0.3294649,0.006498798,0.01562762,0.3967475,0.001441232,0.08412708,0.02136797,0.000106751,0,0,0,0,0,0,1,0,0,0,0,0,0,0,0,0,1,0,0,1
"E30HA02-01","C30","Chinese","Genuine","Happy 2 CN",2,0.125,0.3474628,0.008104105,0.01291079,0.3614022,0.002364882,0.1053194,0.01855697,7.3408e-05,0,0,0,0,0,0,1,0,0,0,0,0,0,0,0,0,1,0,0,1
"E30HA02-01","C30","Chinese","Genuine","Happy 2 CN",3,0.25,0.3933727,0.03402755,0.01720215,0.2658933,0.004493292,0.08032158,0.02635976,0.000256911,0,0,0,0,0,0,1,0,0,0,0,0,0,0,0,0,1,0,0,2
"E30HA02-01","C30","Chinese","Genuine","Happy 2 CN",4,0.375,0.2934501,0.2898643,0.0119134,0.1866862,0.003184021,0.0554987,0.01857745,0.000343693,0,0,0,0,1,0,1,0,0,0,0,0,0,0,0,0,1,0,0,2
"E30HA02-01","C30","Chinese","Genuine","Happy 2 CN",5,0.5,0.2194405,0.4763754,0.008195948,0.1288461,0.00229189,0.03817592,0.01279059,0.000302426,0,0,0,0,1,0,1,0,1,0,0,0,0,0,0,0,2,0,0,2
"E30HA02-01","C30","Chinese","Genuine","Happy 2 CN",6,0.625,0.1765743,0.5885769,0.005638599,0.08883767,0.001600765,0.02625274,0.00880291,0.000228306,0,0,0,0,1,0,1,0,2,0,0,0,0,0,0,0,3,1,0,2
"E30HA02-01","C30","Chinese","Genuine","Happy 2 CN",7,0.75,0.1423007,0.6753259,0.003879927,0.0611961,0.001114203,0.01805314,0.006057754,0.000855235,0,0,0,0,2,0,1,0,2,0,0,0,0,0,0,0,3,1,0,2
"E30HA02-01","C30","Chinese","Genuine","Happy 2 CN",8,0.875,0.1104524,0.751539,0.002670185,0.04215086,0.000784399,0.01241456,0.00416922,0.001160729,0,0,0,0,2,0,1,0,3,0,0,0,0,0,0,0,3,1,0,2
"E30HA02-01","C30","Chinese","Genuine","Happy 2 CN",9,1,0.102715,0.7756208,0.001838705,0.02908681,0.00055364,0.008537281,0.002870141,0.001341239,0,0,0,0,3,0,1,0,3,0,0,0,0,0,0,0,3,1,0,2
"E30HA02-01","C30","Chinese","Genuine","Happy 2 CN",10,1.125,0.08569729,0.8155749,0.001265484,0.02004412,0.000407896,0.005870881,0.001974613,0.001593204,0,0,0,0,3,0,1,0,3,0,0,0,0,0,0,0,3,1,0,2
"E30HA02-01","C30","Chinese","Genuine","Happy 2 CN",11,1.25,0.07152059,0.8479983,0.000870925,0.01383029,0.000302275,0.004037451,0.001358968,0.001714987,0,0,0,0,3,0,1,0,3,0,0,0,0,0,0,0,3,1,0,2
"E30HA02-01","C30","Chinese","Genuine","Happy 2 CN",12,1.375,0.0589619,0.8759145,0.000600299,0.009706129,0.000342707,0.002776529,0.000935182,0.003122607,0,0,0,0,3,0,1,0,3,0,0,0,0,0,0,0,4,1,0,3
"E30HA02-01","C30","Chinese","Genuine","Happy 2 CN",13,1.5,0.05677638,0.8822101,0.000416356,0.00677264,0.000271822,0.001909806,0.000644878,0.004267766,0,0,0,0,3,0,1,0,3,0,0,0,0,0,0,0,4,1,0,3
"E30HA02-01","C30","Chinese","Genuine","Happy 2 CN",14,1.625,0.05588827,0.8853098,0.00028874,0.004722968,0.00021351,0.001313511,0.000444758,0.002934755,0,0,0,0,3,0,1,0,3,0,0,0,0,0,0,0,4,1,0,3
"E30HA02-01","C30","Chinese","Genuine","Happy 2 CN",15,1.75,0.0475457,0.902905,0.000200708,0.003302807,0.000160819,0.000903372,0.000306734,0.004163748,0,0,0,0,3,0,1,0,3,0,0,0,0,0,0,0,4,1,0,3
"E30HA02-01","C30","Chinese","Genuine","Happy 2 CN",16,1.875,0.04400262,0.910617,0.000140451,0.002353852,0.000119494,0.000621372,0.000211242,0.005885246,0,0,0,0,3,0,1,0,3,0,0,0,0,0,0,0,4,1,0,3
"E30HA02-01","C30","Chinese","Genuine","Happy 2 CN",17,2,0.04286787,0.9133168,9.8698e-05,0.001663775,9.2899e-05,0.000427436,0.000145582,0.00487393,0,0,0,0,3,0,1,0,4,0,0,0,0,0,0,0,4,1,0,2
"E30HA02-01","C30","Chinese","Genuine","Happy 2 CN",18,2.125,0.0422643,0.9148198,6.9877e-05,0.00121679,7.6159e-05,0.000294063,0.000100875,0.004936102,0,0,0,0,4,0,1,0,4,0,0,0,0,0,0,0,4,1,0,2
"E30HA02-01","C30","Chinese","Genuine","Happy 2 CN",19,2.25,0.03803872,0.9234745,5.0417e-05,0.000868034,6.485e-05,0.000202319,6.9759e-05,0.006172784,0,0,0,0,4,0,1,0,4,0,0,0,0,0,0,0,4,1,0,2
"E30HA02-01","C30","Chinese","Genuine","Happy 2 CN",20,2.375,0.03369855,0.9322948,3.7012e-05,0.000671197,7.0851e-05,0.000139304,4.9018e-05,0.004577415,0,0,0,0,4,0,1,0,4,0,0,0,0,0,0,0,4,1,0,2
"E30HA02-01","C30","Chinese","Genuine","Happy 2 CN",21,2.5,0.03893241,0.9219234,3.29e-05,0.000551133,7.3185e-05,9.6172e-05,4.1202e-05,0.003147687,0,0,0,0,4,0,1,0,4,0,0,0,0,0,0,0,4,1,0,2
"E30HA02-01","C30","Chinese","Genuine","Happy 2 CN",22,2.625,0.04108931,0.9176757,2.4978e-05,0.000431721,6.3696e-05,6.6494e-05,3.2456e-05,0.002164526,0,0,0,0,4,0,1,0,4,0,0,0,0,0,0,0,4,1,0,2
"E30HA02-01","C30","Chinese","Genuine","Happy 2 CN",23,2.75,0.04423932,0.9114212,1.9674e-05,0.000352574,6.1386e-05,4.6016e-05,2.5956e-05,0.002416576,0,0,0,0,4,0,1,0,4,0,0,0,0,0,0,0,4,1,0,2
"E30HA02-01","C30","Chinese","Genuine","Happy 2 CN",24,2.875,0.04377801,0.9123751,1.5475e-05,0.000312064,7.0051e-05,3.1979e-05,2.0259e-05,0.001978133,0,0,0,0,3,0,1,0,3,0,0,0,0,0,0,0,4,1,0,2
"E30HA02-01","C30","Chinese","Genuine","Happy 2 CN",25,3,0.04321241,0.9135278,1.3529e-05,0.000427853,6.8932e-05,2.2893e-05,2.308e-05,0.002076226,0,0,0,0,3,0,1,0,3,0,0,0,0,0,0,0,4,1,0,2
"E30HA02-01","C30","Chinese","Genuine","Happy 2 CN",26,3.125,0.05081976,0.8983279,1.3525e-05,0.000685755,6.5401e-05,1.8201e-05,3.811e-05,0.002292404,0,0,0,0,3,0,1,0,3,0,0,0,0,0,0,0,4,1,0,3
"E30HA02-01","C30","Chinese","Genuine","Happy 2 CN",27,3.25,0.05231233,0.895353,1.1415e-05,0.001433802,7.2707e-05,1.4166e-05,3.7597e-05,0.002185358,0,0,0,0,3,0,1,0,3,0,0,0,0,0,0,0,4,1,0,3
"E30HA02-01","C30","Chinese","Genuine","Happy 2 CN",28,3.375,0.06061475,0.8787552,1.13e-05,0.002819293,8.7947e-05,1.4135e-05,5.325e-05,0.002307066,0,0,0,0,3,0,1,0,3,0,0,0,0,0,0,0,4,1,0,3
"E30HA02-01","C30","Chinese","Genuine","Happy 2 CN",29,3.5,0.06032527,0.8793426,3.6793e-05,0.002714959,0.000325207,3.8225e-05,0.000111678,0.002514784,0,0,0,0,3,0,1,0,3,0,0,0,0,0,0,0,4,1,0,3
"E30HA02-01","C30","Chinese","Genuine","Happy 2 CN",30,3.625,0.07139227,0.8572109,3.2331e-05,0.003500582,0.000283288,5.6054e-05,0.000147381,0.002116148,0,0,0,0,3,0,1,0,3,0,0,0,0,0,0,0,4,1,0,3
"E30HA02-01","C30","Chinese","Genuine","Happy 2 CN",31,3.75,0.08799651,0.8240039,2.9025e-05,0.004703054,0.000246305,5.7497e-05,0.000197996,0.001806841,0,0,0,0,3,0,1,0,3,0,0,0,0,0,0,0,4,1,0,3
"E30HA02-01","C30","Chinese","Genuine","Happy 2 CN",32,3.875,0.08809045,0.8238176,2.9837e-05,0.006627497,0.00021558,0.000156023,0.00038281,0.001725959,0,0,0,0,3,0,1,0,3,0,0,0,0,0,0,0,4,1,0,3
"E30HA02-01","C30","Chinese","Genuine","Happy 2 CN",33,4,0.09999399,0.8000118,2.7569e-05,0.008520209,0.00018532,0.000254591,0.00078748,0.001441187,0,0,0,0,3,0,1,0,3,0,0,0,0,0,0,0,4,1,0,3
"E30HA02-01","C30","Chinese","Genuine","Happy 2 CN",34,4.125,0.1063823,0.787236,2.5215e-05,0.01086659,0.000168899,0.000436392,0.001103375,0.001220684,0,0,0,0,3,0,1,0,3,0,0,0,0,0,0,0,4,1,0,3
"E30HA02-01","C30","Chinese","Genuine","Happy 2 CN",35,4.25,0.1175865,0.7648294,2.7863e-05,0.02047684,0.000195914,0.00085153,0.001490212,0.000901689,0,0,0,0,2,0,1,0,3,0,0,0,0,0,0,0,4,1,0,3
"E30HA02-01","C30","Chinese","Genuine","Happy 2 CN",36,4.375,0.1338739,0.7322659,4.9668e-05,0.03707825,0.000314445,0.00141343,0.001880388,0.000977879,0,0,0,0,2,0,1,0,3,0,0,0,0,0,0,0,4,1,0,3
"E30HA02-01","C30","Chinese","Genuine","Happy 2 CN",37,4.5,0.1453154,0.709415,0.000118256,0.05917893,0.000392681,0.004061274,0.002763188,0.00111104,0,0,0,0,2,0,1,0,3,0,0,0,0,0,0,0,4,1,0,3
"E30HA02-01","C30","Chinese","Genuine","Happy 2 CN",38,4.625,0.1766451,0.6469619,0.00021502,0.07168479,0.000757234,0.007449001,0.004397728,0.001277415,0,0,0,0,2,0,1,0,3,0,0,0,0,0,0,0,3,1,0,2
"E30HA02-01","C30","Chinese","Genuine","Happy 2 CN",39,4.75,0.238638,0.5234127,0.000394382,0.08626202,0.001080849,0.01152698,0.01023493,0.00113048,0,0,0,0,1,0,1,0,3,0,0,0,0,0,0,0,3,1,0,2
"E30HA02-01","C30","Chinese","Genuine","Happy 2 CN",40,4.875,0.286708,0.4279968,0.000658146,0.08461041,0.001590974,0.02059322,0.02070184,0.000795296,0,0,0,0,1,0,1,0,2,0,0,0,0,0,0,0,3,1,0,2
"E30HA02-01","C30","Chinese","Genuine","Happy 2 CN",41,5,0.3258961,0.3507514,0.000766102,0.1003989,0.002297966,0.03370398,0.0219321,0.000812129,0,0,0,0,1,0,1,0,2,0,0,0,0,0,0,0,3,1,0,2
"E30HA02-01","C30","Chinese","Genuine","Happy 2 CN",42,5.125,0.3592066,0.2811424,0.001077509,0.1134594,0.003001914,0.05141893,0.02702743,0.000766005,0,0,0,0,1,0,1,0,2,0,0,0,0,0,0,0,3,1,0,2
"E30HA03-03","C30","Chinese","Genuine","Happy 3 CN",1,0,0.3635368,1.4411e-05,0.1246169,0.3204345,0.000448295,0.01161609,0.01503689,0,0,0,0,0,0,0,1,0,0,0,0,0,0,0,0,0,0,0,0,0
"E30HA03-03","C30","Chinese","Genuine","Happy 3 CN",2,0.125,0.3663084,0.000198763,0.1052627,0.3252636,0.000532946,0.01131014,0.02594187,0.002091405,0,0,0,0,0,0,1,0,0,0,0,0,0,0,0,0,0,0,0,0
"E30HA03-03","C30","Chinese","Genuine","Happy 3 CN",3,0.25,0.3311146,0.1600404,0.07527473,0.2439115,0.000686394,0.0111167,0.02670043,0.001745098,0,0,0,0,0,0,1,0,0,0,0,0,0,0,0,0,0,0,0,2
"E30HA03-03","C30","Chinese","Genuine","Happy 3 CN",4,0.375,0.2427971,0.3921895,0.05177223,0.1687056,0.00055301,0.007681181,0.01847643,0.001691238,0,0,0,0,1,0,1,0,1,0,0,0,0,0,0,0,1,0,0,1
"E30HA03-03","C30","Chinese","Genuine","Happy 3 CN",5,0.5,0.1814297,0.5530978,0.03560433,0.1161549,0.00041878,0.005282739,0.01271144,0.00157604,0,0,0,0,1,0,1,0,1,0,0,0,0,0,0,0,3,0,0,1
"E30HA03-03","C30","Chinese","Genuine","Happy 3 CN",6,0.625,0.132069,0.6780695,0.02448507,0.07993671,0.000305,0.003632868,0.008742925,0.001289045,0,0,0,0,2,0,1,0,2,0,0,0,0,0,0,0,3,1,0,1
"E30HA03-03","C30","Chinese","Genuine","Happy 3 CN",7,0.75,0.09938055,0.7614975,0.01683998,0.05503177,0.000236197,0.002498258,0.006012862,0.001523503,0,0,0,0,3,0,1,0,3,0,0,0,0,0,0,0,3,1,0,2
"E30HA03-03","C30","Chinese","Genuine","Happy 3 CN",8,0.875,0.07499577,0.8226801,0.01158417,0.03790749,0.000188247,0.00171813,0.004136119,0.00124328,0,0,0,0,3,0,1,0,3,0,0,0,0,0,0,0,3,1,0,2
"E30HA03-03","C30","Chinese","Genuine","Happy 3 CN",9,1,0.06663862,0.8479302,0.007972049,0.02626302,0.000147791,0.001181598,0.002847614,0.001145964,0,0,0,0,3,0,1,0,3,0,0,0,0,0,0,0,4,1,0,2
"E30HA03-03","C30","Chinese","Genuine","Happy 3 CN",10,1.125,0.05238115,0.8823149,0.005487564,0.018156,0.000146541,0.000812812,0.001959409,0.001321035,0,0,0,0,3,0,1,0,3,0,0,0,0,0,0,0,4,1,0,3
"E30HA03-03","C30","Chinese","Genuine","Happy 3 CN",11,1.25,0.05019125,0.8907311,0.003777502,0.01265271,0.000115871,0.000559114,0.001349439,0.001251934,0,0,0,0,3,0,1,0,3,0,0,0,0,0,0,0,4,1,0,3
"E30HA03-03","C30","Chinese","Genuine","Happy 3 CN",12,1.375,0.04271008,0.9084691,0.002600008,0.008798096,9.0039e-05,0.000384603,0.000929346,0.000951063,0,0,0,0,3,0,1,0,3,0,0,0,0,0,0,0,4,1,0,3
"E30HA03-03","C30","Chinese","Genuine","Happy 3 CN",13,1.5,0.03563099,0.9245359,0.001789322,0.006091536,6.8946e-05,0.000264563,0.000639799,0.00086448,0,0,0,0,4,0,1,0,4,0,0,0,0,0,0,0,4,1,0,3
"E30HA03-03","C30","Chinese","Genuine","Happy 3 CN",14,1.625,0.03309692,0.9309165,0.001232058,0.004323851,5.8291e-05,0.000182189,0.00044199,0.001225628,0,0,0,0,4,0,1,0,4,0,0,0,0,0,0,0,4,1,0,3
"E30HA03-03","C30","Chinese","Genuine","Happy 3 CN",15,1.75,0.03353178,0.9309493,0.000848043,0.003049551,5.0995e-05,0.000125385,0.000304719,0.001248141,0,0,0,0,4,0,1,0,4,0,0,0,0,0,0,0,4,1,0,2
"E30HA03-03","C30","Chinese","Genuine","Happy 3 CN",16,1.875,0.02845908,0.9417154,0.000583762,0.002172501,4.3459e-05,8.6303e-05,0.000209902,0.000871491,0,0,0,0,4,0,1,0,4,0,0,0,0,0,0,0,4,1,0,2
"E30HA03-03","C30","Chinese","Genuine","Happy 3 CN",17,2,0.02446838,0.9501235,0.000402203,0.001599464,3.8915e-05,5.9417e-05,0.000144979,0.00109668,0,0,0,0,4,0,1,0,4,0,0,0,0,0,0,0,4,1,0,2
"E30HA03-03","C30","Chinese","Genuine","Happy 3 CN",18,2.125,0.0277901,0.9437736,0.000277623,0.001199711,3.423e-05,4.1012e-05,0.000101848,0.002438933,0,0,0,0,4,0,1,0,4,0,0,0,0,0,0,0,4,1,0,2
"E30HA03-03","C30","Chinese","Genuine","Happy 3 CN",19,2.25,0.03002546,0.9395047,0.000191536,0.000903845,3.3682e-05,2.8312e-05,7.0752e-05,0.002335302,0,0,0,0,4,0,1,0,4,0,0,0,0,0,0,0,4,1,0,2
"E30HA03-03","C30","Chinese","Genuine","Happy 3 CN",20,2.375,0.02912082,0.9414528,0.000132991,0.000701931,4.1657e-05,1.9546e-05,4.9485e-05,0.002322271,0,0,0,0,4,0,1,0,4,0,0,0,0,0,0,0,4,1,0,2
"E30HA03-03","C30","Chinese","Genuine","Happy 3 CN",21,2.5,0.02786731,0.9440553,9.2507e-05,0.000571598,4.6232e-05,1.3539e-05,3.4819e-05,0.001946242,0,0,0,0,4,0,1,0,4,0,0,0,0,0,0,0,4,2,0,1
"E30HA03-03","C30","Chinese","Genuine","Happy 3 CN",22,2.625,0.03174334,0.9363689,6.5392e-05,0.000553618,3.9466e-05,9.821e-06,3.1045e-05,0.001814806,0,0,0,0,4,0,1,0,4,0,0,0,0,0,0,0,4,2,0,1
"E30HA03-03","C30","Chinese","Genuine","Happy 3 CN",23,2.75,0.03654538,0.9268099,4.6632e-05,0.000584304,3.8932e-05,7.476e-06,2.5814e-05,0.001343273,0,0,0,0,4,0,1,0,4,0,0,0,0,0,0,0,4,2,0,1
"E30HA03-03","C30","Chinese","Genuine","Happy 3 CN",24,2.875,0.03769206,0.9245476,3.4512e-05,0.000580472,4.8773e-05,5.774e-06,2.4241e-05,0.001040822,0,0,0,0,3,0,1,0,4,0,0,0,0,0,0,0,4,2,0,2
"E30HA03-03","C30","Chinese","Genuine","Happy 3 CN",25,3,0.04059399,0.9187651,2.8027e-05,0.000612063,8.0042e-05,4.507e-06,2.3756e-05,0.001091518,0,0,0,0,3,0,1,0,4,0,0,0,0,0,0,0,4,2,0,3
"E30HA03-03","C30","Chinese","Genuine","Happy 3 CN",26,3.125,0.04859834,0.902771,2.0458e-05,0.000646144,6.9736e-05,3.666e-06,2.0385e-05,0.000788651,0,0,0,0,3,0,1,0,4,0,0,0,0,0,0,0,4,2,0,3
"E30HA03-03","C30","Chinese","Genuine","Happy 3 CN",27,3.25,0.05641034,0.8871571,1.5195e-05,0.000607858,5.9312e-05,2.891e-06,1.8224e-05,0.000639078,0,0,0,0,3,0,1,0,4,0,0,0,0,0,0,0,4,2,0,3
"E30HA03-03","C30","Chinese","Genuine","Happy 3 CN",28,3.375,0.061795,0.8763947,1.1091e-05,0.000618045,5.2742e-05,2.708e-06,1.6425e-05,0.000571757,0,0,0,0,3,0,1,0,4,0,0,0,0,0,0,0,4,2,0,2
"E30HA03-03","C30","Chinese","Genuine","Happy 3 CN",29,3.5,0.07000174,0.8599859,9.286e-06,0.001140338,6.4069e-05,4.345e-06,1.5321e-05,0.000458276,0,0,0,0,3,0,1,0,3,0,0,0,0,0,0,0,4,2,0,2
"E30HA03-03","C30","Chinese","Genuine","Happy 3 CN",30,3.625,0.06547222,0.8690532,6.3774e-05,0.001832588,0.000243291,2.1112e-05,7.396e-05,0.001044108,0,0,0,0,3,0,1,0,3,0,0,0,0,0,0,0,4,2,0,3
"E30HA03-03","C30","Chinese","Genuine","Happy 3 CN",31,3.75,0.07110775,0.8577831,5.077e-05,0.003385682,0.000250967,5.5292e-05,0.000159301,0.000836466,0,0,0,0,3,0,1,0,3,0,0,0,0,0,0,0,4,2,0,3
"E30HA03-03","C30","Chinese","Genuine","Happy 3 CN",32,3.875,0.08119942,0.8376006,5.3151e-05,0.003886253,0.00023665,9.9364e-05,0.000318886,0.000695595,0,0,0,0,3,0,1,0,3,0,0,0,0,0,0,0,4,2,0,2
"E30HA03-03","C30","Chinese","Genuine","Happy 3 CN",33,4,0.1034027,0.7931978,0.000127539,0.007639774,0.000270044,0.000670581,0.000561264,0.00116847,0,0,0,0,2,0,1,0,3,0,0,0,0,0,0,0,4,2,0,2
"E30HA03-03","C30","Chinese","Genuine","Happy 3 CN",34,4.125,0.09257691,0.8148748,0.000260534,0.006232169,0.000502594,0.000521917,0.000641129,0.001190554,0,0,0,0,2,0,1,0,3,0,0,0,0,0,0,0,3,1,0,3
"E30HA03-03","C30","Chinese","Genuine","Happy 3 CN",35,4.25,0.09326622,0.8134899,0.000207482,0.01528533,0.000431226,0.000996341,0.001392484,0.001750002,0,0,0,0,2,0,1,0,3,0,0,0,0,0,0,0,4,1,0,3
"E30HA03-03","C30","Chinese","Genuine","Happy 3 CN",36,4.375,0.1241012,0.7518228,0.000179231,0.0252258,0.000396541,0.001703689,0.001171563,0.001330608,0,0,0,0,2,0,1,0,3,0,0,0,0,0,0,0,4,1,0,2
"E30HA03-03","C30","Chinese","Genuine","Happy 3 CN",37,4.5,0.1457232,0.7085976,0.000184713,0.03965417,0.000363716,0.001704758,0.00108309,0.001094946,0,0,0,0,2,0,1,0,3,0,0,0,0,0,0,0,4,1,0,2
"E30HA03-03","C30","Chinese","Genuine","Happy 3 CN",38,4.625,0.1339784,0.7324005,0.000552707,0.03597857,0.000436101,0.00241432,0.003277509,0.001169852,0,0,0,0,2,0,1,0,3,0,0,0,0,0,0,0,3,1,0,3
"E30HA03-03","C30","Chinese","Genuine","Happy 3 CN",39,4.75,0.1295847,0.7412063,0.000965214,0.03852244,0.000417864,0.003867744,0.007996037,0.001419324,0,0,0,0,2,0,1,0,3,0,0,0,0,0,0,0,3,1,0,3
"E30HA03-03","C30","Chinese","Genuine","Happy 3 CN",40,4.875,0.1370245,0.7269672,0.002703354,0.03002869,0.001806241,0.005252294,0.007438687,0.001487933,0,0,0,0,1,0,1,0,2,0,0,0,0,0,0,0,3,1,0,3
"E30HA03-03","C30","Chinese","Genuine","Happy 3 CN",41,5,0.1697445,0.6619133,0.002829717,0.04292973,0.001554928,0.006095969,0.008153207,0.008012508,0,0,0,0,1,0,1,0,2,0,0,0,0,0,0,0,3,1,0,3
"E30HA03-03","C30","Chinese","Genuine","Happy 3 CN",42,5.125,0.2326829,0.5396,0.002750729,0.05726558,0.001336206,0.009737211,0.01130232,0.01422828,0,0,0,0,1,0,1,0,2,0,0,0,0,0,0,0,3,1,0,3
"E30HA03-03","C30","Chinese","Genuine","Happy 3 CN",43,5.25,0.2769386,0.4576598,0.00269336,0.06892725,0.001234647,0.011531,0.01160303,0.0163957,0,0,0,0,1,0,1,0,2,0,0,0,0,0,0,0,2,1,0,3
"E30HA03-03","C30","Chinese","Genuine","Happy 3 CN",44,5.375,0.3106667,0.3955548,0.00254243,0.0812587,0.001414754,0.01342439,0.01192032,0.01615485,0,0,0,0,1,0,1,0,2,0,0,0,0,0,0,0,2,1,0,3
"E30HA03-03","C30","Chinese","Genuine","Happy 3 CN",45,5.5,0.3294986,0.3572553,0.002080477,0.0919594,0.001605934,0.01345809,0.01157428,0.01394812,0,0,0,0,1,0,1,0,1,0,0,0,0,0,0,0,2,1,0,3
"E30HA04-04","C30","Chinese","Genuine","Happy 4 CN",1,0,0.3618722,4.5727e-05,0.04421151,0.3852073,0.000540699,0.01806205,0.004871884,0,0,0,0,0,0,0,1,0,0,0,0,0,0,0,0,0,0,0,0,0
"E30HA04-04","C30","Chinese","Genuine","Happy 4 CN",2,0.125,0.3606647,8.0316e-05,0.04108135,0.3700132,0.00042183,0.01603712,0.006039496,0,0,0,0,0,0,0,1,0,0,0,0,0,0,0,0,0,0,0,0,0
"E30HA04-04","C30","Chinese","Genuine","Happy 4 CN",3,0.25,0.376112,0.000559736,0.03160583,0.3429864,0.000362243,0.02544974,0.0167365,0,0,0,0,0,0,0,1,0,0,0,0,0,0,0,0,0,0,0,0,0
"E30HA04-04","C30","Chinese","Genuine","Happy 4 CN",4,0.375,0.3783,0.001409817,0.02433376,0.3395883,0.000318971,0.02613279,0.02600209,0,0,0,0,0,0,0,1,0,0,0,0,0,0,0,0,0,0,0,0,0
"E30HA04-04","C30","Chinese","Genuine","Happy 4 CN",5,0.5,0.3812042,0.0059082,0.01907774,0.3298672,0.000401238,0.02660177,0.02665629,0,0,0,0,0,0,0,1,0,0,0,0,0,0,0,0,0,0,0,0,0
"E30HA04-04","C30","Chinese","Genuine","Happy 4 CN",6,0.625,0.3852493,0.03074706,0.01388414,0.306691,0.000503909,0.02077769,0.02006421,0.01061277,0,0,0,0,0,0,1,0,0,0,0,0,0,0,0,0,0,0,0,0
"E30HA04-04","C30","Chinese","Genuine","Happy 4 CN",7,0.75,0.3714259,0.1260208,0.01012135,0.2536699,0.000768915,0.01603814,0.01507208,0.01721267,0,0,0,0,0,0,1,0,0,0,0,0,0,0,0,0,0,0,0,0
"E30HA04-04","C30","Chinese","Genuine","Happy 4 CN",8,0.875,0.3600457,0.1915581,0.007450372,0.2334287,0.000776438,0.01234189,0.01140517,0.0211563,0,0,0,0,0,0,1,0,1,0,0,0,0,0,0,0,0,0,0,0
"E30HA04-04","C30","Chinese","Genuine","Happy 4 CN",9,1,0.3259452,0.2882737,0.006514031,0.2069137,0.000812903,0.00951671,0.008845045,0.02070677,0,0,0,0,0,0,1,0,1,0,0,0,0,0,0,0,0,0,0,2
"E30HA04-04","C30","Chinese","Genuine","Happy 4 CN",10,1.125,0.3134945,0.3330038,0.00599662,0.1759892,0.000731116,0.00728778,0.008396491,0.01748755,0,0,0,0,0,0,1,0,1,0,0,0,0,0,0,0,0,0,0,3
"E30HA04-04","C30","Chinese","Genuine","Happy 4 CN",11,1.25,0.3019929,0.3756562,0.004632742,0.1639298,0.001059889,0.007516772,0.006094096,0.03105739,0,0,0,0,0,0,1,0,2,0,0,0,0,0,0,0,0,0,0,2
"E30HA04-04","C30","Chinese","Genuine","Happy 4 CN",12,1.375,0.3006264,0.3909063,0.003640722,0.1791164,0.001429758,0.007443159,0.004734084,0.04895142,0,0,0,0,0,0,1,0,2,0,0,0,0,0,0,0,0,0,0,2
"E30HA04-04","C30","Chinese","Genuine","Happy 4 CN",13,1.5,0.3012635,0.3936906,0.00286407,0.1975751,0.001393005,0.007601124,0.004792119,0.03939634,0,0,0,0,0,0,1,0,2,0,0,0,0,0,0,0,0,0,0,2
"E30HA04-04","C30","Chinese","Genuine","Happy 4 CN",14,1.625,0.3107281,0.3779625,0.002497553,0.1916394,0.001323962,0.007153904,0.004418137,0.04899272,0,0,0,0,0,0,1,0,2,0,0,0,0,0,0,0,0,0,0,1
"E30HA04-04","C30","Chinese","Genuine","Happy 4 CN",15,1.75,0.3115896,0.3794857,0.002152768,0.2007379,0.001473589,0.007459814,0.003799231,0.06587123,0,0,0,0,0,0,1,0,2,0,0,0,0,0,0,0,0,0,0,1
"E30HA04-04","C30","Chinese","Genuine","Happy 4 CN",16,1.875,0.3083922,0.3877098,0.00188031,0.2085336,0.001740357,0.01002889,0.003237185,0.05821191,0,0,0,0,0,0,1,0,2,0,0,0,0,0,0,0,0,0,0,1
"E30HA04-04","C30","Chinese","Genuine","Happy 4 CN",17,2,0.3257664,0.3429981,0.001845494,0.2351103,0.001722594,0.01428584,0.004518392,0.04989373,0,0,0,0,0,0,1,0,2,0,0,0,0,0,0,0,0,0,0,1
"E30HA04-04","C30","Chinese","Genuine","Happy 4 CN",18,2.125,0.3075459,0.3850429,0.004979745,0.1847883,0.002428733,0.01378554,0.005583258,0.04961803,0,0,0,0,0,0,1,0,2,0,0,0,0,0,0,0,0,0,0,2
"E30HA04-04","C30","Chinese","Genuine","Happy 4 CN",19,2.25,0.3546213,0.279812,0.006421152,0.1717239,0.002051528,0.01501196,0.0240848,0.05565049,0,0,0,0,0,0,1,0,1,0,0,0,0,0,0,0,0,0,0,2
"E30HA04-04","C30","Chinese","Genuine","Happy 4 CN",20,2.375,0.3670958,0.2159728,0.006088806,0.2032949,0.001693374,0.02065313,0.03008978,0.05153005,0,0,0,0,0,0,1,0,1,0,0,0,0,0,0,0,0,0,0,2
"E30HA04-04","C30","Chinese","Genuine","Happy 4 CN",21,2.5,0.3791175,0.1673898,0.005938788,0.2319906,0.00137088,0.02341884,0.03456251,0.05431891,0,0,0,0,0,0,1,0,1,0,0,0,0,0,0,0,0,0,0,2
"E30HA04-04","C30","Chinese","Genuine","Happy 4 CN",22,2.625,0.3720829,0.1612383,0.004981071,0.2695286,0.001142326,0.02508306,0.03537159,0.05038838,0,0,0,0,0,0,1,0,1,0,0,0,0,0,0,0,0,0,0,2
"E30HA04-04","C30","Chinese","Genuine","Happy 4 CN",23,2.75,0.3676355,0.1541403,0.004139938,0.3082788,0.001011991,0.0271441,0.03184706,0.04752469,0,0,0,0,0,0,1,0,1,0,0,0,0,0,0,0,0,0,0,2
"E30HA04-04","C30","Chinese","Genuine","Happy 4 CN",24,2.875,0.3659607,0.1404554,0.003703693,0.3229068,0.000863344,0.04083933,0.02881502,0.04981292,0,0,0,0,0,0,1,0,1,0,0,0,0,0,0,0,0,0,0,2
"E30HA04-04","C30","Chinese","Genuine","Happy 4 CN",25,3,0.3560439,0.1206,0.004322361,0.3473961,0.000723689,0.04061256,0.02514714,0.05373511,0,0,0,0,0,0,1,0,1,0,0,0,0,0,0,0,0,0,0,1
"E30HA05-02","C30","Chinese","Genuine","Happy 5 CN",1,0,0.488827,0.00040067,0.0926398,0.1654528,0.000625866,0.004732917,0.02458435,0.01204782,0,0,0,0,0,0,1,0,0,0,0,0,0,0,0,0,0,0,0,0
"E30HA05-02","C30","Chinese","Genuine","Happy 5 CN",2,0.125,0.5292093,0.000966199,0.07304142,0.1894922,0.001144408,0.006717368,0.02366907,0.01163472,0,0,0,0,0,0,0,0,0,0,0,0,0,0,0,0,0,0,0,0
"E30HA05-02","C30","Chinese","Genuine","Happy 5 CN",3,0.25,0.5269241,0.003955965,0.07779448,0.1516208,0.002081332,0.004986719,0.03533234,0.008000689,0,0,0,0,0,0,0,0,0,0,0,0,0,0,0,0,0,0,0,2
"E30HA05-02","C30","Chinese","Genuine","Happy 5 CN",4,0.375,0.5151777,0.02102546,0.06996433,0.1316508,0.003117391,0.004459815,0.03334607,0.01165875,0,0,0,0,0,0,0,0,0,0,0,0,0,0,0,0,0,0,0,3
"E30HA05-02","C30","Chinese","Genuine","Happy 5 CN",5,0.5,0.4101684,0.2205838,0.05070404,0.1041097,0.003867647,0.004748386,0.02793344,0.02025345,0,0,0,0,0,0,0,0,0,0,0,0,0,0,0,0,0,0,0,3
"E30HA05-02","C30","Chinese","Genuine","Happy 5 CN",6,0.625,0.3055878,0.4173807,0.03492094,0.07470898,0.003865961,0.003477755,0.01929245,0.01853259,0,0,0,0,1,0,0,0,1,0,0,0,0,0,0,0,0,0,0,3
"E30HA05-02","C30","Chinese","Genuine","Happy 5 CN",7,0.75,0.2202235,0.5791916,0.02401732,0.05487951,0.002748503,0.002423781,0.01329772,0.01297685,0,0,0,0,1,0,0,0,2,0,0,0,0,0,0,0,1,0,0,2
"E30HA05-02","C30","Chinese","Genuine","Happy 5 CN",8,0.875,0.1607255,0.6920537,0.01656087,0.03798001,0.001960892,0.001671496,0.009162905,0.008984382,0,0,0,0,1,0,1,0,2,0,0,0,0,0,0,0,2,0,0,3
"E30HA05-02","C30","Chinese","Genuine","Happy 5 CN",9,1,0.1224776,0.7643313,0.01140115,0.02639451,0.001408158,0.001150082,0.006306026,0.007281692,0,0,0,0,2,0,1,0,3,0,0,0,0,0,0,0,2,1,0,3
"E30HA05-02","C30","Chinese","Genuine","Happy 5 CN",10,1.125,0.0905185,0.825349,0.007845108,0.01833599,0.001006565,0.000791312,0.004339106,0.005512798,0,0,0,0,2,0,1,0,3,0,0,0,0,0,0,0,3,1,0,3
"E30HA05-02","C30","Chinese","Genuine","Happy 5 CN",11,1.25,0.07501225,0.8543669,0.005398693,0.01280577,0.000707448,0.000544459,0.002986339,0.004038848,0,0,0,0,3,0,1,0,3,0,0,0,0,0,0,0,3,1,0,3
"E30HA05-02","C30","Chinese","Genuine","Happy 5 CN",12,1.375,0.06300922,0.8770013,0.003715363,0.008930238,0.00049972,0.000374677,0.00205556,0.003131395,0,0,0,0,3,0,1,0,3,0,0,0,0,0,0,0,3,1,0,3
"E30HA05-02","C30","Chinese","Genuine","Happy 5 CN",13,1.5,0.05769093,0.8866947,0.00255603,0.006253839,0.000355507,0.000257931,0.001416994,0.002417126,0,0,0,0,3,0,1,0,3,0,0,0,0,0,0,0,3,1,0,3
"E30HA05-02","C30","Chinese","Genuine","Happy 5 CN",14,1.625,0.0582607,0.8849065,0.001760372,0.004462321,0.000277744,0.000177854,0.000982177,0.001685533,0,0,0,0,3,0,1,0,3,0,0,0,0,0,0,0,3,1,0,3
"E30HA05-02","C30","Chinese","Genuine","Happy 5 CN",15,1.75,0.06142445,0.8781331,0.001214226,0.003282042,0.00025663,0.000123427,0.000684103,0.001283909,0,0,0,0,3,0,1,0,3,0,0,0,0,0,0,0,3,1,0,3
"E30HA05-02","C30","Chinese","Genuine","Happy 5 CN",16,1.875,0.06829313,0.8640891,0.000849233,0.002542802,0.000292992,8.7631e-05,0.000495237,0.001780515,0,0,0,0,3,0,1,0,3,0,0,0,0,0,0,0,3,1,0,3
"E30HA05-02","C30","Chinese","Genuine","Happy 5 CN",17,2,0.07786208,0.8447444,0.000702601,0.003547443,0.000477965,0.000237154,0.000965964,0.001460538,0,0,0,0,3,0,1,0,3,0,0,0,0,0,0,0,3,1,0,3
"E30HA05-02","C30","Chinese","Genuine","Happy 5 CN",18,2.125,0.08096227,0.8383989,0.000514543,0.007961203,0.000416804,0.000369225,0.001101196,0.003317184,0,0,0,0,3,0,1,0,3,0,0,0,0,0,0,0,3,1,0,3
"E30HA05-02","C30","Chinese","Genuine","Happy 5 CN",19,2.25,0.08520644,0.8298124,0.000393022,0.01230785,0.000365831,0.000539616,0.001663054,0.00418928,0,0,0,0,2,0,1,0,3,0,0,0,0,0,0,0,3,1,0,3
"E30HA05-02","C30","Chinese","Genuine","Happy 5 CN",20,2.375,0.09122643,0.8177152,0.000427123,0.01751736,0.000442599,0.001097336,0.00261848,0.003187062,0,0,0,0,2,0,1,0,3,0,0,0,0,0,0,0,3,1,0,3
"E30HA05-02","C30","Chinese","Genuine","Happy 5 CN",21,2.5,0.1179533,0.7643328,0.000845042,0.03179736,0.000421875,0.002669281,0.004083528,0.002756931,0,0,0,0,2,0,1,0,3,0,0,0,0,0,0,0,3,1,0,4
"E30HA05-02","C30","Chinese","Genuine","Happy 5 CN",22,2.625,0.1635261,0.6733489,0.000688224,0.07296401,0.000752795,0.01022134,0.004041937,0.002469687,0,0,0,0,2,0,1,0,3,0,0,0,0,0,0,0,3,1,0,3
"E30HA05-02","C30","Chinese","Genuine","Happy 5 CN",23,2.75,0.2030318,0.5952029,0.00085524,0.09009913,0.001374507,0.02426635,0.003812573,0.002387453,0,0,0,0,1,0,1,0,2,0,0,0,0,0,0,0,3,1,0,3
"E30HA05-02","C30","Chinese","Genuine","Happy 5 CN",24,2.875,0.2336433,0.5354261,0.000856022,0.08766343,0.001629411,0.02326498,0.003700826,0.00495995,0,0,0,0,1,0,1,0,2,0,0,0,0,0,0,0,3,1,0,3
"E30HA05-02","C30","Chinese","Genuine","Happy 5 CN",25,3,0.2527432,0.4975449,0.000901385,0.09056042,0.001425928,0.01811397,0.003409432,0.01074104,0,0,0,0,1,0,1,0,2,0,0,0,0,0,0,0,3,1,0,3
"E30HA05-02","C30","Chinese","Genuine","Happy 5 CN",26,3.125,0.2706272,0.4629865,0.000961667,0.09476396,0.001226209,0.01413906,0.003276462,0.01707864,0,0,0,0,1,0,1,0,2,0,0,0,0,0,0,0,2,1,0,2
"E30HA05-02","C30","Chinese","Genuine","Happy 5 CN",27,3.25,0.2556375,0.4926629,0.001041053,0.1076692,0.001445897,0.01228997,0.002506534,0.0275229,0,0,0,0,1,0,1,0,2,0,0,0,0,0,0,0,2,1,0,2
"E30HA05-02","C30","Chinese","Genuine","Happy 5 CN",28,3.375,0.2935399,0.420024,0.001167024,0.1099341,0.001848485,0.01412713,0.003262417,0.02655039,0,0,0,0,1,0,1,0,2,0,0,0,0,0,0,0,2,0,0,1
"E30HA07-01","C30","Chinese","Genuine","Happy 7 CN",1,0,0.4107327,3.3534e-05,0.05526461,0.2336599,0.01393558,0.1762919,0.01106934,4.1436e-05,0,0,0,0,0,0,0,0,0,0,0,0,0,0,0,0,1,0,0,1
"E30HA07-01","C30","Chinese","Genuine","Happy 7 CN",2,0.125,0.4160323,6.3103e-05,0.05508632,0.2276152,0.01414181,0.1598322,0.01145064,0.000276039,0,0,0,0,0,0,0,0,0,0,0,0,0,0,0,0,1,0,0,1
"E30HA07-01","C30","Chinese","Genuine","Happy 7 CN",3,0.25,0.4275594,0.001086314,0.046101,0.2232085,0.01241569,0.1317396,0.0185504,0.000761417,0,0,0,0,0,0,0,0,0,0,0,0,0,0,0,0,1,0,0,1
"E30HA07-01","C30","Chinese","Genuine","Happy 7 CN",4,0.375,0.3323676,0.2375139,0.0325407,0.1614123,0.01008584,0.09320251,0.01492928,0.00073082,0,0,0,0,0,0,1,0,0,0,0,0,0,0,0,0,1,0,0,2
"E30HA07-01","C30","Chinese","Genuine","Happy 7 CN",5,0.5,0.2379521,0.4568769,0.02238569,0.1115442,0.007000663,0.06410585,0.01030738,0.000576361,0,0,0,0,1,0,1,0,1,0,0,0,0,0,0,0,2,0,0,2
"E30HA07-01","C30","Chinese","Genuine","Happy 7 CN",6,0.625,0.1738672,0.6060423,0.01539647,0.07676937,0.004950511,0.04408292,0.007089203,0.000512267,0,0,0,0,2,0,1,0,2,0,0,0,0,0,0,0,3,1,0,3
"E30HA07-01","C30","Chinese","Genuine","Happy 7 CN",7,0.75,0.1415574,0.6850994,0.01059208,0.05283025,0.003411279,0.03031406,0.004876242,0.000352263,0,0,0,0,2,0,1,0,3,0,0,0,0,0,0,0,3,1,0,3
"E30HA07-01","C30","Chinese","Genuine","Happy 7 CN",8,0.875,0.1091995,0.7597432,0.007287507,0.03636489,0.002357389,0.02084574,0.003353736,0.000242236,0,0,0,0,3,0,1,0,3,0,0,0,0,0,0,0,3,1,0,2
"E30HA07-01","C30","Chinese","Genuine","Happy 7 CN",9,1,0.08066642,0.8236366,0.005014624,0.02504219,0.001654305,0.01433481,0.002306592,0.000339742,0,0,0,0,3,0,1,0,3,0,0,0,0,0,0,0,4,1,0,2
"E30HA07-01","C30","Chinese","Genuine","Happy 7 CN",10,1.125,0.06756205,0.85454,0.00345241,0.01724827,0.001152944,0.009857526,0.001586934,0.000623663,0,0,0,0,3,0,1,0,3,0,0,0,0,0,0,0,4,1,0,2
"E30HA07-01","C30","Chinese","Genuine","Happy 7 CN",11,1.25,0.05241048,0.8880715,0.002376702,0.0118934,0.000804297,0.006778654,0.001091673,0.003662107,0,0,0,0,3,0,1,0,4,0,0,0,0,0,0,0,4,1,0,2
"E30HA07-01","C30","Chinese","Genuine","Happy 7 CN",12,1.375,0.0420213,0.9110699,0.00163657,0.008215663,0.000566949,0.004661455,0.000751076,0.003385227,0,0,0,0,4,0,1,0,4,0,0,0,0,0,0,0,4,1,0,2
"E30HA07-01","C30","Chinese","Genuine","Happy 7 CN",13,1.5,0.03553392,0.9255712,0.00113152,0.005693832,0.000414257,0.003205574,0.000517342,0.003443463,0,0,0,0,4,0,1,0,4,0,0,0,0,0,0,0,4,1,0,2
"E30HA07-01","C30","Chinese","Genuine","Happy 7 CN",14,1.625,0.03315184,0.9313852,0.000782464,0.003965207,0.000306343,0.002204575,0.000356656,0.005199835,0,0,0,0,4,0,1,0,4,0,0,0,0,0,0,0,4,2,0,1
"E30HA07-01","C30","Chinese","Genuine","Happy 7 CN",15,1.75,0.03206466,0.9342814,0.000541663,0.002769304,0.000225191,0.001516081,0.000245892,0.005920655,0,0,0,0,4,0,1,0,4,0,0,0,0,0,0,0,4,2,0,1
"E30HA07-01","C30","Chinese","Genuine","Happy 7 CN",16,1.875,0.02625707,0.946393,0.000377241,0.001950268,0.000171004,0.001042685,0.000169463,0.006503506,0,0,0,0,4,0,1,0,4,0,0,0,0,0,0,0,4,2,0,1
"E30HA07-01","C30","Chinese","Genuine","Happy 7 CN",17,2,0.02305406,0.9531404,0.000265314,0.001391387,0.000134275,0.000717217,0.000117512,0.007956359,0,0,0,0,4,0,1,0,4,0,0,0,0,0,0,0,4,2,0,1
"E30HA07-01","C30","Chinese","Genuine","Happy 7 CN",18,2.125,0.03175901,0.9359652,0.000184104,0.001001014,0.000108085,0.000493273,8.1879e-05,0.005956416,0,0,0,0,4,0,1,0,4,0,0,0,0,0,0,0,4,1,0,1
"E30HA07-01","C30","Chinese","Genuine","Happy 7 CN",19,2.25,0.03039674,0.9388511,0.000129482,0.000724487,8.5651e-05,0.000339246,5.687e-05,0.00475465,0,0,0,0,4,0,1,0,4,0,0,0,0,0,0,0,4,2,0,1
"E30HA07-01","C30","Chinese","Genuine","Happy 7 CN",20,2.375,0.02537818,0.9489993,9.076e-05,0.000543632,7.0547e-05,0.000233333,3.9978e-05,0.003628989,0,0,0,0,4,0,1,0,4,0,0,0,0,0,0,0,4,2,0,1
"E30HA07-01","C30","Chinese","Genuine","Happy 7 CN",21,2.5,0.02301797,0.953796,6.4938e-05,0.000442591,6.6645e-05,0.000160701,2.8326e-05,0.003372201,0,0,0,0,4,0,1,0,4,0,0,0,0,0,0,0,4,2,0,1
"E30HA07-01","C30","Chinese","Genuine","Happy 7 CN",22,2.625,0.02317036,0.9535437,5.091e-05,0.000878772,0.000143393,0.000112189,3.6572e-05,0.002629129,0,0,0,0,4,0,1,0,4,0,0,0,0,0,0,0,4,2,0,1
"E30HA07-01","C30","Chinese","Genuine","Happy 7 CN",23,2.75,0.03135021,0.9372202,4.0265e-05,0.002906973,0.000250262,9.0033e-05,6.7196e-05,0.001832446,0,0,0,0,4,0,1,0,4,0,0,0,0,0,0,0,4,2,0,1
"E30HA07-01","C30","Chinese","Genuine","Happy 7 CN",24,2.875,0.03065512,0.9386353,3.7686e-05,0.003791044,0.000494241,8.4015e-05,6.4467e-05,0.001608517,0,0,0,0,3,0,1,0,3,0,0,0,0,0,0,0,4,2,0,1
"E30HA07-01","C30","Chinese","Genuine","Happy 7 CN",25,3,0.0309466,0.9380695,3.4113e-05,0.004718645,0.00060064,0.000106,7.5311e-05,0.001299992,0,0,0,0,3,0,0,0,3,0,0,0,0,0,0,0,4,1,0,1
"E30HA07-01","C30","Chinese","Genuine","Happy 7 CN",26,3.125,0.03203957,0.9358952,3.0595e-05,0.00492045,0.00052323,9.2843e-05,7.1447e-05,0.001107112,0,0,0,0,3,0,0,0,3,0,0,0,0,0,0,0,4,1,0,1
"E30HA07-01","C30","Chinese","Genuine","Happy 7 CN",27,3.25,0.03925554,0.9214713,2.8897e-05,0.003945234,0.000430393,7.0764e-05,6.9363e-05,0.001446661,0,0,0,0,3,0,0,0,3,0,0,0,0,0,0,0,4,1,0,1
"E30HA07-01","C30","Chinese","Genuine","Happy 7 CN",28,3.375,0.04357182,0.9128442,2.377e-05,0.003312385,0.000350544,5.1109e-05,5.7742e-05,0.001106597,0,0,0,0,3,0,0,0,3,0,0,0,0,0,0,0,4,1,0,1
"E30HA07-01","C30","Chinese","Genuine","Happy 7 CN",29,3.5,0.04320858,0.9135745,2.034e-05,0.002754344,0.000283894,3.8299e-05,4.6133e-05,0.000782043,0,0,0,0,3,0,0,0,3,0,0,0,0,0,0,0,4,1,0,1
"E30HA07-01","C30","Chinese","Genuine","Happy 7 CN",30,3.625,0.04374486,0.9125046,1.6934e-05,0.002435399,0.000223734,2.9669e-05,4.0726e-05,0.001073246,0,0,0,0,3,0,0,0,3,0,0,0,0,0,0,0,4,1,0,1
"E30HA07-01","C30","Chinese","Genuine","Happy 7 CN",31,3.75,0.04399095,0.9120141,1.6969e-05,0.00229254,0.000184855,2.6408e-05,4.4856e-05,0.000923967,0,0,0,0,3,0,0,0,3,0,0,0,0,0,0,0,4,1,0,1
"E30HA07-01","C30","Chinese","Genuine","Happy 7 CN",32,3.875,0.04698234,0.9060326,1.6522e-05,0.002394437,0.000176324,2.4842e-05,5.143e-05,0.000719012,0,0,0,0,3,0,0,0,3,0,0,0,0,0,0,0,4,1,0,1
"E30HA07-01","C30","Chinese","Genuine","Happy 7 CN",33,4,0.04559912,0.9087999,1.7708e-05,0.003766767,0.000165055,2.4227e-05,6.1883e-05,0.000675841,0,0,0,0,3,0,0,0,3,0,0,0,0,0,0,0,4,1,0,1
"E30HA07-01","C30","Chinese","Genuine","Happy 7 CN",34,4.125,0.04894356,0.9021126,3.5897e-05,0.002987603,0.000447944,2.4891e-05,7.2721e-05,0.00068041,0,0,0,0,3,0,1,0,3,0,0,0,0,0,0,0,4,1,0,2
"E30HA07-01","C30","Chinese","Genuine","Happy 7 CN",35,4.25,0.0538751,0.8922497,3.6161e-05,0.002241117,0.000349338,2.9476e-05,6.4412e-05,0.000719698,0,0,0,0,3,0,1,0,3,0,0,0,0,0,0,0,4,1,0,3
"E30HA07-01","C30","Chinese","Genuine","Happy 7 CN",36,4.375,0.06192393,0.8761522,4.0436e-05,0.003575031,0.000287884,3.6797e-05,7.379e-05,0.000762775,0,0,0,0,3,0,1,0,3,0,0,0,0,0,0,0,4,1,0,2
"E30HA07-01","C30","Chinese","Genuine","Happy 7 CN",37,4.5,0.06230226,0.8753956,3.7083e-05,0.003463706,0.000232279,3.7189e-05,9.3078e-05,0.00084792,0,0,0,0,3,0,1,0,3,0,0,0,0,0,0,0,4,1,0,2
"E30HA07-01","C30","Chinese","Genuine","Happy 7 CN",38,4.625,0.05885951,0.8822812,3.3343e-05,0.003580999,0.000242343,3.6112e-05,0.00011184,0.000628641,0,0,0,0,3,0,0,0,3,0,0,0,0,0,0,0,4,1,0,2
"E30HA07-01","C30","Chinese","Genuine","Happy 7 CN",39,4.75,0.05877833,0.8824444,3.3066e-05,0.007060247,0.000273052,7.5027e-05,0.00018345,0.000432289,0,0,0,0,3,0,0,0,3,0,0,0,0,0,0,0,4,1,0,2
"E30HA07-01","C30","Chinese","Genuine","Happy 7 CN",40,4.875,0.07191367,0.856303,0.00014612,0.02348308,0.000428438,0.002487497,0.00076329,0.00034201,0,0,0,0,2,0,0,0,3,0,0,0,0,0,0,0,4,1,0,1
"E30HA07-01","C30","Chinese","Genuine","Happy 7 CN",41,5,0.100092,0.8011442,0.000274218,0.03377414,0.001020602,0.009194644,0.001368333,0.002554138,0,0,0,0,2,0,0,0,3,0,0,0,0,0,0,0,3,1,0,1
"E30HA07-01","C30","Chinese","Genuine","Happy 7 CN",42,5.125,0.1607722,0.6836616,0.000665372,0.05085868,0.001840951,0.02168426,0.003261283,0.008972075,0,0,0,0,2,0,0,0,3,0,0,0,0,0,0,0,3,1,0,1
"E30HA07-01","C30","Chinese","Genuine","Happy 7 CN",43,5.25,0.231325,0.5522111,0.001510138,0.08320378,0.002405516,0.0298329,0.004817268,0.02499382,0,0,0,0,2,0,0,0,2,0,0,0,0,0,0,0,3,1,0,1
"E30HA07-01","C30","Chinese","Genuine","Happy 7 CN",44,5.375,0.2811577,0.4548175,0.002481114,0.1230863,0.002108563,0.03468133,0.005990941,0.04444288,0,0,0,0,1,0,0,0,2,0,0,0,0,0,0,0,3,1,0,1
"E32HA01-02","C32","Chinese","Genuine","Happy 1 CN",1,0,0.6463616,0.004442234,0.09460706,0.1352439,0.02299245,0.02403903,0.02564067,0.002096538,0,2,0,0,0,0,0,0,0,0,0,0,0,0,0,0,2,0,0,1
"E32HA01-02","C32","Chinese","Genuine","Happy 1 CN",2,0.125,0.6719468,0.005486348,0.08777831,0.1164764,0.02166047,0.0216977,0.02677706,0.003246257,0,2,0,0,0,0,0,0,0,0,0,0,0,0,0,0,2,0,0,1
"E32HA01-02","C32","Chinese","Genuine","Happy 1 CN",3,0.25,0.6828058,0.006116787,0.08838451,0.1024886,0.02126134,0.02112092,0.02787488,0.003843626,0,2,0,0,0,0,0,0,0,0,0,0,0,0,0,0,2,0,0,1
"E32HA01-02","C32","Chinese","Genuine","Happy 1 CN",4,0.375,0.6754063,0.006107895,0.08190483,0.1027458,0.02019297,0.01964699,0.03048503,0.003525023,0,1,0,0,0,0,0,0,0,0,0,0,0,0,0,0,2,0,0,1
"E32HA01-02","C32","Chinese","Genuine","Happy 1 CN",5,0.5,0.6599748,0.006251035,0.08093972,0.1071838,0.01954301,0.02054229,0.03103965,0.003051803,0,1,0,0,0,0,0,0,0,0,0,0,0,0,0,0,2,0,0,1
"E32HA01-02","C32","Chinese","Genuine","Happy 1 CN",6,0.625,0.6760976,0.006737507,0.07328313,0.1063767,0.02236238,0.0184773,0.02709613,0.002815682,0,1,0,0,0,0,0,0,0,0,0,0,0,0,0,0,2,0,0,1
"E32HA01-02","C32","Chinese","Genuine","Happy 1 CN",7,0.75,0.6179818,0.007511083,0.06692202,0.1113605,0.03172322,0.01576609,0.02863612,0.002158993,0,1,0,0,0,0,0,0,0,0,0,0,0,0,0,0,2,0,0,2
"E32HA01-02","C32","Chinese","Genuine","Happy 1 CN",8,0.875,0.5971909,0.006921161,0.05324075,0.1266901,0.06753008,0.01988751,0.02423989,0.001510825,0,1,0,0,0,0,0,0,0,0,0,0,0,0,0,0,3,1,0,2
"E32HA01-02","C32","Chinese","Genuine","Happy 1 CN",9,1,0.5688489,0.009295337,0.04479346,0.1237755,0.09475981,0.02171856,0.02157469,0.001124079,0,2,0,0,0,0,0,0,0,0,0,0,0,0,0,0,3,1,0,2
"E32HA01-02","C32","Chinese","Genuine","Happy 1 CN",10,1.125,0.5270692,0.0561687,0.0320734,0.1499838,0.07708118,0.01882147,0.02176991,0.001200366,0,1,0,0,0,0,0,0,0,0,0,0,0,0,0,0,3,1,0,2
"E32HA01-02","C32","Chinese","Genuine","Happy 1 CN",11,1.25,0.4149234,0.2462144,0.02230369,0.1394728,0.05513667,0.01389039,0.01989985,0.000996815,0,1,0,0,0,0,0,0,1,0,0,0,0,0,0,0,3,1,0,2
"E32HA01-02","C32","Chinese","Genuine","Happy 1 CN",12,1.375,0.2979835,0.4563423,0.01542221,0.1059349,0.03865731,0.009862251,0.01618193,0.000726576,0,1,0,0,0,0,0,0,1,0,0,0,0,0,0,0,3,1,0,1
"E32HA01-02","C32","Chinese","Genuine","Happy 1 CN",13,1.5,0.2122336,0.6115041,0.01065741,0.07389911,0.02723047,0.006852605,0.01229149,0.000707829,0,0,0,0,1,0,0,0,2,0,0,0,0,0,0,0,4,1,0,1
"E32HA01-02","C32","Chinese","Genuine","Happy 1 CN",14,1.625,0.1522755,0.7201853,0.007402985,0.05169812,0.019247,0.004774978,0.009894993,0.001363855,0,0,0,0,1,0,0,0,3,0,0,0,0,0,0,0,4,1,0,1
"E32HA01-02","C32","Chinese","Genuine","Happy 1 CN",15,1.75,0.1124332,0.7921439,0.005125231,0.03626042,0.01396002,0.00331026,0.007684578,0.002357599,0,0,0,0,2,0,0,0,3,0,0,0,0,0,0,0,4,1,0,2
"E32HA01-02","C32","Chinese","Genuine","Happy 1 CN",16,1.875,0.08704701,0.8376034,0.003587377,0.02578415,0.009928419,0.002328383,0.006328871,0.002886312,0,0,0,0,2,0,0,0,3,0,0,0,0,0,0,0,4,2,0,2
"E32HA01-02","C32","Chinese","Genuine","Happy 1 CN",17,2,0.06849932,0.8710489,0.003060415,0.0182141,0.007547483,0.001656403,0.009052975,0.002841767,0,0,0,0,2,0,0,0,3,0,0,0,0,0,0,0,4,2,0,3
"E32HA01-02","C32","Chinese","Genuine","Happy 1 CN",18,2.125,0.06205774,0.8814223,0.002762343,0.01306021,0.00554797,0.001186518,0.01836687,0.004368384,0,0,0,0,2,0,0,0,3,0,0,0,0,0,0,0,4,1,0,3
"E32HA01-02","C32","Chinese","Genuine","Happy 1 CN",19,2.25,0.06940402,0.865009,0.002039148,0.01064966,0.004777754,0.000888377,0.02805985,0.003583918,0,0,0,0,2,1,0,0,3,0,0,0,0,0,0,0,4,1,0,3
"E32HA01-02","C32","Chinese","Genuine","Happy 1 CN",20,2.375,0.1661676,0.6705974,0.001791019,0.02914952,0.00429338,0.002181262,0.07149024,0.003160962,0,0,0,0,2,1,0,0,3,0,0,0,0,0,0,0,4,1,0,3
"E32HA01-02","C32","Chinese","Genuine","Happy 1 CN",21,2.5,0.2075039,0.472762,0.003087316,0.03259689,0.003594049,0.004451581,0.1760078,0.005432413,0,0,0,0,2,1,1,0,3,0,0,0,0,0,0,0,4,1,0,4
"E32HA01-02","C32","Chinese","Genuine","Happy 1 CN",22,2.625,0.1816741,0.559515,0.002339961,0.02323418,0.003039652,0.003239064,0.1718221,0.01085091,0,0,0,0,2,0,1,0,3,0,0,0,0,0,0,0,4,1,0,4
"E32HA01-02","C32","Chinese","Genuine","Happy 1 CN",23,2.75,0.1655635,0.6159628,0.00220517,0.01643921,0.003742287,0.002317845,0.1705131,0.00976288,0,0,0,0,2,0,1,0,3,0,0,0,0,0,0,0,4,1,0,4
"E32HA01-02","C32","Chinese","Genuine","Happy 1 CN",24,2.875,0.1929788,0.5776787,0.001582819,0.01834772,0.003739914,0.002378402,0.16146,0.006836948,0,0,0,0,2,1,1,0,2,0,0,0,0,0,0,0,4,1,0,4
"E32HA01-02","C32","Chinese","Genuine","Happy 1 CN",25,3,0.1877068,0.5995929,0.001101697,0.01994068,0.004674937,0.001951841,0.1373291,0.00473812,0,0,0,0,2,1,1,0,2,0,0,0,0,0,0,0,4,1,0,3
"E32HA01-02","C32","Chinese","Genuine","Happy 1 CN",26,3.125,0.1880081,0.6068094,0.000773523,0.02435504,0.005531973,0.002099233,0.1143078,0.00333123,0,0,0,0,1,1,1,0,2,0,0,0,0,0,0,0,4,2,0,3
"E32HA01-02","C32","Chinese","Genuine","Happy 1 CN",27,3.25,0.1883691,0.6114873,0.000566091,0.02728981,0.006446564,0.002416851,0.09844533,0.00248888,0,0,0,0,1,1,1,0,2,0,0,0,0,0,0,0,4,2,0,3
"E32HA01-02","C32","Chinese","Genuine","Happy 1 CN",28,3.375,0.2144885,0.5629724,0.00042034,0.03763373,0.006581774,0.002646598,0.098928,0.001770368,0,0,0,0,1,1,1,0,2,0,0,0,0,0,0,0,4,2,0,3
"E32HA01-02","C32","Chinese","Genuine","Happy 1 CN",29,3.5,0.2270192,0.5404826,0.000343474,0.04031924,0.006726868,0.002598467,0.1017755,0.001317529,0,0,0,0,1,1,1,0,2,0,0,0,0,0,0,0,4,2,0,3
"E32HA01-02","C32","Chinese","Genuine","Happy 1 CN",30,3.625,0.2464739,0.5034731,0.000398865,0.05367111,0.006880942,0.002814913,0.1160603,0.000919641,0,0,0,0,1,1,1,0,2,0,0,0,0,0,0,0,4,1,0,3
"E32HA01-02","C32","Chinese","Genuine","Happy 1 CN",31,3.75,0.2624252,0.4731223,0.002378825,0.05830803,0.00561218,0.00363713,0.1235122,0.000935416,0,0,0,0,1,1,1,0,1,0,0,0,0,0,0,0,4,1,0,3
"E32HA01-02","C32","Chinese","Genuine","Happy 1 CN",32,3.875,0.3154122,0.3756337,0.02938448,0.07543282,0.004951499,0.00318621,0.1064595,0.000643244,0,0,0,0,1,1,1,0,1,0,0,0,0,0,0,0,4,1,0,3
"E32HA01-02","C32","Chinese","Genuine","Happy 1 CN",33,4,0.3458258,0.2741968,0.04713806,0.1169702,0.003924247,0.002725187,0.08809442,0.000442331,0,0,0,0,1,1,0,0,1,0,0,0,0,0,0,0,3,1,0,3
"E32HA01-02","C32","Chinese","Genuine","Happy 1 CN",34,4.125,0.3664749,0.2163458,0.0582942,0.1437049,0.003166099,0.002275707,0.07179044,0.000304171,0,0,0,0,1,1,0,0,1,0,0,0,0,0,0,0,3,1,0,3
"E32HA01-02","C32","Chinese","Genuine","Happy 1 CN",35,4.25,0.387845,0.1863144,0.07250047,0.1558572,0.002835674,0.002006175,0.05675542,0.000209165,0,0,0,0,1,1,0,0,1,0,0,0,0,0,0,0,3,1,0,3
"E32HA01-02","C32","Chinese","Genuine","Happy 1 CN",36,4.375,0.4093446,0.17568,0.07819167,0.1562625,0.002331367,0.001704217,0.04610702,0.000143834,0,0,0,0,1,1,0,0,1,0,0,0,0,0,0,0,2,1,0,3
"E32HA02-03","C32","Chinese","Genuine","Happy 2 CN",1,0,0.4306518,0.00305642,0.05464522,0.3190633,0.008992141,0.009083174,0.007316315,0,0,0,0,0,0,1,0,0,0,0,0,0,0,0,0,0,0,0,0,1
"E32HA02-03","C32","Chinese","Genuine","Happy 2 CN",2,0.125,0.4787875,0.002975348,0.0613128,0.2679424,0.009014655,0.008907959,0.008226103,0,0,0,0,0,0,1,0,0,0,0,0,0,0,0,0,0,1,0,0,1
"E32HA02-03","C32","Chinese","Genuine","Happy 2 CN",3,0.25,0.4786813,0.004542473,0.06775168,0.2354211,0.009872283,0.007662078,0.007177196,0.000636833,0,0,0,0,0,1,0,0,0,0,0,0,0,0,0,0,0,0,0,1
"E32HA02-03","C32","Chinese","Genuine","Happy 2 CN",4,0.375,0.5001044,0.01604624,0.07417854,0.1927251,0.0089161,0.007357492,0.008958556,0.002595311,0,0,0,0,0,1,0,0,0,0,0,0,0,0,0,0,0,0,0,2
"E32HA02-03","C32","Chinese","Genuine","Happy 2 CN",5,0.5,0.4981533,0.02714102,0.09059231,0.1601031,0.007572829,0.007162286,0.01108607,0.001784681,0,0,0,0,0,1,0,0,0,0,0,0,0,0,0,0,0,0,0,2
"E32HA02-03","C32","Chinese","Genuine","Happy 2 CN",6,0.625,0.4742339,0.07591535,0.09552951,0.1388922,0.006017091,0.005950634,0.01829106,0.001227247,0,0,0,0,0,1,0,0,0,0,0,0,0,0,0,0,0,0,0,2
"E32HA02-03","C32","Chinese","Genuine","Happy 2 CN",7,0.75,0.4625889,0.09650259,0.08799852,0.1206952,0.004334188,0.004820499,0.02998077,0.000843924,0,0,0,0,1,1,0,0,0,0,0,0,0,0,0,0,0,0,0,2
"E32HA02-03","C32","Chinese","Genuine","Happy 2 CN",8,0.875,0.4574906,0.09789542,0.08019644,0.1196369,0.003231,0.004182009,0.04540942,0.000580329,0,0,0,0,1,1,0,0,1,0,0,0,0,0,0,0,0,0,0,2
"E32HA02-03","C32","Chinese","Genuine","Happy 2 CN",9,1,0.4499601,0.1171123,0.07556611,0.1032755,0.00280046,0.003921564,0.05208118,0.000399067,0,0,0,0,1,1,0,0,1,0,0,0,0,0,0,0,0,0,0,3
"E32HA02-03","C32","Chinese","Genuine","Happy 2 CN",10,1.125,0.4305577,0.1558683,0.06954977,0.08714062,0.002385759,0.003980545,0.06844459,0.000274421,0,0,0,0,1,1,0,0,1,0,0,0,0,0,0,0,0,0,0,3
"E32HA02-03","C32","Chinese","Genuine","Happy 2 CN",11,1.25,0.40333,0.2169473,0.06525622,0.07055844,0.001991139,0.003308894,0.07694983,0.000188707,0,0,0,0,1,1,0,0,1,0,0,0,0,0,0,0,0,0,0,3
"E32HA02-03","C32","Chinese","Genuine","Happy 2 CN",12,1.375,0.3960657,0.2298225,0.05982485,0.06567002,0.001997381,0.003173983,0.07472707,0.000129766,0,0,0,0,1,1,1,0,1,0,0,0,0,0,0,0,0,0,0,3
"E32HA02-03","C32","Chinese","Genuine","Happy 2 CN",13,1.5,0.3919252,0.2383575,0.05318783,0.05727738,0.001817038,0.003191602,0.0765773,0.000478845,0,0,0,0,1,1,1,0,1,0,0,0,0,0,0,0,0,0,0,3
"E32HA02-03","C32","Chinese","Genuine","Happy 2 CN",14,1.625,0.3901439,0.2400093,0.05403807,0.05219353,0.001971847,0.003549364,0.07570968,0.00032928,0,0,0,0,1,2,1,0,1,0,0,0,0,0,0,0,0,0,0,3
"E32HA02-03","C32","Chinese","Genuine","Happy 2 CN",15,1.75,0.3823496,0.2593636,0.05126948,0.04349075,0.001896466,0.00345778,0.08025095,0.001089454,0,0,0,0,2,2,1,0,1,0,0,0,0,0,0,0,0,0,0,3
"E32HA02-03","C32","Chinese","Genuine","Happy 2 CN",16,1.875,0.370665,0.2822114,0.04582905,0.04092593,0.001822494,0.00344817,0.082047,0.001305974,0,0,0,0,2,2,1,0,1,0,0,0,0,0,0,0,0,0,0,2
"E32HA02-03","C32","Chinese","Genuine","Happy 2 CN",17,2,0.3487736,0.3277615,0.04279955,0.03796943,0.00186399,0.002814052,0.08048873,0.002273274,0,0,0,0,2,2,1,0,1,0,0,0,0,0,0,0,0,0,0,2
"E32HA02-03","C32","Chinese","Genuine","Happy 2 CN",18,2.125,0.335393,0.3528644,0.04189501,0.0333094,0.00181212,0.002287167,0.09169781,0.002053887,0,0,0,0,2,2,1,0,1,0,0,0,0,0,0,0,0,0,0,2
"E32HA02-03","C32","Chinese","Genuine","Happy 2 CN",19,2.25,0.3331759,0.351873,0.03389167,0.03253314,0.001515154,0.00193494,0.1204217,0.001975034,0,0,0,0,2,2,1,0,1,0,0,0,0,0,0,0,0,0,0,2
"E32HA02-03","C32","Chinese","Genuine","Happy 2 CN",20,2.375,0.3491331,0.3168367,0.03101411,0.0284437,0.001463675,0.002229699,0.1569231,0.002155525,0,0,0,0,2,2,1,0,1,0,0,0,0,0,0,0,1,0,0,3
"E32HA02-03","C32","Chinese","Genuine","Happy 2 CN",21,2.5,0.3586463,0.2823402,0.02832036,0.0266888,0.001400708,0.002766482,0.1850719,0.002127596,0,0,1,0,2,2,1,0,1,0,0,0,0,0,0,0,1,0,0,3
"E32HA02-03","C32","Chinese","Genuine","Happy 2 CN",22,2.625,0.3540097,0.267102,0.02306741,0.02628536,0.001414971,0.002853963,0.2255392,0.002024445,0,0,1,0,2,2,1,0,1,0,0,0,0,0,0,0,1,0,0,3
"E32HA02-03","C32","Chinese","Genuine","Happy 2 CN",23,2.75,0.328316,0.2634115,0.01839624,0.02529472,0.001386899,0.003071279,0.2984956,0.001790349,0,0,1,0,2,2,1,0,1,0,0,0,0,0,0,0,1,0,0,3
"E32HA02-03","C32","Chinese","Genuine","Happy 2 CN",24,2.875,0.3269615,0.251133,0.01570033,0.02564945,0.001114411,0.003427288,0.3158937,0.001231145,0,0,1,0,2,2,1,0,1,0,0,0,0,0,0,0,1,0,0,3
"E32HA02-03","C32","Chinese","Genuine","Happy 2 CN",25,3,0.3286456,0.2544829,0.01428148,0.02565369,0.000863832,0.003390231,0.3230203,0.000976347,0,0,1,0,2,2,1,0,1,0,0,0,0,0,0,0,1,0,0,3
"E32HA02-03","C32","Chinese","Genuine","Happy 2 CN",26,3.125,0.3186193,0.3021737,0.009938941,0.02365415,0.001118672,0.002893585,0.2621731,0.000671391,0,0,1,0,2,2,1,0,1,0,0,0,0,0,0,0,2,0,0,3
"E32HA02-03","C32","Chinese","Genuine","Happy 2 CN",27,3.25,0.2959352,0.3664747,0.006897409,0.0188482,0.001597107,0.002359378,0.2204875,0.000824065,0,0,1,0,2,2,1,0,1,0,0,0,0,0,0,0,3,0,0,3
"E32HA02-03","C32","Chinese","Genuine","Happy 2 CN",28,3.375,0.2904108,0.3905378,0.004800377,0.01507105,0.002372322,0.002101802,0.1972595,0.001079517,0,0,1,0,2,2,1,0,1,0,0,0,0,0,0,0,3,1,0,3
"E32HA02-03","C32","Chinese","Genuine","Happy 2 CN",29,3.5,0.2830613,0.4141878,0.003329024,0.0166865,0.004077295,0.002054502,0.1756802,0.001241543,0,0,1,0,2,2,1,0,1,0,0,0,0,0,0,0,3,1,0,3
"E32HA02-03","C32","Chinese","Genuine","Happy 2 CN",30,3.625,0.2733233,0.4398178,0.002309961,0.01676599,0.005106205,0.002004346,0.1588403,0.001289593,0,0,1,0,2,2,1,0,1,0,0,0,0,0,0,0,4,1,0,3
"E32HA02-03","C32","Chinese","Genuine","Happy 2 CN",31,3.75,0.2673583,0.4559809,0.001609529,0.01722861,0.005304474,0.001975748,0.1559078,0.001283361,0,0,1,0,1,2,1,0,1,0,0,0,0,0,0,0,4,1,0,3
"E32HA02-03","C32","Chinese","Genuine","Happy 2 CN",32,3.875,0.2482469,0.4971159,0.001137657,0.01659133,0.005653551,0.001798217,0.142525,0.00145451,0,0,1,0,1,2,1,0,1,0,0,0,0,0,0,0,4,1,0,3
"E32HA02-03","C32","Chinese","Genuine","Happy 2 CN",33,4,0.2298468,0.5359358,0.000864319,0.01692911,0.006253198,0.00169502,0.1361347,0.001412145,0,0,1,0,1,2,1,0,1,0,0,0,0,0,0,0,4,1,0,2
"E32HA02-03","C32","Chinese","Genuine","Happy 2 CN",34,4.125,0.2242593,0.5484877,0.000641851,0.01731206,0.006408539,0.001874369,0.1368099,0.001355399,0,0,1,0,1,2,1,0,1,0,0,0,0,0,0,0,4,1,0,2
"E32HA02-03","C32","Chinese","Genuine","Happy 2 CN",35,4.25,0.2217849,0.5544376,0.000473983,0.01752088,0.009696703,0.001726569,0.1366904,0.001456213,0,0,1,0,1,2,1,0,1,0,0,0,0,0,0,0,4,1,0,3
"E32HA02-03","C32","Chinese","Genuine","Happy 2 CN",36,4.375,0.2258502,0.5469443,0.000375638,0.02054933,0.01111172,0.001631982,0.145042,0.001443831,0,0,1,0,1,2,1,0,1,0,0,0,0,0,0,0,4,1,0,3
"E32HA02-03","C32","Chinese","Genuine","Happy 2 CN",37,4.5,0.2467615,0.5055889,0.000396426,0.03674417,0.009845744,0.002151177,0.14528,0.001190321,0,0,1,0,1,2,1,0,1,0,0,0,0,0,0,0,4,1,0,3
"E32HA02-03","C32","Chinese","Genuine","Happy 2 CN",38,4.625,0.2651339,0.4691651,0.00038696,0.04730684,0.008320618,0.002739615,0.1486155,0.001017214,0,0,0,0,1,2,1,0,1,0,0,0,0,0,0,0,4,1,0,3
"E32HA02-03","C32","Chinese","Genuine","Happy 2 CN",39,4.75,0.2661016,0.4674859,0.000459647,0.06298016,0.006941929,0.003331466,0.1436644,0.000883924,0,0,0,0,1,2,1,0,1,0,0,0,0,0,0,0,4,1,0,3
"E32HA02-03","C32","Chinese","Genuine","Happy 2 CN",40,4.875,0.2699987,0.4599251,0.000583114,0.08898246,0.005893321,0.003673431,0.1365608,0.00088017,0,0,0,0,1,2,1,0,1,0,0,0,0,0,0,0,4,1,0,3
"E32HA02-03","C32","Chinese","Genuine","Happy 2 CN",41,5,0.2761781,0.4476629,0.00051709,0.07442002,0.006938807,0.003663192,0.1255915,0.001047161,0,0,0,0,1,2,1,0,1,0,0,0,0,0,0,0,4,1,0,3
"E32HA02-03","C32","Chinese","Genuine","Happy 2 CN",42,5.125,0.2839946,0.4320694,0.000440205,0.06886668,0.009162238,0.003884627,0.118736,0.00110276,0,0,0,0,1,2,1,0,1,0,0,0,0,0,0,0,4,1,0,2
"E32HA02-03","C32","Chinese","Genuine","Happy 2 CN",43,5.25,0.2886854,0.4227006,0.000378765,0.06982394,0.00902745,0.00396606,0.112735,0.001072698,0,0,0,0,1,2,1,0,1,0,0,0,0,0,0,0,4,1,0,2
"E32HA02-03","C32","Chinese","Genuine","Happy 2 CN",44,5.375,0.2678179,0.4644838,0.000501514,0.07354596,0.009659919,0.0039278,0.1018388,0.00110982,0,0,0,0,1,2,0,0,1,0,0,0,0,0,0,0,4,1,0,2
"E32HA02-03","C32","Chinese","Genuine","Happy 2 CN",45,5.5,0.2282152,0.543673,0.000412968,0.06675576,0.00931421,0.003523216,0.0847586,0.001343561,0,0,0,0,1,2,0,0,1,0,0,0,0,0,0,0,4,1,0,2
"E32HA02-03","C32","Chinese","Genuine","Happy 2 CN",46,5.625,0.2043308,0.5914278,0.000325048,0.05791835,0.009308633,0.002777784,0.07489099,0.001514068,0,0,0,0,1,2,0,0,1,0,0,0,0,0,0,0,4,1,0,2
"E32HA02-03","C32","Chinese","Genuine","Happy 2 CN",47,5.75,0.1711858,0.6576946,0.000237472,0.04582799,0.008208741,0.002195697,0.06132181,0.001317517,0,0,0,0,1,2,0,0,1,0,0,0,0,0,0,0,4,1,0,2
"E32HA02-03","C32","Chinese","Genuine","Happy 2 CN",48,5.875,0.1385883,0.7228702,0.000172824,0.03662243,0.007678214,0.001702907,0.04763785,0.001139737,0,0,0,0,1,2,0,0,1,0,0,0,0,0,0,0,5,1,0,2
"E32HA02-03","C32","Chinese","Genuine","Happy 2 CN",49,6,0.1178228,0.7643881,0.000128934,0.03035422,0.007132892,0.001324367,0.03796388,0.001150515,0,0,0,0,1,2,0,0,1,0,0,0,0,0,0,0,5,1,0,2
"E32HA02-03","C32","Chinese","Genuine","Happy 2 CN",50,6.125,0.1046535,0.790717,0.000103954,0.02737547,0.006232972,0.001141679,0.03199238,0.001097131,0,0,0,0,1,2,0,0,2,0,0,0,0,0,0,0,5,1,0,2
"E32HA02-03","C32","Chinese","Genuine","Happy 2 CN",51,6.25,0.09907319,0.8018715,8.7736e-05,0.02214286,0.005787653,0.00094132,0.02949308,0.001083608,0,0,0,0,1,2,0,0,2,0,0,0,0,0,0,0,5,1,0,2
"E32HA02-03","C32","Chinese","Genuine","Happy 2 CN",52,6.375,0.0964912,0.8070316,8.3974e-05,0.01964515,0.005646161,0.000828495,0.02867508,0.001048123,0,0,0,0,1,2,0,0,2,0,0,0,0,0,0,0,5,1,0,2
"E32HA02-03","C32","Chinese","Genuine","Happy 2 CN",53,6.5,0.08795805,0.8240954,7.3218e-05,0.01763922,0.005985929,0.000702204,0.02556649,0.001204577,0,0,0,0,1,2,0,0,2,0,0,0,0,0,0,0,5,1,0,2
"E32HA02-03","C32","Chinese","Genuine","Happy 2 CN",54,6.625,0.08772929,0.8245506,6.2041e-05,0.01561017,0.005566372,0.000595373,0.02520967,0.001304675,0,0,0,0,1,2,1,0,2,0,0,0,0,0,0,0,5,1,0,2
"E32HA02-03","C32","Chinese","Genuine","Happy 2 CN",55,6.75,0.08694089,0.826126,5.344e-05,0.0181934,0.006582228,0.000641691,0.02566348,0.001174884,0,0,0,0,1,2,1,0,2,0,0,0,0,0,0,0,5,1,0,2
"E32HA02-03","C32","Chinese","Genuine","Happy 2 CN",56,6.875,0.09200627,0.8159957,6.0817e-05,0.02052781,0.006789811,0.000647541,0.02916382,0.00104811,0,0,0,0,1,2,1,0,2,0,0,0,0,0,0,0,5,1,0,3
"E32HA02-03","C32","Chinese","Genuine","Happy 2 CN",57,7,0.09143193,0.8171703,0.000112971,0.02219091,0.007453636,0.000600281,0.05551849,0.000881548,0,0,0,0,2,2,1,0,2,0,0,0,0,0,0,0,5,2,0,3
"E32HA02-03","C32","Chinese","Genuine","Happy 2 CN",58,7.125,0.09507826,0.8099879,0.000274193,0.01979033,0.007256174,0.000556532,0.07284775,0.000988974,0,0,0,0,1,2,1,0,2,0,0,0,0,0,0,0,5,2,0,3
"E32HA02-03","C32","Chinese","Genuine","Happy 2 CN",59,7.25,0.09854381,0.8031616,0.000610228,0.02144049,0.006536811,0.000503037,0.08225901,0.001058272,0,0,0,0,1,2,1,0,2,0,0,0,0,0,0,0,4,2,0,3
"E32HA02-03","C32","Chinese","Genuine","Happy 2 CN",60,7.375,0.1113091,0.7777488,0.001296291,0.02219451,0.005537909,0.000633401,0.09073575,0.001047364,0,0,0,0,1,2,1,0,2,0,0,0,0,0,0,0,4,1,0,4
"E32HA02-03","C32","Chinese","Genuine","Happy 2 CN",61,7.5,0.1121389,0.7760548,0.002377513,0.02193833,0.004574023,0.000843768,0.08500267,0.001031113,0,0,0,0,1,1,0,0,2,0,0,0,0,0,0,0,4,1,0,4
"E32HA02-03","C32","Chinese","Genuine","Happy 2 CN",62,7.625,0.1282873,0.7438287,0.003872316,0.027062,0.003748947,0.000855317,0.08669342,0.000819038,0,0,0,0,1,1,0,0,2,0,0,0,0,0,0,0,4,1,0,4
"E32HA02-03","C32","Chinese","Genuine","Happy 2 CN",63,7.75,0.1262678,0.7479372,0.003798126,0.0279789,0.003034133,0.001079953,0.08551836,0.000701836,0,0,0,0,1,1,0,0,2,0,0,0,0,0,0,0,4,1,0,4
"E32HA02-03","C32","Chinese","Genuine","Happy 2 CN",64,7.875,0.12145,0.757531,0.003196151,0.02730769,0.002536822,0.001183228,0.07780771,0.001275749,0,0,0,0,1,1,0,0,2,0,0,0,0,0,0,0,4,1,0,4
"E32HA02-03","C32","Chinese","Genuine","Happy 2 CN",65,8,0.1246456,0.7520888,0.003178368,0.02737721,0.00232816,0.001183351,0.07683508,0.001224477,0,0,0,0,1,1,0,0,2,0,0,0,0,0,0,0,4,1,0,4
"E32HA02-03","C32","Chinese","Genuine","Happy 2 CN",66,8.125,0.1614814,0.67807,0.00252667,0.05147364,0.002164518,0.001643728,0.08073542,0.001095442,0,0,1,0,1,1,0,0,2,0,0,0,0,0,0,0,4,1,0,4
"E32HA02-03","C32","Chinese","Genuine","Happy 2 CN",67,8.25,0.245163,0.4884344,0.01171217,0.08010622,0.001987754,0.007734048,0.1010031,0.000902122,0,0,1,0,1,1,1,0,2,0,0,0,0,0,0,0,4,1,0,4
"E32HA02-03","C32","Chinese","Genuine","Happy 2 CN",68,8.375,0.2972722,0.3577792,0.03156993,0.07990884,0.001586717,0.007354385,0.1270495,0.000620349,0,0,1,0,1,1,1,0,1,0,0,0,0,0,0,0,3,1,0,4
"E32HA02-03","C32","Chinese","Genuine","Happy 2 CN",69,8.5,0.3340161,0.2806895,0.04542432,0.07045621,0.001252335,0.006574825,0.1442399,0.000426587,0,0,1,0,1,1,1,0,1,0,0,0,0,0,0,0,3,1,0,4
"E32HA02-03","C32","Chinese","Genuine","Happy 2 CN",70,8.625,0.3614442,0.2270258,0.05141483,0.06178693,0.001237856,0.006133089,0.1522287,0.002229665,0,0,1,0,1,1,1,0,1,0,0,0,0,0,0,0,3,1,0,4
"E32HA02-03","C32","Chinese","Genuine","Happy 2 CN",71,8.75,0.3551489,0.2614488,0.04409891,0.06834119,0.001199565,0.005148052,0.1338894,0.001533242,0,0,1,0,1,1,1,0,1,0,0,0,0,0,0,0,3,1,0,3
"E32HA02-03","C32","Chinese","Genuine","Happy 2 CN",72,8.875,0.3419949,0.3018918,0.043533,0.06760158,0.001111464,0.004559082,0.1202276,0.001987464,0,0,1,0,1,1,1,0,1,0,0,0,0,0,0,0,2,1,0,3
"E32HA02-03","C32","Chinese","Genuine","Happy 2 CN",73,9,0.3385321,0.3247122,0.04967222,0.05361813,0.001321553,0.003944842,0.1244392,0.001535718,0,0,0,0,1,1,0,0,1,0,0,0,0,0,0,0,2,1,0,3
"E32HA02-03","C32","Chinese","Genuine","Happy 2 CN",74,9.125,0.3288516,0.3489796,0.04200628,0.04958088,0.001904016,0.00490713,0.1150734,0.001056046,0,0,0,0,1,1,0,0,1,0,0,0,0,0,0,0,2,0,0,4
"E32HA03-03","C32","Chinese","Genuine","Happy 3 CN",1,0,0.4412897,0.06278951,0.186834,0.1152283,0.005013146,0.002888417,0.007467675,0,0,0,0,0,0,0,0,0,0,0,0,0,0,0,0,0,0,0,0,5
"E32HA03-03","C32","Chinese","Genuine","Happy 3 CN",2,0.125,0.4073095,0.07268675,0.1567306,0.2115826,0.005514658,0.002817105,0.007120384,0,0,0,0,0,0,0,0,0,0,0,0,0,0,0,0,0,0,0,0,4
"E32HA03-03","C32","Chinese","Genuine","Happy 3 CN",3,0.25,0.4312526,0.07311224,0.1485097,0.2126777,0.00669903,0.003252162,0.008008076,0.000598726,0,0,0,0,0,0,0,0,0,0,0,0,0,0,0,0,0,0,0,4
"E32HA03-03","C32","Chinese","Genuine","Happy 3 CN",4,0.375,0.4420921,0.09774791,0.1308722,0.2086851,0.006172811,0.003329634,0.008417875,0.00120296,0,0,0,0,0,0,0,0,0,0,0,0,0,0,0,0,0,0,0,4
"E32HA03-03","C32","Chinese","Genuine","Happy 3 CN",5,0.5,0.4379492,0.1081277,0.110668,0.200379,0.004691781,0.003345382,0.01499653,0.001451506,0,0,0,0,0,0,0,0,1,0,0,0,0,0,0,0,0,0,0,4
"E32HA03-03","C32","Chinese","Genuine","Happy 3 CN",6,0.625,0.443672,0.1229825,0.09624863,0.1823824,0.00428079,0.003366135,0.01763009,0.001756056,0,0,0,0,0,1,0,0,1,0,0,0,0,0,0,0,0,0,0,4
"E32HA03-03","C32","Chinese","Genuine","Happy 3 CN",7,0.75,0.4258046,0.1715498,0.08400397,0.1663478,0.003357473,0.002986365,0.01680266,0.002322527,0,0,0,0,0,1,0,0,1,0,0,0,0,0,0,0,0,0,0,4
"E32HA03-03","C32","Chinese","Genuine","Happy 3 CN",8,0.875,0.4320227,0.1916616,0.07984367,0.1556453,0.002690725,0.003183381,0.01816186,0.002663865,0,0,0,0,0,1,0,0,1,0,0,0,0,0,0,0,0,0,0,4
"E32HA03-03","C32","Chinese","Genuine","Happy 3 CN",9,1,0.4312471,0.2094641,0.07189265,0.1386517,0.002664685,0.003442804,0.02509806,0.002537485,0,0,0,0,0,1,0,0,1,0,0,0,0,0,0,0,0,0,0,4
"E32HA03-03","C32","Chinese","Genuine","Happy 3 CN",10,1.125,0.4278117,0.2128056,0.07056975,0.1122012,0.00223541,0.003481492,0.02999573,0.002280958,0,0,0,0,0,1,0,0,1,0,0,0,0,0,0,0,0,0,0,4
"E32HA03-03","C32","Chinese","Genuine","Happy 3 CN",11,1.25,0.412701,0.2291715,0.06694354,0.1170947,0.002117336,0.003707663,0.0322623,0.002561571,0,0,0,0,0,1,0,0,1,0,0,0,0,0,0,0,0,0,0,4
"E32HA03-03","C32","Chinese","Genuine","Happy 3 CN",12,1.375,0.3829679,0.2776082,0.07596764,0.09601112,0.001665293,0.003294832,0.03414756,0.00176148,0,0,0,0,1,1,0,0,1,0,0,0,0,0,0,0,0,0,0,3
"E32HA03-03","C32","Chinese","Genuine","Happy 3 CN",13,1.5,0.3608606,0.3149092,0.06887923,0.08544336,0.001307415,0.00293213,0.03891889,0.002568901,0,0,0,0,1,1,0,0,1,0,0,0,0,0,0,0,0,0,0,3
"E32HA03-03","C32","Chinese","Genuine","Happy 3 CN",14,1.625,0.3597338,0.3100858,0.06009837,0.08436294,0.001130255,0.002855439,0.04489934,0.002494621,0,0,0,0,1,1,1,0,1,0,0,0,0,0,0,0,0,0,0,3
"E32HA03-03","C32","Chinese","Genuine","Happy 3 CN",15,1.75,0.3796889,0.2701136,0.05778555,0.08565585,0.001183506,0.003469639,0.05177201,0.001809296,0,0,0,0,1,1,1,0,1,0,0,0,0,0,0,0,0,0,0,3
"E32HA03-03","C32","Chinese","Genuine","Happy 3 CN",16,1.875,0.3654489,0.2956589,0.05423607,0.08775054,0.001053596,0.003276969,0.04754382,0.001620568,0,0,0,0,1,1,1,0,1,0,0,0,0,0,0,0,0,0,0,3
"E32HA03-03","C32","Chinese","Genuine","Happy 3 CN",17,2,0.3608815,0.3052979,0.05117238,0.08319657,0.000923688,0.003268133,0.05027589,0.001205238,0,0,0,0,1,1,1,0,1,0,0,0,0,0,0,0,0,0,0,3
"E32HA03-03","C32","Chinese","Genuine","Happy 3 CN",18,2.125,0.3763615,0.2766126,0.04919332,0.08381328,0.000940726,0.002934434,0.05472888,0.001624645,0,0,0,0,1,1,1,0,1,0,0,0,0,0,0,0,0,0,0,3
"E32HA03-03","C32","Chinese","Genuine","Happy 3 CN",19,2.25,0.3711045,0.2863863,0.04762431,0.07870517,0.000873568,0.002860806,0.05359462,0.001848484,0,0,0,0,1,1,1,0,1,0,0,0,0,0,0,0,0,0,0,3
"E32HA03-03","C32","Chinese","Genuine","Happy 3 CN",20,2.375,0.379295,0.2711025,0.04345939,0.08934052,0.000851722,0.002871051,0.05227972,0.001947036,0,0,0,0,1,1,1,0,1,0,0,0,0,0,0,0,0,0,0,3
"E32HA03-03","C32","Chinese","Genuine","Happy 3 CN",21,2.5,0.3941194,0.2304792,0.04199943,0.1120186,0.00077906,0.003074516,0.05561033,0.001792945,0,0,0,0,1,1,1,0,1,0,0,0,0,0,0,0,0,0,0,3
"E32HA03-03","C32","Chinese","Genuine","Happy 3 CN",22,2.625,0.4121886,0.1969654,0.04270521,0.1197345,0.000912022,0.003719507,0.05470227,0.00123293,0,0,0,0,1,1,1,0,1,0,0,0,0,0,0,0,0,0,0,3
"E32HA03-03","C32","Chinese","Genuine","Happy 3 CN",23,2.75,0.4202384,0.1687153,0.0425899,0.134941,0.000878976,0.003767922,0.04892176,0.000847832,0,0,0,0,1,1,1,0,1,0,0,0,0,0,0,0,0,0,0,3
"E32HA03-03","C32","Chinese","Genuine","Happy 3 CN",24,2.875,0.421033,0.1374074,0.04650001,0.1519946,0.001071641,0.00393907,0.04846943,0.00132165,0,0,0,0,0,1,1,0,1,0,0,0,0,0,0,0,0,0,0,3
"E32HA03-03","C32","Chinese","Genuine","Happy 3 CN",25,3,0.4186456,0.1303924,0.04426592,0.1697583,0.00105263,0.004018415,0.04676499,0.001726825,0,0,0,0,1,1,1,0,1,0,0,0,0,0,0,0,0,0,0,3
"E32HA03-03","C32","Chinese","Genuine","Happy 3 CN",26,3.125,0.4269736,0.111159,0.04044548,0.1725261,0.000986213,0.003853838,0.04284814,0.001662119,0,0,0,0,0,1,1,0,1,0,0,0,0,0,0,0,0,0,0,3
"E32HA03-03","C32","Chinese","Genuine","Happy 3 CN",27,3.25,0.4319944,0.09377977,0.0444682,0.1802285,0.00092073,0.004173326,0.0378934,0.001142966,0,0,0,0,0,1,1,0,1,0,0,0,0,0,0,0,0,0,0,3
"E32HA03-03","C32","Chinese","Genuine","Happy 3 CN",28,3.375,0.420794,0.07336504,0.0513349,0.2069328,0.00098359,0.00496431,0.03307129,0.001335831,0,0,0,0,0,1,0,0,1,0,0,0,0,0,0,0,0,0,0,3
"E32HA03-03","C32","Chinese","Genuine","Happy 3 CN",29,3.5,0.4173262,0.06059575,0.0516734,0.2248771,0.001042407,0.005403614,0.0304159,0.00158915,0,0,0,0,0,1,0,0,0,0,0,0,0,0,0,0,0,0,0,3
"E32HA03-03","C32","Chinese","Genuine","Happy 3 CN",30,3.625,0.4199936,0.05025671,0.06002991,0.2188626,0.001393532,0.006840057,0.03572858,0.001971317,0,0,0,0,0,1,0,0,0,0,0,0,0,0,0,0,0,0,0,3
"E32HA03-03","C32","Chinese","Genuine","Happy 3 CN",31,3.75,0.4108954,0.04365027,0.05846988,0.2389509,0.001317973,0.006303397,0.03260299,0.001496626,0,0,0,0,0,1,0,0,0,0,0,0,0,0,0,0,0,0,0,3
"E32HA03-03","C32","Chinese","Genuine","Happy 3 CN",32,3.875,0.4044903,0.03668371,0.05928877,0.2502446,0.001497855,0.006755027,0.03670991,0.001700945,0,0,0,0,0,1,0,0,0,0,0,0,0,0,0,0,0,0,0,3
"E32HA03-03","C32","Chinese","Genuine","Happy 3 CN",33,4,0.4011495,0.03126755,0.06188256,0.2615079,0.001631253,0.006846877,0.03753198,0.00184648,0,0,0,0,0,1,0,0,0,0,0,0,0,0,0,0,0,0,0,3
"E32HA03-03","C32","Chinese","Genuine","Happy 3 CN",34,4.125,0.422529,0.02861097,0.0707136,0.2439326,0.001722495,0.007608678,0.0355579,0.001787662,0,0,0,0,0,1,0,0,0,0,0,0,0,0,0,0,0,0,0,3
"E32HA03-03","C32","Chinese","Genuine","Happy 3 CN",35,4.25,0.4465365,0.02705067,0.07044121,0.233603,0.001643076,0.006758016,0.02894264,0.001229296,0,0,0,0,0,1,0,0,0,0,0,0,0,0,0,0,0,0,0,3
"E32HA03-03","C32","Chinese","Genuine","Happy 3 CN",36,4.375,0.411687,0.02990082,0.1705337,0.1629935,0.008191813,0.008368413,0.03271244,0.001124919,0,0,0,0,0,1,0,0,0,0,0,0,0,0,0,0,0,0,0,3
"E32HA04-01","C32","Chinese","Genuine","Happy 4 CN",1,0,0.3745647,0.000873404,0.1695487,0.4261375,0.002866902,0.006246586,0.00427979,0,0,0,0,0,0,0,0,0,0,0,0,0,0,0,0,0,0,0,0,2
"E32HA04-01","C32","Chinese","Genuine","Happy 4 CN",2,0.125,0.3878542,0.000654539,0.1670107,0.3826763,0.00241127,0.005382898,0.008874167,9.2096e-05,0,0,0,0,0,0,0,0,0,0,0,0,0,0,0,0,0,0,0,2
"E32HA04-01","C32","Chinese","Genuine","Happy 4 CN",3,0.25,0.4318582,0.000769151,0.1615466,0.3156242,0.002033285,0.004614048,0.01050751,6.333e-05,0,0,0,0,0,0,0,0,0,0,0,0,0,0,0,0,0,0,0,2
"E32HA04-01","C32","Chinese","Genuine","Happy 4 CN",4,0.375,0.4516935,0.004976645,0.1576518,0.2621725,0.001567313,0.003632836,0.01341118,0.001348709,0,0,0,0,0,0,0,0,0,0,0,0,0,0,0,0,0,0,0,2
"E32HA04-01","C32","Chinese","Genuine","Happy 4 CN",5,0.5,0.4526138,0.01086633,0.1541394,0.2256358,0.001237453,0.00315411,0.02518061,0.000927448,0,0,0,0,0,0,0,0,0,0,0,0,0,0,0,0,0,0,0,2
"E32HA04-01","C32","Chinese","Genuine","Happy 4 CN",6,0.625,0.449494,0.01439415,0.1402747,0.2056054,0.000930847,0.002579333,0.03311583,0.000637765,0,0,0,0,0,0,0,0,0,0,0,0,0,0,0,0,0,0,0,3
"E32HA04-01","C32","Chinese","Genuine","Happy 4 CN",7,0.75,0.4465826,0.0168964,0.1553424,0.1742493,0.000742519,0.002265744,0.0397428,0.000438563,0,0,0,0,0,0,0,0,0,0,0,0,0,0,0,0,0,0,0,3
"E32HA04-01","C32","Chinese","Genuine","Happy 4 CN",8,0.875,0.4488593,0.01950599,0.1526253,0.1576592,0.000641181,0.001871155,0.04097532,0.000301581,0,0,0,0,0,0,0,0,0,0,0,0,0,0,0,0,0,0,0,3
"E32HA04-01","C32","Chinese","Genuine","Happy 4 CN",9,1,0.4548257,0.02839423,0.1389387,0.1469429,0.000641814,0.00170358,0.04753611,0.000567281,0,0,0,0,0,0,0,0,0,0,0,0,0,0,0,0,0,0,0,3
"E32HA04-01","C32","Chinese","Genuine","Happy 4 CN",10,1.125,0.4478338,0.03273813,0.1212299,0.1707271,0.00069345,0.001627961,0.03624185,0.000390094,0,0,0,0,0,0,0,0,1,0,0,0,0,0,0,0,0,0,0,3
"E32HA04-01","C32","Chinese","Genuine","Happy 4 CN",11,1.25,0.4469051,0.03484851,0.108261,0.1718003,0.000657204,0.001494008,0.03407945,0.000268251,0,0,0,0,0,0,0,0,1,0,0,0,0,0,0,0,0,0,0,3
"E32HA04-01","C32","Chinese","Genuine","Happy 4 CN",12,1.375,0.4476753,0.04201511,0.09450823,0.1664497,0.00071451,0.001306647,0.03412878,0.001421271,0,0,0,0,0,0,0,0,1,0,0,0,0,0,0,0,0,0,0,3
"E32HA04-01","C32","Chinese","Genuine","Happy 4 CN",13,1.5,0.4424222,0.05078124,0.09340523,0.1664113,0.000705035,0.001419417,0.03242392,0.000977346,0,0,0,0,0,0,0,0,1,0,0,0,0,0,0,0,0,0,0,3
"E32HA04-01","C32","Chinese","Genuine","Happy 4 CN",14,1.625,0.4399264,0.05400834,0.1027129,0.1541581,0.000687347,0.001859303,0.06459004,0.001334641,0,0,0,0,0,0,0,0,1,0,0,0,0,0,0,0,0,0,0,3
"E32HA04-01","C32","Chinese","Genuine","Happy 4 CN",15,1.75,0.4338926,0.0613693,0.09858529,0.1360749,0.000629796,0.001883205,0.09512641,0.000917774,0,0,0,0,0,0,0,0,1,0,0,0,0,0,0,0,0,0,0,3
"E32HA04-01","C32","Chinese","Genuine","Happy 4 CN",16,1.875,0.4254461,0.1006685,0.08140742,0.1285147,0.00058444,0.002396581,0.1026666,0.001218661,0,0,0,0,0,0,0,0,1,0,0,0,0,0,0,0,0,0,0,3
"E32HA04-01","C32","Chinese","Genuine","Happy 4 CN",17,2,0.4170891,0.1330634,0.07371949,0.1126068,0.000555384,0.002327304,0.1168341,0.00083802,0,0,0,0,1,0,0,0,1,0,0,0,0,0,0,0,0,0,0,4
"E32HA04-01","C32","Chinese","Genuine","Happy 4 CN",18,2.125,0.3875795,0.2028287,0.07510293,0.09884341,0.000619305,0.00206779,0.1217134,0.000948222,0,0,0,0,1,0,0,0,1,0,0,0,0,0,0,0,0,0,0,4
"E32HA04-01","C32","Chinese","Genuine","Happy 4 CN",19,2.25,0.3907971,0.2036291,0.08584277,0.1006457,0.000622148,0.002043485,0.1244713,0.00065205,0,0,0,0,1,0,0,0,1,0,0,0,0,0,0,0,0,0,0,4
"E32HA04-01","C32","Chinese","Genuine","Happy 4 CN",20,2.375,0.3920677,0.2059216,0.0955786,0.1022774,0.000527652,0.001983283,0.1352799,0.000448386,0,0,0,0,1,0,0,0,1,0,0,0,0,0,0,0,0,0,0,4
"E32HA04-01","C32","Chinese","Genuine","Happy 4 CN",21,2.5,0.3811325,0.2310612,0.088034,0.09084316,0.000479375,0.001948862,0.163164,0.001116699,0,0,0,0,1,0,0,0,1,0,0,0,0,0,0,0,0,0,0,4
"E32HA04-01","C32","Chinese","Genuine","Happy 4 CN",22,2.625,0.3563656,0.283011,0.07639253,0.08173941,0.000462349,0.00194339,0.1569027,0.000767905,0,0,0,0,1,0,0,0,1,0,0,0,0,0,0,0,0,0,0,4
"E32HA04-01","C32","Chinese","Genuine","Happy 4 CN",23,2.75,0.343794,0.3096508,0.07165565,0.06791194,0.000415825,0.001862578,0.1753859,0.001712982,0,0,0,0,1,0,0,0,1,0,0,0,0,0,0,0,0,0,0,4
"E32HA04-01","C32","Chinese","Genuine","Happy 4 CN",24,2.875,0.3352069,0.3277949,0.05944188,0.05939213,0.000344091,0.001602109,0.2009939,0.001591493,0,0,0,0,1,0,0,0,1,0,0,0,0,0,0,0,1,0,0,4
"E32HA04-01","C32","Chinese","Genuine","Happy 4 CN",25,3,0.3090277,0.3807709,0.04427319,0.04843474,0.000483952,0.001649429,0.1913661,0.003884992,0,0,0,0,1,0,0,0,1,0,0,0,0,0,0,0,1,0,0,4
"E32HA04-01","C32","Chinese","Genuine","Happy 4 CN",26,3.125,0.2815723,0.4367303,0.03506917,0.03713312,0.000834821,0.002022194,0.1941781,0.004088421,0,0,0,0,1,0,0,0,1,0,0,0,0,0,0,0,2,0,0,4
"E32HA04-01","C32","Chinese","Genuine","Happy 4 CN",27,3.25,0.2531019,0.4938515,0.02648764,0.03062497,0.000969898,0.003238146,0.1923451,0.004073179,0,0,0,0,1,0,0,0,1,0,0,0,0,0,0,0,3,1,0,4
"E32HA04-01","C32","Chinese","Genuine","Happy 4 CN",28,3.375,0.2209325,0.5582261,0.01908204,0.02938669,0.000938799,0.003811499,0.1885608,0.004185705,0,0,0,0,1,0,0,0,1,0,0,0,0,0,0,0,3,1,0,4
"E32HA04-01","C32","Chinese","Genuine","Happy 4 CN",29,3.5,0.204302,0.5915101,0.01395266,0.03276304,0.000920551,0.003921351,0.1831718,0.004081313,0,0,0,0,1,0,0,0,1,0,0,0,0,0,0,0,3,1,0,4
"E32HA04-01","C32","Chinese","Genuine","Happy 4 CN",30,3.625,0.2143942,0.5714086,0.01008559,0.05308919,0.000808518,0.003660949,0.2041056,0.004130045,0,0,0,0,1,0,0,0,1,0,0,0,0,0,0,0,3,1,0,4
"E32HA04-01","C32","Chinese","Genuine","Happy 4 CN",31,3.75,0.2303492,0.539484,0.007326649,0.05846101,0.001020711,0.003984556,0.2129091,0.004237298,0,0,0,0,1,1,0,0,1,0,0,0,0,0,0,0,3,1,0,4
"E32HA04-01","C32","Chinese","Genuine","Happy 4 CN",32,3.875,0.2598595,0.4503373,0.00541291,0.08856818,0.001017091,0.00372324,0.2559527,0.003163968,0,0,0,0,1,1,0,0,1,0,0,0,0,0,0,0,4,1,0,4
"E32HA04-01","C32","Chinese","Genuine","Happy 4 CN",33,4,0.2847131,0.3381598,0.01199055,0.1330777,0.00123038,0.004683029,0.2780769,0.005437089,0,0,0,0,1,1,0,0,1,0,0,0,0,0,0,0,3,1,0,4
"E32HA04-01","C32","Chinese","Genuine","Happy 4 CN",34,4.125,0.3283235,0.2450742,0.05613663,0.1428435,0.001095842,0.004030967,0.2363909,0.004910194,0,0,0,0,1,1,0,0,1,0,0,0,0,0,0,0,3,1,0,4
"E32HA04-01","C32","Chinese","Genuine","Happy 4 CN",35,4.25,0.3538169,0.1807373,0.07564375,0.1627955,0.001002035,0.003322894,0.1900253,0.005068669,0,0,0,0,1,1,0,0,1,0,0,0,0,0,0,0,3,1,0,3
"E32HA04-01","C32","Chinese","Genuine","Happy 4 CN",36,4.375,0.3816698,0.1378996,0.09355456,0.1468077,0.000941058,0.002971814,0.1662058,0.003485501,0,0,0,0,1,1,0,0,1,0,0,0,0,0,0,0,3,1,0,3
"E32HA04-01","C32","Chinese","Genuine","Happy 4 CN",37,4.5,0.3946928,0.1141846,0.08762494,0.1580779,0.000971417,0.002634297,0.1296,0.002587616,0,0,0,0,1,1,0,0,1,0,0,0,0,0,0,0,2,1,0,3
"E32HA04-01","C32","Chinese","Genuine","Happy 4 CN",38,4.625,0.4192407,0.1054132,0.09199154,0.1400076,0.00086907,0.002389291,0.1049024,0.00177939,0,0,0,0,1,1,0,0,1,0,0,0,0,0,0,0,2,1,0,3
"E32HA04-01","C32","Chinese","Genuine","Happy 4 CN",39,4.75,0.4248018,0.08018288,0.1117693,0.1421991,0.000801359,0.002328029,0.09482095,0.00158413,0,0,0,0,1,0,0,0,1,0,0,0,0,0,0,0,1,0,0,4
"E32HA04-01","C32","Chinese","Genuine","Happy 4 CN",40,4.875,0.4213062,0.06668894,0.1237859,0.1605423,0.000696844,0.001966522,0.09475275,0.001089337,0,0,0,0,1,0,0,0,1,0,0,0,0,0,0,0,1,0,0,4
"E32HA04-01","C32","Chinese","Genuine","Happy 4 CN",41,5,0.4274849,0.05273103,0.1185572,0.164063,0.000741937,0.001957468,0.08619834,0.001175558,0,0,0,0,1,1,0,0,1,0,0,0,0,0,0,0,1,0,0,3
"E32HA04-01","C32","Chinese","Genuine","Happy 4 CN",42,5.125,0.4232422,0.04081346,0.1188914,0.1967098,0.000805122,0.001607704,0.07124006,0.001698919,0,0,0,0,1,1,0,0,1,0,0,0,0,0,0,0,1,0,0,3
"E32HA04-01","C32","Chinese","Genuine","Happy 4 CN",43,5.25,0.4241659,0.031859,0.120534,0.2108366,0.000848239,0.001398489,0.0623937,0.001810315,0,0,0,0,0,1,0,0,1,0,0,0,0,0,0,0,1,0,0,3
"E32HA04-01","C32","Chinese","Genuine","Happy 4 CN",44,5.375,0.3859652,0.02720285,0.2189339,0.1527369,0.00176402,0.002944328,0.0453677,0.001244874,0,0,0,0,0,0,0,0,1,0,0,0,0,0,0,0,0,0,0,3
"E32HA04-01","C32","Chinese","Genuine","Happy 4 CN",45,5.5,0.3849915,0.02644017,0.1928934,0.1916629,0.001677369,0.00247903,0.03392977,0.000856045,0,0,0,0,0,0,0,0,1,0,0,0,0,0,0,0,0,0,0,4
"E32HA05-02","C32","Chinese","Genuine","Happy 5 CN",1,0,0.45489,0.01410417,0.2178671,0.177873,0.004298897,0.003541677,0.00655016,0,0,0,0,0,0,0,0,0,0,0,0,0,0,0,0,0,0,0,0,4
"E32HA05-02","C32","Chinese","Genuine","Happy 5 CN",2,0.125,0.4404813,0.0135173,0.2326504,0.1756831,0.00396414,0.0035935,0.007579309,0,0,0,0,0,0,0,0,0,0,0,0,0,0,0,0,0,0,0,0,4
"E32HA05-02","C32","Chinese","Genuine","Happy 5 CN",3,0.25,0.4501554,0.01592898,0.2123351,0.171645,0.003630501,0.003106046,0.008090981,0,0,0,0,0,0,0,0,0,0,0,0,0,0,0,0,0,0,0,0,4
"E32HA05-02","C32","Chinese","Genuine","Happy 5 CN",4,0.375,0.4419079,0.02063552,0.2166285,0.1346065,0.003419061,0.002747813,0.01055584,0,0,0,0,0,0,0,0,0,0,0,0,0,0,0,0,0,0,0,0,4
"E32HA05-02","C32","Chinese","Genuine","Happy 5 CN",5,0.5,0.4358469,0.0212562,0.2264968,0.1091083,0.003450249,0.002493952,0.01074849,0,0,0,0,0,0,0,0,0,0,0,0,0,0,0,0,0,0,0,0,4
"E32HA05-02","C32","Chinese","Genuine","Happy 5 CN",6,0.625,0.4293241,0.01887225,0.2317421,0.09717375,0.003119979,0.002571904,0.01356005,0,0,0,0,0,0,0,0,0,0,0,0,0,0,0,0,0,0,0,0,4
"E32HA05-02","C32","Chinese","Genuine","Happy 5 CN",7,0.75,0.434191,0.01386787,0.2421679,0.1122282,0.002658324,0.003136981,0.01267499,0,0,0,0,0,0,0,0,0,0,0,0,0,0,0,0,0,0,0,0,4
"E32HA05-02","C32","Chinese","Genuine","Happy 5 CN",8,0.875,0.4349614,0.01087763,0.2511134,0.1318256,0.002866776,0.003707635,0.01201853,0,0,0,0,0,0,0,0,0,0,0,0,0,0,0,0,0,0,0,0,4
"E32HA05-02","C32","Chinese","Genuine","Happy 5 CN",9,1,0.4327555,0.009930872,0.2296202,0.163466,0.002728848,0.004322143,0.01492921,9.2494e-05,0,0,0,0,0,0,0,0,0,0,0,0,0,0,0,0,0,0,0,4
"E32HA05-02","C32","Chinese","Genuine","Happy 5 CN",10,1.125,0.4606027,0.009487124,0.2096333,0.1642995,0.00222605,0.003997615,0.01784188,6.3604e-05,0,0,0,0,0,0,0,0,0,0,0,0,0,0,0,0,0,0,0,3
"E32HA05-02","C32","Chinese","Genuine","Happy 5 CN",11,1.25,0.4516959,0.009385881,0.2069185,0.1884364,0.001973768,0.003902325,0.02329165,0.000828194,0,0,0,0,0,0,0,0,0,0,0,0,0,0,0,0,0,0,0,3
"E32HA05-02","C32","Chinese","Genuine","Happy 5 CN",12,1.375,0.453397,0.009348203,0.2030694,0.1870511,0.001685567,0.003495089,0.02062407,0.000569513,0,0,0,0,0,0,0,0,0,0,0,0,0,0,0,0,0,0,0,3
"E32HA05-02","C32","Chinese","Genuine","Happy 5 CN",13,1.5,0.4659248,0.01157401,0.1783278,0.1803048,0.001603195,0.003202359,0.0193984,0.000391629,0,0,0,0,0,0,0,0,0,0,0,0,0,0,0,0,0,0,0,3
"E32HA05-02","C32","Chinese","Genuine","Happy 5 CN",14,1.625,0.4718856,0.01182758,0.1829486,0.1803905,0.001595958,0.003500888,0.01660964,0.000269306,0,0,0,0,0,0,0,0,0,0,0,0,0,0,0,0,0,0,0,3
"E32HA05-02","C32","Chinese","Genuine","Happy 5 CN",15,1.75,0.4706517,0.01079048,0.2072955,0.1434382,0.001414046,0.003420718,0.01888537,0.00170807,0,0,0,0,0,0,0,0,0,0,0,0,0,0,0,0,0,0,0,3
"E32HA05-02","C32","Chinese","Genuine","Happy 5 CN",16,1.875,0.4745243,0.009693837,0.2112038,0.1373422,0.0016445,0.003651805,0.01765531,0.001286002,0,0,0,0,0,0,0,0,0,0,0,0,0,0,0,0,0,0,0,4
"E32HA05-02","C32","Chinese","Genuine","Happy 5 CN",17,2,0.508304,0.009172217,0.169735,0.159496,0.002279606,0.004552195,0.01636874,0.000884327,0,0,0,0,0,0,0,0,0,0,0,0,0,0,0,0,0,0,0,3
"E32HA05-02","C32","Chinese","Genuine","Happy 5 CN",18,2.125,0.5057396,0.007200406,0.1717168,0.182811,0.002449585,0.006424258,0.01666469,0.000933963,0,0,0,0,0,0,0,0,0,0,0,0,0,0,0,0,0,0,0,3
"E32HA05-02","C32","Chinese","Genuine","Happy 5 CN",19,2.25,0.4926646,0.006697955,0.1904456,0.1968163,0.002498682,0.007045243,0.0171367,0.001239426,0,0,0,0,0,0,0,0,0,0,0,0,0,0,0,0,0,0,0,3
"E32HA05-02","C32","Chinese","Genuine","Happy 5 CN",20,2.375,0.4572093,0.009906981,0.1827635,0.2341878,0.002925312,0.006453382,0.01709909,0.002302417,0,0,0,0,0,0,0,0,0,0,0,0,0,0,0,0,0,0,0,3
"E32HA05-02","C32","Chinese","Genuine","Happy 5 CN",21,2.5,0.4520111,0.01792747,0.1491953,0.2384048,0.004283475,0.006333745,0.017711,0.002541661,0,0,0,0,0,0,0,0,0,0,0,0,0,0,0,0,0,0,0,3
"E32HA05-02","C32","Chinese","Genuine","Happy 5 CN",22,2.625,0.4390187,0.02841612,0.1092039,0.2559294,0.008560546,0.009431457,0.02021639,0.002131799,0,0,0,0,0,0,0,0,0,0,0,0,0,0,0,0,1,0,0,3
"E32HA05-02","C32","Chinese","Genuine","Happy 5 CN",23,2.75,0.4341035,0.02224569,0.07846997,0.240877,0.01407237,0.01409923,0.02483249,0.001593583,0,0,0,0,0,0,0,0,0,0,0,0,0,0,0,0,1,1,0,3
"E32HA05-02","C32","Chinese","Genuine","Happy 5 CN",24,2.875,0.4283067,0.02074177,0.05572676,0.2279263,0.02741186,0.01955416,0.02331058,0.001158452,0,0,0,0,0,0,0,0,0,0,0,0,0,0,0,0,2,1,0,2
"E32HA05-02","C32","Chinese","Genuine","Happy 5 CN",25,3,0.4383074,0.03861241,0.0408552,0.1912809,0.05042937,0.02406588,0.02019435,0.000885441,0,0,0,0,0,0,0,0,0,0,0,0,0,0,0,0,3,1,0,2
"E32HA05-02","C32","Chinese","Genuine","Happy 5 CN",26,3.125,0.4088566,0.1303106,0.03153955,0.1467914,0.06895177,0.02256047,0.01778804,0.002413382,0,0,0,0,0,0,0,0,1,0,0,0,0,0,0,0,3,1,0,2
"E32HA05-02","C32","Chinese","Genuine","Happy 5 CN",27,3.25,0.3577448,0.2495789,0.0242157,0.1073699,0.07347434,0.01939713,0.01775357,0.003580068,1,1,0,0,0,0,0,0,1,0,0,0,0,0,0,0,3,2,0,2
"E32HA05-02","C32","Chinese","Genuine","Happy 5 CN",28,3.375,0.309675,0.3566942,0.01694457,0.08253842,0.05694322,0.01555578,0.02039405,0.002716956,0,1,0,0,0,0,0,0,2,0,0,0,0,0,0,0,3,3,0,2
"E32HA05-02","C32","Chinese","Genuine","Happy 5 CN",29,3.5,0.2549528,0.4736236,0.01168601,0.0698892,0.0411459,0.01141407,0.02260032,0.001939636,0,0,0,0,1,0,0,0,2,0,0,0,0,0,0,0,4,3,0,2
"E32HA05-02","C32","Chinese","Genuine","Happy 5 CN",30,3.625,0.1872806,0.6141129,0.008106532,0.04913649,0.02917514,0.007918132,0.02124146,0.003124859,0,0,0,0,1,1,0,0,2,0,0,0,0,0,0,0,4,3,0,2
"E32HA05-02","C32","Chinese","Genuine","Happy 5 CN",31,3.75,0.14003,0.712153,0.005712421,0.03486644,0.02043885,0.005491306,0.01996968,0.005129379,0,0,0,0,1,1,0,0,3,0,0,0,0,0,0,0,4,3,0,2
"E32HA05-02","C32","Chinese","Genuine","Happy 5 CN",32,3.875,0.1071081,0.7804302,0.004353988,0.02424341,0.01444984,0.003801512,0.02335754,0.005430937,0,0,0,0,2,1,0,0,3,0,0,0,0,0,0,0,4,2,0,3
"E32HA05-02","C32","Chinese","Genuine","Happy 5 CN",33,4,0.08933358,0.8176566,0.003498464,0.01698861,0.01013763,0.002667099,0.06414378,0.005246435,0,0,0,0,2,1,0,0,3,0,0,0,0,0,0,0,4,2,0,3
"E32HA05-02","C32","Chinese","Genuine","Happy 5 CN",34,4.125,0.07714318,0.8431885,0.002744555,0.01198853,0.007459002,0.001851139,0.06363539,0.0058012,0,0,0,0,2,1,0,0,3,0,0,0,0,0,0,0,4,2,0,3
"E32HA05-02","C32","Chinese","Genuine","Happy 5 CN",35,4.25,0.06682885,0.8646072,0.002667473,0.008740689,0.005310283,0.001292607,0.05582306,0.005094356,0,0,0,0,2,1,0,0,3,0,0,0,0,0,0,0,4,2,0,3
"E32HA05-02","C32","Chinese","Genuine","Happy 5 CN",36,4.375,0.05631729,0.8861736,0.002231675,0.006416677,0.003745791,0.000960285,0.04938199,0.004127036,0,0,0,0,2,1,0,0,3,0,0,0,0,0,0,0,4,2,0,4
"E32HA05-02","C32","Chinese","Genuine","Happy 5 CN",37,4.5,0.04959521,0.899995,0.001982225,0.00488157,0.002761209,0.000689961,0.04758154,0.003106151,0,0,0,0,3,1,0,0,3,0,0,0,0,0,0,0,4,2,0,4
"E32HA05-02","C32","Chinese","Genuine","Happy 5 CN",38,4.625,0.05328665,0.8928739,0.002110346,0.003862563,0.002209222,0.000515691,0.06668417,0.004486798,0,0,0,0,3,1,0,0,3,0,0,0,0,0,0,0,4,1,0,4
"E32HA05-02","C32","Chinese","Genuine","Happy 5 CN",39,4.75,0.05397937,0.8916649,0.001923846,0.003375042,0.002072639,0.000378227,0.07152889,0.004092498,0,0,0,0,3,1,0,0,3,0,0,0,0,0,0,0,4,1,0,4
"E32HA05-02","C32","Chinese","Genuine","Happy 5 CN",40,4.875,0.05025453,0.8992335,0.001506065,0.002933981,0.002062232,0.000279839,0.05907621,0.005060311,0,0,0,0,3,1,0,0,3,0,0,0,0,0,0,0,4,1,0,4
"E32HA05-02","C32","Chinese","Genuine","Happy 5 CN",41,5,0.05078024,0.8982645,0.001269276,0.00243862,0.001710582,0.000230163,0.05223083,0.004259937,0,0,0,0,3,1,0,0,3,0,0,0,0,0,0,0,4,1,0,4
"E32HA05-02","C32","Chinese","Genuine","Happy 5 CN",42,5.125,0.05742722,0.8850262,0.001115083,0.003203597,0.001371584,0.000230401,0.05227293,0.003970024,0,0,0,0,3,1,0,0,3,0,0,0,0,0,0,0,4,1,0,4
"E32HA05-02","C32","Chinese","Genuine","Happy 5 CN",43,5.25,0.06679732,0.8663284,0.000936024,0.00333822,0.001317999,0.000230523,0.04973116,0.004758724,0,0,0,0,3,1,0,0,3,0,0,0,0,0,0,0,4,1,0,4
"E32HA05-02","C32","Chinese","Genuine","Happy 5 CN",44,5.375,0.07426697,0.8514181,0.000779644,0.002906397,0.001263805,0.000238789,0.05384194,0.006165129,0,0,0,0,3,1,0,0,3,0,0,0,0,0,0,0,4,1,0,3
"E32HA05-02","C32","Chinese","Genuine","Happy 5 CN",45,5.5,0.06855046,0.8628696,0.000599014,0.002526829,0.001626366,0.000180342,0.06173436,0.008500597,0,0,0,0,3,1,0,0,3,0,0,0,0,0,0,0,4,1,0,4
"E32HA05-02","C32","Chinese","Genuine","Happy 5 CN",46,5.625,0.07080635,0.8583759,0.000495778,0.00263527,0.001835633,0.000147649,0.06223081,0.006622062,0,0,0,0,3,1,0,0,3,0,0,0,0,0,0,0,4,1,0,4
"E32HA05-02","C32","Chinese","Genuine","Happy 5 CN",47,5.75,0.08571877,0.8293775,0.001236087,0.00314724,0.004581091,0.000362919,0.07079719,0.005606633,0,0,0,0,2,1,0,0,3,0,0,0,0,0,0,0,4,2,0,4
"E32HA05-02","C32","Chinese","Genuine","Happy 5 CN",48,5.875,0.1400921,0.6801785,0.005815677,0.003455856,0.003448025,0.00055856,0.2029356,0.005420401,0,0,0,0,2,1,0,0,3,0,0,0,0,0,0,0,4,1,0,4
"E32HA05-02","C32","Chinese","Genuine","Happy 5 CN",49,6,0.2038244,0.5610615,0.004932859,0.005833508,0.003211998,0.000883456,0.2373428,0.004800354,0,0,0,0,2,1,0,0,3,0,0,0,0,0,0,0,4,1,0,4
"E32HA05-02","C32","Chinese","Genuine","Happy 5 CN",50,6.125,0.2121174,0.5545644,0.003769011,0.01098466,0.003006024,0.000965675,0.2297691,0.003834322,0,0,0,0,2,1,0,0,2,0,0,0,0,0,0,0,4,1,0,4
"E32HA05-02","C32","Chinese","Genuine","Happy 5 CN",51,6.25,0.2106654,0.5642374,0.002782359,0.01414351,0.002692625,0.000965649,0.2334948,0.002936929,0,0,0,0,2,1,1,0,2,0,0,0,0,0,0,0,4,1,0,4
"E32HA05-02","C32","Chinese","Genuine","Happy 5 CN",52,6.375,0.20506,0.5801122,0.00225783,0.01748218,0.002257092,0.001003293,0.2321843,0.002697204,0,0,0,0,2,1,0,0,2,0,0,0,0,0,0,0,4,1,0,4
"E32HA05-02","C32","Chinese","Genuine","Happy 5 CN",53,6.5,0.2142688,0.5650201,0.002164289,0.01923102,0.001904177,0.001030194,0.2316274,0.002537609,0,0,0,0,2,1,0,0,2,0,0,0,0,0,0,0,4,1,0,4
"E32HA05-02","C32","Chinese","Genuine","Happy 5 CN",54,6.625,0.2402909,0.5154442,0.002088085,0.03337169,0.001700894,0.001618648,0.2283082,0.002309326,0,0,0,0,2,1,0,0,2,0,0,0,0,0,0,0,4,1,0,4
"E32HA05-02","C32","Chinese","Genuine","Happy 5 CN",55,6.75,0.3019677,0.4038067,0.009960539,0.0416561,0.001618956,0.001583212,0.2016151,0.004695439,0,0,0,0,1,1,0,0,2,0,0,0,0,0,0,0,4,1,0,4
"E32HA05-02","C32","Chinese","Genuine","Happy 5 CN",56,6.875,0.356857,0.2825918,0.04494971,0.06177787,0.001563019,0.001342542,0.1578939,0.003228847,0,0,0,0,1,1,0,0,1,0,0,0,0,0,0,0,3,1,0,4
"E32HA05-02","C32","Chinese","Genuine","Happy 5 CN",57,7,0.3986142,0.1963568,0.06515088,0.07690609,0.001763557,0.001639723,0.1386693,0.002220336,0,0,0,0,1,1,0,0,1,0,0,0,0,0,0,0,3,1,0,4
"E32HA05-02","C32","Chinese","Genuine","Happy 5 CN",58,7.125,0.4337742,0.1397649,0.0820986,0.07818202,0.001756272,0.001740749,0.1237994,0.001526828,0,0,0,0,1,0,0,0,1,0,0,0,0,0,0,0,3,1,0,4
"E32HA05-02","C32","Chinese","Genuine","Happy 5 CN",59,7.25,0.4444206,0.097537,0.09145431,0.08472923,0.001505759,0.001788172,0.1048419,0.001049932,0,0,0,0,1,0,0,0,1,0,0,0,0,0,0,0,3,1,0,4
"E32HA05-02","C32","Chinese","Genuine","Happy 5 CN",60,7.375,0.4655679,0.07188562,0.09363654,0.08937956,0.001191129,0.001577687,0.08167,0.000721992,0,0,0,0,1,0,0,0,1,0,0,0,0,0,0,0,2,1,0,4
"E32HA05-02","C32","Chinese","Genuine","Happy 5 CN",61,7.5,0.4565674,0.05201818,0.08933511,0.1298246,0.001061016,0.001491609,0.06102644,0.000496482,0,0,0,0,1,0,0,0,1,0,0,0,0,0,0,0,2,1,0,4
"E32SA02-01","C32","Chinese","Fake","Sad 2 CN",1,0,0.3364508,5.129e-05,0.1032509,0.5058523,0.06449333,0.009069086,0.001339988,0.000572681,0,0,0,0,0,0,0,0,0,0,0,0,0,0,0,0,1,0,0,3
"E32SA02-01","C32","Chinese","Fake","Sad 2 CN",2,0.125,0.3932155,0.000217571,0.09509097,0.4931182,0.04945463,0.01181305,0.001398801,0.000393808,0,0,0,0,0,0,0,0,0,0,0,0,0,0,0,0,0,0,0,3
"E32SA02-01","C32","Chinese","Fake","Sad 2 CN",3,0.25,0.4560452,0.002560628,0.08008361,0.4574419,0.03808073,0.01115088,0.0014233,0.003761624,0,0,0,0,0,0,0,0,0,0,0,0,0,0,0,0,0,0,0,3
"E32SA02-01","C32","Chinese","Fake","Sad 2 CN",4,0.375,0.4792364,0.007876948,0.08049971,0.424439,0.02745621,0.009349039,0.00489492,0.00293959,0,0,0,0,0,0,0,0,0,0,0,0,0,0,0,0,0,0,0,3
"E32SA02-01","C32","Chinese","Fake","Sad 2 CN",5,0.5,0.4775797,0.01505942,0.07753246,0.4123633,0.01941772,0.007652332,0.0067713,0.002997872,0,0,0,0,0,0,0,0,0,0,0,0,0,0,0,0,0,0,0,3
"E32SA02-01","C32","Chinese","Fake","Sad 2 CN",6,0.625,0.4610837,0.01612905,0.06715959,0.4199383,0.0140402,0.006481783,0.006738096,0.003165738,0,0,0,0,0,0,0,0,0,0,0,0,0,0,0,0,0,0,0,2
"E32SA02-01","C32","Chinese","Fake","Sad 2 CN",7,0.75,0.4528298,0.01681119,0.0600343,0.4273669,0.01040118,0.005574765,0.006418803,0.002364014,0,0,0,0,0,0,0,0,0,0,0,0,0,0,0,0,0,0,0,2
"E32SA02-01","C32","Chinese","Fake","Sad 2 CN",8,0.875,0.444483,0.02100033,0.05860581,0.4075791,0.008060478,0.004578479,0.006235581,0.007780454,0,0,0,0,0,0,0,0,1,0,0,0,0,0,0,0,0,0,0,2
"E32SA02-01","C32","Chinese","Fake","Sad 2 CN",9,1,0.4124069,0.01826808,0.06369875,0.4378667,0.006350356,0.004166796,0.008236641,0.005350276,0,0,0,0,0,0,0,0,1,0,0,0,0,0,0,0,0,0,0,2
"E32SA02-01","C32","Chinese","Fake","Sad 2 CN",10,1.125,0.3888601,0.02185009,0.06027084,0.4809524,0.005099436,0.003255298,0.009316115,0.004782591,0,0,0,0,0,0,0,0,1,0,0,0,0,0,0,0,0,0,0,2
"E32SA02-01","C32","Chinese","Fake","Sad 2 CN",11,1.25,0.4150006,0.0246752,0.05709034,0.4595588,0.004105046,0.002981587,0.009711353,0.003288777,0,0,0,0,0,0,0,0,1,0,0,0,0,0,0,0,0,0,0,2
"E32SA02-01","C32","Chinese","Fake","Sad 2 CN",12,1.375,0.4276675,0.02101443,0.05884419,0.4277568,0.00502319,0.003983325,0.009333385,0.002261548,0,0,0,0,0,0,0,0,1,0,0,0,0,0,0,0,0,0,0,2
"E32SA02-01","C32","Chinese","Fake","Sad 2 CN",13,1.5,0.4430243,0.01825739,0.06342271,0.4131594,0.004980238,0.003927749,0.009800096,0.002361621,0,0,0,0,0,0,0,0,1,0,0,0,0,0,0,0,0,0,0,2
"E32SA02-01","C32","Chinese","Fake","Sad 2 CN",14,1.625,0.4924086,0.01522744,0.06380857,0.363436,0.005915816,0.004286009,0.01056494,0.001623983,0,0,0,0,0,0,0,0,1,0,0,0,0,0,0,0,0,0,0,1
"E32SA02-01","C32","Chinese","Fake","Sad 2 CN",15,1.75,0.5265479,0.01337753,0.06239177,0.3424891,0.00737878,0.005017911,0.0107408,0.001116742,0,0,0,0,0,0,0,0,1,0,0,0,0,0,0,0,0,0,0,1
"E32SA02-01","C32","Chinese","Fake","Sad 2 CN",16,1.875,0.5544212,0.01159766,0.06074998,0.3197869,0.00695094,0.00455763,0.0103981,0.000767934,0,0,0,0,0,0,0,0,1,0,0,0,0,0,0,0,0,0,0,1
"E32SA02-01","C32","Chinese","Fake","Sad 2 CN",17,2,0.5649109,0.01141338,0.06644025,0.3048721,0.006136388,0.004586223,0.01011478,0.000528075,0,0,0,0,0,0,0,0,1,0,0,0,0,0,0,0,0,0,0,1
"E32SA02-01","C32","Chinese","Fake","Sad 2 CN",18,2.125,0.5597922,0.01104587,0.06252668,0.3149108,0.006334339,0.004324795,0.009244642,0.000363134,0,0,0,0,0,0,0,0,1,0,0,0,0,0,0,0,0,0,0,1
"E32SA02-01","C32","Chinese","Fake","Sad 2 CN",19,2.25,0.5779598,0.009957972,0.07106912,0.3059603,0.007023359,0.004713748,0.008902838,0.000551649,0,0,0,0,0,0,0,0,1,0,0,0,0,0,0,0,0,0,0,1
"E32SA02-01","C32","Chinese","Fake","Sad 2 CN",20,2.375,0.5831307,0.009298296,0.07904541,0.3043627,0.008568898,0.006427833,0.009943681,0.000379345,0,0,0,0,0,0,0,0,0,0,0,0,0,0,0,0,0,0,0,1
"E32SA02-01","C32","Chinese","Fake","Sad 2 CN",21,2.5,0.6176183,0.008760604,0.07534087,0.2837,0.008974401,0.006883872,0.008580303,0.000260859,0,0,0,0,0,0,0,0,0,0,0,0,0,0,0,0,0,0,0,1
"E32SA02-01","C32","Chinese","Fake","Sad 2 CN",22,2.625,0.6387593,0.007411425,0.06864899,0.2800347,0.00952176,0.00713681,0.007331348,0.000179381,0,0,0,0,0,0,0,0,0,0,0,0,0,0,0,0,0,0,0,1
"E32SA02-01","C32","Chinese","Fake","Sad 2 CN",23,2.75,0.6491714,0.007204141,0.06234685,0.2693821,0.0106048,0.006739055,0.005832787,0.000123353,0,0,0,0,0,0,0,0,0,0,0,0,0,0,0,0,0,0,0,1
"E32SA02-01","C32","Chinese","Fake","Sad 2 CN",24,2.875,0.6473894,0.006530589,0.06890638,0.2728079,0.009496025,0.00682371,0.006283137,8.4824e-05,0,0,0,0,0,0,0,0,0,0,0,0,0,0,0,0,0,0,0,1
"E32SA02-01","C32","Chinese","Fake","Sad 2 CN",25,3,0.6095808,0.005983374,0.08474793,0.2811568,0.01130709,0.01226885,0.01093046,0.000556548,0,0,0,0,0,0,0,0,0,0,0,0,0,0,0,0,0,0,0,1
"E32SA02-01","C32","Chinese","Fake","Sad 2 CN",26,3.125,0.5784355,0.005041129,0.0968218,0.3007026,0.01182107,0.01468486,0.0136362,0.000421389,0,0,0,0,0,0,0,0,0,0,0,0,0,0,0,0,0,0,0,1
"E32SA02-01","C32","Chinese","Fake","Sad 2 CN",27,3.25,0.5759411,0.004225289,0.1063229,0.3109811,0.01192513,0.01255178,0.01182818,0.00028977,0,0,0,0,0,0,0,0,0,0,0,0,0,0,0,0,0,0,0,1
"E32SA02-01","C32","Chinese","Fake","Sad 2 CN",28,3.375,0.5639772,0.004147529,0.1063717,0.3203737,0.01180683,0.01215059,0.01122768,0.000199262,0,0,0,0,0,0,0,0,0,0,0,0,0,0,0,0,0,0,0,1
"E32SA02-01","C32","Chinese","Fake","Sad 2 CN",29,3.5,0.5532619,0.003527714,0.1053767,0.338242,0.01029569,0.01004668,0.009592853,0.000137024,0,0,0,0,0,0,0,0,0,0,0,0,0,0,0,0,0,0,0,1
"E32SA02-01","C32","Chinese","Fake","Sad 2 CN",30,3.625,0.4809801,0.003080051,0.2241057,0.2413199,0.01174524,0.008820089,0.009387427,9.4225e-05,0,0,0,0,0,0,0,0,0,0,0,0,0,0,0,0,0,0,0,2
"E32SA02-01","C32","Chinese","Fake","Sad 2 CN",31,3.75,0.5206165,0.002496882,0.1863564,0.2702651,0.0103279,0.008548073,0.008548433,6.4795e-05,0,0,0,0,0,0,0,0,0,0,0,0,0,0,0,0,0,0,0,2
"E32SA02-01","C32","Chinese","Fake","Sad 2 CN",32,3.875,0.53647,0.002250483,0.1617386,0.2882863,0.01271159,0.01108925,0.01002673,0.000214702,0,0,0,0,0,0,0,0,0,0,0,0,0,0,0,0,0,0,0,2
"E32SA02-01","C32","Chinese","Fake","Sad 2 CN",33,4,0.5478665,0.002111642,0.1471671,0.304456,0.01552247,0.0119227,0.009074325,0.000147641,0,0,0,0,0,0,0,0,0,0,0,0,0,0,0,0,0,0,0,2
"E32SA02-01","C32","Chinese","Fake","Sad 2 CN",34,4.125,0.5271239,0.002580564,0.1378706,0.2994782,0.01300838,0.010484,0.01220737,0.000101526,0,0,0,0,0,0,0,0,0,0,0,0,0,0,0,0,0,0,0,2
"E32SA02-01","C32","Chinese","Fake","Sad 2 CN",35,4.25,0.5029284,0.002547116,0.1330495,0.3123829,0.01161186,0.01009251,0.0135026,0.000440904,0,0,0,0,0,0,0,0,0,0,0,0,0,0,0,0,0,0,0,2
"E32SA02-01","C32","Chinese","Fake","Sad 2 CN",36,4.375,0.5024373,0.002974821,0.1168137,0.3146382,0.01285848,0.00971956,0.01235785,0.000463751,0,0,0,0,0,0,0,0,0,0,0,0,0,0,0,0,0,0,0,1
"E32SA02-01","C32","Chinese","Fake","Sad 2 CN",37,4.5,0.4961703,0.003339692,0.1099815,0.3163446,0.01215325,0.009528013,0.01248484,0.000598804,0,0,0,0,0,0,0,0,0,0,0,0,0,0,0,0,0,0,0,1
"E32SA02-01","C32","Chinese","Fake","Sad 2 CN",38,4.625,0.5005119,0.004140205,0.09997045,0.3097304,0.01305493,0.008700973,0.01092857,0.001075519,0,0,0,0,0,0,0,0,0,0,0,0,0,0,0,0,0,0,0,1
"E32SA02-01","C32","Chinese","Fake","Sad 2 CN",39,4.75,0.5019425,0.00404157,0.09567722,0.3358022,0.01153351,0.007113596,0.009793865,0.000739587,0,0,0,0,0,0,0,0,0,0,0,0,0,0,0,0,0,0,0,1
"E32SA02-01","C32","Chinese","Fake","Sad 2 CN",40,4.875,0.4982058,0.003378774,0.09002123,0.3440683,0.01187781,0.007333364,0.009126944,0.000508582,0,0,0,0,0,0,0,0,0,0,0,0,0,0,0,0,0,0,0,1
"E32SA02-01","C32","Chinese","Fake","Sad 2 CN",41,5,0.5087034,0.003093116,0.08098882,0.3417887,0.01244276,0.00769935,0.00867971,0.000349729,0,0,0,0,0,0,0,0,0,0,0,0,0,0,0,0,0,0,0,1
"E32SA02-01","C32","Chinese","Fake","Sad 2 CN",42,5.125,0.5317233,0.002996792,0.07951663,0.3227742,0.01202755,0.007062527,0.008715729,0.000240493,0,0,0,0,0,0,0,0,0,0,0,0,0,0,0,0,0,0,0,1
"E32SA02-01","C32","Chinese","Fake","Sad 2 CN",43,5.25,0.5455169,0.002567383,0.08594148,0.2981272,0.01136222,0.006488151,0.008073601,0.000165377,0,0,0,0,0,0,0,0,0,0,0,0,0,0,0,0,0,0,0,1
"E32SA02-01","C32","Chinese","Fake","Sad 2 CN",44,5.375,0.569133,0.002271839,0.08923315,0.2783446,0.01126603,0.006674448,0.007864166,0.000113722,0,0,0,0,0,0,0,0,0,0,0,0,0,0,0,0,0,0,0,1
"E32SA02-01","C32","Chinese","Fake","Sad 2 CN",45,5.5,0.5590184,0.002255076,0.1055885,0.2733216,0.01092928,0.007111216,0.008542832,7.8202e-05,0,0,0,0,0,0,0,0,0,0,0,0,0,0,0,0,0,0,0,1
"E32SA02-01","C32","Chinese","Fake","Sad 2 CN",46,5.625,0.5355905,0.002461385,0.1071263,0.3086957,0.01057644,0.006869406,0.008420389,5.3776e-05,0,0,0,0,0,0,0,0,0,0,0,0,0,0,0,0,0,0,0,1
"E32SA02-01","C32","Chinese","Fake","Sad 2 CN",47,5.75,0.5275426,0.002355106,0.1118586,0.3201685,0.01005904,0.007045841,0.008643871,3.6979e-05,0,0,0,0,0,0,0,0,0,0,0,0,0,0,0,0,0,0,0,1
"E32SA02-01","C32","Chinese","Fake","Sad 2 CN",48,5.875,0.5358886,0.002240521,0.111179,0.3125942,0.01490977,0.009677807,0.009933077,0.00060646,0,0,0,0,0,0,0,0,0,0,0,0,0,0,0,0,0,0,0,1
"E32SA02-01","C32","Chinese","Fake","Sad 2 CN",49,6,0.5347767,0.001917261,0.1139061,0.3199223,0.01703798,0.01155679,0.009794565,0.000433595,0,0,0,0,0,0,0,0,0,0,0,0,0,0,0,0,0,0,0,1
"E32SA02-01","C32","Chinese","Fake","Sad 2 CN",50,6.125,0.5459542,0.002105721,0.1026898,0.3342835,0.0172995,0.01055172,0.008782937,0.000332633,0,0,0,0,0,0,0,0,0,0,0,0,0,0,0,0,0,0,0,1
"E32SA02-01","C32","Chinese","Fake","Sad 2 CN",51,6.25,0.5602667,0.001983425,0.10841,0.3461433,0.01643154,0.013043,0.008754135,0.000228737,0,0,0,0,0,0,0,0,0,0,0,0,0,0,0,0,0,0,0,1
"E32SA02-01","C32","Chinese","Fake","Sad 2 CN",52,6.375,0.5776769,0.001925025,0.1027887,0.3344072,0.01945479,0.01446591,0.008904991,0.000160295,0,0,0,0,0,0,0,0,0,0,0,0,0,0,0,0,0,0,0,1
"E32SA02-01","C32","Chinese","Fake","Sad 2 CN",53,6.5,0.5865599,0.002114787,0.09890538,0.3191828,0.0270377,0.01544403,0.008097623,0.000110228,0,0,0,0,0,0,0,0,0,0,0,0,0,0,0,0,0,0,0,1
"E32SA02-01","C32","Chinese","Fake","Sad 2 CN",54,6.625,0.5656047,0.002231934,0.09307069,0.3452851,0.02175621,0.01407616,0.0072982,7.5799e-05,0,0,0,0,0,0,0,0,0,0,0,0,0,0,0,0,0,0,0,1
"E32SA02-01","C32","Chinese","Fake","Sad 2 CN",55,6.75,0.5521709,0.002375932,0.09651104,0.3409745,0.01849421,0.01292977,0.007667517,5.2124e-05,0,0,0,0,0,0,0,0,0,0,0,0,0,0,0,0,0,0,0,1
"E32SA02-01","C32","Chinese","Fake","Sad 2 CN",56,6.875,0.5418915,0.002125669,0.1051268,0.3348775,0.01542832,0.01248183,0.007644597,3.5843e-05,0,0,0,0,0,0,0,0,0,0,0,0,0,0,0,0,0,0,0,1
"E32SA02-01","C32","Chinese","Fake","Sad 2 CN",57,7,0.5268579,0.001829244,0.1082627,0.3492092,0.01488809,0.0117745,0.00844436,2.4648e-05,0,0,0,0,0,0,0,0,0,0,0,0,0,0,0,0,0,0,0,1
"E32SA02-01","C32","Chinese","Fake","Sad 2 CN",58,7.125,0.5383044,0.001904987,0.1042933,0.3274087,0.0161052,0.01030561,0.00843212,0.000563123,0,0,0,0,0,0,0,0,0,0,0,0,0,0,0,0,0,0,0,1
"E32SA02-01","C32","Chinese","Fake","Sad 2 CN",59,7.25,0.5555289,0.002230342,0.105712,0.3003038,0.01558055,0.008808335,0.008048423,0.000912321,0,0,0,0,0,0,0,0,0,0,0,0,0,0,0,0,0,0,0,1
"E32SA02-01","C32","Chinese","Fake","Sad 2 CN",60,7.375,0.53702,0.001878177,0.1100971,0.3285944,0.01223447,0.006985059,0.00826164,0.000627363,0,0,0,0,0,0,0,0,0,0,0,0,0,0,0,0,0,0,0,1
"E32SA02-01","C32","Chinese","Fake","Sad 2 CN",61,7.5,0.5349495,0.001714776,0.1103475,0.3376541,0.009573395,0.005637391,0.0079302,0.00043141,0,0,0,0,0,0,0,0,0,0,0,0,0,0,0,0,0,0,0,1
