"clip_id","smiler_id","culture","smile_type","label_conflict","stimulus","stimulus_num","take_num","clip_duration_s","n_frames","channel","channel_type","peak","mean_intensity","sd_intensity","auc","prop_active","n_episodes","dur_total_s","dur_longest_s","t_peak_s","t_peak_prop","t_peak_usable","censored_start","censored_end","n_valid_frames","n_missing_frames"
"E11HA01-01","C11","Chinese","Genuine",0,"Happy 1 CN",1,1,2.875,23,"Neutral","emotion",0.4748861,0.2906589,0.0840808106701307,0.77793804375,0,0,0,0,2.75,0.956521739130435,1,0,0,23,0
"E11HA01-01","C11","Chinese","Genuine",0,"Happy 1 CN",1,1,2.875,23,"Happy","emotion",0.6374859,0.419900497391304,0.175244482796066,1.19652694625,0.434782608695652,2,1.25,1,1.75,0.608695652173913,1,0,0,23,0
"E11HA01-01","C11","Chinese","Genuine",0,"Happy 1 CN",1,1,2.875,23,"Sad","emotion",0.125077,0.0325537239130435,0.0296002024520736,0.083956098125,0,0,0,0,0,0,1,0,0,23,0
"E11HA01-01","C11","Chinese","Genuine",0,"Happy 1 CN",1,1,2.875,23,"Angry","emotion",0.1673478,0.0665623908695652,0.0449386764293372,0.178323418125,0,0,0,0,2.5,0.869565217391304,1,0,0,23,0
"E11HA01-01","C11","Chinese","Genuine",0,"Happy 1 CN",1,1,2.875,23,"Surprised","emotion",0.09560151,0.0232661063478261,0.024736124438636,0.0605618029375,0,0,0,0,0,0,1,0,0,23,0
"E11HA01-01","C11","Chinese","Genuine",0,"Happy 1 CN",1,1,2.875,23,"Scared","emotion",0.0842142,0.016634202826087,0.0222150237943411,0.039981694375,0,0,0,0,2.75,0.956521739130435,1,0,0,23,0
"E11HA01-01","C11","Chinese","Genuine",0,"Happy 1 CN",1,1,2.875,23,"Disgusted","emotion",0.04307053,0.00847452495652174,0.0101256320979803,0.020794001125,0,0,0,0,2.75,0.956521739130435,1,0,0,23,0
"E11HA01-01","C11","Chinese","Genuine",0,"Happy 1 CN",1,1,2.875,23,"Contempt","emotion",0.04718811,0.016094364,0.0141732530188191,0.04300037525,0,0,0,0,2.375,0.826086956521739,1,0,0,23,0
"E11HA01-01","C11","Chinese","Genuine",0,"Happy 1 CN",1,1,2.875,23,"AU01","action_unit",3,1.52173913043478,0.897955517089759,4.25,0.826086956521739,1,2.375,2.375,1.125,0.391304347826087,0,1,0,23,0
"E11HA01-01","C11","Chinese","Genuine",0,"Happy 1 CN",1,1,2.875,23,"AU02","action_unit",2,1.04347826086957,0.824525255667285,2.875,0.695652173913043,1,2,2,0,0,0,1,0,23,0
"E11HA01-01","C11","Chinese","Genuine",0,"Happy 1 CN",1,1,2.875,23,"AU04","action_unit",0,0,0,0,0,0,0,0,0,0,1,0,0,23,0
"E11HA01-01","C11","Chinese","Genuine",0,"Happy 1 CN",1,1,2.875,23,"AU05","action_unit",2,0.347826086956522,0.572768051751073,0.875,0.304347826086957,1,0.875,0.875,0,0,0,1,0,23,0
"E11HA01-01","C11","Chinese","Genuine",0,"Happy 1 CN",1,1,2.875,23,"AU06","action_unit",0,0,0,0,0,0,0,0,0,0,1,0,0,23,0
"E11HA01-01","C11","Chinese","Genuine",0,"Happy 1 CN",1,1,2.875,23,"AU07","action_unit",1,0.91304347826087,0.28810406552003,2.5625,0.91304347826087,1,2.625,2.625,0.25,0.0869565217391304,1,0,1,23,0
"E11HA01-01","C11","Chinese","Genuine",0,"Happy 1 CN",1,1,2.875,23,"AU09","action_unit",0,0,0,0,0,0,0,0,0,0,1,0,0,23,0
"E11HA01-01","C11","Chinese","Genuine",0,"Happy 1 CN",1,1,2.875,23,"AU10","action_unit",0,0,0,0,0,0,0,0,0,0,1,0,0,23,0
"E11HA01-01","C11","Chinese","Genuine",0,"Happy 1 CN",1,1,2.875,23,"AU12","action_unit",1,0.91304347826087,0.28810406552003,2.5625,0.91304347826087,1,2.625,2.625,0,0,0,1,0,23,0
"E11HA01-01","C11","Chinese","Genuine",0,"Happy 1 CN",1,1,2.875,23,"AU14","action_unit",0,0,0,0,0,0,0,0,0,0,1,0,0,23,0
"E11HA01-01","C11","Chinese","Genuine",0,"Happy 1 CN",1,1,2.875,23,"AU15","action_unit",0,0,0,0,0,0,0,0,0,0,1,0,0,23,0
"E11HA01-01","C11","Chinese","Genuine",0,"Happy 1 CN",1,1,2.875,23,"AU17","action_unit",0,0,0,0,0,0,0,0,0,0,1,0,0,23,0
"E11HA01-01","C11","Chinese","Genuine",0,"Happy 1 CN",1,1,2.875,23,"AU18","action_unit",0,0,0,0,0,0,0,0,0,0,1,0,0,23,0
"E11HA01-01","C11","Chinese","Genuine",0,"Happy 1 CN",1,1,2.875,23,"AU20","action_unit",0,0,0,0,0,0,0,0,0,0,1,0,0,23,0
"E11HA01-01","C11","Chinese","Genuine",0,"Happy 1 CN",1,1,2.875,23,"AU23","action_unit",0,0,0,0,0,0,0,0,0,0,1,0,0,23,0
"E11HA01-01","C11","Chinese","Genuine",0,"Happy 1 CN",1,1,2.875,23,"AU24","action_unit",0,0,0,0,0,0,0,0,0,0,1,0,0,23,0
"E11HA01-01","C11","Chinese","Genuine",0,"Happy 1 CN",1,1,2.875,23,"AU25","action_unit",1,0.217391304347826,0.42174116783665,0.5625,0.217391304347826,1,0.625,0.625,2.25,0.782608695652174,1,0,1,23,0
"E11HA01-01","C11","Chinese","Genuine",0,"Happy 1 CN",1,1,2.875,23,"AU26","action_unit",0,0,0,0,0,0,0,0,0,0,1,0,0,23,0
"E11HA01-01","C11","Chinese","Genuine",0,"Happy 1 CN",1,1,2.875,23,"AU27","action_unit",0,0,0,0,0,0,0,0,0,0,1,0,0,23,0
"E11HA01-01","C11","Chinese","Genuine",0,"Happy 1 CN",1,1,2.875,23,"AU43","action_unit",3,2.39130434782609,1.07615183259539,6.75,0.869565217391304,1,2.5,2.5,0.625,0.217391304347826,1,0,1,23,0
"E11HA02-04","C11","Chinese","Genuine",0,"Happy 2 CN",2,4,5.875,47,"Neutral","emotion",0.439324,0.208948908297872,0.101866662280887,1.184753905,0,0,0,0,0,0,1,0,0,47,0
"E11HA02-04","C11","Chinese","Genuine",0,"Happy 2 CN",2,4,5.875,47,"Happy","emotion",0.8845165,0.594637995744681,0.189836920549401,3.4481354375,0.595744680851064,2,3.5,3.375,2.375,0.404255319148936,1,0,1,47,0
"E11HA02-04","C11","Chinese","Genuine",0,"Happy 2 CN",2,4,5.875,47,"Sad","emotion",0.008120016,0.00215997542553192,0.00204206051408369,0.0121401286875,0,0,0,0,0.125,0.0212765957446809,1,0,0,47,0
"E11HA02-04","C11","Chinese","Genuine",0,"Happy 2 CN",2,4,5.875,47,"Angry","emotion",0.06860978,0.0317309885106383,0.016825322571423,0.1792005875,0,0,0,0,5.75,0.978723404255319,1,0,0,47,0
"E11HA02-04","C11","Chinese","Genuine",0,"Happy 2 CN",2,4,5.875,47,"Surprised","emotion",0.01727662,0.00362749991489362,0.00423351684834746,0.020184583,0,0,0,0,0.125,0.0212765957446809,1,0,0,47,0
"E11HA02-04","C11","Chinese","Genuine",0,"Happy 2 CN",2,4,5.875,47,"Scared","emotion",0.06410331,0.00786162391489362,0.0156353446703068,0.042072522125,0,0,0,0,0.125,0.0212765957446809,1,0,0,47,0
"E11HA02-04","C11","Chinese","Genuine",0,"Happy 2 CN",2,4,5.875,47,"Disgusted","emotion",0.05928138,0.0190997879574468,0.0179257314656388,0.109929981125,0,0,0,0,4,0.680851063829787,1,0,0,47,0
"E11HA02-04","C11","Chinese","Genuine",0,"Happy 2 CN",2,4,5.875,47,"Contempt","emotion",0.005076807,0.0027626919787234,0.0012079097935391,0.0158442071875,0,0,0,0,5.625,0.957446808510638,1,0,0,47,0
"E11HA02-04","C11","Chinese","Genuine",0,"Happy 2 CN",2,4,5.875,47,"AU01","action_unit",0,0,0,0,0,0,0,0,0,0,1,0,0,47,0
"E11HA02-04","C11","Chinese","Genuine",0,"Happy 2 CN",2,4,5.875,47,"AU02","action_unit",0,0,0,0,0,0,0,0,0,0,1,0,0,47,0
"E11HA02-04","C11","Chinese","Genuine",0,"Happy 2 CN",2,4,5.875,47,"AU04","action_unit",0,0,0,0,0,0,0,0,0,0,1,0,0,47,0
"E11HA02-04","C11","Chinese","Genuine",0,"Happy 2 CN",2,4,5.875,47,"AU05","action_unit",0,0,0,0,0,0,0,0,0,0,1,0,0,47,0
"E11HA02-04","C11","Chinese","Genuine",0,"Happy 2 CN",2,4,5.875,47,"AU06","action_unit",2,1.61702127659574,0.677373170845247,9.375,0.893617021276596,1,5.25,5.25,1.625,0.276595744680851,1,0,1,47,0
"E11HA02-04","C11","Chinese","Genuine",0,"Happy 2 CN",2,4,5.875,47,"AU07","action_unit",1,0.808510638297872,0.397727122553644,4.625,0.808510638297872,3,4.75,2,0,0,0,1,1,47,0
"E11HA02-04","C11","Chinese","Genuine",0,"Happy 2 CN",2,4,5.875,47,"AU09","action_unit",0,0,0,0,0,0,0,0,0,0,1,0,0,47,0
"E11HA02-04","C11","Chinese","Genuine",0,"Happy 2 CN",2,4,5.875,47,"AU10","action_unit",0,0,0,0,0,0,0,0,0,0,1,0,0,47,0
"E11HA02-04","C11","Chinese","Genuine",0,"Happy 2 CN",2,4,5.875,47,"AU12","action_unit",4,2.59574468085106,1.01423722608979,15.125,0.936170212765957,1,5.5,5.5,1.75,0.297872340425532,1,0,1,47,0
"E11HA02-04","C11","Chinese","Genuine",0,"Happy 2 CN",2,4,5.875,47,"AU14","action_unit",0,0,0,0,0,0,0,0,0,0,1,0,0,47,0
"E11HA02-04","C11","Chinese","Genuine",0,"Happy 2 CN",2,4,5.875,47,"AU15","action_unit",0,0,0,0,0,0,0,0,0,0,1,0,0,47,0
"E11HA02-04","C11","Chinese","Genuine",0,"Happy 2 CN",2,4,5.875,47,"AU17","action_unit",0,0,0,0,0,0,0,0,0,0,1,0,0,47,0
"E11HA02-04","C11","Chinese","Genuine",0,"Happy 2 CN",2,4,5.875,47,"AU18","action_unit",0,0,0,0,0,0,0,0,0,0,1,0,0,47,0
"E11HA02-04","C11","Chinese","Genuine",0,"Happy 2 CN",2,4,5.875,47,"AU20","action_unit",1,0.212765957446809,0.4136880894317,1.1875,0.212765957446809,3,1.25,0.625,0,0,0,1,0,47,0
"E11HA02-04","C11","Chinese","Genuine",0,"Happy 2 CN",2,4,5.875,47,"AU23","action_unit",0,0,0,0,0,0,0,0,0,0,1,0,0,47,0
"E11HA02-04","C11","Chinese","Genuine",0,"Happy 2 CN",2,4,5.875,47,"AU24","action_unit",0,0,0,0,0,0,0,0,0,0,1,0,0,47,0
"E11HA02-04","C11","Chinese","Genuine",0,"Happy 2 CN",2,4,5.875,47,"AU25","action_unit",3,2.17021276595745,1.04920568166694,12.5,0.936170212765957,2,5.5,5.375,0,0,0,1,1,47,0
"E11HA02-04","C11","Chinese","Genuine",0,"Happy 2 CN",2,4,5.875,47,"AU26","action_unit",1,0.297872340425532,0.462267267743469,1.75,0.297872340425532,1,1.75,1.75,1.75,0.297872340425532,1,0,0,47,0
"E11HA02-04","C11","Chinese","Genuine",0,"Happy 2 CN",2,4,5.875,47,"AU27","action_unit",0,0,0,0,0,0,0,0,0,0,1,0,0,47,0
"E11HA02-04","C11","Chinese","Genuine",0,"Happy 2 CN",2,4,5.875,47,"AU43","action_unit",4,2.4468085106383,0.99582848702885,14.125,1,1,5.875,5.875,4.25,0.723404255319149,0,1,1,47,0
"E11HA03-03","C11","Chinese","Genuine",0,"Happy 3 CN",3,3,4.625,37,"Neutral","emotion",0.7280338,0.336033332432432,0.111190701833339,1.47411628125,0.108108108108108,2,0.5,0.375,0,0,0,1,1,37,0
"E11HA03-03","C11","Chinese","Genuine",0,"Happy 3 CN",3,3,4.625,37,"Happy","emotion",0.5728947,0.401498385945946,0.111148166219606,1.842028455,0.108108108108108,1,0.5,0.5,2.75,0.594594594594595,1,0,0,37,0
"E11HA03-03","C11","Chinese","Genuine",0,"Happy 3 CN",3,3,4.625,37,"Sad","emotion",0.05836546,0.0111796492972973,0.0149991563245064,0.045714659875,0,0,0,0,0,0,1,0,0,37,0
"E11HA03-03","C11","Chinese","Genuine",0,"Happy 3 CN",3,3,4.625,37,"Angry","emotion",0.05352328,0.0349657681081081,0.0104150189122954,0.157219004375,0,0,0,0,0.25,0.0540540540540541,1,0,0,37,0
"E11HA03-03","C11","Chinese","Genuine",0,"Happy 3 CN",3,3,4.625,37,"Surprised","emotion",0.01374641,0.004216214,0.00375348137445431,0.018164022125,0,0,0,0,4.5,0.972972972972973,1,0,0,37,0
"E11HA03-03","C11","Chinese","Genuine",0,"Happy 3 CN",3,3,4.625,37,"Scared","emotion",0.002896888,0.000750735216216216,0.000635780821371648,0.0031538466875,0,0,0,0,0,0,1,0,0,37,0
"E11HA03-03","C11","Chinese","Genuine",0,"Happy 3 CN",3,3,4.625,37,"Disgusted","emotion",0.07423837,0.0206174794324324,0.0153811739263132,0.088172283,0,0,0,0,0,0,1,0,0,37,0
"E11HA03-03","C11","Chinese","Genuine",0,"Happy 3 CN",3,3,4.625,37,"Contempt","emotion",0.01248894,0.0075778095945946,0.00326433384029971,0.0347014541875,0,0,0,0,1.875,0.405405405405405,1,0,0,37,0
"E11HA03-03","C11","Chinese","Genuine",0,"Happy 3 CN",3,3,4.625,37,"AU01","action_unit",0,0,0,0,0,0,0,0,0,0,1,0,0,37,0
"E11HA03-03","C11","Chinese","Genuine",0,"Happy 3 CN",3,3,4.625,37,"AU02","action_unit",0,0,0,0,0,0,0,0,0,0,1,0,0,37,0
"E11HA03-03","C11","Chinese","Genuine",0,"Happy 3 CN",3,3,4.625,37,"AU04","action_unit",0,0,0,0,0,0,0,0,0,0,1,0,0,37,0
"E11HA03-03","C11","Chinese","Genuine",0,"Happy 3 CN",3,3,4.625,37,"AU05","action_unit",0,0,0,0,0,0,0,0,0,0,1,0,0,37,0
"E11HA03-03","C11","Chinese","Genuine",0,"Happy 3 CN",3,3,4.625,37,"AU06","action_unit",1,0.486486486486486,0.506711709709532,2.25,0.486486486486487,1,2.25,2.25,1.875,0.405405405405405,1,0,0,37,0
"E11HA03-03","C11","Chinese","Genuine",0,"Happy 3 CN",3,3,4.625,37,"AU07","action_unit",1,0.702702702702703,0.463373191622816,3.25,0.702702702702703,1,3.25,3.25,0.75,0.162162162162162,1,0,0,37,0
"E11HA03-03","C11","Chinese","Genuine",0,"Happy 3 CN",3,3,4.625,37,"AU09","action_unit",0,0,0,0,0,0,0,0,0,0,1,0,0,37,0
"E11HA03-03","C11","Chinese","Genuine",0,"Happy 3 CN",3,3,4.625,37,"AU10","action_unit",0,0,0,0,0,0,0,0,0,0,1,0,0,37,0
"E11HA03-03","C11","Chinese","Genuine",0,"Happy 3 CN",3,3,4.625,37,"AU12","action_unit",2,1.78378378378378,0.479301293269411,8.1875,0.972972972972973,1,4.5,4.5,0.5,0.108108108108108,1,0,1,37,0
"E11HA03-03","C11","Chinese","Genuine",0,"Happy 3 CN",3,3,4.625,37,"AU14","action_unit",0,0,0,0,0,0,0,0,0,0,1,0,0,37,0
"E11HA03-03","C11","Chinese","Genuine",0,"Happy 3 CN",3,3,4.625,37,"AU15","action_unit",0,0,0,0,0,0,0,0,0,0,1,0,0,37,0
"E11HA03-03","C11","Chinese","Genuine",0,"Happy 3 CN",3,3,4.625,37,"AU17","action_unit",1,0.162162162162162,0.373683876611822,0.75,0.162162162162162,1,0.75,0.75,2.75,0.594594594594595,1,0,0,37,0
"E11HA03-03","C11","Chinese","Genuine",0,"Happy 3 CN",3,3,4.625,37,"AU18","action_unit",0,0,0,0,0,0,0,0,0,0,1,0,0,37,0
"E11HA03-03","C11","Chinese","Genuine",0,"Happy 3 CN",3,3,4.625,37,"AU20","action_unit",0,0,0,0,0,0,0,0,0,0,1,0,0,37,0
"E11HA03-03","C11","Chinese","Genuine",0,"Happy 3 CN",3,3,4.625,37,"AU23","action_unit",0,0,0,0,0,0,0,0,0,0,1,0,0,37,0
"E11HA03-03","C11","Chinese","Genuine",0,"Happy 3 CN",3,3,4.625,37,"AU24","action_unit",0,0,0,0,0,0,0,0,0,0,1,0,0,37,0
"E11HA03-03","C11","Chinese","Genuine",0,"Happy 3 CN",3,3,4.625,37,"AU25","action_unit",0,0,0,0,0,0,0,0,0,0,1,0,0,37,0
"E11HA03-03","C11","Chinese","Genuine",0,"Happy 3 CN",3,3,4.625,37,"AU26","action_unit",0,0,0,0,0,0,0,0,0,0,1,0,0,37,0
"E11HA03-03","C11","Chinese","Genuine",0,"Happy 3 CN",3,3,4.625,37,"AU27","action_unit",0,0,0,0,0,0,0,0,0,0,1,0,0,37,0
"E11HA03-03","C11","Chinese","Genuine",0,"Happy 3 CN",3,3,4.625,37,"AU43","action_unit",4,3.32432432432432,0.47457899787625,14.875,1,1,4.625,4.625,0,0,0,1,1,37,0
"E11HA04-05","C11","Chinese","Genuine",0,"Happy 4 CN",4,5,4.25,34,"Neutral","emotion",0.6227482,0.233377673529412,0.151497107929572,0.94353621875,0.117647058823529,1,0.5,0.5,0.125,0.0294117647058824,0,1,0,34,0
"E11HA04-05","C11","Chinese","Genuine",0,"Happy 4 CN",4,5,4.25,34,"Happy","emotion",0.7814324,0.581096127647059,0.21843061042073,2.427167621875,0.794117647058823,1,3.375,3.375,2.25,0.529411764705882,1,0,1,34,0
"E11HA04-05","C11","Chinese","Genuine",0,"Happy 4 CN",4,5,4.25,34,"Sad","emotion",0.2094669,0.0287960676470588,0.0530324903572882,0.108563188125,0,0,0,0,0,0,1,0,0,34,0
"E11HA04-05","C11","Chinese","Genuine",0,"Happy 4 CN",4,5,4.25,34,"Angry","emotion",0.06617408,0.0271454432647059,0.0154569876765194,0.111782324125,0,0,0,0,0.375,0.0882352941176471,1,0,0,34,0
"E11HA04-05","C11","Chinese","Genuine",0,"Happy 4 CN",4,5,4.25,34,"Surprised","emotion",0.02341588,0.00698114455882353,0.00597670617431408,0.0278590550625,0,0,0,0,0,0,1,0,0,34,0
"E11HA04-05","C11","Chinese","Genuine",0,"Happy 4 CN",4,5,4.25,34,"Scared","emotion",0.006421099,0.00220321576470588,0.00182907410034836,0.0088936168125,0,0,0,0,0,0,1,0,0,34,0
"E11HA04-05","C11","Chinese","Genuine",0,"Happy 4 CN",4,5,4.25,34,"Disgusted","emotion",0.1467238,0.0272234097941176,0.0358446848455524,0.105176956,0,0,0,0,0,0,1,0,0,34,0
"E11HA04-05","C11","Chinese","Genuine",0,"Happy 4 CN",4,5,4.25,34,"Contempt","emotion",0.04051528,0.0109789940588235,0.0102682672606741,0.045575627125,0,0,0,0,0.375,0.0882352941176471,1,0,0,34,0
"E11HA04-05","C11","Chinese","Genuine",0,"Happy 4 CN",4,5,4.25,34,"AU01","action_unit",0,0,0,0,0,0,0,0,0,0,1,0,0,34,0
"E11HA04-05","C11","Chinese","Genuine",0,"Happy 4 CN",4,5,4.25,34,"AU02","action_unit",0,0,0,0,0,0,0,0,0,0,1,0,0,34,0
"E11HA04-05","C11","Chinese","Genuine",0,"Happy 4 CN",4,5,4.25,34,"AU04","action_unit",0,0,0,0,0,0,0,0,0,0,1,0,0,34,0
"E11HA04-05","C11","Chinese","Genuine",0,"Happy 4 CN",4,5,4.25,34,"AU05","action_unit",0,0,0,0,0,0,0,0,0,0,1,0,0,34,0
"E11HA04-05","C11","Chinese","Genuine",0,"Happy 4 CN",4,5,4.25,34,"AU06","action_unit",2,1.23529411764706,0.81867681599961,5.125,0.764705882352941,1,3.25,3.25,2.25,0.529411764705882,1,0,1,34,0
"E11HA04-05","C11","Chinese","Genuine",0,"Happy 4 CN",4,5,4.25,34,"AU07","action_unit",1,0.588235294117647,0.499554168435642,2.4375,0.588235294117647,3,2.5,1.625,1.125,0.264705882352941,1,0,1,34,0
"E11HA04-05","C11","Chinese","Genuine",0,"Happy 4 CN",4,5,4.25,34,"AU09","action_unit",0,0,0,0,0,0,0,0,0,0,1,0,0,34,0
"E11HA04-05","C11","Chinese","Genuine",0,"Happy 4 CN",4,5,4.25,34,"AU10","action_unit",0,0,0,0,0,0,0,0,0,0,1,0,0,34,0
"E11HA04-05","C11","Chinese","Genuine",0,"Happy 4 CN",4,5,4.25,34,"AU12","action_unit",3,2.47058823529412,0.991946177598027,10.3125,0.911764705882353,1,3.875,3.875,1,0.235294117647059,1,0,1,34,0
"E11HA04-05","C11","Chinese","Genuine",0,"Happy 4 CN",4,5,4.25,34,"AU14","action_unit",0,0,0,0,0,0,0,0,0,0,1,0,0,34,0
"E11HA04-05","C11","Chinese","Genuine",0,"Happy 4 CN",4,5,4.25,34,"AU15","action_unit",0,0,0,0,0,0,0,0,0,0,1,0,0,34,0
"E11HA04-05","C11","Chinese","Genuine",0,"Happy 4 CN",4,5,4.25,34,"AU17","action_unit",0,0,0,0,0,0,0,0,0,0,1,0,0,34,0
"E11HA04-05","C11","Chinese","Genuine",0,"Happy 4 CN",4,5,4.25,34,"AU18","action_unit",0,0,0,0,0,0,0,0,0,0,1,0,0,34,0
"E11HA04-05","C11","Chinese","Genuine",0,"Happy 4 CN",4,5,4.25,34,"AU20","action_unit",1,0.38235294117647,0.493270218056382,1.5625,0.382352941176471,1,1.625,1.625,2.625,0.61764705882353,1,0,1,34,0
"E11HA04-05","C11","Chinese","Genuine",0,"Happy 4 CN",4,5,4.25,34,"AU23","action_unit",0,0,0,0,0,0,0,0,0,0,1,0,0,34,0
"E11HA04-05","C11","Chinese","Genuine",0,"Happy 4 CN",4,5,4.25,34,"AU24","action_unit",0,0,0,0,0,0,0,0,0,0,1,0,0,34,0
"E11HA04-05","C11","Chinese","Genuine",0,"Happy 4 CN",4,5,4.25,34,"AU25","action_unit",3,1.17647058823529,1.11384097214546,4.875,0.61764705882353,1,2.625,2.625,3.125,0.735294117647059,1,0,1,34,0
"E11HA04-05","C11","Chinese","Genuine",0,"Happy 4 CN",4,5,4.25,34,"AU26","action_unit",1,0.147058823529412,0.359490627953571,0.625,0.147058823529412,1,0.625,0.625,3.25,0.764705882352941,1,0,0,34,0
"E11HA04-05","C11","Chinese","Genuine",0,"Happy 4 CN",4,5,4.25,34,"AU27","action_unit",0,0,0,0,0,0,0,0,0,0,1,0,0,34,0
"E11HA04-05","C11","Chinese","Genuine",0,"Happy 4 CN",4,5,4.25,34,"AU43","action_unit",4,2.20588235294118,1.29753640142097,9.0625,1,1,4.25,4.25,2.75,0.647058823529412,0,1,1,34,0
"E11HA05-04","C11","Chinese","Genuine",0,"Happy 5 CN",5,4,4.625,37,"Neutral","emotion",0.7713069,0.361136081081081,0.167156157865045,1.5905217125,0.189189189189189,2,0.875,0.75,0.25,0.0540540540540541,0,1,1,37,0
"E11HA05-04","C11","Chinese","Genuine",0,"Happy 5 CN",5,4,4.625,37,"Happy","emotion",0.6358484,0.403332463243243,0.156704403895529,1.84811297375,0.27027027027027,2,1.25,1,2.75,0.594594594594595,1,0,0,37,0
"E11HA05-04","C11","Chinese","Genuine",0,"Happy 5 CN",5,4,4.625,37,"Sad","emotion",0.02918599,0.0088591765945946,0.00712208113229721,0.038454533,0,0,0,0,0.125,0.027027027027027,1,0,0,37,0
"E11HA05-04","C11","Chinese","Genuine",0,"Happy 5 CN",5,4,4.625,37,"Angry","emotion",0.2293842,0.111225418378378,0.048247005849229,0.497124685,0,0,0,0,1.125,0.243243243243243,1,0,0,37,0
"E11HA05-04","C11","Chinese","Genuine",0,"Happy 5 CN",5,4,4.625,37,"Surprised","emotion",0.2166747,0.0309793229459459,0.0587127869287715,0.128987887375,0,0,0,0,0,0,1,0,0,37,0
"E11HA05-04","C11","Chinese","Genuine",0,"Happy 5 CN",5,4,4.625,37,"Scared","emotion",0.0157788,0.00291897781081081,0.00361027428788482,0.01230092025,0,0,0,0,0,0,1,0,0,37,0
"E11HA05-04","C11","Chinese","Genuine",0,"Happy 5 CN",5,4,4.625,37,"Disgusted","emotion",0.07547665,0.0208816046486487,0.0214650219978767,0.0957631675,0,0,0,0,3.25,0.702702702702703,1,0,0,37,0
"E11HA05-04","C11","Chinese","Genuine",0,"Happy 5 CN",5,4,4.625,37,"Contempt","emotion",0.007403756,0.00297664586486487,0.00174570009823399,0.0134218114375,0,0,0,0,2.375,0.513513513513513,1,0,0,37,0
"E11HA05-04","C11","Chinese","Genuine",0,"Happy 5 CN",5,4,4.625,37,"AU01","action_unit",1,0.081081081081081,0.27672473069203,0.3125,0.0810810810810811,1,0.375,0.375,0,0,0,1,0,37,0
"E11HA05-04","C11","Chinese","Genuine",0,"Happy 5 CN",5,4,4.625,37,"AU02","action_unit",1,0.0270270270270271,0.164398987305357,0.0625,0.027027027027027,1,0.125,0.125,0,0,0,1,0,37,0
"E11HA05-04","C11","Chinese","Genuine",0,"Happy 5 CN",5,4,4.625,37,"AU04","action_unit",0,0,0,0,0,0,0,0,0,0,1,0,0,37,0
"E11HA05-04","C11","Chinese","Genuine",0,"Happy 5 CN",5,4,4.625,37,"AU05","action_unit",0,0,0,0,0,0,0,0,0,0,1,0,0,37,0
"E11HA05-04","C11","Chinese","Genuine",0,"Happy 5 CN",5,4,4.625,37,"AU06","action_unit",2,0.837837837837838,0.500750187968762,3.8125,0.783783783783784,1,3.625,3.625,2.375,0.513513513513513,1,0,1,37,0
"E11HA05-04","C11","Chinese","Genuine",0,"Happy 5 CN",5,4,4.625,37,"AU07","action_unit",2,1.62162162162162,0.720777024827734,7.375,0.864864864864865,1,4,4,1.125,0.243243243243243,1,0,1,37,0
"E11HA05-04","C11","Chinese","Genuine",0,"Happy 5 CN",5,4,4.625,37,"AU09","action_unit",0,0,0,0,0,0,0,0,0,0,1,0,0,37,0
"E11HA05-04","C11","Chinese","Genuine",0,"Happy 5 CN",5,4,4.625,37,"AU10","action_unit",0,0,0,0,0,0,0,0,0,0,1,0,0,37,0
"E11HA05-04","C11","Chinese","Genuine",0,"Happy 5 CN",5,4,4.625,37,"AU12","action_unit",2,1.81081081081081,0.397061276955658,8.25,1,1,4.625,4.625,0.75,0.162162162162162,0,1,1,37,0
"E11HA05-04","C11","Chinese","Genuine",0,"Happy 5 CN",5,4,4.625,37,"AU14","action_unit",0,0,0,0,0,0,0,0,0,0,1,0,0,37,0
"E11HA05-04","C11","Chinese","Genuine",0,"Happy 5 CN",5,4,4.625,37,"AU15","action_unit",0,0,0,0,0,0,0,0,0,0,1,0,0,37,0
"E11HA05-04","C11","Chinese","Genuine",0,"Happy 5 CN",5,4,4.625,37,"AU17","action_unit",1,0.432432432432432,0.502247202333923,2,0.432432432432432,1,2,2,2.125,0.45945945945946,1,0,0,37,0
"E11HA05-04","C11","Chinese","Genuine",0,"Happy 5 CN",5,4,4.625,37,"AU18","action_unit",0,0,0,0,0,0,0,0,0,0,1,0,0,37,0
"E11HA05-04","C11","Chinese","Genuine",0,"Happy 5 CN",5,4,4.625,37,"AU20","action_unit",0,0,0,0,0,0,0,0,0,0,1,0,0,37,0
"E11HA05-04","C11","Chinese","Genuine",0,"Happy 5 CN",5,4,4.625,37,"AU23","action_unit",0,0,0,0,0,0,0,0,0,0,1,0,0,37,0
"E11HA05-04","C11","Chinese","Genuine",0,"Happy 5 CN",5,4,4.625,37,"AU24","action_unit",0,0,0,0,0,0,0,0,0,0,1,0,0,37,0
"E11HA05-04","C11","Chinese","Genuine",0,"Happy 5 CN",5,4,4.625,37,"AU25","action_unit",0,0,0,0,0,0,0,0,0,0,1,0,0,37,0
"E11HA05-04","C11","Chinese","Genuine",0,"Happy 5 CN",5,4,4.625,37,"AU26","action_unit",0,0,0,0,0,0,0,0,0,0,1,0,0,37,0
"E11HA05-04","C11","Chinese","Genuine",0,"Happy 5 CN",5,4,4.625,37,"AU27","action_unit",0,0,0,0,0,0,0,0,0,0,1,0,0,37,0
"E11HA05-04","C11","Chinese","Genuine",0,"Happy 5 CN",5,4,4.625,37,"AU43","action_unit",4,2.24324324324324,1.4606962838433,10.25,0.756756756756757,1,3.5,3.5,3.25,0.702702702702703,1,0,1,37,0
"E11HA06-04","C11","Chinese","Genuine",0,"Happy 6 CN",6,4,9.75,78,"Neutral","emotion",0.8723753,0.246457668076923,0.235664896912821,2.3326349075,0.153846153846154,1,1.5,1.5,0.125,0.0128205128205128,0,1,0,78,0
"E11HA06-04","C11","Chinese","Genuine",0,"Happy 6 CN",6,4,9.75,78,"Happy","emotion",0.957745,0.619181820769231,0.259254013305698,6.00595620125,0.794871794871795,1,7.75,7.75,6,0.615384615384615,1,0,0,78,0
"E11HA06-04","C11","Chinese","Genuine",0,"Happy 6 CN",6,4,9.75,78,"Sad","emotion",0.1207273,0.0152001968974359,0.0258338544708054,0.1446632493125,0,0,0,0,0.375,0.0384615384615385,1,0,0,78,0
"E11HA06-04","C11","Chinese","Genuine",0,"Happy 6 CN",6,4,9.75,78,"Angry","emotion",0.1172474,0.0328704687435897,0.030323758806134,0.310955763375,0,0,0,0,9.625,0.987179487179487,1,0,0,78,0
"E11HA06-04","C11","Chinese","Genuine",0,"Happy 6 CN",6,4,9.75,78,"Surprised","emotion",0.03869259,0.00707629893589744,0.00836628611714113,0.066095687125,0,0,0,0,0.125,0.0128205128205128,1,0,0,78,0
"E11HA06-04","C11","Chinese","Genuine",0,"Happy 6 CN",6,4,9.75,78,"Scared","emotion",0.02012978,0.0054819498974359,0.00597105899618214,0.051640818375,0,0,0,0,0.625,0.0641025641025641,1,0,0,78,0
"E11HA06-04","C11","Chinese","Genuine",0,"Happy 6 CN",6,4,9.75,78,"Disgusted","emotion",0.06578647,0.0149199607564103,0.0183244197858958,0.1425251070625,0,0,0,0,7.375,0.756410256410256,1,0,0,78,0
"E11HA06-04","C11","Chinese","Genuine",0,"Happy 6 CN",6,4,9.75,78,"Contempt","emotion",0.03976499,0.0115702281282051,0.00940320813992637,0.1126662104375,0,0,0,0,1.25,0.128205128205128,1,0,0,78,0
"E11HA06-04","C11","Chinese","Genuine",0,"Happy 6 CN",6,4,9.75,78,"AU01","action_unit",0,0,0,0,0,0,0,0,0,0,1,0,0,78,0
"E11HA06-04","C11","Chinese","Genuine",0,"Happy 6 CN",6,4,9.75,78,"AU02","action_unit",0,0,0,0,0,0,0,0,0,0,1,0,0,78,0
"E11HA06-04","C11","Chinese","Genuine",0,"Happy 6 CN",6,4,9.75,78,"AU04","action_unit",0,0,0,0,0,0,0,0,0,0,1,0,0,78,0
"E11HA06-04","C11","Chinese","Genuine",0,"Happy 6 CN",6,4,9.75,78,"AU05","action_unit",0,0,0,0,0,0,0,0,0,0,1,0,0,78,0
"E11HA06-04","C11","Chinese","Genuine",0,"Happy 6 CN",6,4,9.75,78,"AU06","action_unit",3,1.47435897435897,1.13646020235721,14.3125,0.756410256410256,1,7.375,7.375,5,0.512820512820513,1,0,1,78,0
"E11HA06-04","C11","Chinese","Genuine",0,"Happy 6 CN",6,4,9.75,78,"AU07","action_unit",1,0.730769230769231,0.446431068924083,7.0625,0.730769230769231,2,7.125,3.75,1.625,0.166666666666667,1,0,1,78,0
"E11HA06-04","C11","Chinese","Genuine",0,"Happy 6 CN",6,4,9.75,78,"AU09","action_unit",0,0,0,0,0,0,0,0,0,0,1,0,0,78,0
"E11HA06-04","C11","Chinese","Genuine",0,"Happy 6 CN",6,4,9.75,78,"AU10","action_unit",0,0,0,0,0,0,0,0,0,0,1,0,0,78,0
"E11HA06-04","C11","Chinese","Genuine",0,"Happy 6 CN",6,4,9.75,78,"AU12","action_unit",4,2.75641025641026,1.16424991109205,26.75,0.923076923076923,1,9,9,4.5,0.461538461538462,1,0,1,78,0
"E11HA06-04","C11","Chinese","Genuine",0,"Happy 6 CN",6,4,9.75,78,"AU14","action_unit",0,0,0,0,0,0,0,0,0,0,1,0,0,78,0
"E11HA06-04","C11","Chinese","Genuine",0,"Happy 6 CN",6,4,9.75,78,"AU15","action_unit",0,0,0,0,0,0,0,0,0,0,1,0,0,78,0
"E11HA06-04","C11","Chinese","Genuine",0,"Happy 6 CN",6,4,9.75,78,"AU17","action_unit",0,0,0,0,0,0,0,0,0,0,1,0,0,78,0
"E11HA06-04","C11","Chinese","Genuine",0,"Happy 6 CN",6,4,9.75,78,"AU18","action_unit",0,0,0,0,0,0,0,0,0,0,1,0,0,78,0
"E11HA06-04","C11","Chinese","Genuine",0,"Happy 6 CN",6,4,9.75,78,"AU20","action_unit",1,0.602564102564103,0.492535016613786,5.875,0.602564102564103,1,5.875,5.875,2.625,0.269230769230769,1,0,0,78,0
"E11HA06-04","C11","Chinese","Genuine",0,"Happy 6 CN",6,4,9.75,78,"AU23","action_unit",0,0,0,0,0,0,0,0,0,0,1,0,0,78,0
"E11HA06-04","C11","Chinese","Genuine",0,"Happy 6 CN",6,4,9.75,78,"AU24","action_unit",0,0,0,0,0,0,0,0,0,0,1,0,0,78,0
"E11HA06-04","C11","Chinese","Genuine",0,"Happy 6 CN",6,4,9.75,78,"AU25","action_unit",4,1.62820512820513,1.39673993673928,15.75,0.666666666666667,2,6.5,5.25,5.375,0.551282051282051,1,0,1,78,0
"E11HA06-04","C11","Chinese","Genuine",0,"Happy 6 CN",6,4,9.75,78,"AU26","action_unit",1,0.423076923076923,0.497245158098847,4.125,0.423076923076923,1,4.125,4.125,2.625,0.269230769230769,1,0,0,78,0
"E11HA06-04","C11","Chinese","Genuine",0,"Happy 6 CN",6,4,9.75,78,"AU27","action_unit",0,0,0,0,0,0,0,0,0,0,1,0,0,78,0
"E11HA06-04","C11","Chinese","Genuine",0,"Happy 6 CN",6,4,9.75,78,"AU43","action_unit",4,2.37179487179487,1.15217439109964,23,0.974358974358974,1,9.5,9.5,7.125,0.730769230769231,1,0,1,78,0
"E13HA01-03","C13","Chinese","Genuine",0,"Happy 1 CN",1,3,2.875,23,"Neutral","emotion",0.5723559,0.253734947826087,0.124397637332489,0.6773856625,0.0869565217391304,1,0.25,0.25,0,0,0,1,0,23,0
"E13HA01-03","C13","Chinese","Genuine",0,"Happy 1 CN",1,3,2.875,23,"Happy","emotion",0.6737056,0.558056330434783,0.148737290496088,1.5622873125,0.782608695652174,1,2.25,2.25,1.5,0.521739130434783,1,0,0,23,0
"E13HA01-03","C13","Chinese","Genuine",0,"Happy 1 CN",1,3,2.875,23,"Sad","emotion",0.02654118,0.007617086,0.0069473035408828,0.0209518758125,0,0,0,0,2.25,0.782608695652174,1,0,0,23,0
"E13HA01-03","C13","Chinese","Genuine",0,"Happy 1 CN",1,3,2.875,23,"Angry","emotion",0.3258967,0.0912507052173913,0.102650483931929,0.2384654425,0,0,0,0,0,0,1,0,0,23,0
"E13HA01-03","C13","Chinese","Genuine",0,"Happy 1 CN",1,3,2.875,23,"Surprised","emotion",0.001922136,0.000758332347826087,0.00049306996986336,0.002035037375,0,0,0,0,0.125,0.0434782608695652,1,0,0,23,0
"E13HA01-03","C13","Chinese","Genuine",0,"Happy 1 CN",1,3,2.875,23,"Scared","emotion",0.02517598,0.0155610742173913,0.00650226437949262,0.0433417950625,0,0,0,0,1.625,0.565217391304348,1,0,0,23,0
"E13HA01-03","C13","Chinese","Genuine",0,"Happy 1 CN",1,3,2.875,23,"Disgusted","emotion",0.05439526,0.0208536996956522,0.016113586806106,0.0572642796875,0,0,0,0,2.25,0.782608695652174,1,0,0,23,0
"E13HA01-03","C13","Chinese","Genuine",0,"Happy 1 CN",1,3,2.875,23,"Contempt","emotion",0.05518625,0.0302374922608696,0.0122912665387917,0.0852071495,0,0,0,0,2.125,0.739130434782609,1,0,0,23,0
"E13HA01-03","C13","Chinese","Genuine",0,"Happy 1 CN",1,3,2.875,23,"AU01","action_unit",0,0,0,0,0,0,0,0,0,0,1,0,0,23,0
"E13HA01-03","C13","Chinese","Genuine",0,"Happy 1 CN",1,3,2.875,23,"AU02","action_unit",0,0,0,0,0,0,0,0,0,0,1,0,0,23,0
"E13HA01-03","C13","Chinese","Genuine",0,"Happy 1 CN",1,3,2.875,23,"AU04","action_unit",1,0.695652173913043,0.470471968896965,1.9375,0.695652173913043,1,2,2,0.875,0.304347826086957,1,0,1,23,0
"E13HA01-03","C13","Chinese","Genuine",0,"Happy 1 CN",1,3,2.875,23,"AU05","action_unit",0,0,0,0,0,0,0,0,0,0,1,0,0,23,0
"E13HA01-03","C13","Chinese","Genuine",0,"Happy 1 CN",1,3,2.875,23,"AU06","action_unit",3,2.47826086956522,0.845822096993715,6.875,1,1,2.875,2.875,0.875,0.304347826086957,0,1,1,23,0
"E13HA01-03","C13","Chinese","Genuine",0,"Happy 1 CN",1,3,2.875,23,"AU07","action_unit",2,1,0.603022689155527,2.8125,0.826086956521739,1,2.375,2.375,1.625,0.565217391304348,1,0,1,23,0
"E13HA01-03","C13","Chinese","Genuine",0,"Happy 1 CN",1,3,2.875,23,"AU09","action_unit",1,0.347826086956522,0.486984753557674,1,0.347826086956522,1,1,1,0.75,0.260869565217391,1,0,0,23,0
"E13HA01-03","C13","Chinese","Genuine",0,"Happy 1 CN",1,3,2.875,23,"AU10","action_unit",0,0,0,0,0,0,0,0,0,0,1,0,0,23,0
"E13HA01-03","C13","Chinese","Genuine",0,"Happy 1 CN",1,3,2.875,23,"AU12","action_unit",2,1.78260869565217,0.42174116783665,4.9375,1,1,2.875,2.875,0.625,0.217391304347826,0,1,1,23,0
"E13HA01-03","C13","Chinese","Genuine",0,"Happy 1 CN",1,3,2.875,23,"AU14","action_unit",0,0,0,0,0,0,0,0,0,0,1,0,0,23,0
"E13HA01-03","C13","Chinese","Genuine",0,"Happy 1 CN",1,3,2.875,23,"AU15","action_unit",0,0,0,0,0,0,0,0,0,0,1,0,0,23,0
"E13HA01-03","C13","Chinese","Genuine",0,"Happy 1 CN",1,3,2.875,23,"AU17","action_unit",1,0.608695652173913,0.499010879347845,1.75,0.608695652173913,1,1.75,1.75,0.625,0.217391304347826,1,0,0,23,0
"E13HA01-03","C13","Chinese","Genuine",0,"Happy 1 CN",1,3,2.875,23,"AU18","action_unit",0,0,0,0,0,0,0,0,0,0,1,0,0,23,0
"E13HA01-03","C13","Chinese","Genuine",0,"Happy 1 CN",1,3,2.875,23,"AU20","action_unit",0,0,0,0,0,0,0,0,0,0,1,0,0,23,0
"E13HA01-03","C13","Chinese","Genuine",0,"Happy 1 CN",1,3,2.875,23,"AU23","action_unit",0,0,0,0,0,0,0,0,0,0,1,0,0,23,0
"E13HA01-03","C13","Chinese","Genuine",0,"Happy 1 CN",1,3,2.875,23,"AU24","action_unit",0,0,0,0,0,0,0,0,0,0,1,0,0,23,0
"E13HA01-03","C13","Chinese","Genuine",0,"Happy 1 CN",1,3,2.875,23,"AU25","action_unit",2,0.217391304347826,0.518434859512082,0.5625,0.173913043478261,1,0.5,0.5,2.625,0.91304347826087,1,0,1,23,0
"E13HA01-03","C13","Chinese","Genuine",0,"Happy 1 CN",1,3,2.875,23,"AU26","action_unit",0,0,0,0,0,0,0,0,0,0,1,0,0,23,0
"E13HA01-03","C13","Chinese","Genuine",0,"Happy 1 CN",1,3,2.875,23,"AU27","action_unit",0,0,0,0,0,0,0,0,0,0,1,0,0,23,0
"E13HA01-03","C13","Chinese","Genuine",0,"Happy 1 CN",1,3,2.875,23,"AU43","action_unit",3,1.52173913043478,1.16266016364477,4.1875,0.739130434782609,1,2.125,2.125,2.125,0.739130434782609,1,0,1,23,0
"E13HA02-03","C13","Chinese","Genuine",0,"Happy 2 CN",2,3,8.625,69,"Neutral","emotion",0.4530519,0.233060592753623,0.0685737745828499,1.96505989375,0,0,0,0,8.5,0.985507246376812,1,0,0,69,0
"E13HA02-03","C13","Chinese","Genuine",0,"Happy 2 CN",2,3,8.625,69,"Happy","emotion",0.7379349,0.535233146956522,0.138085046520386,4.58176169,0.652173913043478,3,5.625,3.5,7,0.811594202898551,1,0,0,69,0
"E13HA02-03","C13","Chinese","Genuine",0,"Happy 2 CN",2,3,8.625,69,"Sad","emotion",0.02866996,0.0070431521884058,0.00685056148247777,0.0588375656875,0,0,0,0,8.375,0.971014492753623,1,0,0,69,0
"E13HA02-03","C13","Chinese","Genuine",0,"Happy 2 CN",2,3,8.625,69,"Angry","emotion",0.1387672,0.0521042831884058,0.020936793014036,0.435658745625,0,0,0,0,8.5,0.985507246376812,1,0,0,69,0
"E13HA02-03","C13","Chinese","Genuine",0,"Happy 2 CN",2,3,8.625,69,"Surprised","emotion",0.000171413,0.000111156362318841,3.65587671431705e-05,0.00094696675,0,0,0,0,0.625,0.072463768115942,1,0,0,69,0
"E13HA02-03","C13","Chinese","Genuine",0,"Happy 2 CN",2,3,8.625,69,"Scared","emotion",0.01363348,0.00891994114492754,0.00204244248129761,0.0761349936875,0,0,0,0,2.125,0.246376811594203,1,0,0,69,0
"E13HA02-03","C13","Chinese","Genuine",0,"Happy 2 CN",2,3,8.625,69,"Disgusted","emotion",0.1124219,0.0264204725362319,0.0248579894561379,0.21913422875,0,0,0,0,8.5,0.985507246376812,1,0,0,69,0
"E13HA02-03","C13","Chinese","Genuine",0,"Happy 2 CN",2,3,8.625,69,"Contempt","emotion",0.1240999,0.0684327333333333,0.0205948734590978,0.583174613125,0,0,0,0,8,0.927536231884058,1,0,0,69,0
"E13HA02-03","C13","Chinese","Genuine",0,"Happy 2 CN",2,3,8.625,69,"AU01","action_unit",0,0,0,0,0,0,0,0,0,0,1,0,0,69,0
"E13HA02-03","C13","Chinese","Genuine",0,"Happy 2 CN",2,3,8.625,69,"AU02","action_unit",0,0,0,0,0,0,0,0,0,0,1,0,0,69,0
"E13HA02-03","C13","Chinese","Genuine",0,"Happy 2 CN",2,3,8.625,69,"AU04","action_unit",1,0.840579710144927,0.368749412992438,7.1875,0.840579710144927,3,7.25,5.625,0.375,0.0434782608695652,1,0,1,69,0
"E13HA02-03","C13","Chinese","Genuine",0,"Happy 2 CN",2,3,8.625,69,"AU05","action_unit",0,0,0,0,0,0,0,0,0,0,1,0,0,69,0
"E13HA02-03","C13","Chinese","Genuine",0,"Happy 2 CN",2,3,8.625,69,"AU06","action_unit",3,2.73913043478261,0.442325868464691,23.3125,1,1,8.625,8.625,0.5,0.0579710144927536,0,1,1,69,0
"E13HA02-03","C13","Chinese","Genuine",0,"Happy 2 CN",2,3,8.625,69,"AU07","action_unit",2,1.39130434782609,0.491617716869156,11.8125,1,1,8.625,8.625,0,0,0,1,1,69,0
"E13HA02-03","C13","Chinese","Genuine",0,"Happy 2 CN",2,3,8.625,69,"AU09","action_unit",1,0.333333333333333,0.474858079933817,2.875,0.333333333333333,1,2.875,2.875,0.5,0.0579710144927536,1,0,0,69,0
"E13HA02-03","C13","Chinese","Genuine",0,"Happy 2 CN",2,3,8.625,69,"AU10","action_unit",0,0,0,0,0,0,0,0,0,0,1,0,0,69,0
"E13HA02-03","C13","Chinese","Genuine",0,"Happy 2 CN",2,3,8.625,69,"AU12","action_unit",2,1.8695652173913,0.339248454773925,16,1,1,8.625,8.625,0.25,0.0289855072463768,0,1,1,69,0
"E13HA02-03","C13","Chinese","Genuine",0,"Happy 2 CN",2,3,8.625,69,"AU14","action_unit",1,0.130434782608696,0.339248454773926,1.125,0.130434782608696,2,1.125,0.875,3.125,0.36231884057971,1,0,0,69,0
"E13HA02-03","C13","Chinese","Genuine",0,"Happy 2 CN",2,3,8.625,69,"AU15","action_unit",0,0,0,0,0,0,0,0,0,0,1,0,0,69,0
"E13HA02-03","C13","Chinese","Genuine",0,"Happy 2 CN",2,3,8.625,69,"AU17","action_unit",2,1.20289855072464,0.583592075121765,10.25,0.91304347826087,2,7.875,7.75,2.125,0.246376811594203,1,0,1,69,0
"E13HA02-03","C13","Chinese","Genuine",0,"Happy 2 CN",2,3,8.625,69,"AU18","action_unit",0,0,0,0,0,0,0,0,0,0,1,0,0,69,0
"E13HA02-03","C13","Chinese","Genuine",0,"Happy 2 CN",2,3,8.625,69,"AU20","action_unit",1,0.376811594202899,0.48813719369005,3.25,0.376811594202899,2,3.25,2.625,3,0.347826086956522,1,0,0,69,0
"E13HA02-03","C13","Chinese","Genuine",0,"Happy 2 CN",2,3,8.625,69,"AU23","action_unit",0,0,0,0,0,0,0,0,0,0,1,0,0,69,0
"E13HA02-03","C13","Chinese","Genuine",0,"Happy 2 CN",2,3,8.625,69,"AU24","action_unit",0,0,0,0,0,0,0,0,0,0,1,0,0,69,0
"E13HA02-03","C13","Chinese","Genuine",0,"Happy 2 CN",2,3,8.625,69,"AU25","action_unit",0,0,0,0,0,0,0,0,0,0,1,0,0,69,0
"E13HA02-03","C13","Chinese","Genuine",0,"Happy 2 CN",2,3,8.625,69,"AU26","action_unit",0,0,0,0,0,0,0,0,0,0,1,0,0,69,0
"E13HA02-03","C13","Chinese","Genuine",0,"Happy 2 CN",2,3,8.625,69,"AU27","action_unit",0,0,0,0,0,0,0,0,0,0,1,0,0,69,0
"E13HA02-03","C13","Chinese","Genuine",0,"Happy 2 CN",2,3,8.625,69,"AU43","action_unit",2,1.17391304347826,0.381811538786998,10,1,1,8.625,8.625,0.875,0.101449275362319,0,1,1,69,0
"E13HA03-03","C13","Chinese","Genuine",0,"Happy 3 CN",3,3,8.625,69,"Neutral","emotion",0.5142967,0.153945736521739,0.0910159025919976,1.27212993375,0.0144927536231884,1,0.125,0.125,8.5,0.985507246376812,1,0,1,69,0
"E13HA03-03","C13","Chinese","Genuine",0,"Happy 3 CN",3,3,8.625,69,"Happy","emotion",0.8855718,0.719745315942029,0.129177122201462,6.1642858625,0.898550724637681,2,7.75,4.125,5.5,0.63768115942029,1,0,0,69,0
"E13HA03-03","C13","Chinese","Genuine",0,"Happy 3 CN",3,3,8.625,69,"Sad","emotion",0.0316633,0.00570538115942029,0.00540798316614073,0.04789498875,0,0,0,0,4.5,0.521739130434783,1,0,0,69,0
"E13HA03-03","C13","Chinese","Genuine",0,"Happy 3 CN",3,3,8.625,69,"Angry","emotion",0.1289166,0.0403933385507246,0.0259506715841023,0.334595033125,0,0,0,0,8.5,0.985507246376812,1,0,0,69,0
"E13HA03-03","C13","Chinese","Genuine",0,"Happy 3 CN",3,3,8.625,69,"Surprised","emotion",0.000591637,0.000239247492753623,0.000143761543323906,0.00199168775,0,0,0,0,8.5,0.985507246376812,1,0,0,69,0
"E13HA03-03","C13","Chinese","Genuine",0,"Happy 3 CN",3,3,8.625,69,"Scared","emotion",0.01179907,0.00537304630434783,0.002037955030204,0.045264232375,0,0,0,0,8.5,0.985507246376812,1,0,0,69,0
"E13HA03-03","C13","Chinese","Genuine",0,"Happy 3 CN",3,3,8.625,69,"Disgusted","emotion",0.08623987,0.0174008445652174,0.0146770115483409,0.147446088125,0,0,0,0,4.5,0.521739130434783,1,0,0,69,0
"E13HA03-03","C13","Chinese","Genuine",0,"Happy 3 CN",3,3,8.625,69,"Contempt","emotion",0.2816723,0.0959828415362319,0.06691094340372,0.811052735125,0,0,0,0,7.75,0.898550724637681,1,0,0,69,0
"E13HA03-03","C13","Chinese","Genuine",0,"Happy 3 CN",3,3,8.625,69,"AU01","action_unit",0,0,0,0,0,0,0,0,0,0,1,0,0,69,0
"E13HA03-03","C13","Chinese","Genuine",0,"Happy 3 CN",3,3,8.625,69,"AU02","action_unit",0,0,0,0,0,0,0,0,0,0,1,0,0,69,0
"E13HA03-03","C13","Chinese","Genuine",0,"Happy 3 CN",3,3,8.625,69,"AU04","action_unit",1,0.710144927536232,0.457018768933745,6.125,0.710144927536232,2,6.125,5.875,0.375,0.0434782608695652,1,0,0,69,0
"E13HA03-03","C13","Chinese","Genuine",0,"Happy 3 CN",3,3,8.625,69,"AU05","action_unit",0,0,0,0,0,0,0,0,0,0,1,0,0,69,0
"E13HA03-03","C13","Chinese","Genuine",0,"Happy 3 CN",3,3,8.625,69,"AU06","action_unit",4,2.94202898550725,0.449969213685927,25.125,1,1,8.625,8.625,2.375,0.27536231884058,0,1,1,69,0
"E13HA03-03","C13","Chinese","Genuine",0,"Happy 3 CN",3,3,8.625,69,"AU07","action_unit",2,1.47826086956522,0.503186775408785,12.625,1,1,8.625,8.625,0.625,0.072463768115942,0,1,1,69,0
"E13HA03-03","C13","Chinese","Genuine",0,"Happy 3 CN",3,3,8.625,69,"AU09","action_unit",1,0.27536231884058,0.449969213685928,2.375,0.27536231884058,1,2.375,2.375,0.375,0.0434782608695652,1,0,0,69,0
"E13HA03-03","C13","Chinese","Genuine",0,"Happy 3 CN",3,3,8.625,69,"AU10","action_unit",0,0,0,0,0,0,0,0,0,0,1,0,0,69,0
"E13HA03-03","C13","Chinese","Genuine",0,"Happy 3 CN",3,3,8.625,69,"AU12","action_unit",3,2.34782608695652,0.660349438611232,20.125,1,1,8.625,8.625,0.875,0.101449275362319,0,1,1,69,0
"E13HA03-03","C13","Chinese","Genuine",0,"Happy 3 CN",3,3,8.625,69,"AU14","action_unit",1,0.115942028985507,0.322500883904761,0.9375,0.115942028985507,1,1,1,7.625,0.884057971014493,1,0,1,69,0
"E13HA03-03","C13","Chinese","Genuine",0,"Happy 3 CN",3,3,8.625,69,"AU15","action_unit",0,0,0,0,0,0,0,0,0,0,1,0,0,69,0
"E13HA03-03","C13","Chinese","Genuine",0,"Happy 3 CN",3,3,8.625,69,"AU17","action_unit",1,0.492753623188406,0.503610155185335,4.25,0.492753623188406,3,4.25,2.5,0.375,0.0434782608695652,1,0,0,69,0
"E13HA03-03","C13","Chinese","Genuine",0,"Happy 3 CN",3,3,8.625,69,"AU18","action_unit",0,0,0,0,0,0,0,0,0,0,1,0,0,69,0
"E13HA03-03","C13","Chinese","Genuine",0,"Happy 3 CN",3,3,8.625,69,"AU20","action_unit",1,0.173913043478261,0.381811538786998,1.5,0.173913043478261,4,1.5,0.625,2.125,0.246376811594203,1,0,0,69,0
"E13HA03-03","C13","Chinese","Genuine",0,"Happy 3 CN",3,3,8.625,69,"AU23","action_unit",0,0,0,0,0,0,0,0,0,0,1,0,0,69,0
"E13HA03-03","C13","Chinese","Genuine",0,"Happy 3 CN",3,3,8.625,69,"AU24","action_unit",0,0,0,0,0,0,0,0,0,0,1,0,0,69,0
"E13HA03-03","C13","Chinese","Genuine",0,"Happy 3 CN",3,3,8.625,69,"AU25","action_unit",3,0.478260869565217,0.979325933429452,4.125,0.231884057971014,1,2,2,5.125,0.594202898550725,1,0,0,69,0
"E13HA03-03","C13","Chinese","Genuine",0,"Happy 3 CN",3,3,8.625,69,"AU26","action_unit",1,0.144927536231884,0.35460675480613,1.25,0.144927536231884,1,1.25,1.25,5,0.579710144927536,1,0,0,69,0
"E13HA03-03","C13","Chinese","Genuine",0,"Happy 3 CN",3,3,8.625,69,"AU27","action_unit",0,0,0,0,0,0,0,0,0,0,1,0,0,69,0
"E13HA03-03","C13","Chinese","Genuine",0,"Happy 3 CN",3,3,8.625,69,"AU43","action_unit",3,1.33333333333333,0.740958573634949,11.5,0.927536231884058,1,8,8,3.625,0.420289855072464,1,0,0,69,0
"E13HA04-03","C13","Chinese","Genuine",0,"Happy 4 CN",4,3,6.375,51,"Neutral","emotion",0.3039354,0.168659776666667,0.060752838564644,1.04374212,0,0,0,0,0.5,0.0784313725490196,1,0,0,51,0
"E13HA04-03","C13","Chinese","Genuine",0,"Happy 4 CN",4,3,6.375,51,"Happy","emotion",0.8507904,0.618486973745098,0.218857366996485,3.9121972024375,0.823529411764706,1,5.25,5.25,5.375,0.843137254901961,1,0,0,51,0
"E13HA04-03","C13","Chinese","Genuine",0,"Happy 4 CN",4,3,6.375,51,"Sad","emotion",0.09794112,0.0163426815098039,0.0211420727608111,0.097764568625,0,0,0,0,0,0,1,0,0,51,0
"E13HA04-03","C13","Chinese","Genuine",0,"Happy 4 CN",4,3,6.375,51,"Angry","emotion",0.7764144,0.118403566862745,0.178024996353246,0.69715107,0.0784313725490196,1,0.5,0.5,0,0,0,1,0,51,0
"E13HA04-03","C13","Chinese","Genuine",0,"Happy 4 CN",4,3,6.375,51,"Surprised","emotion",0.000426554,0.000190062941176471,7.45084184562823e-05,0.0011857961875,0,0,0,0,4.375,0.686274509803922,1,0,0,51,0
"E13HA04-03","C13","Chinese","Genuine",0,"Happy 4 CN",4,3,6.375,51,"Scared","emotion",0.01388333,0.00730756147058823,0.00308458690460298,0.0455174418125,0,0,0,0,0.25,0.0392156862745098,1,0,0,51,0
"E13HA04-03","C13","Chinese","Genuine",0,"Happy 4 CN",4,3,6.375,51,"Disgusted","emotion",0.02244393,0.00830256415686275,0.0052823423782948,0.05180268725,0,0,0,0,4.375,0.686274509803922,1,0,0,51,0
"E13HA04-03","C13","Chinese","Genuine",0,"Happy 4 CN",4,3,6.375,51,"Contempt","emotion",0.2130965,0.0920343875294118,0.0542150762532204,0.5840714825625,0,0,0,0,4.875,0.764705882352941,1,0,0,51,0
"E13HA04-03","C13","Chinese","Genuine",0,"Happy 4 CN",4,3,6.375,51,"AU01","action_unit",0,0,0,0,0,0,0,0,0,0,1,0,0,51,0
"E13HA04-03","C13","Chinese","Genuine",0,"Happy 4 CN",4,3,6.375,51,"AU02","action_unit",0,0,0,0,0,0,0,0,0,0,1,0,0,51,0
"E13HA04-03","C13","Chinese","Genuine",0,"Happy 4 CN",4,3,6.375,51,"AU04","action_unit",1,0.745098039215686,0.44014257939454,4.75,0.745098039215686,1,4.75,4.75,0.625,0.0980392156862745,1,0,0,51,0
"E13HA04-03","C13","Chinese","Genuine",0,"Happy 4 CN",4,3,6.375,51,"AU05","action_unit",0,0,0,0,0,0,0,0,0,0,1,0,0,51,0
"E13HA04-03","C13","Chinese","Genuine",0,"Happy 4 CN",4,3,6.375,51,"AU06","action_unit",3,1.84313725490196,1.08392894637255,11.625,0.88235294117647,1,5.625,5.625,3.125,0.490196078431373,1,0,1,51,0
"E13HA04-03","C13","Chinese","Genuine",0,"Happy 4 CN",4,3,6.375,51,"AU07","action_unit",1,0.843137254901961,0.367290022712725,5.3125,0.843137254901961,1,5.375,5.375,1,0.156862745098039,1,0,1,51,0
"E13HA04-03","C13","Chinese","Genuine",0,"Happy 4 CN",4,3,6.375,51,"AU09","action_unit",0,0,0,0,0,0,0,0,0,0,1,0,0,51,0
"E13HA04-03","C13","Chinese","Genuine",0,"Happy 4 CN",4,3,6.375,51,"AU10","action_unit",0,0,0,0,0,0,0,0,0,0,1,0,0,51,0
"E13HA04-03","C13","Chinese","Genuine",0,"Happy 4 CN",4,3,6.375,51,"AU12","action_unit",3,2.23529411764706,0.90748521297303,14.125,0.92156862745098,1,5.875,5.875,2.5,0.392156862745098,1,0,1,51,0
"E13HA04-03","C13","Chinese","Genuine",0,"Happy 4 CN",4,3,6.375,51,"AU14","action_unit",1,0.235294117647059,0.42840332837725,1.5,0.235294117647059,1,1.5,1.5,3.75,0.588235294117647,1,0,0,51,0
"E13HA04-03","C13","Chinese","Genuine",0,"Happy 4 CN",4,3,6.375,51,"AU15","action_unit",0,0,0,0,0,0,0,0,0,0,1,0,0,51,0
"E13HA04-03","C13","Chinese","Genuine",0,"Happy 4 CN",4,3,6.375,51,"AU17","action_unit",1,0.529411764705882,0.504100830250083,3.375,0.529411764705882,1,3.375,3.375,1.625,0.254901960784314,1,0,0,51,0
"E13HA04-03","C13","Chinese","Genuine",0,"Happy 4 CN",4,3,6.375,51,"AU18","action_unit",0,0,0,0,0,0,0,0,0,0,1,0,0,51,0
"E13HA04-03","C13","Chinese","Genuine",0,"Happy 4 CN",4,3,6.375,51,"AU20","action_unit",0,0,0,0,0,0,0,0,0,0,1,0,0,51,0
"E13HA04-03","C13","Chinese","Genuine",0,"Happy 4 CN",4,3,6.375,51,"AU23","action_unit",0,0,0,0,0,0,0,0,0,0,1,0,0,51,0
"E13HA04-03","C13","Chinese","Genuine",0,"Happy 4 CN",4,3,6.375,51,"AU24","action_unit",0,0,0,0,0,0,0,0,0,0,1,0,0,51,0
"E13HA04-03","C13","Chinese","Genuine",0,"Happy 4 CN",4,3,6.375,51,"AU25","action_unit",0,0,0,0,0,0,0,0,0,0,1,0,0,51,0
"E13HA04-03","C13","Chinese","Genuine",0,"Happy 4 CN",4,3,6.375,51,"AU26","action_unit",0,0,0,0,0,0,0,0,0,0,1,0,0,51,0
"E13HA04-03","C13","Chinese","Genuine",0,"Happy 4 CN",4,3,6.375,51,"AU27","action_unit",0,0,0,0,0,0,0,0,0,0,1,0,0,51,0
"E13HA04-03","C13","Chinese","Genuine",0,"Happy 4 CN",4,3,6.375,51,"AU43","action_unit",3,1.52941176470588,0.783656587453218,9.6875,0.96078431372549,1,6.125,6.125,1.875,0.294117647058824,1,0,1,51,0
"E13HA05-03","C13","Chinese","Genuine",0,"Happy 5 CN",5,3,4.625,37,"Neutral","emotion",0.4591546,0.231925598918919,0.114893524905817,1.01916812625,0,0,0,0,0,0,1,0,0,37,0
"E13HA05-03","C13","Chinese","Genuine",0,"Happy 5 CN",5,3,4.625,37,"Happy","emotion",0.8618571,0.526496778378378,0.243884328452584,2.425366935625,0.486486486486487,2,2.25,2,1.5,0.324324324324324,1,0,0,37,0
"E13HA05-03","C13","Chinese","Genuine",0,"Happy 5 CN",5,3,4.625,37,"Sad","emotion",0.03782377,0.00852364662162162,0.00961594151988624,0.035263644375,0,0,0,0,4.375,0.945945945945946,1,0,0,37,0
"E13HA05-03","C13","Chinese","Genuine",0,"Happy 5 CN",5,3,4.625,37,"Angry","emotion",0.5334217,0.118254060702703,0.14168007579301,0.499607462,0.0540540540540541,1,0.25,0.25,0,0,0,1,0,37,0
"E13HA05-03","C13","Chinese","Genuine",0,"Happy 5 CN",5,3,4.625,37,"Surprised","emotion",0.001956972,0.000523099621621622,0.000458963442884395,0.002321528,0,0,0,0,4,0.864864864864865,1,0,0,37,0
"E13HA05-03","C13","Chinese","Genuine",0,"Happy 5 CN",5,3,4.625,37,"Scared","emotion",0.01349723,0.00665450327027027,0.00398957820664704,0.0296440005625,0,0,0,0,0.25,0.0540540540540541,1,0,0,37,0
"E13HA05-03","C13","Chinese","Genuine",0,"Happy 5 CN",5,3,4.625,37,"Disgusted","emotion",0.09919553,0.0264985741351351,0.0227679031783539,0.1155154385,0,0,0,0,4.5,0.972972972972973,1,0,0,37,0
"E13HA05-03","C13","Chinese","Genuine",0,"Happy 5 CN",5,3,4.625,37,"Contempt","emotion",0.05958584,0.0209795773243243,0.0186953924153536,0.09665781125,0,0,0,0,3.125,0.675675675675676,1,0,0,37,0
"E13HA05-03","C13","Chinese","Genuine",0,"Happy 5 CN",5,3,4.625,37,"AU01","action_unit",0,0,0,0,0,0,0,0,0,0,1,0,0,37,0
"E13HA05-03","C13","Chinese","Genuine",0,"Happy 5 CN",5,3,4.625,37,"AU02","action_unit",0,0,0,0,0,0,0,0,0,0,1,0,0,37,0
"E13HA05-03","C13","Chinese","Genuine",0,"Happy 5 CN",5,3,4.625,37,"AU04","action_unit",1,0.72972972972973,0.450225168890748,3.3125,0.72972972972973,2,3.375,2.75,0.375,0.0810810810810811,1,0,1,37,0
"E13HA05-03","C13","Chinese","Genuine",0,"Happy 5 CN",5,3,4.625,37,"AU05","action_unit",0,0,0,0,0,0,0,0,0,0,1,0,0,37,0
"E13HA05-03","C13","Chinese","Genuine",0,"Happy 5 CN",5,3,4.625,37,"AU06","action_unit",3,2.59459459459459,0.685543558039874,11.8125,1,1,4.625,4.625,0.625,0.135135135135135,0,1,1,37,0
"E13HA05-03","C13","Chinese","Genuine",0,"Happy 5 CN",5,3,4.625,37,"AU07","action_unit",2,1.18918918918919,0.518429135725191,5.4375,0.945945945945946,1,4.375,4.375,2.625,0.567567567567568,1,0,1,37,0
"E13HA05-03","C13","Chinese","Genuine",0,"Happy 5 CN",5,3,4.625,37,"AU09","action_unit",1,0.621621621621621,0.491672392698372,2.875,0.621621621621622,1,2.875,2.875,1.5,0.324324324324324,1,0,0,37,0
"E13HA05-03","C13","Chinese","Genuine",0,"Happy 5 CN",5,3,4.625,37,"AU10","action_unit",0,0,0,0,0,0,0,0,0,0,1,0,0,37,0
"E13HA05-03","C13","Chinese","Genuine",0,"Happy 5 CN",5,3,4.625,37,"AU12","action_unit",3,1.89189189189189,0.993975848795125,8.6875,0.918918918918919,1,4.25,4.25,0.875,0.189189189189189,1,0,1,37,0
"E13HA05-03","C13","Chinese","Genuine",0,"Happy 5 CN",5,3,4.625,37,"AU14","action_unit",0,0,0,0,0,0,0,0,0,0,1,0,0,37,0
"E13HA05-03","C13","Chinese","Genuine",0,"Happy 5 CN",5,3,4.625,37,"AU15","action_unit",0,0,0,0,0,0,0,0,0,0,1,0,0,37,0
"E13HA05-03","C13","Chinese","Genuine",0,"Happy 5 CN",5,3,4.625,37,"AU17","action_unit",2,0.486486486486487,0.692083072310672,2.25,0.378378378378378,1,1.75,1.75,3,0.648648648648649,1,0,0,37,0
"E13HA05-03","C13","Chinese","Genuine",0,"Happy 5 CN",5,3,4.625,37,"AU18","action_unit",0,0,0,0,0,0,0,0,0,0,1,0,0,37,0
"E13HA05-03","C13","Chinese","Genuine",0,"Happy 5 CN",5,3,4.625,37,"AU20","action_unit",0,0,0,0,0,0,0,0,0,0,1,0,0,37,0
"E13HA05-03","C13","Chinese","Genuine",0,"Happy 5 CN",5,3,4.625,37,"AU23","action_unit",0,0,0,0,0,0,0,0,0,0,1,0,0,37,0
"E13HA05-03","C13","Chinese","Genuine",0,"Happy 5 CN",5,3,4.625,37,"AU24","action_unit",0,0,0,0,0,0,0,0,0,0,1,0,0,37,0
"E13HA05-03","C13","Chinese","Genuine",0,"Happy 5 CN",5,3,4.625,37,"AU25","action_unit",4,1.97297297297297,1.30141987601761,9.0625,0.837837837837838,2,3.875,2.75,1.5,0.324324324324324,1,0,1,37,0
"E13HA05-03","C13","Chinese","Genuine",0,"Happy 5 CN",5,3,4.625,37,"AU26","action_unit",1,0.513513513513513,0.506711709709532,2.375,0.513513513513513,2,2.375,1.75,1.125,0.243243243243243,1,0,0,37,0
"E13HA05-03","C13","Chinese","Genuine",0,"Happy 5 CN",5,3,4.625,37,"AU27","action_unit",0,0,0,0,0,0,0,0,0,0,1,0,0,37,0
"E13HA05-03","C13","Chinese","Genuine",0,"Happy 5 CN",5,3,4.625,37,"AU43","action_unit",4,2.35135135135135,1.08566969133281,10.6875,0.891891891891892,1,4.125,4.125,1.875,0.405405405405405,1,0,1,37,0
"E13HA06-04","C13","Chinese","Genuine",0,"Happy 6 CN",6,4,4.125,33,"Neutral","emotion",0.4161093,0.201334494545455,0.134086138650466,0.781676865,0,0,0,0,0.375,0.0909090909090909,1,0,0,33,0
"E13HA06-04","C13","Chinese","Genuine",0,"Happy 6 CN",6,4,4.125,33,"Happy","emotion",0.909589,0.640438772727273,0.223564907679542,2.60409065,0.666666666666667,1,2.75,2.75,3,0.727272727272727,1,0,0,33,0
"E13HA06-04","C13","Chinese","Genuine",0,"Happy 6 CN",6,4,4.125,33,"Sad","emotion",0.0139914,0.00319487721212121,0.00390722508240959,0.012204407,0,0,0,0,3.875,0.93939393939394,1,0,0,33,0
"E13HA06-04","C13","Chinese","Genuine",0,"Happy 6 CN",6,4,4.125,33,"Angry","emotion",0.2560306,0.0802490683636364,0.0735733374795838,0.3143691695,0,0,0,0,0.5,0.121212121212121,1,0,0,33,0
"E13HA06-04","C13","Chinese","Genuine",0,"Happy 6 CN",6,4,4.125,33,"Surprised","emotion",0.000613044,0.00035657703030303,9.2157177325102e-05,0.00143292975,0,0,0,0,1.5,0.363636363636364,1,0,0,33,0
"E13HA06-04","C13","Chinese","Genuine",0,"Happy 6 CN",6,4,4.125,33,"Scared","emotion",0.01611906,0.00753183278787879,0.00515819245039349,0.029811017875,0,0,0,0,0.5,0.121212121212121,1,0,0,33,0
"E13HA06-04","C13","Chinese","Genuine",0,"Happy 6 CN",6,4,4.125,33,"Disgusted","emotion",0.04825439,0.0130875516666667,0.0111915371179588,0.050313049375,0,0,0,0,4,0.96969696969697,1,0,0,33,0
"E13HA06-04","C13","Chinese","Genuine",0,"Happy 6 CN",6,4,4.125,33,"Contempt","emotion",0.07234973,0.021417999969697,0.0188782661058271,0.0866396035,0,0,0,0,1,0.242424242424242,1,0,0,33,0
"E13HA06-04","C13","Chinese","Genuine",0,"Happy 6 CN",6,4,4.125,33,"AU01","action_unit",0,0,0,0,0,0,0,0,0,0,1,0,0,33,0
"E13HA06-04","C13","Chinese","Genuine",0,"Happy 6 CN",6,4,4.125,33,"AU02","action_unit",0,0,0,0,0,0,0,0,0,0,1,0,0,33,0
"E13HA06-04","C13","Chinese","Genuine",0,"Happy 6 CN",6,4,4.125,33,"AU04","action_unit",1,0.151515151515152,0.364109540627209,0.625,0.151515151515152,1,0.625,0.625,2,0.484848484848485,1,0,0,33,0
"E13HA06-04","C13","Chinese","Genuine",0,"Happy 6 CN",6,4,4.125,33,"AU05","action_unit",0,0,0,0,0,0,0,0,0,0,1,0,0,33,0
"E13HA06-04","C13","Chinese","Genuine",0,"Happy 6 CN",6,4,4.125,33,"AU06","action_unit",3,2.3030303030303,0.466693722159438,9.25,1,1,4.125,4.125,2.125,0.515151515151515,0,1,1,33,0
"E13HA06-04","C13","Chinese","Genuine",0,"Happy 6 CN",6,4,4.125,33,"AU07","action_unit",1,0.515151515151515,0.507519218922552,2.0625,0.515151515151515,1,2.125,2.125,2,0.484848484848485,1,0,1,33,0
"E13HA06-04","C13","Chinese","Genuine",0,"Happy 6 CN",6,4,4.125,33,"AU09","action_unit",0,0,0,0,0,0,0,0,0,0,1,0,0,33,0
"E13HA06-04","C13","Chinese","Genuine",0,"Happy 6 CN",6,4,4.125,33,"AU10","action_unit",0,0,0,0,0,0,0,0,0,0,1,0,0,33,0
"E13HA06-04","C13","Chinese","Genuine",0,"Happy 6 CN",6,4,4.125,33,"AU12","action_unit",3,1.72727272727273,0.719058728161653,7,1,1,4.125,4.125,2.75,0.666666666666667,0,1,1,33,0
"E13HA06-04","C13","Chinese","Genuine",0,"Happy 6 CN",6,4,4.125,33,"AU14","action_unit",0,0,0,0,0,0,0,0,0,0,1,0,0,33,0
"E13HA06-04","C13","Chinese","Genuine",0,"Happy 6 CN",6,4,4.125,33,"AU15","action_unit",0,0,0,0,0,0,0,0,0,0,1,0,0,33,0
"E13HA06-04","C13","Chinese","Genuine",0,"Happy 6 CN",6,4,4.125,33,"AU17","action_unit",0,0,0,0,0,0,0,0,0,0,1,0,0,33,0
"E13HA06-04","C13","Chinese","Genuine",0,"Happy 6 CN",6,4,4.125,33,"AU18","action_unit",0,0,0,0,0,0,0,0,0,0,1,0,0,33,0
"E13HA06-04","C13","Chinese","Genuine",0,"Happy 6 CN",6,4,4.125,33,"AU20","action_unit",0,0,0,0,0,0,0,0,0,0,1,0,0,33,0
"E13HA06-04","C13","Chinese","Genuine",0,"Happy 6 CN",6,4,4.125,33,"AU23","action_unit",0,0,0,0,0,0,0,0,0,0,1,0,0,33,0
"E13HA06-04","C13","Chinese","Genuine",0,"Happy 6 CN",6,4,4.125,33,"AU24","action_unit",0,0,0,0,0,0,0,0,0,0,1,0,0,33,0
"E13HA06-04","C13","Chinese","Genuine",0,"Happy 6 CN",6,4,4.125,33,"AU25","action_unit",3,1.39393939393939,1.1709876691119,5.6875,0.696969696969697,1,2.875,2.875,2.5,0.606060606060606,1,0,1,33,0
"E13HA06-04","C13","Chinese","Genuine",0,"Happy 6 CN",6,4,4.125,33,"AU26","action_unit",0,0,0,0,0,0,0,0,0,0,1,0,0,33,0
"E13HA06-04","C13","Chinese","Genuine",0,"Happy 6 CN",6,4,4.125,33,"AU27","action_unit",0,0,0,0,0,0,0,0,0,0,1,0,0,33,0
"E13HA06-04","C13","Chinese","Genuine",0,"Happy 6 CN",6,4,4.125,33,"AU43","action_unit",3,1.12121212121212,0.992395326897747,4.5625,0.636363636363636,1,2.625,2.625,1.625,0.393939393939394,1,0,1,33,0
"E14HA01-02","C14","Chinese","Genuine",0,"Happy 1 CN",1,2,5,40,"Neutral","emotion",0.5139942,0.1456008,0.156160400914445,0.6741825875,0.025,1,0.125,0.125,0.125,0.025,1,0,0,40,0
"E14HA01-02","C14","Chinese","Genuine",0,"Happy 1 CN",1,2,5,40,"Happy","emotion",0.9723403,0.699909187,0.325289599118567,3.48933548625,0.725,1,3.625,3.625,2.375,0.475,1,0,0,40,0
"E14HA01-02","C14","Chinese","Genuine",0,"Happy 1 CN",1,2,5,40,"Sad","emotion",0.06510796,0.0125668677,0.0174291340944695,0.056928224125,0,0,0,0,0,0,1,0,0,40,0
"E14HA01-02","C14","Chinese","Genuine",0,"Happy 1 CN",1,2,5,40,"Angry","emotion",0.2621716,0.0620072798,0.0854318191967334,0.28071455525,0,0,0,0,0.125,0.025,1,0,0,40,0
"E14HA01-02","C14","Chinese","Genuine",0,"Happy 1 CN",1,2,5,40,"Surprised","emotion",0.006399196,0.000952965275,0.00147883240925901,0.0045173503125,0,0,0,0,0.125,0.025,1,0,0,40,0
"E14HA01-02","C14","Chinese","Genuine",0,"Happy 1 CN",1,2,5,40,"Scared","emotion",0.003727222,0.0005230502,0.000828620486334387,0.0023507064375,0,0,0,0,0,0,1,0,0,40,0
"E14HA01-02","C14","Chinese","Genuine",0,"Happy 1 CN",1,2,5,40,"Disgusted","emotion",0.0945658,0.0196389454,0.0288172378685158,0.092021640125,0,0,0,0,4.25,0.85,1,0,0,40,0
"E14HA01-02","C14","Chinese","Genuine",0,"Happy 1 CN",1,2,5,40,"Contempt","emotion",0.009516206,0.00153359715,0.00217507923736139,0.007101317625,0,0,0,0,4.75,0.95,1,0,0,40,0
"E14HA01-02","C14","Chinese","Genuine",0,"Happy 1 CN",1,2,5,40,"AU01","action_unit",0,0,0,0,0,0,0,0,0,0,1,0,0,40,0
"E14HA01-02","C14","Chinese","Genuine",0,"Happy 1 CN",1,2,5,40,"AU02","action_unit",0,0,0,0,0,0,0,0,0,0,1,0,0,40,0
"E14HA01-02","C14","Chinese","Genuine",0,"Happy 1 CN",1,2,5,40,"AU04","action_unit",1,0.25,0.438529009653515,1.25,0.25,1,1.25,1.25,3.625,0.725,1,0,0,40,0
"E14HA01-02","C14","Chinese","Genuine",0,"Happy 1 CN",1,2,5,40,"AU05","action_unit",0,0,0,0,0,0,0,0,0,0,1,0,0,40,0
"E14HA01-02","C14","Chinese","Genuine",0,"Happy 1 CN",1,2,5,40,"AU06","action_unit",3,1.85,0.975336891172507,9.1875,0.9,1,4.5,4.5,1.5,0.3,1,0,1,40,0
"E14HA01-02","C14","Chinese","Genuine",0,"Happy 1 CN",1,2,5,40,"AU07","action_unit",0,0,0,0,0,0,0,0,0,0,1,0,0,40,0
"E14HA01-02","C14","Chinese","Genuine",0,"Happy 1 CN",1,2,5,40,"AU09","action_unit",0,0,0,0,0,0,0,0,0,0,1,0,0,40,0
"E14HA01-02","C14","Chinese","Genuine",0,"Happy 1 CN",1,2,5,40,"AU10","action_unit",0,0,0,0,0,0,0,0,0,0,1,0,0,40,0
"E14HA01-02","C14","Chinese","Genuine",0,"Happy 1 CN",1,2,5,40,"AU12","action_unit",4,3.35,0.948683298050514,16.5625,1,1,5,5,1,0.2,0,1,1,40,0
"E14HA01-02","C14","Chinese","Genuine",0,"Happy 1 CN",1,2,5,40,"AU14","action_unit",0,0,0,0,0,0,0,0,0,0,1,0,0,40,0
"E14HA01-02","C14","Chinese","Genuine",0,"Happy 1 CN",1,2,5,40,"AU15","action_unit",0,0,0,0,0,0,0,0,0,0,1,0,0,40,0
"E14HA01-02","C14","Chinese","Genuine",0,"Happy 1 CN",1,2,5,40,"AU17","action_unit",0,0,0,0,0,0,0,0,0,0,1,0,0,40,0
"E14HA01-02","C14","Chinese","Genuine",0,"Happy 1 CN",1,2,5,40,"AU18","action_unit",0,0,0,0,0,0,0,0,0,0,1,0,0,40,0
"E14HA01-02","C14","Chinese","Genuine",0,"Happy 1 CN",1,2,5,40,"AU20","action_unit",0,0,0,0,0,0,0,0,0,0,1,0,0,40,0
"E14HA01-02","C14","Chinese","Genuine",0,"Happy 1 CN",1,2,5,40,"AU23","action_unit",0,0,0,0,0,0,0,0,0,0,1,0,0,40,0
"E14HA01-02","C14","Chinese","Genuine",0,"Happy 1 CN",1,2,5,40,"AU24","action_unit",0,0,0,0,0,0,0,0,0,0,1,0,0,40,0
"E14HA01-02","C14","Chinese","Genuine",0,"Happy 1 CN",1,2,5,40,"AU25","action_unit",4,3.025,1.32988335713691,15.0625,0.925,1,4.625,4.625,1.25,0.25,1,0,1,40,0
"E14HA01-02","C14","Chinese","Genuine",0,"Happy 1 CN",1,2,5,40,"AU26","action_unit",1,0.7,0.464095480892257,3.5,0.7,1,3.5,3.5,1,0.2,1,0,0,40,0
"E14HA01-02","C14","Chinese","Genuine",0,"Happy 1 CN",1,2,5,40,"AU27","action_unit",0,0,0,0,0,0,0,0,0,0,1,0,0,40,0
"E14HA01-02","C14","Chinese","Genuine",0,"Happy 1 CN",1,2,5,40,"AU43","action_unit",4,3.45,0.638507875982989,16.875,1,1,5,5,1.625,0.325,0,1,1,40,0
"E14HA01-04","C14","Chinese","Genuine",0,"Happy 1 CN",1,4,4.875,39,"Neutral","emotion",0.4233148,0.337773830769231,0.0346800594408839,1.60176211875,0,0,0,0,0.125,0.0256410256410256,1,0,0,39,0
"E14HA01-04","C14","Chinese","Genuine",0,"Happy 1 CN",1,4,4.875,39,"Happy","emotion",0.2137435,0.109811909461538,0.052527001804774,0.5312015799375,0,0,0,0,0.625,0.128205128205128,1,0,0,39,0
"E14HA01-04","C14","Chinese","Genuine",0,"Happy 1 CN",1,4,4.875,39,"Sad","emotion",0.005035489,0.00153407861538462,0.00133903161231467,0.0070670179375,0,0,0,0,0.375,0.0769230769230769,1,0,0,39,0
"E14HA01-04","C14","Chinese","Genuine",0,"Happy 1 CN",1,4,4.875,39,"Angry","emotion",0.4085934,0.20370178974359,0.0821580220224249,0.96423413125,0,0,0,0,4.25,0.871794871794872,1,0,0,39,0
"E14HA01-04","C14","Chinese","Genuine",0,"Happy 1 CN",1,4,4.875,39,"Surprised","emotion",0.01946916,0.00256587528205128,0.0041980124044456,0.0111829960625,0,0,0,0,0,0,1,0,0,39,0
"E14HA01-04","C14","Chinese","Genuine",0,"Happy 1 CN",1,4,4.875,39,"Scared","emotion",0.07602639,0.0158041110769231,0.017040448299965,0.071661410875,0,0,0,0,0.125,0.0256410256410256,1,0,0,39,0
"E14HA01-04","C14","Chinese","Genuine",0,"Happy 1 CN",1,4,4.875,39,"Disgusted","emotion",0.4347753,0.281253422051282,0.0894189010240482,1.34738134,0,0,0,0,3.375,0.692307692307692,1,0,0,39,0
"E14HA01-04","C14","Chinese","Genuine",0,"Happy 1 CN",1,4,4.875,39,"Contempt","emotion",0.000942967,0.000575989,0.00024225172526766,0.00277343975,0,0,0,0,4,0.82051282051282,1,0,0,39,0
"E14HA01-04","C14","Chinese","Genuine",0,"Happy 1 CN",1,4,4.875,39,"AU01","action_unit",0,0,0,0,0,0,0,0,0,0,1,0,0,39,0
"E14HA01-04","C14","Chinese","Genuine",0,"Happy 1 CN",1,4,4.875,39,"AU02","action_unit",0,0,0,0,0,0,0,0,0,0,1,0,0,39,0
"E14HA01-04","C14","Chinese","Genuine",0,"Happy 1 CN",1,4,4.875,39,"AU04","action_unit",1,0.769230769230769,0.426832794918354,3.6875,0.769230769230769,1,3.75,3.75,1.125,0.230769230769231,1,0,1,39,0
"E14HA01-04","C14","Chinese","Genuine",0,"Happy 1 CN",1,4,4.875,39,"AU05","action_unit",0,0,0,0,0,0,0,0,0,0,1,0,0,39,0
"E14HA01-04","C14","Chinese","Genuine",0,"Happy 1 CN",1,4,4.875,39,"AU06","action_unit",0,0,0,0,0,0,0,0,0,0,1,0,0,39,0
"E14HA01-04","C14","Chinese","Genuine",0,"Happy 1 CN",1,4,4.875,39,"AU07","action_unit",0,0,0,0,0,0,0,0,0,0,1,0,0,39,0
"E14HA01-04","C14","Chinese","Genuine",0,"Happy 1 CN",1,4,4.875,39,"AU09","action_unit",0,0,0,0,0,0,0,0,0,0,1,0,0,39,0
"E14HA01-04","C14","Chinese","Genuine",0,"Happy 1 CN",1,4,4.875,39,"AU10","action_unit",0,0,0,0,0,0,0,0,0,0,1,0,0,39,0
"E14HA01-04","C14","Chinese","Genuine",0,"Happy 1 CN",1,4,4.875,39,"AU12","action_unit",1,0.333333333333333,0.477566932940919,1.625,0.333333333333333,1,1.625,1.625,0.875,0.17948717948718,1,0,0,39,0
"E14HA01-04","C14","Chinese","Genuine",0,"Happy 1 CN",1,4,4.875,39,"AU14","action_unit",0,0,0,0,0,0,0,0,0,0,1,0,0,39,0
"E14HA01-04","C14","Chinese","Genuine",0,"Happy 1 CN",1,4,4.875,39,"AU15","action_unit",0,0,0,0,0,0,0,0,0,0,1,0,0,39,0
"E14HA01-04","C14","Chinese","Genuine",0,"Happy 1 CN",1,4,4.875,39,"AU17","action_unit",0,0,0,0,0,0,0,0,0,0,1,0,0,39,0
"E14HA01-04","C14","Chinese","Genuine",0,"Happy 1 CN",1,4,4.875,39,"AU18","action_unit",0,0,0,0,0,0,0,0,0,0,1,0,0,39,0
"E14HA01-04","C14","Chinese","Genuine",0,"Happy 1 CN",1,4,4.875,39,"AU20","action_unit",0,0,0,0,0,0,0,0,0,0,1,0,0,39,0
"E14HA01-04","C14","Chinese","Genuine",0,"Happy 1 CN",1,4,4.875,39,"AU23","action_unit",0,0,0,0,0,0,0,0,0,0,1,0,0,39,0
"E14HA01-04","C14","Chinese","Genuine",0,"Happy 1 CN",1,4,4.875,39,"AU24","action_unit",0,0,0,0,0,0,0,0,0,0,1,0,0,39,0
"E14HA01-04","C14","Chinese","Genuine",0,"Happy 1 CN",1,4,4.875,39,"AU25","action_unit",3,3,0,14.25,1,1,4.875,4.875,0,0,0,1,1,39,0
"E14HA01-04","C14","Chinese","Genuine",0,"Happy 1 CN",1,4,4.875,39,"AU26","action_unit",1,1,0,4.75,1,1,4.875,4.875,0,0,0,1,1,39,0
"E14HA01-04","C14","Chinese","Genuine",0,"Happy 1 CN",1,4,4.875,39,"AU27","action_unit",0,0,0,0,0,0,0,0,0,0,1,0,0,39,0
"E14HA01-04","C14","Chinese","Genuine",0,"Happy 1 CN",1,4,4.875,39,"AU43","action_unit",4,3.1025641025641,0.307354740604728,14.75,1,1,4.875,4.875,0.625,0.128205128205128,0,1,1,39,0
"E14HA02-01","C14","Chinese","Genuine",0,"Happy 2 CN",2,1,7.625,61,"Neutral","emotion",0.6013651,0.308815141639344,0.114116504235331,2.2976842925,0.0491803278688525,1,0.375,0.375,0,0,0,1,0,61,0
"E14HA02-01","C14","Chinese","Genuine",0,"Happy 2 CN",2,1,7.625,61,"Happy","emotion",0.9262405,0.312631769213115,0.258493101934957,2.3794115215,0.147540983606557,1,1.125,1.125,3.5,0.459016393442623,1,0,0,61,0
"E14HA02-01","C14","Chinese","Genuine",0,"Happy 2 CN",2,1,7.625,61,"Sad","emotion",0.1172565,0.0447131550327869,0.030294901971836,0.331598640875,0,0,0,0,0.25,0.0327868852459016,1,0,0,61,0
"E14HA02-01","C14","Chinese","Genuine",0,"Happy 2 CN",2,1,7.625,61,"Angry","emotion",0.4033458,0.213800264262295,0.0889375270171675,1.58946480875,0,0,0,0,0.875,0.114754098360656,1,0,0,61,0
"E14HA02-01","C14","Chinese","Genuine",0,"Happy 2 CN",2,1,7.625,61,"Surprised","emotion",0.004572914,0.000692463278688525,0.000932198288067872,0.005019486,0,0,0,0,0.125,0.0163934426229508,1,0,0,61,0
"E14HA02-01","C14","Chinese","Genuine",0,"Happy 2 CN",2,1,7.625,61,"Scared","emotion",0.004144673,0.00137920285245902,0.0010934789532525,0.0102562835,0,0,0,0,0.125,0.0163934426229508,1,0,0,61,0
"E14HA02-01","C14","Chinese","Genuine",0,"Happy 2 CN",2,1,7.625,61,"Disgusted","emotion",0.1823087,0.0785666542786885,0.0493287327433835,0.594721475125,0,0,0,0,1.5,0.19672131147541,1,0,0,61,0
"E14HA02-01","C14","Chinese","Genuine",0,"Happy 2 CN",2,1,7.625,61,"Contempt","emotion",0.004003384,0.000854133114754098,0.00102618769204189,0.0064644903125,0,0,0,0,6.875,0.901639344262295,1,0,0,61,0
"E14HA02-01","C14","Chinese","Genuine",0,"Happy 2 CN",2,1,7.625,61,"AU01","action_unit",0,0,0,0,0,0,0,0,0,0,1,0,0,61,0
"E14HA02-01","C14","Chinese","Genuine",0,"Happy 2 CN",2,1,7.625,61,"AU02","action_unit",0,0,0,0,0,0,0,0,0,0,1,0,0,61,0
"E14HA02-01","C14","Chinese","Genuine",0,"Happy 2 CN",2,1,7.625,61,"AU04","action_unit",0,0,0,0,0,0,0,0,0,0,1,0,0,61,0
"E14HA02-01","C14","Chinese","Genuine",0,"Happy 2 CN",2,1,7.625,61,"AU05","action_unit",0,0,0,0,0,0,0,0,0,0,1,0,0,61,0
"E14HA02-01","C14","Chinese","Genuine",0,"Happy 2 CN",2,1,7.625,61,"AU06","action_unit",3,1.0983606557377,0.746210828849928,8.375,0.786885245901639,1,6,6,2.125,0.278688524590164,1,0,0,61,0
"E14HA02-01","C14","Chinese","Genuine",0,"Happy 2 CN",2,1,7.625,61,"AU07","action_unit",1,0.688524590163934,0.466939810773558,5.1875,0.688524590163934,2,5.25,4,1.25,0.163934426229508,1,0,1,61,0
"E14HA02-01","C14","Chinese","Genuine",0,"Happy 2 CN",2,1,7.625,61,"AU09","action_unit",1,0.0819672131147541,0.27659127289276,0.625,0.0819672131147541,1,0.625,0.625,4.375,0.573770491803279,1,0,0,61,0
"E14HA02-01","C14","Chinese","Genuine",0,"Happy 2 CN",2,1,7.625,61,"AU10","action_unit",0,0,0,0,0,0,0,0,0,0,1,0,0,61,0
"E14HA02-01","C14","Chinese","Genuine",0,"Happy 2 CN",2,1,7.625,61,"AU12","action_unit",4,1.73770491803279,1.20970574031129,13.1875,0.80327868852459,1,6.125,6.125,3.125,0.40983606557377,1,0,1,61,0
"E14HA02-01","C14","Chinese","Genuine",0,"Happy 2 CN",2,1,7.625,61,"AU14","action_unit",0,0,0,0,0,0,0,0,0,0,1,0,0,61,0
"E14HA02-01","C14","Chinese","Genuine",0,"Happy 2 CN",2,1,7.625,61,"AU15","action_unit",0,0,0,0,0,0,0,0,0,0,1,0,0,61,0
"E14HA02-01","C14","Chinese","Genuine",0,"Happy 2 CN",2,1,7.625,61,"AU17","action_unit",0,0,0,0,0,0,0,0,0,0,1,0,0,61,0
"E14HA02-01","C14","Chinese","Genuine",0,"Happy 2 CN",2,1,7.625,61,"AU18","action_unit",0,0,0,0,0,0,0,0,0,0,1,0,0,61,0
"E14HA02-01","C14","Chinese","Genuine",0,"Happy 2 CN",2,1,7.625,61,"AU20","action_unit",0,0,0,0,0,0,0,0,0,0,1,0,0,61,0
"E14HA02-01","C14","Chinese","Genuine",0,"Happy 2 CN",2,1,7.625,61,"AU23","action_unit",0,0,0,0,0,0,0,0,0,0,1,0,0,61,0
"E14HA02-01","C14","Chinese","Genuine",0,"Happy 2 CN",2,1,7.625,61,"AU24","action_unit",0,0,0,0,0,0,0,0,0,0,1,0,0,61,0
"E14HA02-01","C14","Chinese","Genuine",0,"Happy 2 CN",2,1,7.625,61,"AU25","action_unit",4,1.0327868852459,1.32874894938502,7.8125,0.491803278688525,2,3.75,2.875,3.375,0.442622950819672,0,1,0,61,0
"E14HA02-01","C14","Chinese","Genuine",0,"Happy 2 CN",2,1,7.625,61,"AU26","action_unit",1,0.180327868852459,0.38765090486637,1.375,0.180327868852459,1,1.375,1.375,3.125,0.40983606557377,1,0,0,61,0
"E14HA02-01","C14","Chinese","Genuine",0,"Happy 2 CN",2,1,7.625,61,"AU27","action_unit",0,0,0,0,0,0,0,0,0,0,1,0,0,61,0
"E14HA02-01","C14","Chinese","Genuine",0,"Happy 2 CN",2,1,7.625,61,"AU43","action_unit",4,3.31147540983607,0.563943957220259,24.9375,1,1,7.625,7.625,2.625,0.344262295081967,0,1,1,61,0
"E14HA02-02","C14","Chinese","Genuine",0,"Happy 2 CN",2,2,4.5,36,"Neutral","emotion",0.4522986,0.291770505555556,0.0909860736127582,1.2668466,0,0,0,0,4.375,0.972222222222222,1,0,0,36,0
"E14HA02-02","C14","Chinese","Genuine",0,"Happy 2 CN",2,2,4.5,36,"Happy","emotion",0.7153209,0.2725050675,0.239561476711691,1.224160154375,0.222222222222222,1,1,1,1.125,0.25,1,0,0,36,0
"E14HA02-02","C14","Chinese","Genuine",0,"Happy 2 CN",2,2,4.5,36,"Sad","emotion",0.04863557,0.0279072435277778,0.0154151394407603,0.121454272125,0,0,0,0,3.125,0.694444444444444,1,0,0,36,0
"E14HA02-02","C14","Chinese","Genuine",0,"Happy 2 CN",2,2,4.5,36,"Angry","emotion",0.4841369,0.326493455555556,0.0884596186414842,1.41804783125,0,0,0,0,0,0,1,0,0,36,0
"E14HA02-02","C14","Chinese","Genuine",0,"Happy 2 CN",2,2,4.5,36,"Surprised","emotion",0.001296305,0.0005612475,0.000288393150940418,0.00240253125,0,0,0,0,4.375,0.972222222222222,1,0,0,36,0
"E14HA02-02","C14","Chinese","Genuine",0,"Happy 2 CN",2,2,4.5,36,"Scared","emotion",0.006133896,0.00183713697222222,0.00163570035738157,0.008134449625,0,0,0,0,1.875,0.416666666666667,1,0,0,36,0
"E14HA02-02","C14","Chinese","Genuine",0,"Happy 2 CN",2,2,4.5,36,"Disgusted","emotion",0.05814611,0.0379147308333333,0.0101889781350767,0.166421703125,0,0,0,0,3,0.666666666666667,1,0,0,36,0
"E14HA02-02","C14","Chinese","Genuine",0,"Happy 2 CN",2,2,4.5,36,"Contempt","emotion",0.001402377,0.000556035277777778,0.000393037883815987,0.00242925225,0,0,0,0,3.625,0.805555555555556,1,0,0,36,0
"E14HA02-02","C14","Chinese","Genuine",0,"Happy 2 CN",2,2,4.5,36,"AU01","action_unit",0,0,0,0,0,0,0,0,0,0,1,0,0,36,0
"E14HA02-02","C14","Chinese","Genuine",0,"Happy 2 CN",2,2,4.5,36,"AU02","action_unit",0,0,0,0,0,0,0,0,0,0,1,0,0,36,0
"E14HA02-02","C14","Chinese","Genuine",0,"Happy 2 CN",2,2,4.5,36,"AU04","action_unit",0,0,0,0,0,0,0,0,0,0,1,0,0,36,0
"E14HA02-02","C14","Chinese","Genuine",0,"Happy 2 CN",2,2,4.5,36,"AU05","action_unit",0,0,0,0,0,0,0,0,0,0,1,0,0,36,0
"E14HA02-02","C14","Chinese","Genuine",0,"Happy 2 CN",2,2,4.5,36,"AU06","action_unit",1,0.333333333333333,0.478091443733758,1.5,0.333333333333333,1,1.5,1.5,0.75,0.166666666666667,1,0,0,36,0
"E14HA02-02","C14","Chinese","Genuine",0,"Happy 2 CN",2,2,4.5,36,"AU07","action_unit",1,0.277777777777778,0.454256762579498,1.1875,0.277777777777778,2,1.25,0.625,0,0,0,1,0,36,0
"E14HA02-02","C14","Chinese","Genuine",0,"Happy 2 CN",2,2,4.5,36,"AU09","action_unit",0,0,0,0,0,0,0,0,0,0,1,0,0,36,0
"E14HA02-02","C14","Chinese","Genuine",0,"Happy 2 CN",2,2,4.5,36,"AU10","action_unit",0,0,0,0,0,0,0,0,0,0,1,0,0,36,0
"E14HA02-02","C14","Chinese","Genuine",0,"Happy 2 CN",2,2,4.5,36,"AU12","action_unit",3,1.38888888888889,0.802772971919486,6.1875,0.916666666666667,1,4.125,4.125,1,0.222222222222222,1,0,1,36,0
"E14HA02-02","C14","Chinese","Genuine",0,"Happy 2 CN",2,2,4.5,36,"AU14","action_unit",0,0,0,0,0,0,0,0,0,0,1,0,0,36,0
"E14HA02-02","C14","Chinese","Genuine",0,"Happy 2 CN",2,2,4.5,36,"AU15","action_unit",0,0,0,0,0,0,0,0,0,0,1,0,0,36,0
"E14HA02-02","C14","Chinese","Genuine",0,"Happy 2 CN",2,2,4.5,36,"AU17","action_unit",0,0,0,0,0,0,0,0,0,0,1,0,0,36,0
"E14HA02-02","C14","Chinese","Genuine",0,"Happy 2 CN",2,2,4.5,36,"AU18","action_unit",0,0,0,0,0,0,0,0,0,0,1,0,0,36,0
"E14HA02-02","C14","Chinese","Genuine",0,"Happy 2 CN",2,2,4.5,36,"AU20","action_unit",0,0,0,0,0,0,0,0,0,0,1,0,0,36,0
"E14HA02-02","C14","Chinese","Genuine",0,"Happy 2 CN",2,2,4.5,36,"AU23","action_unit",0,0,0,0,0,0,0,0,0,0,1,0,0,36,0
"E14HA02-02","C14","Chinese","Genuine",0,"Happy 2 CN",2,2,4.5,36,"AU24","action_unit",0,0,0,0,0,0,0,0,0,0,1,0,0,36,0
"E14HA02-02","C14","Chinese","Genuine",0,"Happy 2 CN",2,2,4.5,36,"AU25","action_unit",3,1.44444444444444,1.22927259430572,6.5,0.694444444444444,1,3.125,3.125,1.375,0.305555555555556,1,0,0,36,0
"E14HA02-02","C14","Chinese","Genuine",0,"Happy 2 CN",2,2,4.5,36,"AU26","action_unit",0,0,0,0,0,0,0,0,0,0,1,0,0,36,0
"E14HA02-02","C14","Chinese","Genuine",0,"Happy 2 CN",2,2,4.5,36,"AU27","action_unit",0,0,0,0,0,0,0,0,0,0,1,0,0,36,0
"E14HA02-02","C14","Chinese","Genuine",0,"Happy 2 CN",2,2,4.5,36,"AU43","action_unit",4,3.41666666666667,0.5,15,1,1,4.5,4.5,0.875,0.194444444444444,0,1,1,36,0
"E14HA04-01","C14","Chinese","Genuine",0,"Happy 4 CN",4,1,8.375,67,"Neutral","emotion",0.69722,0.292818486179104,0.17573670537768,2.38526298425,0.0746268656716418,1,0.625,0.625,0.25,0.0298507462686567,0,1,0,67,0
"E14HA04-01","C14","Chinese","Genuine",0,"Happy 4 CN",4,1,8.375,67,"Happy","emotion",0.9822307,0.377200238641791,0.34831986535254,3.14953818875,0.283582089552239,1,2.375,2.375,2.875,0.343283582089552,1,0,0,67,0
"E14HA04-01","C14","Chinese","Genuine",0,"Happy 4 CN",4,1,8.375,67,"Sad","emotion",0.1419263,0.0562610017761194,0.0444702947932749,0.46195586925,0,0,0,0,5,0.597014925373134,1,0,0,67,0
"E14HA04-01","C14","Chinese","Genuine",0,"Happy 4 CN",4,1,8.375,67,"Angry","emotion",0.3609485,0.164781675880597,0.0969760299933112,1.3568308355,0,0,0,0,0.75,0.0895522388059701,1,0,0,67,0
"E14HA04-01","C14","Chinese","Genuine",0,"Happy 4 CN",4,1,8.375,67,"Surprised","emotion",0.01958531,0.00188242437313433,0.00446615208987191,0.014623098,0,0,0,0,0.125,0.0149253731343284,1,0,0,67,0
"E14HA04-01","C14","Chinese","Genuine",0,"Happy 4 CN",4,1,8.375,67,"Scared","emotion",0.01082607,0.00278387079104478,0.00234128702444466,0.0229984018125,0,0,0,0,0.75,0.0895522388059701,1,0,0,67,0
"E14HA04-01","C14","Chinese","Genuine",0,"Happy 4 CN",4,1,8.375,67,"Disgusted","emotion",0.2003682,0.0667442422985075,0.061890953785131,0.553605660375,0,0,0,0,6.625,0.791044776119403,1,0,0,67,0
"E14HA04-01","C14","Chinese","Genuine",0,"Happy 4 CN",4,1,8.375,67,"Contempt","emotion",0.005906292,0.00141686191044776,0.0016108749560162,0.011509046625,0,0,0,0,7.75,0.925373134328358,1,0,0,67,0
"E14HA04-01","C14","Chinese","Genuine",0,"Happy 4 CN",4,1,8.375,67,"AU01","action_unit",0,0,0,0,0,0,0,0,0,0,1,0,0,67,0
"E14HA04-01","C14","Chinese","Genuine",0,"Happy 4 CN",4,1,8.375,67,"AU02","action_unit",0,0,0,0,0,0,0,0,0,0,1,0,0,67,0
"E14HA04-01","C14","Chinese","Genuine",0,"Happy 4 CN",4,1,8.375,67,"AU04","action_unit",0,0,0,0,0,0,0,0,0,0,1,0,0,67,0
"E14HA04-01","C14","Chinese","Genuine",0,"Happy 4 CN",4,1,8.375,67,"AU05","action_unit",0,0,0,0,0,0,0,0,0,0,1,0,0,67,0
"E14HA04-01","C14","Chinese","Genuine",0,"Happy 4 CN",4,1,8.375,67,"AU06","action_unit",2,0.865671641791045,0.574601901400195,7.1875,0.761194029850746,2,6.375,3.25,2.125,0.253731343283582,1,0,1,67,0
"E14HA04-01","C14","Chinese","Genuine",0,"Happy 4 CN",4,1,8.375,67,"AU07","action_unit",1,0.328358208955224,0.473160223407384,2.75,0.328358208955224,1,2.75,2.75,3.25,0.388059701492537,1,0,0,67,0
"E14HA04-01","C14","Chinese","Genuine",0,"Happy 4 CN",4,1,8.375,67,"AU09","action_unit",0,0,0,0,0,0,0,0,0,0,1,0,0,67,0
"E14HA04-01","C14","Chinese","Genuine",0,"Happy 4 CN",4,1,8.375,67,"AU10","action_unit",0,0,0,0,0,0,0,0,0,0,1,0,0,67,0
"E14HA04-01","C14","Chinese","Genuine",0,"Happy 4 CN",4,1,8.375,67,"AU12","action_unit",4,1.67164179104478,1.27193552940167,13.9375,0.895522388059702,2,7.5,4,1.875,0.223880597014925,1,0,1,67,0
"E14HA04-01","C14","Chinese","Genuine",0,"Happy 4 CN",4,1,8.375,67,"AU14","action_unit",0,0,0,0,0,0,0,0,0,0,1,0,0,67,0
"E14HA04-01","C14","Chinese","Genuine",0,"Happy 4 CN",4,1,8.375,67,"AU15","action_unit",0,0,0,0,0,0,0,0,0,0,1,0,0,67,0
"E14HA04-01","C14","Chinese","Genuine",0,"Happy 4 CN",4,1,8.375,67,"AU17","action_unit",0,0,0,0,0,0,0,0,0,0,1,0,0,67,0
"E14HA04-01","C14","Chinese","Genuine",0,"Happy 4 CN",4,1,8.375,67,"AU18","action_unit",0,0,0,0,0,0,0,0,0,0,1,0,0,67,0
"E14HA04-01","C14","Chinese","Genuine",0,"Happy 4 CN",4,1,8.375,67,"AU20","action_unit",0,0,0,0,0,0,0,0,0,0,1,0,0,67,0
"E14HA04-01","C14","Chinese","Genuine",0,"Happy 4 CN",4,1,8.375,67,"AU23","action_unit",0,0,0,0,0,0,0,0,0,0,1,0,0,67,0
"E14HA04-01","C14","Chinese","Genuine",0,"Happy 4 CN",4,1,8.375,67,"AU24","action_unit",0,0,0,0,0,0,0,0,0,0,1,0,0,67,0
"E14HA04-01","C14","Chinese","Genuine",0,"Happy 4 CN",4,1,8.375,67,"AU25","action_unit",4,1.61194029850746,1.65103478920633,13.5,0.582089552238806,1,4.875,4.875,1.5,0.17910447761194,1,0,0,67,0
"E14HA04-01","C14","Chinese","Genuine",0,"Happy 4 CN",4,1,8.375,67,"AU26","action_unit",0,0,0,0,0,0,0,0,0,0,1,0,0,67,0
"E14HA04-01","C14","Chinese","Genuine",0,"Happy 4 CN",4,1,8.375,67,"AU27","action_unit",0,0,0,0,0,0,0,0,0,0,1,0,0,67,0
"E14HA04-01","C14","Chinese","Genuine",0,"Happy 4 CN",4,1,8.375,67,"AU43","action_unit",4,3.04477611940298,0.991369359368043,25.1875,1,1,8.375,8.375,5.125,0.611940298507463,0,1,1,67,0
"E14HA07-01","C14","Chinese","Genuine",0,"Happy 7 CN",7,1,7.625,61,"Neutral","emotion",0.3722012,0.233341217377049,0.113567292717792,1.74206597,0,0,0,0,1.125,0.147540983606557,1,0,0,61,0
"E14HA07-01","C14","Chinese","Genuine",0,"Happy 7 CN",7,1,7.625,61,"Happy","emotion",0.9291495,0.440557546721311,0.303279955473153,3.3374917475,0.40983606557377,2,3.125,2.25,3.125,0.40983606557377,1,0,0,61,0
"E14HA07-01","C14","Chinese","Genuine",0,"Happy 7 CN",7,1,7.625,61,"Sad","emotion",0.05044416,0.0205823876885246,0.0153528549051981,0.151960161125,0,0,0,0,0.25,0.0327868852459016,1,0,0,61,0
"E14HA07-01","C14","Chinese","Genuine",0,"Happy 7 CN",7,1,7.625,61,"Angry","emotion",0.4756191,0.206482883622951,0.142246663463843,1.532769368875,0,0,0,0,0.125,0.0163934426229508,1,0,0,61,0
"E14HA07-01","C14","Chinese","Genuine",0,"Happy 7 CN",7,1,7.625,61,"Surprised","emotion",0.000792162,0.000406410655737705,0.000163122849886712,0.003037130125,0,0,0,0,5.375,0.704918032786885,1,0,0,61,0
"E14HA07-01","C14","Chinese","Genuine",0,"Happy 7 CN",7,1,7.625,61,"Scared","emotion",0.00598925,0.00127521627868852,0.00128096220526387,0.009644478625,0,0,0,0,5.5,0.721311475409836,1,0,0,61,0
"E14HA07-01","C14","Chinese","Genuine",0,"Happy 7 CN",7,1,7.625,61,"Disgusted","emotion",0.1920187,0.0650795510327869,0.0458588391009791,0.4888640435,0,0,0,0,1.25,0.163934426229508,1,0,0,61,0
"E14HA07-01","C14","Chinese","Genuine",0,"Happy 7 CN",7,1,7.625,61,"Contempt","emotion",0.003229508,0.000859948,0.000957129669704529,0.0064302095625,0,0,0,0,6.375,0.836065573770492,1,0,0,61,0
"E14HA07-01","C14","Chinese","Genuine",0,"Happy 7 CN",7,1,7.625,61,"AU01","action_unit",0,0,0,0,0,0,0,0,0,0,1,0,0,61,0
"E14HA07-01","C14","Chinese","Genuine",0,"Happy 7 CN",7,1,7.625,61,"AU02","action_unit",0,0,0,0,0,0,0,0,0,0,1,0,0,61,0
"E14HA07-01","C14","Chinese","Genuine",0,"Happy 7 CN",7,1,7.625,61,"AU04","action_unit",1,0.0491803278688524,0.218038949746501,0.375,0.0491803278688525,1,0.375,0.375,5,0.655737704918033,1,0,0,61,0
"E14HA07-01","C14","Chinese","Genuine",0,"Happy 7 CN",7,1,7.625,61,"AU05","action_unit",0,0,0,0,0,0,0,0,0,0,1,0,0,61,0
"E14HA07-01","C14","Chinese","Genuine",0,"Happy 7 CN",7,1,7.625,61,"AU06","action_unit",3,1.19672131147541,0.927715332257109,9.0625,0.770491803278688,1,5.875,5.875,2.625,0.344262295081967,1,0,1,61,0
"E14HA07-01","C14","Chinese","Genuine",0,"Happy 7 CN",7,1,7.625,61,"AU07","action_unit",1,0.786885245901639,0.412906530922785,5.9375,0.786885245901639,2,6,4,0.625,0.0819672131147541,1,0,1,61,0
"E14HA07-01","C14","Chinese","Genuine",0,"Happy 7 CN",7,1,7.625,61,"AU09","action_unit",0,0,0,0,0,0,0,0,0,0,1,0,0,61,0
"E14HA07-01","C14","Chinese","Genuine",0,"Happy 7 CN",7,1,7.625,61,"AU10","action_unit",0,0,0,0,0,0,0,0,0,0,1,0,0,61,0
"E14HA07-01","C14","Chinese","Genuine",0,"Happy 7 CN",7,1,7.625,61,"AU12","action_unit",4,2.11475409836066,1.11203058494716,15.9375,0.901639344262295,2,6.875,6.125,2.625,0.344262295081967,0,1,1,61,0
"E14HA07-01","C14","Chinese","Genuine",0,"Happy 7 CN",7,1,7.625,61,"AU14","action_unit",0,0,0,0,0,0,0,0,0,0,1,0,0,61,0
"E14HA07-01","C14","Chinese","Genuine",0,"Happy 7 CN",7,1,7.625,61,"AU15","action_unit",0,0,0,0,0,0,0,0,0,0,1,0,0,61,0
"E14HA07-01","C14","Chinese","Genuine",0,"Happy 7 CN",7,1,7.625,61,"AU17","action_unit",0,0,0,0,0,0,0,0,0,0,1,0,0,61,0
"E14HA07-01","C14","Chinese","Genuine",0,"Happy 7 CN",7,1,7.625,61,"AU18","action_unit",0,0,0,0,0,0,0,0,0,0,1,0,0,61,0
"E14HA07-01","C14","Chinese","Genuine",0,"Happy 7 CN",7,1,7.625,61,"AU20","action_unit",0,0,0,0,0,0,0,0,0,0,1,0,0,61,0
"E14HA07-01","C14","Chinese","Genuine",0,"Happy 7 CN",7,1,7.625,61,"AU23","action_unit",0,0,0,0,0,0,0,0,0,0,1,0,0,61,0
"E14HA07-01","C14","Chinese","Genuine",0,"Happy 7 CN",7,1,7.625,61,"AU24","action_unit",0,0,0,0,0,0,0,0,0,0,1,0,0,61,0
"E14HA07-01","C14","Chinese","Genuine",0,"Happy 7 CN",7,1,7.625,61,"AU25","action_unit",4,1.70491803278689,1.32091208760061,13,0.737704918032787,1,5.625,5.625,5.25,0.688524590163934,1,0,0,61,0
"E14HA07-01","C14","Chinese","Genuine",0,"Happy 7 CN",7,1,7.625,61,"AU26","action_unit",1,0.114754098360656,0.321370018085991,0.875,0.114754098360656,1,0.875,0.875,5.25,0.688524590163934,1,0,0,61,0
"E14HA07-01","C14","Chinese","Genuine",0,"Happy 7 CN",7,1,7.625,61,"AU27","action_unit",0,0,0,0,0,0,0,0,0,0,1,0,0,61,0
"E14HA07-01","C14","Chinese","Genuine",0,"Happy 7 CN",7,1,7.625,61,"AU43","action_unit",4,3.24590163934426,0.434194184857345,24.25,1,1,7.625,7.625,0,0,0,1,1,61,0
"E17HA02-01","C17","Chinese","Genuine",0,"Happy 2 CN",2,1,8.75,70,"Neutral","emotion",0.5732147,0.459831857142857,0.0307585646986311,3.95676839375,0.0857142857142857,1,0.75,0.75,0,0,0,1,0,70,0
"E17HA02-01","C17","Chinese","Genuine",0,"Happy 2 CN",2,1,8.75,70,"Happy","emotion",0.1443512,0.0835491059285714,0.0401071391748026,0.72905390525,0,0,0,0,5.75,0.657142857142857,1,0,0,70,0
"E17HA02-01","C17","Chinese","Genuine",0,"Happy 2 CN",2,1,8.75,70,"Sad","emotion",0.2197485,0.0850401362857143,0.0342481859489978,0.72646444375,0,0,0,0,0,0,1,0,0,70,0
"E17HA02-01","C17","Chinese","Genuine",0,"Happy 2 CN",2,1,8.75,70,"Angry","emotion",0.1310845,0.085208089,0.0208809621749338,0.737307576875,0,0,0,0,4.875,0.557142857142857,1,0,0,70,0
"E17HA02-01","C17","Chinese","Genuine",0,"Happy 2 CN",2,1,8.75,70,"Surprised","emotion",0.01504067,0.00710395741428571,0.00293227348949028,0.0611337925625,0,0,0,0,8.625,0.985714285714286,1,0,0,70,0
"E17HA02-01","C17","Chinese","Genuine",0,"Happy 2 CN",2,1,8.75,70,"Scared","emotion",0.007171152,0.00432071017142857,0.00127238527919869,0.0374394473125,0,0,0,0,4.875,0.557142857142857,1,0,0,70,0
"E17HA02-01","C17","Chinese","Genuine",0,"Happy 2 CN",2,1,8.75,70,"Disgusted","emotion",0.04100773,0.024940625,0.00958479135530652,0.215249645,0,0,0,0,5.625,0.642857142857143,1,0,0,70,0
"E17HA02-01","C17","Chinese","Genuine",0,"Happy 2 CN",2,1,8.75,70,"Contempt","emotion",0.001285568,0.000232893285714286,0.000325061127297805,0.0019923245625,0,0,0,0,2.75,0.314285714285714,1,0,0,70,0
"E17HA02-01","C17","Chinese","Genuine",0,"Happy 2 CN",2,1,8.75,70,"AU01","action_unit",0,0,0,0,0,0,0,0,0,0,1,0,0,70,0
"E17HA02-01","C17","Chinese","Genuine",0,"Happy 2 CN",2,1,8.75,70,"AU02","action_unit",0,0,0,0,0,0,0,0,0,0,1,0,0,70,0
"E17HA02-01","C17","Chinese","Genuine",0,"Happy 2 CN",2,1,8.75,70,"AU04","action_unit",0,0,0,0,0,0,0,0,0,0,1,0,0,70,0
"E17HA02-01","C17","Chinese","Genuine",0,"Happy 2 CN",2,1,8.75,70,"AU05","action_unit",0,0,0,0,0,0,0,0,0,0,1,0,0,70,0
"E17HA02-01","C17","Chinese","Genuine",0,"Happy 2 CN",2,1,8.75,70,"AU06","action_unit",1,0.357142857142857,0.48261708906584,3.125,0.357142857142857,1,3.125,3.125,4.75,0.542857142857143,1,0,0,70,0
"E17HA02-01","C17","Chinese","Genuine",0,"Happy 2 CN",2,1,8.75,70,"AU07","action_unit",0,0,0,0,0,0,0,0,0,0,1,0,0,70,0
"E17HA02-01","C17","Chinese","Genuine",0,"Happy 2 CN",2,1,8.75,70,"AU09","action_unit",0,0,0,0,0,0,0,0,0,0,1,0,0,70,0
"E17HA02-01","C17","Chinese","Genuine",0,"Happy 2 CN",2,1,8.75,70,"AU10","action_unit",0,0,0,0,0,0,0,0,0,0,1,0,0,70,0
"E17HA02-01","C17","Chinese","Genuine",0,"Happy 2 CN",2,1,8.75,70,"AU12","action_unit",0,0,0,0,0,0,0,0,0,0,1,0,0,70,0
"E17HA02-01","C17","Chinese","Genuine",0,"Happy 2 CN",2,1,8.75,70,"AU14","action_unit",0,0,0,0,0,0,0,0,0,0,1,0,0,70,0
"E17HA02-01","C17","Chinese","Genuine",0,"Happy 2 CN",2,1,8.75,70,"AU15","action_unit",0,0,0,0,0,0,0,0,0,0,1,0,0,70,0
"E17HA02-01","C17","Chinese","Genuine",0,"Happy 2 CN",2,1,8.75,70,"AU17","action_unit",0,0,0,0,0,0,0,0,0,0,1,0,0,70,0
"E17HA02-01","C17","Chinese","Genuine",0,"Happy 2 CN",2,1,8.75,70,"AU18","action_unit",0,0,0,0,0,0,0,0,0,0,1,0,0,70,0
"E17HA02-01","C17","Chinese","Genuine",0,"Happy 2 CN",2,1,8.75,70,"AU20","action_unit",0,0,0,0,0,0,0,0,0,0,1,0,0,70,0
"E17HA02-01","C17","Chinese","Genuine",0,"Happy 2 CN",2,1,8.75,70,"AU23","action_unit",0,0,0,0,0,0,0,0,0,0,1,0,0,70,0
"E17HA02-01","C17","Chinese","Genuine",0,"Happy 2 CN",2,1,8.75,70,"AU24","action_unit",0,0,0,0,0,0,0,0,0,0,1,0,0,70,0
"E17HA02-01","C17","Chinese","Genuine",0,"Happy 2 CN",2,1,8.75,70,"AU25","action_unit",0,0,0,0,0,0,0,0,0,0,1,0,0,70,0
"E17HA02-01","C17","Chinese","Genuine",0,"Happy 2 CN",2,1,8.75,70,"AU26","action_unit",0,0,0,0,0,0,0,0,0,0,1,0,0,70,0
"E17HA02-01","C17","Chinese","Genuine",0,"Happy 2 CN",2,1,8.75,70,"AU27","action_unit",0,0,0,0,0,0,0,0,0,0,1,0,0,70,0
"E17HA02-01","C17","Chinese","Genuine",0,"Happy 2 CN",2,1,8.75,70,"AU43","action_unit",4,1.87142857142857,0.866802027970391,16.25,1,1,8.75,8.75,7,0.8,0,1,1,70,0
"E17HA02-02","C17","Chinese","Genuine",0,"Happy 2 CN",2,2,6,48,"Neutral","emotion",0.508115,0.390316341666667,0.0562340814781859,2.2846550875,0.0416666666666667,1,0.25,0.25,0,0,0,1,0,48,0
"E17HA02-02","C17","Chinese","Genuine",0,"Happy 2 CN",2,2,6,48,"Happy","emotion",0.3749759,0.227172565208333,0.103713159396183,1.349073090625,0,0,0,0,3.75,0.625,1,0,0,48,0
"E17HA02-02","C17","Chinese","Genuine",0,"Happy 2 CN",2,2,6,48,"Sad","emotion",0.08246334,0.0535667827083333,0.0116418883924551,0.313261564375,0,0,0,0,5.875,0.979166666666667,1,0,0,48,0
"E17HA02-02","C17","Chinese","Genuine",0,"Happy 2 CN",2,2,6,48,"Angry","emotion",0.1293691,0.0821991227083333,0.0170861090507631,0.4827304375,0,0,0,0,5.125,0.854166666666667,1,0,0,48,0
"E17HA02-02","C17","Chinese","Genuine",0,"Happy 2 CN",2,2,6,48,"Surprised","emotion",0.01233408,0.00782977433333333,0.00237816705909121,0.0464405848125,0,0,0,0,1.375,0.229166666666667,1,0,0,48,0
"E17HA02-02","C17","Chinese","Genuine",0,"Happy 2 CN",2,2,6,48,"Scared","emotion",0.006825654,0.00416579416666667,0.00177511316750094,0.0246814270625,0,0,0,0,4.375,0.729166666666667,1,0,0,48,0
"E17HA02-02","C17","Chinese","Genuine",0,"Happy 2 CN",2,2,6,48,"Disgusted","emotion",0.06202,0.0351814960416667,0.0138171300918758,0.20610674125,0,0,0,0,3.125,0.520833333333333,1,0,0,48,0
"E17HA02-02","C17","Chinese","Genuine",0,"Happy 2 CN",2,2,6,48,"Contempt","emotion",0.008508859,0.00241875547916667,0.00276867705475422,0.014443373375,0,0,0,0,2.375,0.395833333333333,1,0,0,48,0
"E17HA02-02","C17","Chinese","Genuine",0,"Happy 2 CN",2,2,6,48,"AU01","action_unit",0,0,0,0,0,0,0,0,0,0,1,0,0,48,0
"E17HA02-02","C17","Chinese","Genuine",0,"Happy 2 CN",2,2,6,48,"AU02","action_unit",0,0,0,0,0,0,0,0,0,0,1,0,0,48,0
"E17HA02-02","C17","Chinese","Genuine",0,"Happy 2 CN",2,2,6,48,"AU04","action_unit",0,0,0,0,0,0,0,0,0,0,1,0,0,48,0
"E17HA02-02","C17","Chinese","Genuine",0,"Happy 2 CN",2,2,6,48,"AU05","action_unit",0,0,0,0,0,0,0,0,0,0,1,0,0,48,0
"E17HA02-02","C17","Chinese","Genuine",0,"Happy 2 CN",2,2,6,48,"AU06","action_unit",1,0.75,0.437594974493684,4.4375,0.75,1,4.5,4.5,1.5,0.25,1,0,1,48,0
"E17HA02-02","C17","Chinese","Genuine",0,"Happy 2 CN",2,2,6,48,"AU07","action_unit",0,0,0,0,0,0,0,0,0,0,1,0,0,48,0
"E17HA02-02","C17","Chinese","Genuine",0,"Happy 2 CN",2,2,6,48,"AU09","action_unit",0,0,0,0,0,0,0,0,0,0,1,0,0,48,0
"E17HA02-02","C17","Chinese","Genuine",0,"Happy 2 CN",2,2,6,48,"AU10","action_unit",0,0,0,0,0,0,0,0,0,0,1,0,0,48,0
"E17HA02-02","C17","Chinese","Genuine",0,"Happy 2 CN",2,2,6,48,"AU12","action_unit",1,0.75,0.437594974493684,4.4375,0.75,1,4.5,4.5,1.5,0.25,1,0,1,48,0
"E17HA02-02","C17","Chinese","Genuine",0,"Happy 2 CN",2,2,6,48,"AU14","action_unit",0,0,0,0,0,0,0,0,0,0,1,0,0,48,0
"E17HA02-02","C17","Chinese","Genuine",0,"Happy 2 CN",2,2,6,48,"AU15","action_unit",0,0,0,0,0,0,0,0,0,0,1,0,0,48,0
"E17HA02-02","C17","Chinese","Genuine",0,"Happy 2 CN",2,2,6,48,"AU17","action_unit",0,0,0,0,0,0,0,0,0,0,1,0,0,48,0
"E17HA02-02","C17","Chinese","Genuine",0,"Happy 2 CN",2,2,6,48,"AU18","action_unit",0,0,0,0,0,0,0,0,0,0,1,0,0,48,0
"E17HA02-02","C17","Chinese","Genuine",0,"Happy 2 CN",2,2,6,48,"AU20","action_unit",0,0,0,0,0,0,0,0,0,0,1,0,0,48,0
"E17HA02-02","C17","Chinese","Genuine",0,"Happy 2 CN",2,2,6,48,"AU23","action_unit",0,0,0,0,0,0,0,0,0,0,1,0,0,48,0
"E17HA02-02","C17","Chinese","Genuine",0,"Happy 2 CN",2,2,6,48,"AU24","action_unit",0,0,0,0,0,0,0,0,0,0,1,0,0,48,0
"E17HA02-02","C17","Chinese","Genuine",0,"Happy 2 CN",2,2,6,48,"AU25","action_unit",0,0,0,0,0,0,0,0,0,0,1,0,0,48,0
"E17HA02-02","C17","Chinese","Genuine",0,"Happy 2 CN",2,2,6,48,"AU26","action_unit",0,0,0,0,0,0,0,0,0,0,1,0,0,48,0
"E17HA02-02","C17","Chinese","Genuine",0,"Happy 2 CN",2,2,6,48,"AU27","action_unit",0,0,0,0,0,0,0,0,0,0,1,0,0,48,0
"E17HA02-02","C17","Chinese","Genuine",0,"Happy 2 CN",2,2,6,48,"AU43","action_unit",2,1.3125,0.468417435218867,7.6875,1,1,6,6,2.625,0.4375,0,1,1,48,0
"E17HA03-01","C17","Chinese","Genuine",0,"Happy 3 CN",3,1,4.125,33,"Neutral","emotion",0.4662909,0.314054693939394,0.100193343136636,1.2382350375,0,0,0,0,0,0,1,0,0,33,0
"E17HA03-01","C17","Chinese","Genuine",0,"Happy 3 CN",3,1,4.125,33,"Happy","emotion",0.7037264,0.375266604848485,0.198292201444558,1.536639333125,0.303030303030303,1,1.25,1.25,1.5,0.363636363636364,1,0,0,33,0
"E17HA03-01","C17","Chinese","Genuine",0,"Happy 3 CN",3,1,4.125,33,"Sad","emotion",0.186994,0.104753147575758,0.0327941478207332,0.41813919625,0,0,0,0,3.25,0.787878787878788,1,0,0,33,0
"E17HA03-01","C17","Chinese","Genuine",0,"Happy 3 CN",3,1,4.125,33,"Angry","emotion",0.08821049,0.0522249212121212,0.0237605295991802,0.209385574375,0,0,0,0,2.375,0.575757575757576,1,0,0,33,0
"E17HA03-01","C17","Chinese","Genuine",0,"Happy 3 CN",3,1,4.125,33,"Surprised","emotion",0.006006694,0.00314804160606061,0.00144450231650476,0.012504910125,0,0,0,0,4,0.96969696969697,1,0,0,33,0
"E17HA03-01","C17","Chinese","Genuine",0,"Happy 3 CN",3,1,4.125,33,"Scared","emotion",0.007661747,0.00408638124242424,0.00237844435485863,0.0163985176875,0,0,0,0,2.75,0.666666666666667,1,0,0,33,0
"E17HA03-01","C17","Chinese","Genuine",0,"Happy 3 CN",3,1,4.125,33,"Disgusted","emotion",0.02371308,0.0154987336363636,0.0029283620825171,0.061626588125,0,0,0,0,3.25,0.787878787878788,1,0,0,33,0
"E17HA03-01","C17","Chinese","Genuine",0,"Happy 3 CN",3,1,4.125,33,"Contempt","emotion",0.06294033,0.0241937253030303,0.0167328821721298,0.095934931875,0,0,0,0,3.875,0.93939393939394,1,0,0,33,0
"E17HA03-01","C17","Chinese","Genuine",0,"Happy 3 CN",3,1,4.125,33,"AU01","action_unit",0,0,0,0,0,0,0,0,0,0,1,0,0,33,0
"E17HA03-01","C17","Chinese","Genuine",0,"Happy 3 CN",3,1,4.125,33,"AU02","action_unit",0,0,0,0,0,0,0,0,0,0,1,0,0,33,0
"E17HA03-01","C17","Chinese","Genuine",0,"Happy 3 CN",3,1,4.125,33,"AU04","action_unit",0,0,0,0,0,0,0,0,0,0,1,0,0,33,0
"E17HA03-01","C17","Chinese","Genuine",0,"Happy 3 CN",3,1,4.125,33,"AU05","action_unit",0,0,0,0,0,0,0,0,0,0,1,0,0,33,0
"E17HA03-01","C17","Chinese","Genuine",0,"Happy 3 CN",3,1,4.125,33,"AU06","action_unit",1,0.333333333333333,0.478713553878169,1.375,0.333333333333333,2,1.375,0.875,1.375,0.333333333333333,1,0,0,33,0
"E17HA03-01","C17","Chinese","Genuine",0,"Happy 3 CN",3,1,4.125,33,"AU07","action_unit",0,0,0,0,0,0,0,0,0,0,1,0,0,33,0
"E17HA03-01","C17","Chinese","Genuine",0,"Happy 3 CN",3,1,4.125,33,"AU09","action_unit",0,0,0,0,0,0,0,0,0,0,1,0,0,33,0
"E17HA03-01","C17","Chinese","Genuine",0,"Happy 3 CN",3,1,4.125,33,"AU10","action_unit",0,0,0,0,0,0,0,0,0,0,1,0,0,33,0
"E17HA03-01","C17","Chinese","Genuine",0,"Happy 3 CN",3,1,4.125,33,"AU12","action_unit",2,0.878787878787879,0.739830037811716,3.625,0.666666666666667,1,2.75,2.75,1.25,0.303030303030303,1,0,0,33,0
"E17HA03-01","C17","Chinese","Genuine",0,"Happy 3 CN",3,1,4.125,33,"AU14","action_unit",0,0,0,0,0,0,0,0,0,0,1,0,0,33,0
"E17HA03-01","C17","Chinese","Genuine",0,"Happy 3 CN",3,1,4.125,33,"AU15","action_unit",0,0,0,0,0,0,0,0,0,0,1,0,0,33,0
"E17HA03-01","C17","Chinese","Genuine",0,"Happy 3 CN",3,1,4.125,33,"AU17","action_unit",0,0,0,0,0,0,0,0,0,0,1,0,0,33,0
"E17HA03-01","C17","Chinese","Genuine",0,"Happy 3 CN",3,1,4.125,33,"AU18","action_unit",0,0,0,0,0,0,0,0,0,0,1,0,0,33,0
"E17HA03-01","C17","Chinese","Genuine",0,"Happy 3 CN",3,1,4.125,33,"AU20","action_unit",0,0,0,0,0,0,0,0,0,0,1,0,0,33,0
"E17HA03-01","C17","Chinese","Genuine",0,"Happy 3 CN",3,1,4.125,33,"AU23","action_unit",0,0,0,0,0,0,0,0,0,0,1,0,0,33,0
"E17HA03-01","C17","Chinese","Genuine",0,"Happy 3 CN",3,1,4.125,33,"AU24","action_unit",0,0,0,0,0,0,0,0,0,0,1,0,0,33,0
"E17HA03-01","C17","Chinese","Genuine",0,"Happy 3 CN",3,1,4.125,33,"AU25","action_unit",2,0.545454545454546,0.753778361444409,2.25,0.393939393939394,1,1.625,1.625,1.375,0.333333333333333,1,0,0,33,0
"E17HA03-01","C17","Chinese","Genuine",0,"Happy 3 CN",3,1,4.125,33,"AU26","action_unit",0,0,0,0,0,0,0,0,0,0,1,0,0,33,0
"E17HA03-01","C17","Chinese","Genuine",0,"Happy 3 CN",3,1,4.125,33,"AU27","action_unit",0,0,0,0,0,0,0,0,0,0,1,0,0,33,0
"E17HA03-01","C17","Chinese","Genuine",0,"Happy 3 CN",3,1,4.125,33,"AU43","action_unit",2,1.72727272727273,0.452267016866645,6.9375,1,1,4.125,4.125,0,0,0,1,1,33,0
"E17HA05-05","C17","Chinese","Genuine",0,"Happy 5 CN",5,5,3.75,30,"Neutral","emotion",0.5607456,0.43723737,0.0501292225343328,1.56992821875,0.133333333333333,2,0.5,0.25,3.625,0.966666666666667,0,1,1,30,0
"E17HA05-05","C17","Chinese","Genuine",0,"Happy 5 CN",5,5,3.75,30,"Happy","emotion",0.02325039,0.0126474588,0.00697710555442706,0.047176992,0,0,0,0,0.875,0.233333333333333,1,0,0,30,0
"E17HA05-05","C17","Chinese","Genuine",0,"Happy 5 CN",5,5,3.75,30,"Sad","emotion",0.4298094,0.260754273333333,0.0774210565232827,0.9412414375,0,0,0,0,0.25,0.0666666666666667,1,0,0,30,0
"E17HA05-05","C17","Chinese","Genuine",0,"Happy 5 CN",5,5,3.75,30,"Angry","emotion",0.05638062,0.0375037876666667,0.012610018635799,0.136097631875,0,0,0,0,3.5,0.933333333333333,1,0,0,30,0
"E17HA05-05","C17","Chinese","Genuine",0,"Happy 5 CN",5,5,3.75,30,"Surprised","emotion",0.005380527,0.00326282356666667,0.00093328687970936,0.0117132606875,0,0,0,0,3.625,0.966666666666667,1,0,0,30,0
"E17HA05-05","C17","Chinese","Genuine",0,"Happy 5 CN",5,5,3.75,30,"Scared","emotion",0.001723596,0.00129356313333333,0.000216031055877387,0.0046876991875,0,0,0,0,2.875,0.766666666666667,1,0,0,30,0
"E17HA05-05","C17","Chinese","Genuine",0,"Happy 5 CN",5,5,3.75,30,"Disgusted","emotion",0.04426981,0.0213171272333333,0.00896437699853616,0.0788200941875,0,0,0,0,1.125,0.3,1,0,0,30,0
"E17HA05-05","C17","Chinese","Genuine",0,"Happy 5 CN",5,5,3.75,30,"Contempt","emotion",0.000900504,0.000293081266666667,0.000234015938435079,0.001090565875,0,0,0,0,0.5,0.133333333333333,1,0,0,30,0
"E17HA05-05","C17","Chinese","Genuine",0,"Happy 5 CN",5,5,3.75,30,"AU01","action_unit",0,0,0,0,0,0,0,0,0,0,1,0,0,30,0
"E17HA05-05","C17","Chinese","Genuine",0,"Happy 5 CN",5,5,3.75,30,"AU02","action_unit",0,0,0,0,0,0,0,0,0,0,1,0,0,30,0
"E17HA05-05","C17","Chinese","Genuine",0,"Happy 5 CN",5,5,3.75,30,"AU04","action_unit",0,0,0,0,0,0,0,0,0,0,1,0,0,30,0
"E17HA05-05","C17","Chinese","Genuine",0,"Happy 5 CN",5,5,3.75,30,"AU05","action_unit",0,0,0,0,0,0,0,0,0,0,1,0,0,30,0
"E17HA05-05","C17","Chinese","Genuine",0,"Happy 5 CN",5,5,3.75,30,"AU06","action_unit",0,0,0,0,0,0,0,0,0,0,1,0,0,30,0
"E17HA05-05","C17","Chinese","Genuine",0,"Happy 5 CN",5,5,3.75,30,"AU07","action_unit",0,0,0,0,0,0,0,0,0,0,1,0,0,30,0
"E17HA05-05","C17","Chinese","Genuine",0,"Happy 5 CN",5,5,3.75,30,"AU09","action_unit",0,0,0,0,0,0,0,0,0,0,1,0,0,30,0
"E17HA05-05","C17","Chinese","Genuine",0,"Happy 5 CN",5,5,3.75,30,"AU10","action_unit",0,0,0,0,0,0,0,0,0,0,1,0,0,30,0
"E17HA05-05","C17","Chinese","Genuine",0,"Happy 5 CN",5,5,3.75,30,"AU12","action_unit",0,0,0,0,0,0,0,0,0,0,1,0,0,30,0
"E17HA05-05","C17","Chinese","Genuine",0,"Happy 5 CN",5,5,3.75,30,"AU14","action_unit",0,0,0,0,0,0,0,0,0,0,1,0,0,30,0
"E17HA05-05","C17","Chinese","Genuine",0,"Happy 5 CN",5,5,3.75,30,"AU15","action_unit",0,0,0,0,0,0,0,0,0,0,1,0,0,30,0
"E17HA05-05","C17","Chinese","Genuine",0,"Happy 5 CN",5,5,3.75,30,"AU17","action_unit",0,0,0,0,0,0,0,0,0,0,1,0,0,30,0
"E17HA05-05","C17","Chinese","Genuine",0,"Happy 5 CN",5,5,3.75,30,"AU18","action_unit",0,0,0,0,0,0,0,0,0,0,1,0,0,30,0
"E17HA05-05","C17","Chinese","Genuine",0,"Happy 5 CN",5,5,3.75,30,"AU20","action_unit",0,0,0,0,0,0,0,0,0,0,1,0,0,30,0
"E17HA05-05","C17","Chinese","Genuine",0,"Happy 5 CN",5,5,3.75,30,"AU23","action_unit",0,0,0,0,0,0,0,0,0,0,1,0,0,30,0
"E17HA05-05","C17","Chinese","Genuine",0,"Happy 5 CN",5,5,3.75,30,"AU24","action_unit",0,0,0,0,0,0,0,0,0,0,1,0,0,30,0
"E17HA05-05","C17","Chinese","Genuine",0,"Happy 5 CN",5,5,3.75,30,"AU25","action_unit",0,0,0,0,0,0,0,0,0,0,1,0,0,30,0
"E17HA05-05","C17","Chinese","Genuine",0,"Happy 5 CN",5,5,3.75,30,"AU26","action_unit",0,0,0,0,0,0,0,0,0,0,1,0,0,30,0
"E17HA05-05","C17","Chinese","Genuine",0,"Happy 5 CN",5,5,3.75,30,"AU27","action_unit",0,0,0,0,0,0,0,0,0,0,1,0,0,30,0
"E17HA05-05","C17","Chinese","Genuine",0,"Happy 5 CN",5,5,3.75,30,"AU43","action_unit",3,1.3,0.794376788909785,4.8125,0.833333333333333,1,3.125,3.125,2.75,0.733333333333333,1,0,1,30,0
"E17HA06-02","C17","Chinese","Genuine",0,"Happy 6 CN",6,2,6.25,50,"Neutral","emotion",0.4815553,0.437983274,0.0286098355928824,2.6823306125,0,0,0,0,6.125,0.98,1,0,0,50,0
"E17HA06-02","C17","Chinese","Genuine",0,"Happy 6 CN",6,2,6.25,50,"Happy","emotion",0.3050973,0.1354099726,0.0536186660102549,0.837413363125,0,0,0,0,3,0.48,1,0,0,50,0
"E17HA06-02","C17","Chinese","Genuine",0,"Happy 6 CN",6,2,6.25,50,"Sad","emotion",0.2065355,0.1138253106,0.0277862495517307,0.691988735,0,0,0,0,0,0,1,0,0,50,0
"E17HA06-02","C17","Chinese","Genuine",0,"Happy 6 CN",6,2,6.25,50,"Angry","emotion",0.09618779,0.0569033198,0.0127452500787969,0.34768665125,0,0,0,0,2.75,0.44,1,0,0,50,0
"E17HA06-02","C17","Chinese","Genuine",0,"Happy 6 CN",6,2,6.25,50,"Surprised","emotion",0.01022254,0.0047709892,0.00181835224811846,0.0291371745,0,0,0,0,6.125,0.98,1,0,0,50,0
"E17HA06-02","C17","Chinese","Genuine",0,"Happy 6 CN",6,2,6.25,50,"Scared","emotion",0.009874752,0.00272066948,0.00145220628945825,0.0163208725,0,0,0,0,6.125,0.98,1,0,0,50,0
"E17HA06-02","C17","Chinese","Genuine",0,"Happy 6 CN",6,2,6.25,50,"Disgusted","emotion",0.07663676,0.0253642918,0.0134087241284089,0.15278753625,0,0,0,0,0,0,1,0,0,50,0
"E17HA06-02","C17","Chinese","Genuine",0,"Happy 6 CN",6,2,6.25,50,"Contempt","emotion",0.03979193,0.02008565912,0.0124643948955734,0.12370729325,0,0,0,0,5.25,0.84,1,0,0,50,0
"E17HA06-02","C17","Chinese","Genuine",0,"Happy 6 CN",6,2,6.25,50,"AU01","action_unit",0,0,0,0,0,0,0,0,0,0,1,0,0,50,0
"E17HA06-02","C17","Chinese","Genuine",0,"Happy 6 CN",6,2,6.25,50,"AU02","action_unit",0,0,0,0,0,0,0,0,0,0,1,0,0,50,0
"E17HA06-02","C17","Chinese","Genuine",0,"Happy 6 CN",6,2,6.25,50,"AU04","action_unit",0,0,0,0,0,0,0,0,0,0,1,0,0,50,0
"E17HA06-02","C17","Chinese","Genuine",0,"Happy 6 CN",6,2,6.25,50,"AU05","action_unit",0,0,0,0,0,0,0,0,0,0,1,0,0,50,0
"E17HA06-02","C17","Chinese","Genuine",0,"Happy 6 CN",6,2,6.25,50,"AU06","action_unit",0,0,0,0,0,0,0,0,0,0,1,0,0,50,0
"E17HA06-02","C17","Chinese","Genuine",0,"Happy 6 CN",6,2,6.25,50,"AU07","action_unit",0,0,0,0,0,0,0,0,0,0,1,0,0,50,0
"E17HA06-02","C17","Chinese","Genuine",0,"Happy 6 CN",6,2,6.25,50,"AU09","action_unit",0,0,0,0,0,0,0,0,0,0,1,0,0,50,0
"E17HA06-02","C17","Chinese","Genuine",0,"Happy 6 CN",6,2,6.25,50,"AU10","action_unit",0,0,0,0,0,0,0,0,0,0,1,0,0,50,0
"E17HA06-02","C17","Chinese","Genuine",0,"Happy 6 CN",6,2,6.25,50,"AU12","action_unit",1,0.2,0.404061017820884,1.25,0.2,2,1.25,0.75,1.875,0.3,1,0,0,50,0
"E17HA06-02","C17","Chinese","Genuine",0,"Happy 6 CN",6,2,6.25,50,"AU14","action_unit",0,0,0,0,0,0,0,0,0,0,1,0,0,50,0
"E17HA06-02","C17","Chinese","Genuine",0,"Happy 6 CN",6,2,6.25,50,"AU15","action_unit",0,0,0,0,0,0,0,0,0,0,1,0,0,50,0
"E17HA06-02","C17","Chinese","Genuine",0,"Happy 6 CN",6,2,6.25,50,"AU17","action_unit",0,0,0,0,0,0,0,0,0,0,1,0,0,50,0
"E17HA06-02","C17","Chinese","Genuine",0,"Happy 6 CN",6,2,6.25,50,"AU18","action_unit",0,0,0,0,0,0,0,0,0,0,1,0,0,50,0
"E17HA06-02","C17","Chinese","Genuine",0,"Happy 6 CN",6,2,6.25,50,"AU20","action_unit",0,0,0,0,0,0,0,0,0,0,1,0,0,50,0
"E17HA06-02","C17","Chinese","Genuine",0,"Happy 6 CN",6,2,6.25,50,"AU23","action_unit",0,0,0,0,0,0,0,0,0,0,1,0,0,50,0
"E17HA06-02","C17","Chinese","Genuine",0,"Happy 6 CN",6,2,6.25,50,"AU24","action_unit",0,0,0,0,0,0,0,0,0,0,1,0,0,50,0
"E17HA06-02","C17","Chinese","Genuine",0,"Happy 6 CN",6,2,6.25,50,"AU25","action_unit",1,0.16,0.37032803990902,1,0.16,1,1,1,2.75,0.44,1,0,0,50,0
"E17HA06-02","C17","Chinese","Genuine",0,"Happy 6 CN",6,2,6.25,50,"AU26","action_unit",0,0,0,0,0,0,0,0,0,0,1,0,0,50,0
"E17HA06-02","C17","Chinese","Genuine",0,"Happy 6 CN",6,2,6.25,50,"AU27","action_unit",0,0,0,0,0,0,0,0,0,0,1,0,0,50,0
"E17HA06-02","C17","Chinese","Genuine",0,"Happy 6 CN",6,2,6.25,50,"AU43","action_unit",4,1.7,0.886405260427919,10.3125,0.98,2,6.125,5.375,0,0,0,1,1,50,0
"E17HA07-02","C17","Chinese","Genuine",0,"Happy 7 CN",7,2,3.625,29,"Neutral","emotion",0.5641293,0.451016810344828,0.0585029980084986,1.5711737125,0.206896551724138,1,0.75,0.75,0,0,0,1,0,29,0
"E17HA07-02","C17","Chinese","Genuine",0,"Happy 7 CN",7,2,3.625,29,"Happy","emotion",0.1708568,0.0853338472413793,0.0455163537660377,0.302973236875,0,0,0,0,3,0.827586206896552,1,0,0,29,0
"E17HA07-02","C17","Chinese","Genuine",0,"Happy 7 CN",7,2,3.625,29,"Sad","emotion",0.2528803,0.139894199655172,0.0594008163612647,0.49307608,0,0,0,0,2.25,0.620689655172414,1,0,0,29,0
"E17HA07-02","C17","Chinese","Genuine",0,"Happy 7 CN",7,2,3.625,29,"Angry","emotion",0.1369894,0.0574985124137931,0.0290509391338041,0.19632568125,0,0,0,0,0,0,1,0,0,29,0
"E17HA07-02","C17","Chinese","Genuine",0,"Happy 7 CN",7,2,3.625,29,"Surprised","emotion",0.008681701,0.00476191831034483,0.00199652745531183,0.016504551125,0,0,0,0,3.125,0.862068965517241,1,0,0,29,0
"E17HA07-02","C17","Chinese","Genuine",0,"Happy 7 CN",7,2,3.625,29,"Scared","emotion",0.003313997,0.00147835865517241,0.000792465149715804,0.005121440375,0,0,0,0,3,0.827586206896552,1,0,0,29,0
"E17HA07-02","C17","Chinese","Genuine",0,"Happy 7 CN",7,2,3.625,29,"Disgusted","emotion",0.0701196,0.0321996410344828,0.0183952310299753,0.114355024375,0,0,0,0,2.375,0.655172413793103,1,0,0,29,0
"E17HA07-02","C17","Chinese","Genuine",0,"Happy 7 CN",7,2,3.625,29,"Contempt","emotion",0.007962053,0.00182482120689655,0.00197136355884837,0.0064491725,0,0,0,0,1,0.275862068965517,1,0,0,29,0
"E17HA07-02","C17","Chinese","Genuine",0,"Happy 7 CN",7,2,3.625,29,"AU01","action_unit",0,0,0,0,0,0,0,0,0,0,1,0,0,29,0
"E17HA07-02","C17","Chinese","Genuine",0,"Happy 7 CN",7,2,3.625,29,"AU02","action_unit",0,0,0,0,0,0,0,0,0,0,1,0,0,29,0
"E17HA07-02","C17","Chinese","Genuine",0,"Happy 7 CN",7,2,3.625,29,"AU04","action_unit",0,0,0,0,0,0,0,0,0,0,1,0,0,29,0
"E17HA07-02","C17","Chinese","Genuine",0,"Happy 7 CN",7,2,3.625,29,"AU05","action_unit",0,0,0,0,0,0,0,0,0,0,1,0,0,29,0
"E17HA07-02","C17","Chinese","Genuine",0,"Happy 7 CN",7,2,3.625,29,"AU06","action_unit",0,0,0,0,0,0,0,0,0,0,1,0,0,29,0
"E17HA07-02","C17","Chinese","Genuine",0,"Happy 7 CN",7,2,3.625,29,"AU07","action_unit",0,0,0,0,0,0,0,0,0,0,1,0,0,29,0
"E17HA07-02","C17","Chinese","Genuine",0,"Happy 7 CN",7,2,3.625,29,"AU09","action_unit",0,0,0,0,0,0,0,0,0,0,1,0,0,29,0
"E17HA07-02","C17","Chinese","Genuine",0,"Happy 7 CN",7,2,3.625,29,"AU10","action_unit",0,0,0,0,0,0,0,0,0,0,1,0,0,29,0
"E17HA07-02","C17","Chinese","Genuine",0,"Happy 7 CN",7,2,3.625,29,"AU12","action_unit",0,0,0,0,0,0,0,0,0,0,1,0,0,29,0
"E17HA07-02","C17","Chinese","Genuine",0,"Happy 7 CN",7,2,3.625,29,"AU14","action_unit",0,0,0,0,0,0,0,0,0,0,1,0,0,29,0
"E17HA07-02","C17","Chinese","Genuine",0,"Happy 7 CN",7,2,3.625,29,"AU15","action_unit",0,0,0,0,0,0,0,0,0,0,1,0,0,29,0
"E17HA07-02","C17","Chinese","Genuine",0,"Happy 7 CN",7,2,3.625,29,"AU17","action_unit",0,0,0,0,0,0,0,0,0,0,1,0,0,29,0
"E17HA07-02","C17","Chinese","Genuine",0,"Happy 7 CN",7,2,3.625,29,"AU18","action_unit",0,0,0,0,0,0,0,0,0,0,1,0,0,29,0
"E17HA07-02","C17","Chinese","Genuine",0,"Happy 7 CN",7,2,3.625,29,"AU20","action_unit",0,0,0,0,0,0,0,0,0,0,1,0,0,29,0
"E17HA07-02","C17","Chinese","Genuine",0,"Happy 7 CN",7,2,3.625,29,"AU23","action_unit",0,0,0,0,0,0,0,0,0,0,1,0,0,29,0
"E17HA07-02","C17","Chinese","Genuine",0,"Happy 7 CN",7,2,3.625,29,"AU24","action_unit",0,0,0,0,0,0,0,0,0,0,1,0,0,29,0
"E17HA07-02","C17","Chinese","Genuine",0,"Happy 7 CN",7,2,3.625,29,"AU25","action_unit",1,0.0689655172413793,0.257880714777564,0.25,0.0689655172413793,1,0.25,0.25,3,0.827586206896552,1,0,0,29,0
"E17HA07-02","C17","Chinese","Genuine",0,"Happy 7 CN",7,2,3.625,29,"AU26","action_unit",0,0,0,0,0,0,0,0,0,0,1,0,0,29,0
"E17HA07-02","C17","Chinese","Genuine",0,"Happy 7 CN",7,2,3.625,29,"AU27","action_unit",0,0,0,0,0,0,0,0,0,0,1,0,0,29,0
"E17HA07-02","C17","Chinese","Genuine",0,"Happy 7 CN",7,2,3.625,29,"AU43","action_unit",4,1.79310344827586,1.17653578492198,6.375,0.862068965517241,2,3.125,3,2.375,0.655172413793103,0,1,1,29,0
"E18HA01-02","C18","Chinese","Genuine",0,"Happy 1 CN",1,2,3,24,"Neutral","emotion",0.2826627,0.194000370833333,0.0345761008732342,0.551161925,0,0,0,0,2.875,0.958333333333333,1,0,0,24,0
"E18HA01-02","C18","Chinese","Genuine",0,"Happy 1 CN",1,2,3,24,"Happy","emotion",0.6976632,0.444080524166667,0.246203098707133,1.319814900625,0.583333333333333,1,1.75,1.75,1.625,0.541666666666667,1,0,0,24,0
"E18HA01-02","C18","Chinese","Genuine",0,"Happy 1 CN",1,2,3,24,"Sad","emotion",0.02533875,0.006169576375,0.0057497957461844,0.01621382225,0,0,0,0,2.875,0.958333333333333,1,0,0,24,0
"E18HA01-02","C18","Chinese","Genuine",0,"Happy 1 CN",1,2,3,24,"Angry","emotion",0.6165419,0.401929720833333,0.0979628632372714,1.14357270625,0.166666666666667,1,0.5,0.5,0,0,0,1,0,24,0
"E18HA01-02","C18","Chinese","Genuine",0,"Happy 1 CN",1,2,3,24,"Surprised","emotion",0.000348622,0.000107411041666667,8.62582968185766e-05,0.00029836025,0,0,0,0,0,0,1,0,0,24,0
"E18HA01-02","C18","Chinese","Genuine",0,"Happy 1 CN",1,2,3,24,"Scared","emotion",0.003562158,0.00100210016666667,0.000718317045974019,0.002726339375,0,0,0,0,2.875,0.958333333333333,1,0,0,24,0
"E18HA01-02","C18","Chinese","Genuine",0,"Happy 1 CN",1,2,3,24,"Disgusted","emotion",0.2040538,0.0803042341666667,0.0435742831076165,0.224061336875,0,0,0,0,2.875,0.958333333333333,1,0,0,24,0
"E18HA01-02","C18","Chinese","Genuine",0,"Happy 1 CN",1,2,3,24,"Contempt","emotion",0.000350082,5.11699166666667e-05,8.92077661665594e-05,0.0001531333125,0,0,0,0,1.375,0.458333333333333,1,0,0,24,0
"E18HA01-02","C18","Chinese","Genuine",0,"Happy 1 CN",1,2,3,24,"AU01","action_unit",0,0,0,0,0,0,0,0,0,0,1,0,0,24,0
"E18HA01-02","C18","Chinese","Genuine",0,"Happy 1 CN",1,2,3,24,"AU02","action_unit",0,0,0,0,0,0,0,0,0,0,1,0,0,24,0
"E18HA01-02","C18","Chinese","Genuine",0,"Happy 1 CN",1,2,3,24,"AU04","action_unit",0,0,0,0,0,0,0,0,0,0,1,0,0,24,0
"E18HA01-02","C18","Chinese","Genuine",0,"Happy 1 CN",1,2,3,24,"AU05","action_unit",0,0,0,0,0,0,0,0,0,0,1,0,0,24,0
"E18HA01-02","C18","Chinese","Genuine",0,"Happy 1 CN",1,2,3,24,"AU06","action_unit",3,1.95833333333333,1.23285341230492,5.75,0.791666666666667,1,2.375,2.375,1.25,0.416666666666667,1,0,1,24,0
"E18HA01-02","C18","Chinese","Genuine",0,"Happy 1 CN",1,2,3,24,"AU07","action_unit",0,0,0,0,0,0,0,0,0,0,1,0,0,24,0
"E18HA01-02","C18","Chinese","Genuine",0,"Happy 1 CN",1,2,3,24,"AU09","action_unit",0,0,0,0,0,0,0,0,0,0,1,0,0,24,0
"E18HA01-02","C18","Chinese","Genuine",0,"Happy 1 CN",1,2,3,24,"AU10","action_unit",0,0,0,0,0,0,0,0,0,0,1,0,0,24,0
"E18HA01-02","C18","Chinese","Genuine",0,"Happy 1 CN",1,2,3,24,"AU12","action_unit",2,1.375,0.824225591744734,4.0625,0.791666666666667,1,2.375,2.375,1,0.333333333333333,1,0,1,24,0
"E18HA01-02","C18","Chinese","Genuine",0,"Happy 1 CN",1,2,3,24,"AU14","action_unit",0,0,0,0,0,0,0,0,0,0,1,0,0,24,0
"E18HA01-02","C18","Chinese","Genuine",0,"Happy 1 CN",1,2,3,24,"AU15","action_unit",1,0.0416666666666667,0.204124145231932,0.0625,0.0416666666666667,1,0.125,0.125,2.875,0.958333333333333,1,0,1,24,0
"E18HA01-02","C18","Chinese","Genuine",0,"Happy 1 CN",1,2,3,24,"AU17","action_unit",1,0.333333333333333,0.481543412343077,0.9375,0.333333333333333,2,1,0.875,0.375,0.125,1,0,1,24,0
"E18HA01-02","C18","Chinese","Genuine",0,"Happy 1 CN",1,2,3,24,"AU18","action_unit",0,0,0,0,0,0,0,0,0,0,1,0,0,24,0
"E18HA01-02","C18","Chinese","Genuine",0,"Happy 1 CN",1,2,3,24,"AU20","action_unit",0,0,0,0,0,0,0,0,0,0,1,0,0,24,0
"E18HA01-02","C18","Chinese","Genuine",0,"Happy 1 CN",1,2,3,24,"AU23","action_unit",3,1.58333333333333,0.775531608229039,4.5,1,1,3,3,0,0,0,1,1,24,0
"E18HA01-02","C18","Chinese","Genuine",0,"Happy 1 CN",1,2,3,24,"AU24","action_unit",2,0.375,0.575779245136914,1,0.333333333333333,1,1,1,0,0,0,1,0,24,0
"E18HA01-02","C18","Chinese","Genuine",0,"Happy 1 CN",1,2,3,24,"AU25","action_unit",2,0.875,0.612372435695794,2.5625,0.75,1,2.25,2.25,1.5,0.5,1,0,1,24,0
"E18HA01-02","C18","Chinese","Genuine",0,"Happy 1 CN",1,2,3,24,"AU26","action_unit",0,0,0,0,0,0,0,0,0,0,1,0,0,24,0
"E18HA01-02","C18","Chinese","Genuine",0,"Happy 1 CN",1,2,3,24,"AU27","action_unit",0,0,0,0,0,0,0,0,0,0,1,0,0,24,0
"E18HA01-02","C18","Chinese","Genuine",0,"Happy 1 CN",1,2,3,24,"AU43","action_unit",3,2.625,0.769669607265238,7.625,1,1,3,3,0.625,0.208333333333333,0,1,1,24,0
"E18HA05-01","C18","Chinese","Genuine",0,"Happy 5 CN",5,1,4,32,"Neutral","emotion",0.3634668,0.298516934375,0.059583209806079,1.15265858125,0,0,0,0,0.75,0.1875,1,0,0,32,0
"E18HA05-01","C18","Chinese","Genuine",0,"Happy 5 CN",5,1,4,32,"Happy","emotion",0.7171141,0.29139663903125,0.21293027839468,1.1590017955625,0.15625,1,0.625,0.625,3,0.75,1,0,0,32,0
"E18HA05-01","C18","Chinese","Genuine",0,"Happy 5 CN",5,1,4,32,"Sad","emotion",0.08312736,0.04091010884375,0.0209364902735976,0.1572678385,0,0,0,0,0.75,0.1875,1,0,0,32,0
"E18HA05-01","C18","Chinese","Genuine",0,"Happy 5 CN",5,1,4,32,"Angry","emotion",0.4059795,0.238939134375,0.0732198705328732,0.91483871875,0,0,0,0,0,0,1,0,0,32,0
"E18HA05-01","C18","Chinese","Genuine",0,"Happy 5 CN",5,1,4,32,"Surprised","emotion",0.002386925,0.0008797835625,0.00060627973288967,0.00335983975,0,0,0,0,0,0,1,0,0,32,0
"E18HA05-01","C18","Chinese","Genuine",0,"Happy 5 CN",5,1,4,32,"Scared","emotion",0.00274575,0.00147766925,0.000691391385424139,0.0056865685625,0,0,0,0,0,0,1,0,0,32,0
"E18HA05-01","C18","Chinese","Genuine",0,"Happy 5 CN",5,1,4,32,"Disgusted","emotion",0.1523407,0.0525040135,0.0449296786236645,0.2060850815,0,0,0,0,2.375,0.59375,1,0,0,32,0
"E18HA05-01","C18","Chinese","Genuine",0,"Happy 5 CN",5,1,4,32,"Contempt","emotion",0,0,0,0,0,0,0,0,0,0,1,0,0,32,0
"E18HA05-01","C18","Chinese","Genuine",0,"Happy 5 CN",5,1,4,32,"AU01","action_unit",1,0.3125,0.470929074859885,1.1875,0.3125,1,1.25,1.25,0,0,0,1,0,32,0
"E18HA05-01","C18","Chinese","Genuine",0,"Happy 5 CN",5,1,4,32,"AU02","action_unit",0,0,0,0,0,0,0,0,0,0,1,0,0,32,0
"E18HA05-01","C18","Chinese","Genuine",0,"Happy 5 CN",5,1,4,32,"AU04","action_unit",0,0,0,0,0,0,0,0,0,0,1,0,0,32,0
"E18HA05-01","C18","Chinese","Genuine",0,"Happy 5 CN",5,1,4,32,"AU05","action_unit",0,0,0,0,0,0,0,0,0,0,1,0,0,32,0
"E18HA05-01","C18","Chinese","Genuine",0,"Happy 5 CN",5,1,4,32,"AU06","action_unit",2,1.125,0.832795525382296,4.4375,0.71875,1,2.875,2.875,2,0.5,1,0,1,32,0
"E18HA05-01","C18","Chinese","Genuine",0,"Happy 5 CN",5,1,4,32,"AU07","action_unit",0,0,0,0,0,0,0,0,0,0,1,0,0,32,0
"E18HA05-01","C18","Chinese","Genuine",0,"Happy 5 CN",5,1,4,32,"AU09","action_unit",0,0,0,0,0,0,0,0,0,0,1,0,0,32,0
"E18HA05-01","C18","Chinese","Genuine",0,"Happy 5 CN",5,1,4,32,"AU10","action_unit",0,0,0,0,0,0,0,0,0,0,1,0,0,32,0
"E18HA05-01","C18","Chinese","Genuine",0,"Happy 5 CN",5,1,4,32,"AU12","action_unit",1,0.375,0.491869376837965,1.5,0.375,1,1.5,1.5,2.25,0.5625,1,0,0,32,0
"E18HA05-01","C18","Chinese","Genuine",0,"Happy 5 CN",5,1,4,32,"AU14","action_unit",0,0,0,0,0,0,0,0,0,0,1,0,0,32,0
"E18HA05-01","C18","Chinese","Genuine",0,"Happy 5 CN",5,1,4,32,"AU15","action_unit",1,0.40625,0.498990917235846,1.5625,0.40625,2,1.625,1.125,0.75,0.1875,1,0,1,32,0
"E18HA05-01","C18","Chinese","Genuine",0,"Happy 5 CN",5,1,4,32,"AU17","action_unit",1,0.09375,0.296144581080299,0.375,0.09375,1,0.375,0.375,1,0.25,1,0,0,32,0
"E18HA05-01","C18","Chinese","Genuine",0,"Happy 5 CN",5,1,4,32,"AU18","action_unit",0,0,0,0,0,0,0,0,0,0,1,0,0,32,0
"E18HA05-01","C18","Chinese","Genuine",0,"Happy 5 CN",5,1,4,32,"AU20","action_unit",0,0,0,0,0,0,0,0,0,0,1,0,0,32,0
"E18HA05-01","C18","Chinese","Genuine",0,"Happy 5 CN",5,1,4,32,"AU23","action_unit",3,2.03125,0.82244227172646,7.8125,1,1,4,4,0,0,0,1,1,32,0
"E18HA05-01","C18","Chinese","Genuine",0,"Happy 5 CN",5,1,4,32,"AU24","action_unit",1,0.75,0.43994134506406,2.875,0.75,2,3,2.125,0,0,0,1,1,32,0
"E18HA05-01","C18","Chinese","Genuine",0,"Happy 5 CN",5,1,4,32,"AU25","action_unit",0,0,0,0,0,0,0,0,0,0,1,0,0,32,0
"E18HA05-01","C18","Chinese","Genuine",0,"Happy 5 CN",5,1,4,32,"AU26","action_unit",0,0,0,0,0,0,0,0,0,0,1,0,0,32,0
"E18HA05-01","C18","Chinese","Genuine",0,"Happy 5 CN",5,1,4,32,"AU27","action_unit",0,0,0,0,0,0,0,0,0,0,1,0,0,32,0
"E18HA05-01","C18","Chinese","Genuine",0,"Happy 5 CN",5,1,4,32,"AU43","action_unit",4,3.09375,1.11758307766531,12.125,1,1,4,4,1.75,0.4375,0,1,1,32,0
"E18HA05-03","C18","Chinese","Genuine",0,"Happy 5 CN",5,3,5,40,"Neutral","emotion",0.3471688,0.1322670575,0.100375773596607,0.61960981875,0,0,0,0,4.625,0.925,1,0,0,40,0
"E18HA05-03","C18","Chinese","Genuine",0,"Happy 5 CN",5,3,5,40,"Happy","emotion",0.9231455,0.7165084675,0.226305815860538,3.55120610625,0.775,1,3.875,3.875,2,0.4,1,0,0,40,0
"E18HA05-03","C18","Chinese","Genuine",0,"Happy 5 CN",5,3,5,40,"Sad","emotion",0.01948578,0.00470409405,0.00558034229283631,0.0219717478125,0,0,0,0,4.5,0.9,1,0,0,40,0
"E18HA05-03","C18","Chinese","Genuine",0,"Happy 5 CN",5,3,5,40,"Angry","emotion",0.4027048,0.3244345225,0.0549558137101654,1.58279088125,0,0,0,0,0.125,0.025,1,0,0,40,0
"E18HA05-03","C18","Chinese","Genuine",0,"Happy 5 CN",5,3,5,40,"Surprised","emotion",0.000756022,0.000164594625,0.000194118044747782,0.0008113274375,0,0,0,0,3.5,0.7,1,0,0,40,0
"E18HA05-03","C18","Chinese","Genuine",0,"Happy 5 CN",5,3,5,40,"Scared","emotion",0.008650869,0.0024161142,0.00225400147529927,0.0118563065,0,0,0,0,3,0.6,1,0,0,40,0
"E18HA05-03","C18","Chinese","Genuine",0,"Happy 5 CN",5,3,5,40,"Disgusted","emotion",0.2918156,0.11897371625,0.0757065246867022,0.5696588875,0,0,0,0,0,0,1,0,0,40,0
"E18HA05-03","C18","Chinese","Genuine",0,"Happy 5 CN",5,3,5,40,"Contempt","emotion",0,0,0,0,0,0,0,0,0,0,1,0,0,40,0
"E18HA05-03","C18","Chinese","Genuine",0,"Happy 5 CN",5,3,5,40,"AU01","action_unit",0,0,0,0,0,0,0,0,0,0,1,0,0,40,0
"E18HA05-03","C18","Chinese","Genuine",0,"Happy 5 CN",5,3,5,40,"AU02","action_unit",0,0,0,0,0,0,0,0,0,0,1,0,0,40,0
"E18HA05-03","C18","Chinese","Genuine",0,"Happy 5 CN",5,3,5,40,"AU04","action_unit",0,0,0,0,0,0,0,0,0,0,1,0,0,40,0
"E18HA05-03","C18","Chinese","Genuine",0,"Happy 5 CN",5,3,5,40,"AU05","action_unit",0,0,0,0,0,0,0,0,0,0,1,0,0,40,0
"E18HA05-03","C18","Chinese","Genuine",0,"Happy 5 CN",5,3,5,40,"AU06","action_unit",4,2.85,0.622237484550302,13.9375,1,1,5,5,1.5,0.3,0,1,1,40,0
"E18HA05-03","C18","Chinese","Genuine",0,"Happy 5 CN",5,3,5,40,"AU07","action_unit",0,0,0,0,0,0,0,0,0,0,1,0,0,40,0
"E18HA05-03","C18","Chinese","Genuine",0,"Happy 5 CN",5,3,5,40,"AU09","action_unit",0,0,0,0,0,0,0,0,0,0,1,0,0,40,0
"E18HA05-03","C18","Chinese","Genuine",0,"Happy 5 CN",5,3,5,40,"AU10","action_unit",0,0,0,0,0,0,0,0,0,0,1,0,0,40,0
"E18HA05-03","C18","Chinese","Genuine",0,"Happy 5 CN",5,3,5,40,"AU12","action_unit",2,1.675,0.525625390636764,8.3125,0.975,1,4.875,4.875,0.5,0.1,1,0,1,40,0
"E18HA05-03","C18","Chinese","Genuine",0,"Happy 5 CN",5,3,5,40,"AU14","action_unit",0,0,0,0,0,0,0,0,0,0,1,0,0,40,0
"E18HA05-03","C18","Chinese","Genuine",0,"Happy 5 CN",5,3,5,40,"AU15","action_unit",0,0,0,0,0,0,0,0,0,0,1,0,0,40,0
"E18HA05-03","C18","Chinese","Genuine",0,"Happy 5 CN",5,3,5,40,"AU17","action_unit",2,0.2,0.464095480892257,0.875,0.175,1,0.875,0.875,0,0,0,1,0,40,0
"E18HA05-03","C18","Chinese","Genuine",0,"Happy 5 CN",5,3,5,40,"AU18","action_unit",0,0,0,0,0,0,0,0,0,0,1,0,0,40,0
"E18HA05-03","C18","Chinese","Genuine",0,"Happy 5 CN",5,3,5,40,"AU20","action_unit",0,0,0,0,0,0,0,0,0,0,1,0,0,40,0
"E18HA05-03","C18","Chinese","Genuine",0,"Happy 5 CN",5,3,5,40,"AU23","action_unit",1,0.425,0.500640615253123,2,0.425,3,2.125,1.125,0,0,0,1,1,40,0
"E18HA05-03","C18","Chinese","Genuine",0,"Happy 5 CN",5,3,5,40,"AU24","action_unit",0,0,0,0,0,0,0,0,0,0,1,0,0,40,0
"E18HA05-03","C18","Chinese","Genuine",0,"Happy 5 CN",5,3,5,40,"AU25","action_unit",2,1.425,0.635993065596771,7.125,0.925,1,4.625,4.625,0.625,0.125,1,0,0,40,0
"E18HA05-03","C18","Chinese","Genuine",0,"Happy 5 CN",5,3,5,40,"AU26","action_unit",0,0,0,0,0,0,0,0,0,0,1,0,0,40,0
"E18HA05-03","C18","Chinese","Genuine",0,"Happy 5 CN",5,3,5,40,"AU27","action_unit",0,0,0,0,0,0,0,0,0,0,1,0,0,40,0
"E18HA05-03","C18","Chinese","Genuine",0,"Happy 5 CN",5,3,5,40,"AU43","action_unit",5,4.125,0.334932063528542,20.125,1,1,5,5,3,0.6,0,1,1,40,0
"E18HA06-01","C18","Chinese","Genuine",0,"Happy 6 CN",6,1,3.5,28,"Neutral","emotion",0.3235065,0.245821310714286,0.0391799529442303,0.8299440125,0,0,0,0,2.875,0.821428571428571,1,0,0,28,0
"E18HA06-01","C18","Chinese","Genuine",0,"Happy 6 CN",6,1,3.5,28,"Happy","emotion",0.07250416,0.0313099290714286,0.0200701802769673,0.106254914375,0,0,0,0,2.875,0.821428571428571,1,0,0,28,0
"E18HA06-01","C18","Chinese","Genuine",0,"Happy 6 CN",6,1,3.5,28,"Sad","emotion",0.1282558,0.04415734525,0.0352316144422318,0.144716389,0,0,0,0,0,0,1,0,0,28,0
"E18HA06-01","C18","Chinese","Genuine",0,"Happy 6 CN",6,1,3.5,28,"Angry","emotion",0.6566045,0.524234296428571,0.0888213394904854,1.76845265,0.535714285714286,3,1.875,0.875,0.375,0.107142857142857,0,1,0,28,0
"E18HA06-01","C18","Chinese","Genuine",0,"Happy 6 CN",6,1,3.5,28,"Surprised","emotion",0.00033277,0.000209773964285714,6.93438350772504e-05,0.0007084789375,0,0,0,0,0,0,1,0,0,28,0
"E18HA06-01","C18","Chinese","Genuine",0,"Happy 6 CN",6,1,3.5,28,"Scared","emotion",0.002838491,0.00153570085714286,0.000685514679451368,0.0052048443125,0,0,0,0,2.875,0.821428571428571,1,0,0,28,0
"E18HA06-01","C18","Chinese","Genuine",0,"Happy 6 CN",6,1,3.5,28,"Disgusted","emotion",0.1777444,0.0971387703571429,0.053932327320198,0.33394147625,0,0,0,0,2.375,0.678571428571429,1,0,0,28,0
"E18HA06-01","C18","Chinese","Genuine",0,"Happy 6 CN",6,1,3.5,28,"Contempt","emotion",0,0,0,0,0,0,0,0,0,0,1,0,0,28,0
"E18HA06-01","C18","Chinese","Genuine",0,"Happy 6 CN",6,1,3.5,28,"AU01","action_unit",0,0,0,0,0,0,0,0,0,0,1,0,0,28,0
"E18HA06-01","C18","Chinese","Genuine",0,"Happy 6 CN",6,1,3.5,28,"AU02","action_unit",0,0,0,0,0,0,0,0,0,0,1,0,0,28,0
"E18HA06-01","C18","Chinese","Genuine",0,"Happy 6 CN",6,1,3.5,28,"AU04","action_unit",0,0,0,0,0,0,0,0,0,0,1,0,0,28,0
"E18HA06-01","C18","Chinese","Genuine",0,"Happy 6 CN",6,1,3.5,28,"AU05","action_unit",0,0,0,0,0,0,0,0,0,0,1,0,0,28,0
"E18HA06-01","C18","Chinese","Genuine",0,"Happy 6 CN",6,1,3.5,28,"AU06","action_unit",1,0.214285714285714,0.417855447018672,0.6875,0.214285714285714,1,0.75,0.75,2.75,0.785714285714286,1,0,1,28,0
"E18HA06-01","C18","Chinese","Genuine",0,"Happy 6 CN",6,1,3.5,28,"AU07","action_unit",0,0,0,0,0,0,0,0,0,0,1,0,0,28,0
"E18HA06-01","C18","Chinese","Genuine",0,"Happy 6 CN",6,1,3.5,28,"AU09","action_unit",0,0,0,0,0,0,0,0,0,0,1,0,0,28,0
"E18HA06-01","C18","Chinese","Genuine",0,"Happy 6 CN",6,1,3.5,28,"AU10","action_unit",0,0,0,0,0,0,0,0,0,0,1,0,0,28,0
"E18HA06-01","C18","Chinese","Genuine",0,"Happy 6 CN",6,1,3.5,28,"AU12","action_unit",0,0,0,0,0,0,0,0,0,0,1,0,0,28,0
"E18HA06-01","C18","Chinese","Genuine",0,"Happy 6 CN",6,1,3.5,28,"AU14","action_unit",0,0,0,0,0,0,0,0,0,0,1,0,0,28,0
"E18HA06-01","C18","Chinese","Genuine",0,"Happy 6 CN",6,1,3.5,28,"AU15","action_unit",1,0.142857142857143,0.356348322549899,0.4375,0.142857142857143,1,0.5,0.5,3,0.857142857142857,1,0,1,28,0
"E18HA06-01","C18","Chinese","Genuine",0,"Happy 6 CN",6,1,3.5,28,"AU17","action_unit",1,0.678571428571428,0.475594865605671,2.3125,0.678571428571429,2,2.375,2.25,1,0.285714285714286,1,0,1,28,0
"E18HA06-01","C18","Chinese","Genuine",0,"Happy 6 CN",6,1,3.5,28,"AU18","action_unit",0,0,0,0,0,0,0,0,0,0,1,0,0,28,0
"E18HA06-01","C18","Chinese","Genuine",0,"Happy 6 CN",6,1,3.5,28,"AU20","action_unit",0,0,0,0,0,0,0,0,0,0,1,0,0,28,0
"E18HA06-01","C18","Chinese","Genuine",0,"Happy 6 CN",6,1,3.5,28,"AU23","action_unit",3,2.28571428571429,0.534522483824849,7.75,1,1,3.5,3.5,0.25,0.0714285714285714,0,1,1,28,0
"E18HA06-01","C18","Chinese","Genuine",0,"Happy 6 CN",6,1,3.5,28,"AU24","action_unit",1,1,0,3.375,1,1,3.5,3.5,0,0,0,1,1,28,0
"E18HA06-01","C18","Chinese","Genuine",0,"Happy 6 CN",6,1,3.5,28,"AU25","action_unit",0,0,0,0,0,0,0,0,0,0,1,0,0,28,0
"E18HA06-01","C18","Chinese","Genuine",0,"Happy 6 CN",6,1,3.5,28,"AU26","action_unit",0,0,0,0,0,0,0,0,0,0,1,0,0,28,0
"E18HA06-01","C18","Chinese","Genuine",0,"Happy 6 CN",6,1,3.5,28,"AU27","action_unit",0,0,0,0,0,0,0,0,0,0,1,0,0,28,0
"E18HA06-01","C18","Chinese","Genuine",0,"Happy 6 CN",6,1,3.5,28,"AU43","action_unit",4,3.10714285714286,0.497347461393438,10.5,1,1,3.5,3.5,2.875,0.821428571428571,0,1,1,28,0
"E18HA07-01","C18","Chinese","Genuine",0,"Happy 7 CN",7,1,2.75,22,"Neutral","emotion",0.2627893,0.210730419047619,0.0260825706680844,0.52655019375,0,0,0,0,0.625,0.227272727272727,1,0,0,21,1
"E18HA07-01","C18","Chinese","Genuine",0,"Happy 7 CN",7,1,2.75,22,"Happy","emotion",0.6168328,0.387222391904762,0.244274279178666,0.977414890625,0.619047619047619,1,1.625,1.625,1.25,0.454545454545455,1,0,0,21,1
"E18HA07-01","C18","Chinese","Genuine",0,"Happy 7 CN",7,1,2.75,22,"Sad","emotion",0.0205242,0.00775604771428571,0.00653487868342402,0.01845873025,0,0,0,0,0.375,0.136363636363636,1,0,0,21,1
"E18HA07-01","C18","Chinese","Genuine",0,"Happy 7 CN",7,1,2.75,22,"Angry","emotion",0.6118571,0.372612595238095,0.127791043079754,0.92697518125,0.238095238095238,1,0.625,0.625,0.25,0.0909090909090909,0,1,0,21,1
"E18HA07-01","C18","Chinese","Genuine",0,"Happy 7 CN",7,1,2.75,22,"Surprised","emotion",0.000265118,0.000104059857142857,7.50206919138218e-05,0.000260937625,0,0,0,0,0.75,0.272727272727273,1,0,0,21,1
"E18HA07-01","C18","Chinese","Genuine",0,"Happy 7 CN",7,1,2.75,22,"Scared","emotion",0.004556176,0.00109593585714286,0.00102718794185618,0.002782271875,0,0,0,0,0.625,0.227272727272727,1,0,0,21,1
"E18HA07-01","C18","Chinese","Genuine",0,"Happy 7 CN",7,1,2.75,22,"Disgusted","emotion",0.1803782,0.105228428571429,0.0453227116922709,0.261448376875,0,0,0,0,0.125,0.0454545454545455,1,0,0,21,1
"E18HA07-01","C18","Chinese","Genuine",0,"Happy 7 CN",7,1,2.75,22,"Contempt","emotion",0.000808789,0.000145318142857143,0.000229296480551117,0.000349937375,0,0,0,0,1.125,0.409090909090909,1,0,0,21,1
"E18HA07-01","C18","Chinese","Genuine",0,"Happy 7 CN",7,1,2.75,22,"AU01","action_unit",0,0,0,0,0,0,0,0,0,0,1,0,0,21,1
"E18HA07-01","C18","Chinese","Genuine",0,"Happy 7 CN",7,1,2.75,22,"AU02","action_unit",0,0,0,0,0,0,0,0,0,0,1,0,0,21,1
"E18HA07-01","C18","Chinese","Genuine",0,"Happy 7 CN",7,1,2.75,22,"AU04","action_unit",0,0,0,0,0,0,0,0,0,0,1,0,0,21,1
"E18HA07-01","C18","Chinese","Genuine",0,"Happy 7 CN",7,1,2.75,22,"AU05","action_unit",0,0,0,0,0,0,0,0,0,0,1,0,0,21,1
"E18HA07-01","C18","Chinese","Genuine",0,"Happy 7 CN",7,1,2.75,22,"AU06","action_unit",2,1.28571428571429,0.783763812819726,3.25,0.80952380952381,1,2.125,2.125,1.375,0.5,1,0,0,21,1
"E18HA07-01","C18","Chinese","Genuine",0,"Happy 7 CN",7,1,2.75,22,"AU07","action_unit",0,0,0,0,0,0,0,0,0,0,1,0,0,21,1
"E18HA07-01","C18","Chinese","Genuine",0,"Happy 7 CN",7,1,2.75,22,"AU09","action_unit",0,0,0,0,0,0,0,0,0,0,1,0,0,21,1
"E18HA07-01","C18","Chinese","Genuine",0,"Happy 7 CN",7,1,2.75,22,"AU10","action_unit",0,0,0,0,0,0,0,0,0,0,1,0,0,21,1
"E18HA07-01","C18","Chinese","Genuine",0,"Happy 7 CN",7,1,2.75,22,"AU12","action_unit",2,1.28571428571429,0.902377811277357,3.25,0.714285714285714,1,1.875,1.875,1.125,0.409090909090909,1,0,0,21,1
"E18HA07-01","C18","Chinese","Genuine",0,"Happy 7 CN",7,1,2.75,22,"AU14","action_unit",0,0,0,0,0,0,0,0,0,0,1,0,0,21,1
"E18HA07-01","C18","Chinese","Genuine",0,"Happy 7 CN",7,1,2.75,22,"AU15","action_unit",0,0,0,0,0,0,0,0,0,0,1,0,0,21,1
"E18HA07-01","C18","Chinese","Genuine",0,"Happy 7 CN",7,1,2.75,22,"AU17","action_unit",1,1,0,2.5,1,1,2.625,2.625,0,0,0,1,0,21,1
"E18HA07-01","C18","Chinese","Genuine",0,"Happy 7 CN",7,1,2.75,22,"AU18","action_unit",0,0,0,0,0,0,0,0,0,0,1,0,0,21,1
"E18HA07-01","C18","Chinese","Genuine",0,"Happy 7 CN",7,1,2.75,22,"AU20","action_unit",0,0,0,0,0,0,0,0,0,0,1,0,0,21,1
"E18HA07-01","C18","Chinese","Genuine",0,"Happy 7 CN",7,1,2.75,22,"AU23","action_unit",2,1.57142857142857,0.597614304667197,4,0.952380952380952,1,2.5,2.5,0,0,0,1,0,21,1
"E18HA07-01","C18","Chinese","Genuine",0,"Happy 7 CN",7,1,2.75,22,"AU24","action_unit",2,0.714285714285714,0.845154254728516,1.75,0.476190476190476,1,1.25,1.25,0,0,0,1,0,21,1
"E18HA07-01","C18","Chinese","Genuine",0,"Happy 7 CN",7,1,2.75,22,"AU25","action_unit",2,0.761904761904762,0.538958431120797,1.9375,0.714285714285714,1,1.875,1.875,2.125,0.772727272727273,1,0,0,21,1
"E18HA07-01","C18","Chinese","Genuine",0,"Happy 7 CN",7,1,2.75,22,"AU26","action_unit",0,0,0,0,0,0,0,0,0,0,1,0,0,21,1
"E18HA07-01","C18","Chinese","Genuine",0,"Happy 7 CN",7,1,2.75,22,"AU27","action_unit",0,0,0,0,0,0,0,0,0,0,1,0,0,21,1
"E18HA07-01","C18","Chinese","Genuine",0,"Happy 7 CN",7,1,2.75,22,"AU43","action_unit",4,2.85714285714286,1.19522860933439,7.25,1,1,2.625,2.625,1.5,0.545454545454545,0,1,0,21,1
"E18HA07-03","C18","Chinese","Genuine",0,"Happy 7 CN",7,3,5.125,41,"Neutral","emotion",0.3585072,0.286149168292683,0.0466427932236934,1.4360915125,0,0,0,0,2.75,0.536585365853659,1,0,0,41,0
"E18HA07-03","C18","Chinese","Genuine",0,"Happy 7 CN",7,3,5.125,41,"Happy","emotion",0.6493782,0.294218486487805,0.183669789897039,1.5027693711875,0.121951219512195,1,0.625,0.625,1.625,0.317073170731707,1,0,0,41,0
"E18HA07-03","C18","Chinese","Genuine",0,"Happy 7 CN",7,3,5.125,41,"Sad","emotion",0.1757624,0.0346381597073171,0.0427176042129936,0.173482897875,0,0,0,0,2.625,0.51219512195122,1,0,0,41,0
"E18HA07-03","C18","Chinese","Genuine",0,"Happy 7 CN",7,3,5.125,41,"Angry","emotion",0.4573249,0.303649080487805,0.0621681341928412,1.50171071875,0,0,0,0,5,0.975609756097561,1,0,0,41,0
"E18HA07-03","C18","Chinese","Genuine",0,"Happy 7 CN",7,3,5.125,41,"Surprised","emotion",0.00144117,0.000350007682926829,0.000336439340390243,0.0017772750625,0,0,0,0,3,0.585365853658537,1,0,0,41,0
"E18HA07-03","C18","Chinese","Genuine",0,"Happy 7 CN",7,3,5.125,41,"Scared","emotion",0.03614816,0.00781020585365854,0.0075854400161717,0.039321764875,0,0,0,0,0.625,0.121951219512195,1,0,0,41,0
"E18HA07-03","C18","Chinese","Genuine",0,"Happy 7 CN",7,3,5.125,41,"Disgusted","emotion",0.5002377,0.190955832682927,0.14634738306645,0.93099798625,0.024390243902439,1,0.125,0.125,0,0,0,1,0,41,0
"E18HA07-03","C18","Chinese","Genuine",0,"Happy 7 CN",7,3,5.125,41,"Contempt","emotion",0.000799462,0.000195738609756098,0.000188283044732907,0.0009999246875,0,0,0,0,1.375,0.268292682926829,1,0,0,41,0
"E18HA07-03","C18","Chinese","Genuine",0,"Happy 7 CN",7,3,5.125,41,"AU01","action_unit",0,0,0,0,0,0,0,0,0,0,1,0,0,41,0
"E18HA07-03","C18","Chinese","Genuine",0,"Happy 7 CN",7,3,5.125,41,"AU02","action_unit",0,0,0,0,0,0,0,0,0,0,1,0,0,41,0
"E18HA07-03","C18","Chinese","Genuine",0,"Happy 7 CN",7,3,5.125,41,"AU04","action_unit",0,0,0,0,0,0,0,0,0,0,1,0,0,41,0
"E18HA07-03","C18","Chinese","Genuine",0,"Happy 7 CN",7,3,5.125,41,"AU05","action_unit",1,0.024390243902439,0.156173761888606,0.125,0.024390243902439,1,0.125,0.125,3,0.585365853658537,1,0,0,41,0
"E18HA07-03","C18","Chinese","Genuine",0,"Happy 7 CN",7,3,5.125,41,"AU06","action_unit",3,1.36585365853659,0.622739815692541,6.875,1,1,5.125,5.125,1.5,0.292682926829268,0,1,1,41,0
"E18HA07-03","C18","Chinese","Genuine",0,"Happy 7 CN",7,3,5.125,41,"AU07","action_unit",0,0,0,0,0,0,0,0,0,0,1,0,0,41,0
"E18HA07-03","C18","Chinese","Genuine",0,"Happy 7 CN",7,3,5.125,41,"AU09","action_unit",0,0,0,0,0,0,0,0,0,0,1,0,0,41,0
"E18HA07-03","C18","Chinese","Genuine",0,"Happy 7 CN",7,3,5.125,41,"AU10","action_unit",0,0,0,0,0,0,0,0,0,0,1,0,0,41,0
"E18HA07-03","C18","Chinese","Genuine",0,"Happy 7 CN",7,3,5.125,41,"AU12","action_unit",2,1.14634146341463,0.760295192992699,5.8125,0.780487804878049,1,4,4,1.5,0.292682926829268,1,0,1,41,0
"E18HA07-03","C18","Chinese","Genuine",0,"Happy 7 CN",7,3,5.125,41,"AU14","action_unit",0,0,0,0,0,0,0,0,0,0,1,0,0,41,0
"E18HA07-03","C18","Chinese","Genuine",0,"Happy 7 CN",7,3,5.125,41,"AU15","action_unit",1,0.073170731707317,0.263651654881875,0.3125,0.0731707317073171,1,0.375,0.375,0,0,0,1,0,41,0
"E18HA07-03","C18","Chinese","Genuine",0,"Happy 7 CN",7,3,5.125,41,"AU17","action_unit",1,0.24390243902439,0.434769352926241,1.25,0.24390243902439,1,1.25,1.25,1.125,0.219512195121951,1,0,0,41,0
"E18HA07-03","C18","Chinese","Genuine",0,"Happy 7 CN",7,3,5.125,41,"AU18","action_unit",0,0,0,0,0,0,0,0,0,0,1,0,0,41,0
"E18HA07-03","C18","Chinese","Genuine",0,"Happy 7 CN",7,3,5.125,41,"AU20","action_unit",0,0,0,0,0,0,0,0,0,0,1,0,0,41,0
"E18HA07-03","C18","Chinese","Genuine",0,"Happy 7 CN",7,3,5.125,41,"AU23","action_unit",2,0.463414634146342,0.552157630374232,2.1875,0.439024390243902,2,2.25,2.125,0,0,0,1,1,41,0
"E18HA07-03","C18","Chinese","Genuine",0,"Happy 7 CN",7,3,5.125,41,"AU24","action_unit",2,0.219512195121951,0.474983953515864,1,0.195121951219512,1,1,1,0,0,0,1,0,41,0
"E18HA07-03","C18","Chinese","Genuine",0,"Happy 7 CN",7,3,5.125,41,"AU25","action_unit",1,0.804878048780488,0.401217658828843,4.0625,0.804878048780488,1,4.125,4.125,1,0.195121951219512,1,0,1,41,0
"E18HA07-03","C18","Chinese","Genuine",0,"Happy 7 CN",7,3,5.125,41,"AU26","action_unit",0,0,0,0,0,0,0,0,0,0,1,0,0,41,0
"E18HA07-03","C18","Chinese","Genuine",0,"Happy 7 CN",7,3,5.125,41,"AU27","action_unit",1,0.024390243902439,0.156173761888606,0.125,0.024390243902439,1,0.125,0.125,2.625,0.51219512195122,1,0,0,41,0
"E18HA07-03","C18","Chinese","Genuine",0,"Happy 7 CN",7,3,5.125,41,"AU43","action_unit",3,2.31707317073171,0.8197263076858,11.5,1,1,5.125,5.125,0,0,0,1,1,41,0
"E19HA02-04","C19","Chinese","Genuine",0,"Happy 2 CN",2,4,5,40,"Neutral","emotion",0.346765,0.09481815075,0.0744384787430928,0.4454584225,0,0,0,0,0,0,1,0,0,40,0
"E19HA02-04","C19","Chinese","Genuine",0,"Happy 2 CN",2,4,5,40,"Happy","emotion",0.9118272,0.769167605425,0.240738497762151,3.797185161125,0.875,1,4.375,4.375,2.25,0.45,1,0,1,40,0
"E19HA02-04","C19","Chinese","Genuine",0,"Happy 2 CN",2,4,5,40,"Sad","emotion",0.2220193,0.018627524725,0.0458634961419221,0.09219124225,0,0,0,0,0.125,0.025,1,0,0,40,0
"E19HA02-04","C19","Chinese","Genuine",0,"Happy 2 CN",2,4,5,40,"Angry","emotion",0.08969538,0.007618562525,0.0184992036921869,0.032230439375,0,0,0,0,0,0,1,0,0,40,0
"E19HA02-04","C19","Chinese","Genuine",0,"Happy 2 CN",2,4,5,40,"Surprised","emotion",0.1405937,0.011454610325,0.0288491992678297,0.04842924075,0,0,0,0,0,0,1,0,0,40,0
"E19HA02-04","C19","Chinese","Genuine",0,"Happy 2 CN",2,4,5,40,"Scared","emotion",0.3122386,0.0251380852,0.0642192649823891,0.1061519178125,0,0,0,0,0,0,1,0,0,40,0
"E19HA02-04","C19","Chinese","Genuine",0,"Happy 2 CN",2,4,5,40,"Disgusted","emotion",0.186306,0.016450195725,0.0390416008539452,0.0817208459375,0,0,0,0,0.125,0.025,1,0,0,40,0
"E19HA02-04","C19","Chinese","Genuine",0,"Happy 2 CN",2,4,5,40,"Contempt","emotion",0.001572122,0.0005806812,0.000432139686368988,0.0028248328125,0,0,0,0,3.5,0.7,1,0,0,40,0
"E19HA02-04","C19","Chinese","Genuine",0,"Happy 2 CN",2,4,5,40,"AU01","action_unit",2,0.2,0.464095480892257,0.875,0.175,1,0.875,0.875,0,0,0,1,0,40,0
"E19HA02-04","C19","Chinese","Genuine",0,"Happy 2 CN",2,4,5,40,"AU02","action_unit",2,0.15,0.42667467941194,0.625,0.125,1,0.625,0.625,0,0,0,1,0,40,0
"E19HA02-04","C19","Chinese","Genuine",0,"Happy 2 CN",2,4,5,40,"AU04","action_unit",1,0.375,0.49029033784546,1.875,0.375,1,1.875,1.875,0.125,0.025,1,0,0,40,0
"E19HA02-04","C19","Chinese","Genuine",0,"Happy 2 CN",2,4,5,40,"AU05","action_unit",0,0,0,0,0,0,0,0,0,0,1,0,0,40,0
"E19HA02-04","C19","Chinese","Genuine",0,"Happy 2 CN",2,4,5,40,"AU06","action_unit",3,2.625,0.896932093018853,12.9375,0.925,1,4.625,4.625,0.875,0.175,1,0,1,40,0
"E19HA02-04","C19","Chinese","Genuine",0,"Happy 2 CN",2,4,5,40,"AU07","action_unit",0,0,0,0,0,0,0,0,0,0,1,0,0,40,0
"E19HA02-04","C19","Chinese","Genuine",0,"Happy 2 CN",2,4,5,40,"AU09","action_unit",0,0,0,0,0,0,0,0,0,0,1,0,0,40,0
"E19HA02-04","C19","Chinese","Genuine",0,"Happy 2 CN",2,4,5,40,"AU10","action_unit",0,0,0,0,0,0,0,0,0,0,1,0,0,40,0
"E19HA02-04","C19","Chinese","Genuine",0,"Happy 2 CN",2,4,5,40,"AU12","action_unit",4,3.425,1.12972653827466,16.9375,0.95,1,4.75,4.75,1.25,0.25,1,0,1,40,0
"E19HA02-04","C19","Chinese","Genuine",0,"Happy 2 CN",2,4,5,40,"AU14","action_unit",0,0,0,0,0,0,0,0,0,0,1,0,0,40,0
"E19HA02-04","C19","Chinese","Genuine",0,"Happy 2 CN",2,4,5,40,"AU15","action_unit",0,0,0,0,0,0,0,0,0,0,1,0,0,40,0
"E19HA02-04","C19","Chinese","Genuine",0,"Happy 2 CN",2,4,5,40,"AU17","action_unit",0,0,0,0,0,0,0,0,0,0,1,0,0,40,0
"E19HA02-04","C19","Chinese","Genuine",0,"Happy 2 CN",2,4,5,40,"AU18","action_unit",0,0,0,0,0,0,0,0,0,0,1,0,0,40,0
"E19HA02-04","C19","Chinese","Genuine",0,"Happy 2 CN",2,4,5,40,"AU20","action_unit",0,0,0,0,0,0,0,0,0,0,1,0,0,40,0
"E19HA02-04","C19","Chinese","Genuine",0,"Happy 2 CN",2,4,5,40,"AU23","action_unit",0,0,0,0,0,0,0,0,0,0,1,0,0,40,0
"E19HA02-04","C19","Chinese","Genuine",0,"Happy 2 CN",2,4,5,40,"AU24","action_unit",0,0,0,0,0,0,0,0,0,0,1,0,0,40,0
"E19HA02-04","C19","Chinese","Genuine",0,"Happy 2 CN",2,4,5,40,"AU25","action_unit",5,4.575,0.549475274168981,22.375,1,1,5,5,1.875,0.375,0,1,1,40,0
"E19HA02-04","C19","Chinese","Genuine",0,"Happy 2 CN",2,4,5,40,"AU26","action_unit",2,1.025,0.158113883008419,4.9375,1,1,5,5,0,0,0,1,1,40,0
"E19HA02-04","C19","Chinese","Genuine",0,"Happy 2 CN",2,4,5,40,"AU27","action_unit",0,0,0,0,0,0,0,0,0,0,1,0,0,40,0
"E19HA02-04","C19","Chinese","Genuine",0,"Happy 2 CN",2,4,5,40,"AU43","action_unit",4,2.525,0.986771477454608,12.4375,0.975,1,4.875,4.875,0.875,0.175,1,0,1,40,0
"E19HA03-05","C19","Chinese","Genuine",0,"Happy 3 CN",3,5,10,80,"Neutral","emotion",0.3501788,0.082067801875,0.0752574815187147,0.7960692,0,0,0,0,0.25,0.025,1,0,0,80,0
"E19HA03-05","C19","Chinese","Genuine",0,"Happy 3 CN",3,5,10,80,"Happy","emotion",0.9784458,0.83449349625,0.154340904682976,8.26897659375,0.9375,1,9.375,9.375,2.125,0.2125,1,0,1,80,0
"E19HA03-05","C19","Chinese","Genuine",0,"Happy 3 CN",3,5,10,80,"Sad","emotion",0.03689636,0.0035825358,0.00676995558848669,0.035054099875,0,0,0,0,0.125,0.0125,1,0,0,80,0
"E19HA03-05","C19","Chinese","Genuine",0,"Happy 3 CN",3,5,10,80,"Angry","emotion",0.2002807,0.0166360361625,0.0426291515103714,0.149235890375,0,0,0,0,0,0,1,0,0,80,0
"E19HA03-05","C19","Chinese","Genuine",0,"Happy 3 CN",3,5,10,80,"Surprised","emotion",0.004454097,0.000720998775,0.000943903777403935,0.0070188204375,0,0,0,0,2.25,0.225,1,0,0,80,0
"E19HA03-05","C19","Chinese","Genuine",0,"Happy 3 CN",3,5,10,80,"Scared","emotion",0.05493591,0.0040213311875,0.0112604067199987,0.0380079198125,0,0,0,0,0.25,0.025,1,0,0,80,0
"E19HA03-05","C19","Chinese","Genuine",0,"Happy 3 CN",3,5,10,80,"Disgusted","emotion",0.07225014,0.0100344072125,0.0181319286936939,0.0982994152500001,0,0,0,0,0.25,0.025,1,0,0,80,0
"E19HA03-05","C19","Chinese","Genuine",0,"Happy 3 CN",3,5,10,80,"Contempt","emotion",0.009105057,0.0019520436375,0.00212446311342128,0.01942178225,0,0,0,0,7.75,0.775,1,0,0,80,0
"E19HA03-05","C19","Chinese","Genuine",0,"Happy 3 CN",3,5,10,80,"AU01","action_unit",0,0,0,0,0,0,0,0,0,0,1,0,0,80,0
"E19HA03-05","C19","Chinese","Genuine",0,"Happy 3 CN",3,5,10,80,"AU02","action_unit",0,0,0,0,0,0,0,0,0,0,1,0,0,80,0
"E19HA03-05","C19","Chinese","Genuine",0,"Happy 3 CN",3,5,10,80,"AU04","action_unit",1,0.25,0.435744670330595,2.4375,0.25,5,2.5,0.875,0.25,0.025,1,0,1,80,0
"E19HA03-05","C19","Chinese","Genuine",0,"Happy 3 CN",3,5,10,80,"AU05","action_unit",0,0,0,0,0,0,0,0,0,0,1,0,0,80,0
"E19HA03-05","C19","Chinese","Genuine",0,"Happy 3 CN",3,5,10,80,"AU06","action_unit",4,3.025,0.795159406039228,30,1,1,10,10,4.625,0.4625,0,1,1,80,0
"E19HA03-05","C19","Chinese","Genuine",0,"Happy 3 CN",3,5,10,80,"AU07","action_unit",1,0.1,0.301892763255976,0.875,0.1,2,1,0.875,0,0,0,1,1,80,0
"E19HA03-05","C19","Chinese","Genuine",0,"Happy 3 CN",3,5,10,80,"AU09","action_unit",1,0.075,0.26505313534641,0.75,0.075,1,0.75,0.75,6.25,0.625,1,0,0,80,0
"E19HA03-05","C19","Chinese","Genuine",0,"Happy 3 CN",3,5,10,80,"AU10","action_unit",0,0,0,0,0,0,0,0,0,0,1,0,0,80,0
"E19HA03-05","C19","Chinese","Genuine",0,"Happy 3 CN",3,5,10,80,"AU12","action_unit",4,3.5125,0.826671685706827,34.875,1,1,10,10,1.375,0.1375,0,1,1,80,0
"E19HA03-05","C19","Chinese","Genuine",0,"Happy 3 CN",3,5,10,80,"AU14","action_unit",0,0,0,0,0,0,0,0,0,0,1,0,0,80,0
"E19HA03-05","C19","Chinese","Genuine",0,"Happy 3 CN",3,5,10,80,"AU15","action_unit",0,0,0,0,0,0,0,0,0,0,1,0,0,80,0
"E19HA03-05","C19","Chinese","Genuine",0,"Happy 3 CN",3,5,10,80,"AU17","action_unit",0,0,0,0,0,0,0,0,0,0,1,0,0,80,0
"E19HA03-05","C19","Chinese","Genuine",0,"Happy 3 CN",3,5,10,80,"AU18","action_unit",0,0,0,0,0,0,0,0,0,0,1,0,0,80,0
"E19HA03-05","C19","Chinese","Genuine",0,"Happy 3 CN",3,5,10,80,"AU20","action_unit",0,0,0,0,0,0,0,0,0,0,1,0,0,80,0
"E19HA03-05","C19","Chinese","Genuine",0,"Happy 3 CN",3,5,10,80,"AU23","action_unit",0,0,0,0,0,0,0,0,0,0,1,0,0,80,0
"E19HA03-05","C19","Chinese","Genuine",0,"Happy 3 CN",3,5,10,80,"AU24","action_unit",0,0,0,0,0,0,0,0,0,0,1,0,0,80,0
"E19HA03-05","C19","Chinese","Genuine",0,"Happy 3 CN",3,5,10,80,"AU25","action_unit",5,4.425,0.497461912542437,43.75,1,1,10,10,2.875,0.2875,0,1,1,80,0
"E19HA03-05","C19","Chinese","Genuine",0,"Happy 3 CN",3,5,10,80,"AU26","action_unit",3,1.3,0.785952618792853,12.875,0.9,3,9,7,2.125,0.2125,0,1,1,80,0
"E19HA03-05","C19","Chinese","Genuine",0,"Happy 3 CN",3,5,10,80,"AU27","action_unit",1,0.125,0.332805489243922,1.25,0.125,1,1.25,1.25,1.625,0.1625,1,0,0,80,0
"E19HA03-05","C19","Chinese","Genuine",0,"Happy 3 CN",3,5,10,80,"AU43","action_unit",5,3.4875,0.811214903865285,34.625,1,1,10,10,5.75,0.575,0,1,1,80,0
"E19HA03-06","C19","Chinese","Genuine",0,"Happy 3 CN",3,6,4.875,39,"Neutral","emotion",0.4474092,0.118516067948718,0.0982918564955391,0.53014929375,0,0,0,0,0,0,1,0,0,39,0
"E19HA03-06","C19","Chinese","Genuine",0,"Happy 3 CN",3,6,4.875,39,"Happy","emotion",0.8956162,0.762956976923077,0.196504001732697,3.689427825,0.846153846153846,1,4.125,4.125,1.25,0.256410256410256,1,0,0,39,0
"E19HA03-06","C19","Chinese","Genuine",0,"Happy 3 CN",3,6,4.875,39,"Sad","emotion",0.02303787,0.0030627238974359,0.00519878927316828,0.01273237525,0,0,0,0,4.75,0.974358974358974,1,0,0,39,0
"E19HA03-06","C19","Chinese","Genuine",0,"Happy 3 CN",3,6,4.875,39,"Angry","emotion",0.02050542,0.00278986548717949,0.00461131895447934,0.0117165124375,0,0,0,0,4.75,0.974358974358974,1,0,0,39,0
"E19HA03-06","C19","Chinese","Genuine",0,"Happy 3 CN",3,6,4.875,39,"Surprised","emotion",0.1203909,0.010542375025641,0.0253579313964208,0.043707149875,0,0,0,0,0,0,1,0,0,39,0
"E19HA03-06","C19","Chinese","Genuine",0,"Happy 3 CN",3,6,4.875,39,"Scared","emotion",0.04618666,0.0053105251025641,0.0109708637144206,0.02097078175,0,0,0,0,4.75,0.974358974358974,1,0,0,39,0
"E19HA03-06","C19","Chinese","Genuine",0,"Happy 3 CN",3,6,4.875,39,"Disgusted","emotion",0.05451807,0.005074256,0.0125222656090308,0.0234621310625,0,0,0,0,4.25,0.871794871794872,1,0,0,39,0
"E19HA03-06","C19","Chinese","Genuine",0,"Happy 3 CN",3,6,4.875,39,"Contempt","emotion",0.001847794,0.000715461051282051,0.00045547068200639,0.003394417125,0,0,0,0,4.375,0.897435897435897,1,0,0,39,0
"E19HA03-06","C19","Chinese","Genuine",0,"Happy 3 CN",3,6,4.875,39,"AU01","action_unit",0,0,0,0,0,0,0,0,0,0,1,0,0,39,0
"E19HA03-06","C19","Chinese","Genuine",0,"Happy 3 CN",3,6,4.875,39,"AU02","action_unit",0,0,0,0,0,0,0,0,0,0,1,0,0,39,0
"E19HA03-06","C19","Chinese","Genuine",0,"Happy 3 CN",3,6,4.875,39,"AU04","action_unit",1,0.153846153846154,0.365517768195196,0.75,0.153846153846154,1,0.75,0.75,0.375,0.0769230769230769,1,0,0,39,0
"E19HA03-06","C19","Chinese","Genuine",0,"Happy 3 CN",3,6,4.875,39,"AU05","action_unit",0,0,0,0,0,0,0,0,0,0,1,0,0,39,0
"E19HA03-06","C19","Chinese","Genuine",0,"Happy 3 CN",3,6,4.875,39,"AU06","action_unit",3,2.56410256410256,0.787897662165514,12.4375,0.974358974358974,1,4.75,4.75,0.75,0.153846153846154,1,0,1,39,0
"E19HA03-06","C19","Chinese","Genuine",0,"Happy 3 CN",3,6,4.875,39,"AU07","action_unit",0,0,0,0,0,0,0,0,0,0,1,0,0,39,0
"E19HA03-06","C19","Chinese","Genuine",0,"Happy 3 CN",3,6,4.875,39,"AU09","action_unit",0,0,0,0,0,0,0,0,0,0,1,0,0,39,0
"E19HA03-06","C19","Chinese","Genuine",0,"Happy 3 CN",3,6,4.875,39,"AU10","action_unit",0,0,0,0,0,0,0,0,0,0,1,0,0,39,0
"E19HA03-06","C19","Chinese","Genuine",0,"Happy 3 CN",3,6,4.875,39,"AU12","action_unit",4,3.41025641025641,0.849704243219174,16.4375,1,1,4.875,4.875,1.375,0.282051282051282,0,1,1,39,0
"E19HA03-06","C19","Chinese","Genuine",0,"Happy 3 CN",3,6,4.875,39,"AU14","action_unit",0,0,0,0,0,0,0,0,0,0,1,0,0,39,0
"E19HA03-06","C19","Chinese","Genuine",0,"Happy 3 CN",3,6,4.875,39,"AU15","action_unit",0,0,0,0,0,0,0,0,0,0,1,0,0,39,0
"E19HA03-06","C19","Chinese","Genuine",0,"Happy 3 CN",3,6,4.875,39,"AU17","action_unit",0,0,0,0,0,0,0,0,0,0,1,0,0,39,0
"E19HA03-06","C19","Chinese","Genuine",0,"Happy 3 CN",3,6,4.875,39,"AU18","action_unit",0,0,0,0,0,0,0,0,0,0,1,0,0,39,0
"E19HA03-06","C19","Chinese","Genuine",0,"Happy 3 CN",3,6,4.875,39,"AU20","action_unit",0,0,0,0,0,0,0,0,0,0,1,0,0,39,0
"E19HA03-06","C19","Chinese","Genuine",0,"Happy 3 CN",3,6,4.875,39,"AU23","action_unit",0,0,0,0,0,0,0,0,0,0,1,0,0,39,0
"E19HA03-06","C19","Chinese","Genuine",0,"Happy 3 CN",3,6,4.875,39,"AU24","action_unit",0,0,0,0,0,0,0,0,0,0,1,0,0,39,0
"E19HA03-06","C19","Chinese","Genuine",0,"Happy 3 CN",3,6,4.875,39,"AU25","action_unit",5,4.43589743589744,0.502356122102941,21.125,1,1,4.875,4.875,1.375,0.282051282051282,0,1,1,39,0
"E19HA03-06","C19","Chinese","Genuine",0,"Happy 3 CN",3,6,4.875,39,"AU26","action_unit",3,1.43589743589744,0.994587240355245,6.75,0.871794871794872,2,4.25,3.625,0,0,0,1,1,39,0
"E19HA03-06","C19","Chinese","Genuine",0,"Happy 3 CN",3,6,4.875,39,"AU27","action_unit",0,0,0,0,0,0,0,0,0,0,1,0,0,39,0
"E19HA03-06","C19","Chinese","Genuine",0,"Happy 3 CN",3,6,4.875,39,"AU43","action_unit",4,3.1025641025641,0.994587240355245,14.9375,0.948717948717949,1,4.625,4.625,1.5,0.307692307692308,1,0,1,39,0
"E19HA04-03","C19","Chinese","Genuine",0,"Happy 4 CN",4,3,6.5,52,"Neutral","emotion",0.3605137,0.129952292884615,0.0845023948165889,0.8002002225,0,0,0,0,0,0,1,0,0,52,0
"E19HA04-03","C19","Chinese","Genuine",0,"Happy 4 CN",4,3,6.5,52,"Happy","emotion",0.8762522,0.741505171153846,0.16591851536239,4.78208984375,0.884615384615385,1,5.75,5.75,2.125,0.326923076923077,1,0,0,52,0
"E19HA04-03","C19","Chinese","Genuine",0,"Happy 4 CN",4,3,6.5,52,"Sad","emotion",0.0153208,0.00191121342307692,0.00311312005770128,0.0109749681875,0,0,0,0,6.375,0.980769230769231,1,0,0,52,0
"E19HA04-03","C19","Chinese","Genuine",0,"Happy 4 CN",4,3,6.5,52,"Angry","emotion",0.1385973,0.0190876006346154,0.0352361822813956,0.112148716625,0,0,0,0,6.25,0.961538461538462,1,0,0,52,0
"E19HA04-03","C19","Chinese","Genuine",0,"Happy 4 CN",4,3,6.5,52,"Surprised","emotion",0.00215441,0.000440238153846154,0.000573273483882484,0.00263248425,0,0,0,0,0,0,1,0,0,52,0
"E19HA04-03","C19","Chinese","Genuine",0,"Happy 4 CN",4,3,6.5,52,"Scared","emotion",0.02030698,0.00258209405769231,0.00481020747154594,0.014695592625,0,0,0,0,0,0,1,0,0,52,0
"E19HA04-03","C19","Chinese","Genuine",0,"Happy 4 CN",4,3,6.5,52,"Disgusted","emotion",0.04646487,0.00825255828846154,0.0130128284278108,0.04827152825,0,0,0,0,6.375,0.980769230769231,1,0,0,52,0
"E19HA04-03","C19","Chinese","Genuine",0,"Happy 4 CN",4,3,6.5,52,"Contempt","emotion",0.01123067,0.00190356334615385,0.00194753386522397,0.011730768875,0,0,0,0,6.25,0.961538461538462,1,0,0,52,0
"E19HA04-03","C19","Chinese","Genuine",0,"Happy 4 CN",4,3,6.5,52,"AU01","action_unit",0,0,0,0,0,0,0,0,0,0,1,0,0,52,0
"E19HA04-03","C19","Chinese","Genuine",0,"Happy 4 CN",4,3,6.5,52,"AU02","action_unit",0,0,0,0,0,0,0,0,0,0,1,0,0,52,0
"E19HA04-03","C19","Chinese","Genuine",0,"Happy 4 CN",4,3,6.5,52,"AU04","action_unit",0,0,0,0,0,0,0,0,0,0,1,0,0,52,0
"E19HA04-03","C19","Chinese","Genuine",0,"Happy 4 CN",4,3,6.5,52,"AU05","action_unit",0,0,0,0,0,0,0,0,0,0,1,0,0,52,0
"E19HA04-03","C19","Chinese","Genuine",0,"Happy 4 CN",4,3,6.5,52,"AU06","action_unit",3,1.96153846153846,0.928028449140042,12.6875,0.923076923076923,1,6,6,1.5,0.230769230769231,1,0,1,52,0
"E19HA04-03","C19","Chinese","Genuine",0,"Happy 4 CN",4,3,6.5,52,"AU07","action_unit",1,0.942307692307692,0.23543547789871,6.0625,0.942307692307692,1,6.125,6.125,0.375,0.0576923076923077,1,0,1,52,0
"E19HA04-03","C19","Chinese","Genuine",0,"Happy 4 CN",4,3,6.5,52,"AU09","action_unit",0,0,0,0,0,0,0,0,0,0,1,0,0,52,0
"E19HA04-03","C19","Chinese","Genuine",0,"Happy 4 CN",4,3,6.5,52,"AU10","action_unit",1,0.0961538461538461,0.297678296192606,0.5625,0.0961538461538462,1,0.625,0.625,0,0,0,1,0,52,0
"E19HA04-03","C19","Chinese","Genuine",0,"Happy 4 CN",4,3,6.5,52,"AU12","action_unit",4,3.32692307692308,0.964490190359732,21.4375,1,1,6.5,6.5,1.375,0.211538461538462,0,1,1,52,0
"E19HA04-03","C19","Chinese","Genuine",0,"Happy 4 CN",4,3,6.5,52,"AU14","action_unit",0,0,0,0,0,0,0,0,0,0,1,0,0,52,0
"E19HA04-03","C19","Chinese","Genuine",0,"Happy 4 CN",4,3,6.5,52,"AU15","action_unit",0,0,0,0,0,0,0,0,0,0,1,0,0,52,0
"E19HA04-03","C19","Chinese","Genuine",0,"Happy 4 CN",4,3,6.5,52,"AU17","action_unit",0,0,0,0,0,0,0,0,0,0,1,0,0,52,0
"E19HA04-03","C19","Chinese","Genuine",0,"Happy 4 CN",4,3,6.5,52,"AU18","action_unit",0,0,0,0,0,0,0,0,0,0,1,0,0,52,0
"E19HA04-03","C19","Chinese","Genuine",0,"Happy 4 CN",4,3,6.5,52,"AU20","action_unit",0,0,0,0,0,0,0,0,0,0,1,0,0,52,0
"E19HA04-03","C19","Chinese","Genuine",0,"Happy 4 CN",4,3,6.5,52,"AU23","action_unit",0,0,0,0,0,0,0,0,0,0,1,0,0,52,0
"E19HA04-03","C19","Chinese","Genuine",0,"Happy 4 CN",4,3,6.5,52,"AU24","action_unit",0,0,0,0,0,0,0,0,0,0,1,0,0,52,0
"E19HA04-03","C19","Chinese","Genuine",0,"Happy 4 CN",4,3,6.5,52,"AU25","action_unit",4,4,0,25.5,1,1,6.5,6.5,0,0,0,1,1,52,0
"E19HA04-03","C19","Chinese","Genuine",0,"Happy 4 CN",4,3,6.5,52,"AU26","action_unit",1,0.25,0.437237316097603,1.5625,0.25,1,1.625,1.625,0,0,0,1,0,52,0
"E19HA04-03","C19","Chinese","Genuine",0,"Happy 4 CN",4,3,6.5,52,"AU27","action_unit",0,0,0,0,0,0,0,0,0,0,1,0,0,52,0
"E19HA04-03","C19","Chinese","Genuine",0,"Happy 4 CN",4,3,6.5,52,"AU43","action_unit",4,2.65384615384615,0.883056531945926,17,1,1,6.5,6.5,5.125,0.788461538461538,0,1,1,52,0
"E19HA05-03","C19","Chinese","Genuine",0,"Happy 5 CN",5,3,3.125,25,"Neutral","emotion",0.2252712,0.0882478456,0.0467694672886662,0.249360705,0,0,0,0,3,0.96,1,0,0,25,0
"E19HA05-03","C19","Chinese","Genuine",0,"Happy 5 CN",5,3,3.125,25,"Happy","emotion",0.9171185,0.822986228,0.0952441015263042,2.50053205625,1,1,3.125,3.125,1.125,0.36,0,1,1,25,0
"E19HA05-03","C19","Chinese","Genuine",0,"Happy 5 CN",5,3,3.125,25,"Sad","emotion",0.004002519,0.00063069348,0.000707931860094901,0.0016763635,0,0,0,0,3,0.96,1,0,0,25,0
"E19HA05-03","C19","Chinese","Genuine",0,"Happy 5 CN",5,3,3.125,25,"Angry","emotion",0.1769982,0.0363990424,0.0485652871885793,0.096862210625,0,0,0,0,0,0,1,0,0,25,0
"E19HA05-03","C19","Chinese","Genuine",0,"Happy 5 CN",5,3,3.125,25,"Surprised","emotion",0.01884381,0.00295647816,0.00464196608264396,0.00795201925,0,0,0,0,0,0,1,0,0,25,0
"E19HA05-03","C19","Chinese","Genuine",0,"Happy 5 CN",5,3,3.125,25,"Scared","emotion",0.04530981,0.00724968592,0.011388969316525,0.0187773585,0,0,0,0,0,0,1,0,0,25,0
"E19HA05-03","C19","Chinese","Genuine",0,"Happy 5 CN",5,3,3.125,25,"Disgusted","emotion",0.03251419,0.00286314792,0.0063241515822753,0.0065645693125,0,0,0,0,3,0.96,1,0,0,25,0
"E19HA05-03","C19","Chinese","Genuine",0,"Happy 5 CN",5,3,3.125,25,"Contempt","emotion",0.00350391,0.00133328056,0.00104885642377925,0.0041225171875,0,0,0,0,1.125,0.36,1,0,0,25,0
"E19HA05-03","C19","Chinese","Genuine",0,"Happy 5 CN",5,3,3.125,25,"AU01","action_unit",0,0,0,0,0,0,0,0,0,0,1,0,0,25,0
"E19HA05-03","C19","Chinese","Genuine",0,"Happy 5 CN",5,3,3.125,25,"AU02","action_unit",0,0,0,0,0,0,0,0,0,0,1,0,0,25,0
"E19HA05-03","C19","Chinese","Genuine",0,"Happy 5 CN",5,3,3.125,25,"AU04","action_unit",1,0.28,0.458257569495584,0.8125,0.28,1,0.875,0.875,0,0,0,1,0,25,0
"E19HA05-03","C19","Chinese","Genuine",0,"Happy 5 CN",5,3,3.125,25,"AU05","action_unit",0,0,0,0,0,0,0,0,0,0,1,0,0,25,0
"E19HA05-03","C19","Chinese","Genuine",0,"Happy 5 CN",5,3,3.125,25,"AU06","action_unit",3,2.56,0.58309518948453,7.8125,1,1,3.125,3.125,0.625,0.2,0,1,1,25,0
"E19HA05-03","C19","Chinese","Genuine",0,"Happy 5 CN",5,3,3.125,25,"AU07","action_unit",1,0.44,0.506622805119022,1.25,0.44,3,1.375,0.875,0,0,0,1,1,25,0
"E19HA05-03","C19","Chinese","Genuine",0,"Happy 5 CN",5,3,3.125,25,"AU09","action_unit",0,0,0,0,0,0,0,0,0,0,1,0,0,25,0
"E19HA05-03","C19","Chinese","Genuine",0,"Happy 5 CN",5,3,3.125,25,"AU10","action_unit",0,0,0,0,0,0,0,0,0,0,1,0,0,25,0
"E19HA05-03","C19","Chinese","Genuine",0,"Happy 5 CN",5,3,3.125,25,"AU12","action_unit",4,3.32,0.627162924074226,10.0625,1,1,3.125,3.125,0.875,0.28,0,1,1,25,0
"E19HA05-03","C19","Chinese","Genuine",0,"Happy 5 CN",5,3,3.125,25,"AU14","action_unit",0,0,0,0,0,0,0,0,0,0,1,0,0,25,0
"E19HA05-03","C19","Chinese","Genuine",0,"Happy 5 CN",5,3,3.125,25,"AU15","action_unit",0,0,0,0,0,0,0,0,0,0,1,0,0,25,0
"E19HA05-03","C19","Chinese","Genuine",0,"Happy 5 CN",5,3,3.125,25,"AU17","action_unit",0,0,0,0,0,0,0,0,0,0,1,0,0,25,0
"E19HA05-03","C19","Chinese","Genuine",0,"Happy 5 CN",5,3,3.125,25,"AU18","action_unit",0,0,0,0,0,0,0,0,0,0,1,0,0,25,0
"E19HA05-03","C19","Chinese","Genuine",0,"Happy 5 CN",5,3,3.125,25,"AU20","action_unit",0,0,0,0,0,0,0,0,0,0,1,0,0,25,0
"E19HA05-03","C19","Chinese","Genuine",0,"Happy 5 CN",5,3,3.125,25,"AU23","action_unit",0,0,0,0,0,0,0,0,0,0,1,0,0,25,0
"E19HA05-03","C19","Chinese","Genuine",0,"Happy 5 CN",5,3,3.125,25,"AU24","action_unit",0,0,0,0,0,0,0,0,0,0,1,0,0,25,0
"E19HA05-03","C19","Chinese","Genuine",0,"Happy 5 CN",5,3,3.125,25,"AU25","action_unit",5,4.08,0.276887462097269,12.25,1,1,3.125,3.125,1.875,0.6,0,1,1,25,0
"E19HA05-03","C19","Chinese","Genuine",0,"Happy 5 CN",5,3,3.125,25,"AU26","action_unit",4,1.76,1.05198225587063,5.1875,1,1,3.125,3.125,0,0,0,1,1,25,0
"E19HA05-03","C19","Chinese","Genuine",0,"Happy 5 CN",5,3,3.125,25,"AU27","action_unit",0,0,0,0,0,0,0,0,0,0,1,0,0,25,0
"E19HA05-03","C19","Chinese","Genuine",0,"Happy 5 CN",5,3,3.125,25,"AU43","action_unit",4,2.64,0.907377172587747,8,1,1,3.125,3.125,1.125,0.36,0,1,1,25,0
"E19HA06-04","C19","Chinese","Genuine",0,"Happy 6 CN",6,4,8,64,"Neutral","emotion",0.3809507,0.11914107015625,0.0580320480195849,0.92274326125,0,0,0,0,0,0,1,0,0,64,0
"E19HA06-04","C19","Chinese","Genuine",0,"Happy 6 CN",6,4,8,64,"Happy","emotion",0.838826,0.761722628125,0.116049156183181,6.02954595,0.9375,1,7.5,7.5,4.75,0.59375,1,0,1,64,0
"E19HA06-04","C19","Chinese","Genuine",0,"Happy 6 CN",6,4,8,64,"Sad","emotion",0.05993183,0.004472213,0.011557842783706,0.0327197164375,0,0,0,0,0.125,0.015625,1,0,0,64,0
"E19HA06-04","C19","Chinese","Genuine",0,"Happy 6 CN",6,4,8,64,"Angry","emotion",0.008056251,0.001976938984375,0.00161669687928183,0.015169084,0,0,0,0,0,0,1,0,0,64,0
"E19HA06-04","C19","Chinese","Genuine",0,"Happy 6 CN",6,4,8,64,"Surprised","emotion",0.000625532,0.0001125189375,0.00011945252527404,0.000858996625,0,0,0,0,0,0,1,0,0,64,0
"E19HA06-04","C19","Chinese","Genuine",0,"Happy 6 CN",6,4,8,64,"Scared","emotion",0.006009433,0.000443944359375,0.0010788805489914,0.0031716439375,0,0,0,0,0,0,1,0,0,64,0
"E19HA06-04","C19","Chinese","Genuine",0,"Happy 6 CN",6,4,8,64,"Disgusted","emotion",0.04095336,0.0031565500625,0.00833582518249021,0.02267080875,0,0,0,0,0,0,1,0,0,64,0
"E19HA06-04","C19","Chinese","Genuine",0,"Happy 6 CN",6,4,8,64,"Contempt","emotion",0.002994699,0.000672979828125,0.000660117089769459,0.005242127625,0,0,0,0,7,0.875,1,0,0,64,0
"E19HA06-04","C19","Chinese","Genuine",0,"Happy 6 CN",6,4,8,64,"AU01","action_unit",0,0,0,0,0,0,0,0,0,0,1,0,0,64,0
"E19HA06-04","C19","Chinese","Genuine",0,"Happy 6 CN",6,4,8,64,"AU02","action_unit",0,0,0,0,0,0,0,0,0,0,1,0,0,64,0
"E19HA06-04","C19","Chinese","Genuine",0,"Happy 6 CN",6,4,8,64,"AU04","action_unit",1,0.015625,0.125,0.125,0.015625,1,0.125,0.125,0.125,0.015625,1,0,0,64,0
"E19HA06-04","C19","Chinese","Genuine",0,"Happy 6 CN",6,4,8,64,"AU05","action_unit",0,0,0,0,0,0,0,0,0,0,1,0,0,64,0
"E19HA06-04","C19","Chinese","Genuine",0,"Happy 6 CN",6,4,8,64,"AU06","action_unit",3,2.546875,0.733110085065945,20.1875,0.984375,1,7.875,7.875,2.625,0.328125,1,0,1,64,0
"E19HA06-04","C19","Chinese","Genuine",0,"Happy 6 CN",6,4,8,64,"AU07","action_unit",1,0.6875,0.467176592151157,5.5,0.6875,1,5.5,5.5,0.125,0.015625,1,0,0,64,0
"E19HA06-04","C19","Chinese","Genuine",0,"Happy 6 CN",6,4,8,64,"AU09","action_unit",0,0,0,0,0,0,0,0,0,0,1,0,0,64,0
"E19HA06-04","C19","Chinese","Genuine",0,"Happy 6 CN",6,4,8,64,"AU10","action_unit",0,0,0,0,0,0,0,0,0,0,1,0,0,64,0
"E19HA06-04","C19","Chinese","Genuine",0,"Happy 6 CN",6,4,8,64,"AU12","action_unit",4,3.46875,0.776004213701536,27.4375,1,1,8,8,2.75,0.34375,0,1,1,64,0
"E19HA06-04","C19","Chinese","Genuine",0,"Happy 6 CN",6,4,8,64,"AU14","action_unit",0,0,0,0,0,0,0,0,0,0,1,0,0,64,0
"E19HA06-04","C19","Chinese","Genuine",0,"Happy 6 CN",6,4,8,64,"AU15","action_unit",0,0,0,0,0,0,0,0,0,0,1,0,0,64,0
"E19HA06-04","C19","Chinese","Genuine",0,"Happy 6 CN",6,4,8,64,"AU17","action_unit",0,0,0,0,0,0,0,0,0,0,1,0,0,64,0
"E19HA06-04","C19","Chinese","Genuine",0,"Happy 6 CN",6,4,8,64,"AU18","action_unit",0,0,0,0,0,0,0,0,0,0,1,0,0,64,0
"E19HA06-04","C19","Chinese","Genuine",0,"Happy 6 CN",6,4,8,64,"AU20","action_unit",0,0,0,0,0,0,0,0,0,0,1,0,0,64,0
"E19HA06-04","C19","Chinese","Genuine",0,"Happy 6 CN",6,4,8,64,"AU23","action_unit",0,0,0,0,0,0,0,0,0,0,1,0,0,64,0
"E19HA06-04","C19","Chinese","Genuine",0,"Happy 6 CN",6,4,8,64,"AU24","action_unit",0,0,0,0,0,0,0,0,0,0,1,0,0,64,0
"E19HA06-04","C19","Chinese","Genuine",0,"Happy 6 CN",6,4,8,64,"AU25","action_unit",5,4.015625,0.332961101689214,31.6875,1,1,8,8,4.625,0.578125,0,1,1,64,0
"E19HA06-04","C19","Chinese","Genuine",0,"Happy 6 CN",6,4,8,64,"AU26","action_unit",1,0.4375,0.5,3.5,0.4375,2,3.5,2.375,0.875,0.109375,1,0,0,64,0
"E19HA06-04","C19","Chinese","Genuine",0,"Happy 6 CN",6,4,8,64,"AU27","action_unit",0,0,0,0,0,0,0,0,0,0,1,0,0,64,0
"E19HA06-04","C19","Chinese","Genuine",0,"Happy 6 CN",6,4,8,64,"AU43","action_unit",5,3.90625,0.526104280809151,30.75,1,1,8,8,0,0,0,1,1,64,0
"E20HA01-01","C20","Chinese","Genuine",0,"Happy 1 CN",1,1,4.75,38,"Neutral","emotion",0.9450717,0.321558774736842,0.248841316640021,1.42288833625,0.210526315789474,2,1,0.625,0,0,0,1,1,38,0
"E20HA01-01","C20","Chinese","Genuine",0,"Happy 1 CN",1,1,4.75,38,"Happy","emotion",0.8533232,0.559349026315789,0.23161215585526,2.639416031875,0.68421052631579,1,3.25,3.25,1.625,0.342105263157895,1,0,0,38,0
"E20HA01-01","C20","Chinese","Genuine",0,"Happy 1 CN",1,1,4.75,38,"Sad","emotion",0.001110463,0.000143351710526316,0.000218259395188251,0.000604233375,0,0,0,0,4.625,0.973684210526316,1,0,0,38,0
"E20HA01-01","C20","Chinese","Genuine",0,"Happy 1 CN",1,1,4.75,38,"Angry","emotion",0.02386261,0.00465823657894737,0.00601486668356964,0.019423488125,0,0,0,0,4.625,0.973684210526316,1,0,0,38,0
"E20HA01-01","C20","Chinese","Genuine",0,"Happy 1 CN",1,1,4.75,38,"Surprised","emotion",0.01028216,0.00684686757894737,0.00195219766424222,0.0320150810625,0,0,0,0,0.625,0.131578947368421,1,0,0,38,0
"E20HA01-01","C20","Chinese","Genuine",0,"Happy 1 CN",1,1,4.75,38,"Scared","emotion",0.001248992,0.000553096815789474,0.00027502258995029,0.0025267445,0,0,0,0,3.875,0.81578947368421,1,0,0,38,0
"E20HA01-01","C20","Chinese","Genuine",0,"Happy 1 CN",1,1,4.75,38,"Disgusted","emotion",0.003381645,0.000655486342105263,0.00101658373340627,0.0028894753125,0,0,0,0,4.625,0.973684210526316,1,0,0,38,0
"E20HA01-01","C20","Chinese","Genuine",0,"Happy 1 CN",1,1,4.75,38,"Contempt","emotion",0.04107548,0.0056213327368421,0.00913725837693747,0.023507581125,0,0,0,0,0,0,1,0,0,38,0
"E20HA01-01","C20","Chinese","Genuine",0,"Happy 1 CN",1,1,4.75,38,"AU01","action_unit",0,0,0,0,0,0,0,0,0,0,1,0,0,38,0
"E20HA01-01","C20","Chinese","Genuine",0,"Happy 1 CN",1,1,4.75,38,"AU02","action_unit",0,0,0,0,0,0,0,0,0,0,1,0,0,38,0
"E20HA01-01","C20","Chinese","Genuine",0,"Happy 1 CN",1,1,4.75,38,"AU04","action_unit",0,0,0,0,0,0,0,0,0,0,1,0,0,38,0
"E20HA01-01","C20","Chinese","Genuine",0,"Happy 1 CN",1,1,4.75,38,"AU05","action_unit",0,0,0,0,0,0,0,0,0,0,1,0,0,38,0
"E20HA01-01","C20","Chinese","Genuine",0,"Happy 1 CN",1,1,4.75,38,"AU06","action_unit",2,1.26315789473684,0.685139974900209,5.9375,0.868421052631579,1,4.125,4.125,1.375,0.289473684210526,1,0,1,38,0
"E20HA01-01","C20","Chinese","Genuine",0,"Happy 1 CN",1,1,4.75,38,"AU07","action_unit",0,0,0,0,0,0,0,0,0,0,1,0,0,38,0
"E20HA01-01","C20","Chinese","Genuine",0,"Happy 1 CN",1,1,4.75,38,"AU09","action_unit",0,0,0,0,0,0,0,0,0,0,1,0,0,38,0
"E20HA01-01","C20","Chinese","Genuine",0,"Happy 1 CN",1,1,4.75,38,"AU10","action_unit",0,0,0,0,0,0,0,0,0,0,1,0,0,38,0
"E20HA01-01","C20","Chinese","Genuine",0,"Happy 1 CN",1,1,4.75,38,"AU12","action_unit",3,2.21052631578947,1.01762560780827,10.4375,0.921052631578947,1,4.375,4.375,0.875,0.184210526315789,1,0,1,38,0
"E20HA01-01","C20","Chinese","Genuine",0,"Happy 1 CN",1,1,4.75,38,"AU14","action_unit",0,0,0,0,0,0,0,0,0,0,1,0,0,38,0
"E20HA01-01","C20","Chinese","Genuine",0,"Happy 1 CN",1,1,4.75,38,"AU15","action_unit",0,0,0,0,0,0,0,0,0,0,1,0,0,38,0
"E20HA01-01","C20","Chinese","Genuine",0,"Happy 1 CN",1,1,4.75,38,"AU17","action_unit",0,0,0,0,0,0,0,0,0,0,1,0,0,38,0
"E20HA01-01","C20","Chinese","Genuine",0,"Happy 1 CN",1,1,4.75,38,"AU18","action_unit",0,0,0,0,0,0,0,0,0,0,1,0,0,38,0
"E20HA01-01","C20","Chinese","Genuine",0,"Happy 1 CN",1,1,4.75,38,"AU20","action_unit",0,0,0,0,0,0,0,0,0,0,1,0,0,38,0
"E20HA01-01","C20","Chinese","Genuine",0,"Happy 1 CN",1,1,4.75,38,"AU23","action_unit",0,0,0,0,0,0,0,0,0,0,1,0,0,38,0
"E20HA01-01","C20","Chinese","Genuine",0,"Happy 1 CN",1,1,4.75,38,"AU24","action_unit",0,0,0,0,0,0,0,0,0,0,1,0,0,38,0
"E20HA01-01","C20","Chinese","Genuine",0,"Happy 1 CN",1,1,4.75,38,"AU25","action_unit",2,1.55263157894737,0.760418391984116,7.3125,0.842105263157895,1,4,4,1.125,0.236842105263158,1,0,1,38,0
"E20HA01-01","C20","Chinese","Genuine",0,"Happy 1 CN",1,1,4.75,38,"AU26","action_unit",1,0.236842105263158,0.430851484182746,1.125,0.236842105263158,1,1.125,1.125,1.125,0.236842105263158,1,0,0,38,0
"E20HA01-01","C20","Chinese","Genuine",0,"Happy 1 CN",1,1,4.75,38,"AU27","action_unit",0,0,0,0,0,0,0,0,0,0,1,0,0,38,0
"E20HA01-01","C20","Chinese","Genuine",0,"Happy 1 CN",1,1,4.75,38,"AU43","action_unit",0,0,0,0,0,0,0,0,0,0,1,0,0,38,0
"E20HA04-01","C20","Chinese","Genuine",0,"Happy 4 CN",4,1,4.75,38,"Neutral","emotion",0.8646746,0.465906157894737,0.175043219649487,2.122736875,0.342105263157895,2,1.625,0.875,0,0,0,1,1,38,0
"E20HA04-01","C20","Chinese","Genuine",0,"Happy 4 CN",4,1,4.75,38,"Happy","emotion",0.5543069,0.357437505263158,0.130600249392314,1.67177665,0.210526315789474,2,1,0.75,1.875,0.394736842105263,1,0,0,38,0
"E20HA04-01","C20","Chinese","Genuine",0,"Happy 4 CN",4,1,4.75,38,"Sad","emotion",0.003091283,0.00157104907894737,0.000813864264485689,0.007370580125,0,0,0,0,1.25,0.263157894736842,1,0,0,38,0
"E20HA04-01","C20","Chinese","Genuine",0,"Happy 4 CN",4,1,4.75,38,"Angry","emotion",0.09014335,0.0416639402631579,0.024074839471195,0.194565358125,0,0,0,0,0.375,0.0789473684210526,1,0,0,38,0
"E20HA04-01","C20","Chinese","Genuine",0,"Happy 4 CN",4,1,4.75,38,"Surprised","emotion",0.008084851,0.00530799063157895,0.00113743293706128,0.0245601054375,0,0,0,0,0.25,0.0526315789473684,1,0,0,38,0
"E20HA04-01","C20","Chinese","Genuine",0,"Happy 4 CN",4,1,4.75,38,"Scared","emotion",0.01436387,0.00246196071052632,0.00361701922365869,0.0106371765,0,0,0,0,0,0,1,0,0,38,0
"E20HA04-01","C20","Chinese","Genuine",0,"Happy 4 CN",4,1,4.75,38,"Disgusted","emotion",0.000667171,0.000210437421052632,0.000126237025276377,0.000953735125,0,0,0,0,4.625,0.973684210526316,1,0,0,38,0
"E20HA04-01","C20","Chinese","Genuine",0,"Happy 4 CN",4,1,4.75,38,"Contempt","emotion",0.01863701,0.0068008082631579,0.00561530280490211,0.0309268055,0,0,0,0,3,0.631578947368421,1,0,0,38,0
"E20HA04-01","C20","Chinese","Genuine",0,"Happy 4 CN",4,1,4.75,38,"AU01","action_unit",0,0,0,0,0,0,0,0,0,0,1,0,0,38,0
"E20HA04-01","C20","Chinese","Genuine",0,"Happy 4 CN",4,1,4.75,38,"AU02","action_unit",0,0,0,0,0,0,0,0,0,0,1,0,0,38,0
"E20HA04-01","C20","Chinese","Genuine",0,"Happy 4 CN",4,1,4.75,38,"AU04","action_unit",0,0,0,0,0,0,0,0,0,0,1,0,0,38,0
"E20HA04-01","C20","Chinese","Genuine",0,"Happy 4 CN",4,1,4.75,38,"AU05","action_unit",0,0,0,0,0,0,0,0,0,0,1,0,0,38,0
"E20HA04-01","C20","Chinese","Genuine",0,"Happy 4 CN",4,1,4.75,38,"AU06","action_unit",1,0.18421052631579,0.392859452063192,0.875,0.184210526315789,4,0.875,0.5,2.125,0.447368421052632,1,0,0,38,0
"E20HA04-01","C20","Chinese","Genuine",0,"Happy 4 CN",4,1,4.75,38,"AU07","action_unit",0,0,0,0,0,0,0,0,0,0,1,0,0,38,0
"E20HA04-01","C20","Chinese","Genuine",0,"Happy 4 CN",4,1,4.75,38,"AU09","action_unit",0,0,0,0,0,0,0,0,0,0,1,0,0,38,0
"E20HA04-01","C20","Chinese","Genuine",0,"Happy 4 CN",4,1,4.75,38,"AU10","action_unit",0,0,0,0,0,0,0,0,0,0,1,0,0,38,0
"E20HA04-01","C20","Chinese","Genuine",0,"Happy 4 CN",4,1,4.75,38,"AU12","action_unit",1,0.842105263157895,0.369537021476632,3.9375,0.842105263157895,1,4,4,0.75,0.157894736842105,1,0,1,38,0
"E20HA04-01","C20","Chinese","Genuine",0,"Happy 4 CN",4,1,4.75,38,"AU14","action_unit",0,0,0,0,0,0,0,0,0,0,1,0,0,38,0
"E20HA04-01","C20","Chinese","Genuine",0,"Happy 4 CN",4,1,4.75,38,"AU15","action_unit",0,0,0,0,0,0,0,0,0,0,1,0,0,38,0
"E20HA04-01","C20","Chinese","Genuine",0,"Happy 4 CN",4,1,4.75,38,"AU17","action_unit",0,0,0,0,0,0,0,0,0,0,1,0,0,38,0
"E20HA04-01","C20","Chinese","Genuine",0,"Happy 4 CN",4,1,4.75,38,"AU18","action_unit",0,0,0,0,0,0,0,0,0,0,1,0,0,38,0
"E20HA04-01","C20","Chinese","Genuine",0,"Happy 4 CN",4,1,4.75,38,"AU20","action_unit",0,0,0,0,0,0,0,0,0,0,1,0,0,38,0
"E20HA04-01","C20","Chinese","Genuine",0,"Happy 4 CN",4,1,4.75,38,"AU23","action_unit",0,0,0,0,0,0,0,0,0,0,1,0,0,38,0
"E20HA04-01","C20","Chinese","Genuine",0,"Happy 4 CN",4,1,4.75,38,"AU24","action_unit",0,0,0,0,0,0,0,0,0,0,1,0,0,38,0
"E20HA04-01","C20","Chinese","Genuine",0,"Happy 4 CN",4,1,4.75,38,"AU25","action_unit",0,0,0,0,0,0,0,0,0,0,1,0,0,38,0
"E20HA04-01","C20","Chinese","Genuine",0,"Happy 4 CN",4,1,4.75,38,"AU26","action_unit",0,0,0,0,0,0,0,0,0,0,1,0,0,38,0
"E20HA04-01","C20","Chinese","Genuine",0,"Happy 4 CN",4,1,4.75,38,"AU27","action_unit",0,0,0,0,0,0,0,0,0,0,1,0,0,38,0
"E20HA04-01","C20","Chinese","Genuine",0,"Happy 4 CN",4,1,4.75,38,"AU43","action_unit",1,0.763157894736842,0.430851484182746,3.625,0.763157894736842,1,3.625,3.625,1,0.210526315789474,1,0,0,38,0
"E20HA05-02","C20","Chinese","Genuine",0,"Happy 5 CN",5,2,4.625,37,"Neutral","emotion",0.9535907,0.498805132432432,0.226011472003005,2.199442575,0.45945945945946,2,2.125,1.25,0,0,0,1,1,37,0
"E20HA05-02","C20","Chinese","Genuine",0,"Happy 5 CN",5,2,4.625,37,"Happy","emotion",0.6877072,0.401901442162162,0.176897646787189,1.843474249375,0.297297297297297,1,1.375,1.375,1.75,0.378378378378378,1,0,0,37,0
"E20HA05-02","C20","Chinese","Genuine",0,"Happy 5 CN",5,2,4.625,37,"Sad","emotion",0.004562521,0.00177113035135135,0.000922635361510597,0.007853592125,0,0,0,0,0.125,0.027027027027027,1,0,0,37,0
"E20HA05-02","C20","Chinese","Genuine",0,"Happy 5 CN",5,2,4.625,37,"Angry","emotion",0.05702775,0.0273706565675676,0.0124377660472815,0.121983911,0,0,0,0,0.375,0.0810810810810811,1,0,0,37,0
"E20HA05-02","C20","Chinese","Genuine",0,"Happy 5 CN",5,2,4.625,37,"Surprised","emotion",0.004737856,0.00257819548648649,0.000834531282659667,0.01151214575,0,0,0,0,0.5,0.108108108108108,1,0,0,37,0
"E20HA05-02","C20","Chinese","Genuine",0,"Happy 5 CN",5,2,4.625,37,"Scared","emotion",0.002418574,0.00104732527027027,0.000611719698276536,0.004660126375,0,0,0,0,4.375,0.945945945945946,1,0,0,37,0
"E20HA05-02","C20","Chinese","Genuine",0,"Happy 5 CN",5,2,4.625,37,"Disgusted","emotion",0.00052154,0.000241150459459459,0.000103572202027967,0.00110457575,0,0,0,0,2.75,0.594594594594595,1,0,0,37,0
"E20HA05-02","C20","Chinese","Genuine",0,"Happy 5 CN",5,2,4.625,37,"Contempt","emotion",0.009131731,0.00323030243243243,0.00164092676789085,0.0145265830625,0,0,0,0,3.375,0.72972972972973,1,0,0,37,0
"E20HA05-02","C20","Chinese","Genuine",0,"Happy 5 CN",5,2,4.625,37,"AU01","action_unit",0,0,0,0,0,0,0,0,0,0,1,0,0,37,0
"E20HA05-02","C20","Chinese","Genuine",0,"Happy 5 CN",5,2,4.625,37,"AU02","action_unit",0,0,0,0,0,0,0,0,0,0,1,0,0,37,0
"E20HA05-02","C20","Chinese","Genuine",0,"Happy 5 CN",5,2,4.625,37,"AU04","action_unit",0,0,0,0,0,0,0,0,0,0,1,0,0,37,0
"E20HA05-02","C20","Chinese","Genuine",0,"Happy 5 CN",5,2,4.625,37,"AU05","action_unit",0,0,0,0,0,0,0,0,0,0,1,0,0,37,0
"E20HA05-02","C20","Chinese","Genuine",0,"Happy 5 CN",5,2,4.625,37,"AU06","action_unit",1,0.27027027027027,0.450225168890748,1.25,0.27027027027027,1,1.25,1.25,1.25,0.27027027027027,1,0,0,37,0
"E20HA05-02","C20","Chinese","Genuine",0,"Happy 5 CN",5,2,4.625,37,"AU07","action_unit",0,0,0,0,0,0,0,0,0,0,1,0,0,37,0
"E20HA05-02","C20","Chinese","Genuine",0,"Happy 5 CN",5,2,4.625,37,"AU09","action_unit",0,0,0,0,0,0,0,0,0,0,1,0,0,37,0
"E20HA05-02","C20","Chinese","Genuine",0,"Happy 5 CN",5,2,4.625,37,"AU10","action_unit",0,0,0,0,0,0,0,0,0,0,1,0,0,37,0
"E20HA05-02","C20","Chinese","Genuine",0,"Happy 5 CN",5,2,4.625,37,"AU12","action_unit",3,1.05405405405405,0.911224632201265,4.875,0.702702702702703,1,3.25,3.25,1.5,0.324324324324324,1,0,0,37,0
"E20HA05-02","C20","Chinese","Genuine",0,"Happy 5 CN",5,2,4.625,37,"AU14","action_unit",0,0,0,0,0,0,0,0,0,0,1,0,0,37,0
"E20HA05-02","C20","Chinese","Genuine",0,"Happy 5 CN",5,2,4.625,37,"AU15","action_unit",0,0,0,0,0,0,0,0,0,0,1,0,0,37,0
"E20HA05-02","C20","Chinese","Genuine",0,"Happy 5 CN",5,2,4.625,37,"AU17","action_unit",0,0,0,0,0,0,0,0,0,0,1,0,0,37,0
"E20HA05-02","C20","Chinese","Genuine",0,"Happy 5 CN",5,2,4.625,37,"AU18","action_unit",0,0,0,0,0,0,0,0,0,0,1,0,0,37,0
"E20HA05-02","C20","Chinese","Genuine",0,"Happy 5 CN",5,2,4.625,37,"AU20","action_unit",0,0,0,0,0,0,0,0,0,0,1,0,0,37,0
"E20HA05-02","C20","Chinese","Genuine",0,"Happy 5 CN",5,2,4.625,37,"AU23","action_unit",0,0,0,0,0,0,0,0,0,0,1,0,0,37,0
"E20HA05-02","C20","Chinese","Genuine",0,"Happy 5 CN",5,2,4.625,37,"AU24","action_unit",0,0,0,0,0,0,0,0,0,0,1,0,0,37,0
"E20HA05-02","C20","Chinese","Genuine",0,"Happy 5 CN",5,2,4.625,37,"AU25","action_unit",0,0,0,0,0,0,0,0,0,0,1,0,0,37,0
"E20HA05-02","C20","Chinese","Genuine",0,"Happy 5 CN",5,2,4.625,37,"AU26","action_unit",0,0,0,0,0,0,0,0,0,0,1,0,0,37,0
"E20HA05-02","C20","Chinese","Genuine",0,"Happy 5 CN",5,2,4.625,37,"AU27","action_unit",0,0,0,0,0,0,0,0,0,0,1,0,0,37,0
"E20HA05-02","C20","Chinese","Genuine",0,"Happy 5 CN",5,2,4.625,37,"AU43","action_unit",2,0.945945945945946,0.574743708386904,4.3125,0.810810810810811,2,3.75,3.625,2.625,0.567567567567568,1,0,1,37,0
"E20HA06-01","C20","Chinese","Genuine",0,"Happy 6 CN",6,1,4.625,37,"Neutral","emotion",0.9945682,0.331113524324324,0.287074746067401,1.44831758125,0.189189189189189,1,0.875,0.875,0,0,0,1,0,37,0
"E20HA06-01","C20","Chinese","Genuine",0,"Happy 6 CN",6,1,4.625,37,"Happy","emotion",0.8846025,0.588755569135135,0.26972695646097,2.68579163725,0.783783783783784,1,3.625,3.625,1.875,0.405405405405405,1,0,1,37,0
"E20HA06-01","C20","Chinese","Genuine",0,"Happy 6 CN",6,1,4.625,37,"Sad","emotion",0.000687948,0.000270408594594595,0.000153723164671008,0.0011921545625,0,0,0,0,0.125,0.027027027027027,1,0,0,37,0
"E20HA06-01","C20","Chinese","Genuine",0,"Happy 6 CN",6,1,4.625,37,"Angry","emotion",0.02427932,0.00813042681081081,0.00634934643722756,0.035628806125,0,0,0,0,4.5,0.972972972972973,1,0,0,37,0
"E20HA06-01","C20","Chinese","Genuine",0,"Happy 6 CN",6,1,4.625,37,"Surprised","emotion",0.01069588,0.00349930294594595,0.00263619284688288,0.015630882625,0,0,0,0,0.5,0.108108108108108,1,0,0,37,0
"E20HA06-01","C20","Chinese","Genuine",0,"Happy 6 CN",6,1,4.625,37,"Scared","emotion",0.001601385,0.000442522108108108,0.000421015292352163,0.0020173665625,0,0,0,0,1.625,0.351351351351351,1,0,0,37,0
"E20HA06-01","C20","Chinese","Genuine",0,"Happy 6 CN",6,1,4.625,37,"Disgusted","emotion",0.00124118,0.000357176621621622,0.000259017976235493,0.001619992625,0,0,0,0,0.125,0.027027027027027,1,0,0,37,0
"E20HA06-01","C20","Chinese","Genuine",0,"Happy 6 CN",6,1,4.625,37,"Contempt","emotion",0.05067557,0.00731698205405406,0.0114246854019497,0.030351127625,0,0,0,0,0,0,1,0,0,37,0
"E20HA06-01","C20","Chinese","Genuine",0,"Happy 6 CN",6,1,4.625,37,"AU01","action_unit",0,0,0,0,0,0,0,0,0,0,1,0,0,37,0
"E20HA06-01","C20","Chinese","Genuine",0,"Happy 6 CN",6,1,4.625,37,"AU02","action_unit",0,0,0,0,0,0,0,0,0,0,1,0,0,37,0
"E20HA06-01","C20","Chinese","Genuine",0,"Happy 6 CN",6,1,4.625,37,"AU04","action_unit",0,0,0,0,0,0,0,0,0,0,1,0,0,37,0
"E20HA06-01","C20","Chinese","Genuine",0,"Happy 6 CN",6,1,4.625,37,"AU05","action_unit",0,0,0,0,0,0,0,0,0,0,1,0,0,37,0
"E20HA06-01","C20","Chinese","Genuine",0,"Happy 6 CN",6,1,4.625,37,"AU06","action_unit",1,0.810810810810811,0.397061276955658,3.6875,0.810810810810811,1,3.75,3.75,0.875,0.189189189189189,1,0,1,37,0
"E20HA06-01","C20","Chinese","Genuine",0,"Happy 6 CN",6,1,4.625,37,"AU07","action_unit",1,0.0540540540540541,0.229243435135126,0.25,0.0540540540540541,1,0.25,0.25,2.625,0.567567567567568,1,0,0,37,0
"E20HA06-01","C20","Chinese","Genuine",0,"Happy 6 CN",6,1,4.625,37,"AU09","action_unit",0,0,0,0,0,0,0,0,0,0,1,0,0,37,0
"E20HA06-01","C20","Chinese","Genuine",0,"Happy 6 CN",6,1,4.625,37,"AU10","action_unit",0,0,0,0,0,0,0,0,0,0,1,0,0,37,0
"E20HA06-01","C20","Chinese","Genuine",0,"Happy 6 CN",6,1,4.625,37,"AU12","action_unit",3,1.51351351351351,0.931594261397025,6.9375,0.864864864864865,1,4,4,1.875,0.405405405405405,1,0,1,37,0
"E20HA06-01","C20","Chinese","Genuine",0,"Happy 6 CN",6,1,4.625,37,"AU14","action_unit",0,0,0,0,0,0,0,0,0,0,1,0,0,37,0
"E20HA06-01","C20","Chinese","Genuine",0,"Happy 6 CN",6,1,4.625,37,"AU15","action_unit",0,0,0,0,0,0,0,0,0,0,1,0,0,37,0
"E20HA06-01","C20","Chinese","Genuine",0,"Happy 6 CN",6,1,4.625,37,"AU17","action_unit",0,0,0,0,0,0,0,0,0,0,1,0,0,37,0
"E20HA06-01","C20","Chinese","Genuine",0,"Happy 6 CN",6,1,4.625,37,"AU18","action_unit",0,0,0,0,0,0,0,0,0,0,1,0,0,37,0
"E20HA06-01","C20","Chinese","Genuine",0,"Happy 6 CN",6,1,4.625,37,"AU20","action_unit",0,0,0,0,0,0,0,0,0,0,1,0,0,37,0
"E20HA06-01","C20","Chinese","Genuine",0,"Happy 6 CN",6,1,4.625,37,"AU23","action_unit",0,0,0,0,0,0,0,0,0,0,1,0,0,37,0
"E20HA06-01","C20","Chinese","Genuine",0,"Happy 6 CN",6,1,4.625,37,"AU24","action_unit",0,0,0,0,0,0,0,0,0,0,1,0,0,37,0
"E20HA06-01","C20","Chinese","Genuine",0,"Happy 6 CN",6,1,4.625,37,"AU25","action_unit",1,0.324324324324324,0.47457899787625,1.5,0.324324324324324,1,1.5,1.5,1.625,0.351351351351351,1,0,0,37,0
"E20HA06-01","C20","Chinese","Genuine",0,"Happy 6 CN",6,1,4.625,37,"AU26","action_unit",0,0,0,0,0,0,0,0,0,0,1,0,0,37,0
"E20HA06-01","C20","Chinese","Genuine",0,"Happy 6 CN",6,1,4.625,37,"AU27","action_unit",0,0,0,0,0,0,0,0,0,0,1,0,0,37,0
"E20HA06-01","C20","Chinese","Genuine",0,"Happy 6 CN",6,1,4.625,37,"AU43","action_unit",1,0.702702702702703,0.463373191622816,3.1875,0.702702702702703,1,3.25,3.25,1.375,0.297297297297297,1,0,1,37,0
"E20HA06-02","C20","Chinese","Genuine",0,"Happy 6 CN",6,2,5,40,"Neutral","emotion",0.7894102,0.38497003,0.137054427223502,1.85021230625,0.175,1,0.875,0.875,0,0,0,1,0,40,0
"E20HA06-02","C20","Chinese","Genuine",0,"Happy 6 CN",6,2,5,40,"Happy","emotion",0.5760565,0.4148567625,0.10429999297215,2.04031001875,0.225,2,1.125,0.75,2.875,0.575,1,0,0,40,0
"E20HA06-02","C20","Chinese","Genuine",0,"Happy 6 CN",6,2,5,40,"Sad","emotion",0.001977849,0.0006365199,0.000489699304663628,0.0030812670625,0,0,0,0,3.875,0.775,1,0,0,40,0
"E20HA06-02","C20","Chinese","Genuine",0,"Happy 6 CN",6,2,5,40,"Angry","emotion",0.02445487,0.01672968945,0.00445504944006404,0.0813434085,0,0,0,0,4.5,0.9,1,0,0,40,0
"E20HA06-02","C20","Chinese","Genuine",0,"Happy 6 CN",6,2,5,40,"Surprised","emotion",0.009043295,0.004469044125,0.00126629827861262,0.02157815125,0,0,0,0,0,0,1,0,0,40,0
"E20HA06-02","C20","Chinese","Genuine",0,"Happy 6 CN",6,2,5,40,"Scared","emotion",0.000693282,0.000196384175,0.0002035719129352,0.0009308136875,0,0,0,0,4.875,0.975,1,0,0,40,0
"E20HA06-02","C20","Chinese","Genuine",0,"Happy 6 CN",6,2,5,40,"Disgusted","emotion",0.000704824,0.000374536075,0.000175271761637484,0.001822121375,0,0,0,0,3.25,0.65,1,0,0,40,0
"E20HA06-02","C20","Chinese","Genuine",0,"Happy 6 CN",6,2,5,40,"Contempt","emotion",0.01033383,0.004840940975,0.00238026211317313,0.0233564259375,0,0,0,0,0.375,0.075,1,0,0,40,0
"E20HA06-02","C20","Chinese","Genuine",0,"Happy 6 CN",6,2,5,40,"AU01","action_unit",0,0,0,0,0,0,0,0,0,0,1,0,0,40,0
"E20HA06-02","C20","Chinese","Genuine",0,"Happy 6 CN",6,2,5,40,"AU02","action_unit",0,0,0,0,0,0,0,0,0,0,1,0,0,40,0
"E20HA06-02","C20","Chinese","Genuine",0,"Happy 6 CN",6,2,5,40,"AU04","action_unit",0,0,0,0,0,0,0,0,0,0,1,0,0,40,0
"E20HA06-02","C20","Chinese","Genuine",0,"Happy 6 CN",6,2,5,40,"AU05","action_unit",0,0,0,0,0,0,0,0,0,0,1,0,0,40,0
"E20HA06-02","C20","Chinese","Genuine",0,"Happy 6 CN",6,2,5,40,"AU06","action_unit",1,0.975,0.158113883008419,4.8125,0.975,1,4.875,4.875,0.125,0.025,1,0,1,40,0
"E20HA06-02","C20","Chinese","Genuine",0,"Happy 6 CN",6,2,5,40,"AU07","action_unit",1,0.05,0.220721427863152,0.25,0.05,1,0.25,0.25,2.75,0.55,1,0,0,40,0
"E20HA06-02","C20","Chinese","Genuine",0,"Happy 6 CN",6,2,5,40,"AU09","action_unit",0,0,0,0,0,0,0,0,0,0,1,0,0,40,0
"E20HA06-02","C20","Chinese","Genuine",0,"Happy 6 CN",6,2,5,40,"AU10","action_unit",0,0,0,0,0,0,0,0,0,0,1,0,0,40,0
"E20HA06-02","C20","Chinese","Genuine",0,"Happy 6 CN",6,2,5,40,"AU12","action_unit",1,0.7,0.464095480892257,3.5,0.7,1,3.5,3.5,0.25,0.05,1,0,0,40,0
"E20HA06-02","C20","Chinese","Genuine",0,"Happy 6 CN",6,2,5,40,"AU14","action_unit",0,0,0,0,0,0,0,0,0,0,1,0,0,40,0
"E20HA06-02","C20","Chinese","Genuine",0,"Happy 6 CN",6,2,5,40,"AU15","action_unit",0,0,0,0,0,0,0,0,0,0,1,0,0,40,0
"E20HA06-02","C20","Chinese","Genuine",0,"Happy 6 CN",6,2,5,40,"AU17","action_unit",0,0,0,0,0,0,0,0,0,0,1,0,0,40,0
"E20HA06-02","C20","Chinese","Genuine",0,"Happy 6 CN",6,2,5,40,"AU18","action_unit",0,0,0,0,0,0,0,0,0,0,1,0,0,40,0
"E20HA06-02","C20","Chinese","Genuine",0,"Happy 6 CN",6,2,5,40,"AU20","action_unit",0,0,0,0,0,0,0,0,0,0,1,0,0,40,0
"E20HA06-02","C20","Chinese","Genuine",0,"Happy 6 CN",6,2,5,40,"AU23","action_unit",0,0,0,0,0,0,0,0,0,0,1,0,0,40,0
"E20HA06-02","C20","Chinese","Genuine",0,"Happy 6 CN",6,2,5,40,"AU24","action_unit",0,0,0,0,0,0,0,0,0,0,1,0,0,40,0
"E20HA06-02","C20","Chinese","Genuine",0,"Happy 6 CN",6,2,5,40,"AU25","action_unit",0,0,0,0,0,0,0,0,0,0,1,0,0,40,0
"E20HA06-02","C20","Chinese","Genuine",0,"Happy 6 CN",6,2,5,40,"AU26","action_unit",0,0,0,0,0,0,0,0,0,0,1,0,0,40,0
"E20HA06-02","C20","Chinese","Genuine",0,"Happy 6 CN",6,2,5,40,"AU27","action_unit",0,0,0,0,0,0,0,0,0,0,1,0,0,40,0
"E20HA06-02","C20","Chinese","Genuine",0,"Happy 6 CN",6,2,5,40,"AU43","action_unit",1,0.55,0.503831473655779,2.6875,0.55,1,2.75,2.75,2.25,0.45,1,0,1,40,0
"E20HA06-03","C20","Chinese","Genuine",0,"Happy 6 CN",6,3,4,32,"Neutral","emotion",0.8849435,0.5270813625,0.167003274361073,2.0153355375,0.5,2,2,1.25,0.25,0.0625,0,1,1,32,0
"E20HA06-03","C20","Chinese","Genuine",0,"Happy 6 CN",6,3,4,32,"Happy","emotion",0.594866,0.416830303125,0.1401322546705,1.63756818125,0.40625,1,1.625,1.625,2,0.5,1,0,0,32,0
"E20HA06-03","C20","Chinese","Genuine",0,"Happy 6 CN",6,3,4,32,"Sad","emotion",0.000668044,0.00038091525,0.000129518253372182,0.0014691425,0,0,0,0,0,0,1,0,0,32,0
"E20HA06-03","C20","Chinese","Genuine",0,"Happy 6 CN",6,3,4,32,"Angry","emotion",0.04447489,0.0228784128125,0.0106332657538437,0.087239985,0,0,0,0,0.25,0.0625,1,0,0,32,0
"E20HA06-03","C20","Chinese","Genuine",0,"Happy 6 CN",6,3,4,32,"Surprised","emotion",0.01509472,0.006603571,0.00243335617394425,0.0251780235,0,0,0,0,0,0,1,0,0,32,0
"E20HA06-03","C20","Chinese","Genuine",0,"Happy 6 CN",6,3,4,32,"Scared","emotion",0.000629194,0.00023370178125,0.000142108202318659,0.0008914436875,0,0,0,0,0.125,0.03125,1,0,0,32,0
"E20HA06-03","C20","Chinese","Genuine",0,"Happy 6 CN",6,3,4,32,"Disgusted","emotion",0.000821219,0.00050020753125,0.00017391046078166,0.0019645536875,0,0,0,0,3.25,0.8125,1,0,0,32,0
"E20HA06-03","C20","Chinese","Genuine",0,"Happy 6 CN",6,3,4,32,"Contempt","emotion",0.01112898,0.003147277625,0.00270984321357249,0.0120230174375,0,0,0,0,0.125,0.03125,1,0,0,32,0
"E20HA06-03","C20","Chinese","Genuine",0,"Happy 6 CN",6,3,4,32,"AU01","action_unit",0,0,0,0,0,0,0,0,0,0,1,0,0,32,0
"E20HA06-03","C20","Chinese","Genuine",0,"Happy 6 CN",6,3,4,32,"AU02","action_unit",0,0,0,0,0,0,0,0,0,0,1,0,0,32,0
"E20HA06-03","C20","Chinese","Genuine",0,"Happy 6 CN",6,3,4,32,"AU04","action_unit",0,0,0,0,0,0,0,0,0,0,1,0,0,32,0
"E20HA06-03","C20","Chinese","Genuine",0,"Happy 6 CN",6,3,4,32,"AU05","action_unit",0,0,0,0,0,0,0,0,0,0,1,0,0,32,0
"E20HA06-03","C20","Chinese","Genuine",0,"Happy 6 CN",6,3,4,32,"AU06","action_unit",1,0.84375,0.368902032628474,3.3125,0.84375,1,3.375,3.375,0.625,0.15625,1,0,1,32,0
"E20HA06-03","C20","Chinese","Genuine",0,"Happy 6 CN",6,3,4,32,"AU07","action_unit",0,0,0,0,0,0,0,0,0,0,1,0,0,32,0
"E20HA06-03","C20","Chinese","Genuine",0,"Happy 6 CN",6,3,4,32,"AU09","action_unit",0,0,0,0,0,0,0,0,0,0,1,0,0,32,0
"E20HA06-03","C20","Chinese","Genuine",0,"Happy 6 CN",6,3,4,32,"AU10","action_unit",0,0,0,0,0,0,0,0,0,0,1,0,0,32,0
"E20HA06-03","C20","Chinese","Genuine",0,"Happy 6 CN",6,3,4,32,"AU12","action_unit",1,0.90625,0.296144581080299,3.5625,0.90625,1,3.625,3.625,0.375,0.09375,1,0,1,32,0
"E20HA06-03","C20","Chinese","Genuine",0,"Happy 6 CN",6,3,4,32,"AU14","action_unit",0,0,0,0,0,0,0,0,0,0,1,0,0,32,0
"E20HA06-03","C20","Chinese","Genuine",0,"Happy 6 CN",6,3,4,32,"AU15","action_unit",0,0,0,0,0,0,0,0,0,0,1,0,0,32,0
"E20HA06-03","C20","Chinese","Genuine",0,"Happy 6 CN",6,3,4,32,"AU17","action_unit",0,0,0,0,0,0,0,0,0,0,1,0,0,32,0
"E20HA06-03","C20","Chinese","Genuine",0,"Happy 6 CN",6,3,4,32,"AU18","action_unit",0,0,0,0,0,0,0,0,0,0,1,0,0,32,0
"E20HA06-03","C20","Chinese","Genuine",0,"Happy 6 CN",6,3,4,32,"AU20","action_unit",0,0,0,0,0,0,0,0,0,0,1,0,0,32,0
"E20HA06-03","C20","Chinese","Genuine",0,"Happy 6 CN",6,3,4,32,"AU23","action_unit",0,0,0,0,0,0,0,0,0,0,1,0,0,32,0
"E20HA06-03","C20","Chinese","Genuine",0,"Happy 6 CN",6,3,4,32,"AU24","action_unit",0,0,0,0,0,0,0,0,0,0,1,0,0,32,0
"E20HA06-03","C20","Chinese","Genuine",0,"Happy 6 CN",6,3,4,32,"AU25","action_unit",0,0,0,0,0,0,0,0,0,0,1,0,0,32,0
"E20HA06-03","C20","Chinese","Genuine",0,"Happy 6 CN",6,3,4,32,"AU26","action_unit",0,0,0,0,0,0,0,0,0,0,1,0,0,32,0
"E20HA06-03","C20","Chinese","Genuine",0,"Happy 6 CN",6,3,4,32,"AU27","action_unit",0,0,0,0,0,0,0,0,0,0,1,0,0,32,0
"E20HA06-03","C20","Chinese","Genuine",0,"Happy 6 CN",6,3,4,32,"AU43","action_unit",1,0.6875,0.470929074859885,2.6875,0.6875,1,2.75,2.75,1.25,0.3125,1,0,1,32,0
"E22HA01-03","C22","Chinese","Genuine",0,"Happy 1 CN",1,3,5.25,42,"Neutral","emotion",0.4510911,0.42227409047619,0.023292306740888,2.167101675,0,0,0,0,1.875,0.357142857142857,1,0,0,42,0
"E22HA01-03","C22","Chinese","Genuine",0,"Happy 1 CN",1,3,5.25,42,"Happy","emotion",0.06740206,0.0366560193333333,0.0181968089289032,0.191338995125,0,0,0,0,1.75,0.333333333333333,1,0,0,42,0
"E22HA01-03","C22","Chinese","Genuine",0,"Happy 1 CN",1,3,5.25,42,"Sad","emotion",0.2231793,0.12287649952381,0.030682992791847,0.6256258475,0,0,0,0,0.375,0.0714285714285714,1,0,0,42,0
"E22HA01-03","C22","Chinese","Genuine",0,"Happy 1 CN",1,3,5.25,42,"Angry","emotion",0.05714073,0.0228733519047619,0.00866985684618088,0.11453741875,0,0,0,0,0,0,1,0,0,42,0
"E22HA01-03","C22","Chinese","Genuine",0,"Happy 1 CN",1,3,5.25,42,"Surprised","emotion",0.000242245,0.000110343404761905,4.04327998469846e-05,0.000558268875,0,0,0,0,0,0,1,0,0,42,0
"E22HA01-03","C22","Chinese","Genuine",0,"Happy 1 CN",1,3,5.25,42,"Scared","emotion",0.000296006,0.000210728047619048,3.18427677586962e-05,0.0010721193125,0,0,0,0,0,0,1,0,0,42,0
"E22HA01-03","C22","Chinese","Genuine",0,"Happy 1 CN",1,3,5.25,42,"Disgusted","emotion",0.2400664,0.137072376904762,0.0524344041937263,0.699330175,0,0,0,0,4.625,0.880952380952381,1,0,0,42,0
"E22HA01-03","C22","Chinese","Genuine",0,"Happy 1 CN",1,3,5.25,42,"Contempt","emotion",0.06449314,0.0311395214285714,0.0176693659753217,0.1602435674375,0,0,0,0,3.875,0.738095238095238,1,0,0,42,0
"E22HA01-03","C22","Chinese","Genuine",0,"Happy 1 CN",1,3,5.25,42,"AU01","action_unit",0,0,0,0,0,0,0,0,0,0,1,0,0,42,0
"E22HA01-03","C22","Chinese","Genuine",0,"Happy 1 CN",1,3,5.25,42,"AU02","action_unit",0,0,0,0,0,0,0,0,0,0,1,0,0,42,0
"E22HA01-03","C22","Chinese","Genuine",0,"Happy 1 CN",1,3,5.25,42,"AU04","action_unit",1,1,0,5.125,1,1,5.25,5.25,0,0,0,1,1,42,0
"E22HA01-03","C22","Chinese","Genuine",0,"Happy 1 CN",1,3,5.25,42,"AU05","action_unit",0,0,0,0,0,0,0,0,0,0,1,0,0,42,0
"E22HA01-03","C22","Chinese","Genuine",0,"Happy 1 CN",1,3,5.25,42,"AU06","action_unit",1,0.285714285714286,0.457229956859212,1.5,0.285714285714286,1,1.5,1.5,1,0.19047619047619,1,0,0,42,0
"E22HA01-03","C22","Chinese","Genuine",0,"Happy 1 CN",1,3,5.25,42,"AU07","action_unit",1,0.69047619047619,0.467901138093333,3.5625,0.69047619047619,1,3.625,3.625,0,0,0,1,0,42,0
"E22HA01-03","C22","Chinese","Genuine",0,"Happy 1 CN",1,3,5.25,42,"AU09","action_unit",2,1.76190476190476,0.431080537409043,9.0625,1,1,5.25,5.25,1.25,0.238095238095238,0,1,1,42,0
"E22HA01-03","C22","Chinese","Genuine",0,"Happy 1 CN",1,3,5.25,42,"AU10","action_unit",0,0,0,0,0,0,0,0,0,0,1,0,0,42,0
"E22HA01-03","C22","Chinese","Genuine",0,"Happy 1 CN",1,3,5.25,42,"AU12","action_unit",1,0.785714285714286,0.415299732236633,4.125,0.785714285714286,1,4.125,4.125,0.625,0.119047619047619,1,0,0,42,0
"E22HA01-03","C22","Chinese","Genuine",0,"Happy 1 CN",1,3,5.25,42,"AU14","action_unit",0,0,0,0,0,0,0,0,0,0,1,0,0,42,0
"E22HA01-03","C22","Chinese","Genuine",0,"Happy 1 CN",1,3,5.25,42,"AU15","action_unit",0,0,0,0,0,0,0,0,0,0,1,0,0,42,0
"E22HA01-03","C22","Chinese","Genuine",0,"Happy 1 CN",1,3,5.25,42,"AU17","action_unit",1,0.238095238095238,0.431080537409042,1.1875,0.238095238095238,1,1.25,1.25,0,0,0,1,0,42,0
"E22HA01-03","C22","Chinese","Genuine",0,"Happy 1 CN",1,3,5.25,42,"AU18","action_unit",0,0,0,0,0,0,0,0,0,0,1,0,0,42,0
"E22HA01-03","C22","Chinese","Genuine",0,"Happy 1 CN",1,3,5.25,42,"AU20","action_unit",0,0,0,0,0,0,0,0,0,0,1,0,0,42,0
"E22HA01-03","C22","Chinese","Genuine",0,"Happy 1 CN",1,3,5.25,42,"AU23","action_unit",0,0,0,0,0,0,0,0,0,0,1,0,0,42,0
"E22HA01-03","C22","Chinese","Genuine",0,"Happy 1 CN",1,3,5.25,42,"AU24","action_unit",0,0,0,0,0,0,0,0,0,0,1,0,0,42,0
"E22HA01-03","C22","Chinese","Genuine",0,"Happy 1 CN",1,3,5.25,42,"AU25","action_unit",0,0,0,0,0,0,0,0,0,0,1,0,0,42,0
"E22HA01-03","C22","Chinese","Genuine",0,"Happy 1 CN",1,3,5.25,42,"AU26","action_unit",0,0,0,0,0,0,0,0,0,0,1,0,0,42,0
"E22HA01-03","C22","Chinese","Genuine",0,"Happy 1 CN",1,3,5.25,42,"AU27","action_unit",0,0,0,0,0,0,0,0,0,0,1,0,0,42,0
"E22HA01-03","C22","Chinese","Genuine",0,"Happy 1 CN",1,3,5.25,42,"AU43","action_unit",5,4.52380952380952,0.505486736604131,23.1875,1,1,5.25,5.25,1.375,0.261904761904762,0,1,1,42,0
"E22HA01-05","C22","Chinese","Genuine",0,"Happy 1 CN",1,5,4.375,35,"Neutral","emotion",0.4494354,0.415063151428571,0.0229768320019174,1.76190128125,0,0,0,0,0,0,1,0,0,35,0
"E22HA01-05","C22","Chinese","Genuine",0,"Happy 1 CN",1,5,4.375,35,"Happy","emotion",0.2445622,0.133591626,0.0770518098144747,0.577132406875,0,0,0,0,2.375,0.542857142857143,1,0,0,35,0
"E22HA01-05","C22","Chinese","Genuine",0,"Happy 1 CN",1,5,4.375,35,"Sad","emotion",0.1245273,0.076040444,0.0210858803966606,0.320683200625,0,0,0,0,4.25,0.971428571428571,1,0,0,35,0
"E22HA01-05","C22","Chinese","Genuine",0,"Happy 1 CN",1,5,4.375,35,"Angry","emotion",0.05300942,0.0350841682857143,0.0113921013280615,0.151071108125,0,0,0,0,1.75,0.4,1,0,0,35,0
"E22HA01-05","C22","Chinese","Genuine",0,"Happy 1 CN",1,5,4.375,35,"Surprised","emotion",0.000186179,3.35040285714286e-05,4.61921637366732e-05,0.000134297625,0,0,0,0,0,0,1,0,0,35,0
"E22HA01-05","C22","Chinese","Genuine",0,"Happy 1 CN",1,5,4.375,35,"Scared","emotion",0.000232839,0.000103222885714286,5.3572965176571e-05,0.0004357164375,0,0,0,0,0.25,0.0571428571428571,1,0,0,35,0
"E22HA01-05","C22","Chinese","Genuine",0,"Happy 1 CN",1,5,4.375,35,"Disgusted","emotion",0.1414801,0.0756638597142857,0.030288454406967,0.31584276125,0,0,0,0,4.25,0.971428571428571,1,0,0,35,0
"E22HA01-05","C22","Chinese","Genuine",0,"Happy 1 CN",1,5,4.375,35,"Contempt","emotion",0.02078514,0.00759708454285714,0.00554111404603464,0.032542496375,0,0,0,0,1.125,0.257142857142857,1,0,0,35,0
"E22HA01-05","C22","Chinese","Genuine",0,"Happy 1 CN",1,5,4.375,35,"AU01","action_unit",0,0,0,0,0,0,0,0,0,0,1,0,0,35,0
"E22HA01-05","C22","Chinese","Genuine",0,"Happy 1 CN",1,5,4.375,35,"AU02","action_unit",0,0,0,0,0,0,0,0,0,0,1,0,0,35,0
"E22HA01-05","C22","Chinese","Genuine",0,"Happy 1 CN",1,5,4.375,35,"AU04","action_unit",1,1,0,4.25,1,1,4.375,4.375,0,0,0,1,1,35,0
"E22HA01-05","C22","Chinese","Genuine",0,"Happy 1 CN",1,5,4.375,35,"AU05","action_unit",0,0,0,0,0,0,0,0,0,0,1,0,0,35,0
"E22HA01-05","C22","Chinese","Genuine",0,"Happy 1 CN",1,5,4.375,35,"AU06","action_unit",3,2.02857142857143,1.1753776435861,8.75,0.828571428571429,1,3.625,3.625,1.625,0.371428571428571,1,0,1,35,0
"E22HA01-05","C22","Chinese","Genuine",0,"Happy 1 CN",1,5,4.375,35,"AU07","action_unit",1,0.914285714285714,0.284028640998691,3.9375,0.914285714285714,1,4,4,0.375,0.0857142857142857,1,0,1,35,0
"E22HA01-05","C22","Chinese","Genuine",0,"Happy 1 CN",1,5,4.375,35,"AU09","action_unit",2,1.65714285714286,0.481593991977935,7,1,1,4.375,4.375,0,0,0,1,1,35,0
"E22HA01-05","C22","Chinese","Genuine",0,"Happy 1 CN",1,5,4.375,35,"AU10","action_unit",0,0,0,0,0,0,0,0,0,0,1,0,0,35,0
"E22HA01-05","C22","Chinese","Genuine",0,"Happy 1 CN",1,5,4.375,35,"AU12","action_unit",2,1.42857142857143,0.502096445253434,6.125,1,1,4.375,4.375,2,0.457142857142857,0,1,1,35,0
"E22HA01-05","C22","Chinese","Genuine",0,"Happy 1 CN",1,5,4.375,35,"AU14","action_unit",0,0,0,0,0,0,0,0,0,0,1,0,0,35,0
"E22HA01-05","C22","Chinese","Genuine",0,"Happy 1 CN",1,5,4.375,35,"AU15","action_unit",0,0,0,0,0,0,0,0,0,0,1,0,0,35,0
"E22HA01-05","C22","Chinese","Genuine",0,"Happy 1 CN",1,5,4.375,35,"AU17","action_unit",3,2.28571428571429,0.667366579370366,9.75,1,1,4.375,4.375,0.75,0.171428571428571,0,1,1,35,0
"E22HA01-05","C22","Chinese","Genuine",0,"Happy 1 CN",1,5,4.375,35,"AU18","action_unit",0,0,0,0,0,0,0,0,0,0,1,0,0,35,0
"E22HA01-05","C22","Chinese","Genuine",0,"Happy 1 CN",1,5,4.375,35,"AU20","action_unit",0,0,0,0,0,0,0,0,0,0,1,0,0,35,0
"E22HA01-05","C22","Chinese","Genuine",0,"Happy 1 CN",1,5,4.375,35,"AU23","action_unit",0,0,0,0,0,0,0,0,0,0,1,0,0,35,0
"E22HA01-05","C22","Chinese","Genuine",0,"Happy 1 CN",1,5,4.375,35,"AU24","action_unit",1,0.628571428571429,0.490240894309911,2.75,0.628571428571429,1,2.75,2.75,1.125,0.257142857142857,1,0,0,35,0
"E22HA01-05","C22","Chinese","Genuine",0,"Happy 1 CN",1,5,4.375,35,"AU25","action_unit",0,0,0,0,0,0,0,0,0,0,1,0,0,35,0
"E22HA01-05","C22","Chinese","Genuine",0,"Happy 1 CN",1,5,4.375,35,"AU26","action_unit",0,0,0,0,0,0,0,0,0,0,1,0,0,35,0
"E22HA01-05","C22","Chinese","Genuine",0,"Happy 1 CN",1,5,4.375,35,"AU27","action_unit",0,0,0,0,0,0,0,0,0,0,1,0,0,35,0
"E22HA01-05","C22","Chinese","Genuine",0,"Happy 1 CN",1,5,4.375,35,"AU43","action_unit",5,3.42857142857143,1.00836834673103,14.4375,1,1,4.375,4.375,0,0,0,1,1,35,0
"E22HA02-02","C22","Chinese","Genuine",0,"Happy 2 CN",2,2,8,64,"Neutral","emotion",0.4287147,0.285945371875,0.0966090476104338,2.25223225625,0,0,0,0,1.375,0.171875,1,0,0,64,0
"E22HA02-02","C22","Chinese","Genuine",0,"Happy 2 CN",2,2,8,64,"Happy","emotion",0.7810062,0.3707555240625,0.251574374932937,2.9351456250625,0.265625,1,2.125,2.125,5.125,0.640625,1,0,0,64,0
"E22HA02-02","C22","Chinese","Genuine",0,"Happy 2 CN",2,2,8,64,"Sad","emotion",0.3748159,0.078011294765625,0.0945020622428245,0.598762395,0,0,0,0,0,0,1,0,0,64,0
"E22HA02-02","C22","Chinese","Genuine",0,"Happy 2 CN",2,2,8,64,"Angry","emotion",0.0550186,0.019862196078125,0.0190907244451819,0.15387918425,0,0,0,0,0.375,0.046875,1,0,0,64,0
"E22HA02-02","C22","Chinese","Genuine",0,"Happy 2 CN",2,2,8,64,"Surprised","emotion",0.000184095,9.334878125e-05,5.16834501048937e-05,0.0007390756875,0,0,0,0,1,0.125,1,0,0,64,0
"E22HA02-02","C22","Chinese","Genuine",0,"Happy 2 CN",2,2,8,64,"Scared","emotion",0.000699214,0.00029898421875,0.000204570200148683,0.0023862335,0,0,0,0,2.625,0.328125,1,0,0,64,0
"E22HA02-02","C22","Chinese","Genuine",0,"Happy 2 CN",2,2,8,64,"Disgusted","emotion",0.2748696,0.1043558415625,0.0585163011376775,0.8166303825,0,0,0,0,0.125,0.015625,1,0,0,64,0
"E22HA02-02","C22","Chinese","Genuine",0,"Happy 2 CN",2,2,8,64,"Contempt","emotion",0.0195329,0.003682176515625,0.00497500988335119,0.0292131329375,0,0,0,0,1.125,0.140625,1,0,0,64,0
"E22HA02-02","C22","Chinese","Genuine",0,"Happy 2 CN",2,2,8,64,"AU01","action_unit",0,0,0,0,0,0,0,0,0,0,1,0,0,64,0
"E22HA02-02","C22","Chinese","Genuine",0,"Happy 2 CN",2,2,8,64,"AU02","action_unit",0,0,0,0,0,0,0,0,0,0,1,0,0,64,0
"E22HA02-02","C22","Chinese","Genuine",0,"Happy 2 CN",2,2,8,64,"AU04","action_unit",1,1,0,7.875,1,1,8,8,0,0,0,1,1,64,0
"E22HA02-02","C22","Chinese","Genuine",0,"Happy 2 CN",2,2,8,64,"AU05","action_unit",0,0,0,0,0,0,0,0,0,0,1,0,0,64,0
"E22HA02-02","C22","Chinese","Genuine",0,"Happy 2 CN",2,2,8,64,"AU06","action_unit",4,1.984375,1.22787967328378,15.6875,0.828125,1,6.625,6.625,5.25,0.65625,1,0,1,64,0
"E22HA02-02","C22","Chinese","Genuine",0,"Happy 2 CN",2,2,8,64,"AU07","action_unit",1,0.625,0.487950036474267,4.875,0.625,4,5,3.5,0,0,0,1,1,64,0
"E22HA02-02","C22","Chinese","Genuine",0,"Happy 2 CN",2,2,8,64,"AU09","action_unit",2,1.140625,0.63912607743476,9.0625,0.859375,1,6.875,6.875,2.125,0.265625,1,0,1,64,0
"E22HA02-02","C22","Chinese","Genuine",0,"Happy 2 CN",2,2,8,64,"AU10","action_unit",0,0,0,0,0,0,0,0,0,0,1,0,0,64,0
"E22HA02-02","C22","Chinese","Genuine",0,"Happy 2 CN",2,2,8,64,"AU12","action_unit",3,1.8125,1.13913082989578,14.375,0.828125,1,6.625,6.625,3,0.375,1,0,1,64,0
"E22HA02-02","C22","Chinese","Genuine",0,"Happy 2 CN",2,2,8,64,"AU14","action_unit",0,0,0,0,0,0,0,0,0,0,1,0,0,64,0
"E22HA02-02","C22","Chinese","Genuine",0,"Happy 2 CN",2,2,8,64,"AU15","action_unit",1,0.0625,0.243975018237133,0.5,0.0625,1,0.5,0.5,6.375,0.796875,1,0,0,64,0
"E22HA02-02","C22","Chinese","Genuine",0,"Happy 2 CN",2,2,8,64,"AU17","action_unit",4,1.40625,1.2689046645115,10.9375,0.671875,3,5.375,3.25,7,0.875,0,1,1,64,0
"E22HA02-02","C22","Chinese","Genuine",0,"Happy 2 CN",2,2,8,64,"AU18","action_unit",0,0,0,0,0,0,0,0,0,0,1,0,0,64,0
"E22HA02-02","C22","Chinese","Genuine",0,"Happy 2 CN",2,2,8,64,"AU20","action_unit",0,0,0,0,0,0,0,0,0,0,1,0,0,64,0
"E22HA02-02","C22","Chinese","Genuine",0,"Happy 2 CN",2,2,8,64,"AU23","action_unit",0,0,0,0,0,0,0,0,0,0,1,0,0,64,0
"E22HA02-02","C22","Chinese","Genuine",0,"Happy 2 CN",2,2,8,64,"AU24","action_unit",0,0,0,0,0,0,0,0,0,0,1,0,0,64,0
"E22HA02-02","C22","Chinese","Genuine",0,"Happy 2 CN",2,2,8,64,"AU25","action_unit",4,1.6875,1.40152977645347,13.5,0.71875,1,5.75,5.75,4.875,0.609375,1,0,0,64,0
"E22HA02-02","C22","Chinese","Genuine",0,"Happy 2 CN",2,2,8,64,"AU26","action_unit",1,0.15625,0.3659625273557,1.25,0.15625,1,1.25,1.25,4.75,0.59375,1,0,0,64,0
"E22HA02-02","C22","Chinese","Genuine",0,"Happy 2 CN",2,2,8,64,"AU27","action_unit",0,0,0,0,0,0,0,0,0,0,1,0,0,64,0
"E22HA02-02","C22","Chinese","Genuine",0,"Happy 2 CN",2,2,8,64,"AU43","action_unit",4,2.765625,1.21814570895848,21.75,1,1,8,8,0,0,0,1,1,64,0
"E22HA03-02","C22","Chinese","Genuine",0,"Happy 3 CN",3,2,6.375,51,"Neutral","emotion",0.4426898,0.399764462745098,0.0289652498200375,2.4982632875,0,0,0,0,5.5,0.862745098039216,1,0,0,51,0
"E22HA03-02","C22","Chinese","Genuine",0,"Happy 3 CN",3,2,6.375,51,"Happy","emotion",0.3380093,0.147755656,0.0892296143901932,0.94015440725,0,0,0,0,1.25,0.196078431372549,1,0,0,51,0
"E22HA03-02","C22","Chinese","Genuine",0,"Happy 3 CN",3,2,6.375,51,"Sad","emotion",0.1904449,0.0839526805882353,0.0348678979518417,0.515845645,0,0,0,0,0.125,0.0196078431372549,1,0,0,51,0
"E22HA03-02","C22","Chinese","Genuine",0,"Happy 3 CN",3,2,6.375,51,"Angry","emotion",0.04280732,0.023877551372549,0.0063313276721225,0.15011447375,0,0,0,0,0.625,0.0980392156862745,1,0,0,51,0
"E22HA03-02","C22","Chinese","Genuine",0,"Happy 3 CN",3,2,6.375,51,"Surprised","emotion",0.000113124,4.39628039215686e-05,3.28778145240949e-05,0.000270272625,0,0,0,0,0.25,0.0392156862745098,1,0,0,51,0
"E22HA03-02","C22","Chinese","Genuine",0,"Happy 3 CN",3,2,6.375,51,"Scared","emotion",0.000368425,0.000100533235294118,8.42956575426251e-05,0.0006285814375,0,0,0,0,1,0.156862745098039,1,0,0,51,0
"E22HA03-02","C22","Chinese","Genuine",0,"Happy 3 CN",3,2,6.375,51,"Disgusted","emotion",0.2405738,0.132787508431373,0.0340643866839094,0.8220248475,0,0,0,0,0.25,0.0392156862745098,1,0,0,51,0
"E22HA03-02","C22","Chinese","Genuine",0,"Happy 3 CN",3,2,6.375,51,"Contempt","emotion",0.05468368,0.00851405966666667,0.0126228958110645,0.050144696625,0,0,0,0,0,0,1,0,0,51,0
"E22HA03-02","C22","Chinese","Genuine",0,"Happy 3 CN",3,2,6.375,51,"AU01","action_unit",0,0,0,0,0,0,0,0,0,0,1,0,0,51,0
"E22HA03-02","C22","Chinese","Genuine",0,"Happy 3 CN",3,2,6.375,51,"AU02","action_unit",0,0,0,0,0,0,0,0,0,0,1,0,0,51,0
"E22HA03-02","C22","Chinese","Genuine",0,"Happy 3 CN",3,2,6.375,51,"AU04","action_unit",2,1.70588235294118,0.460178993308422,10.625,1,1,6.375,6.375,0,0,0,1,1,51,0
"E22HA03-02","C22","Chinese","Genuine",0,"Happy 3 CN",3,2,6.375,51,"AU05","action_unit",0,0,0,0,0,0,0,0,0,0,1,0,0,51,0
"E22HA03-02","C22","Chinese","Genuine",0,"Happy 3 CN",3,2,6.375,51,"AU06","action_unit",2,1.31372549019608,0.761319803457952,8.375,0.823529411764706,1,5.25,5.25,1.625,0.254901960784314,1,0,0,51,0
"E22HA03-02","C22","Chinese","Genuine",0,"Happy 3 CN",3,2,6.375,51,"AU07","action_unit",1,0.568627450980392,0.500196039999691,3.625,0.568627450980392,2,3.625,2.125,2.125,0.333333333333333,1,0,0,51,0
"E22HA03-02","C22","Chinese","Genuine",0,"Happy 3 CN",3,2,6.375,51,"AU09","action_unit",2,1.84313725490196,0.367290022712725,11.5625,1,1,6.375,6.375,1,0.156862745098039,0,1,1,51,0
"E22HA03-02","C22","Chinese","Genuine",0,"Happy 3 CN",3,2,6.375,51,"AU10","action_unit",0,0,0,0,0,0,0,0,0,0,1,0,0,51,0
"E22HA03-02","C22","Chinese","Genuine",0,"Happy 3 CN",3,2,6.375,51,"AU12","action_unit",2,1.25490196078431,0.59474825783358,7.9375,0.92156862745098,1,5.875,5.875,1,0.156862745098039,1,0,1,51,0
"E22HA03-02","C22","Chinese","Genuine",0,"Happy 3 CN",3,2,6.375,51,"AU14","action_unit",0,0,0,0,0,0,0,0,0,0,1,0,0,51,0
"E22HA03-02","C22","Chinese","Genuine",0,"Happy 3 CN",3,2,6.375,51,"AU15","action_unit",0,0,0,0,0,0,0,0,0,0,1,0,0,51,0
"E22HA03-02","C22","Chinese","Genuine",0,"Happy 3 CN",3,2,6.375,51,"AU17","action_unit",2,1.52941176470588,0.504100830250083,9.625,1,1,6.375,6.375,2,0.313725490196078,0,1,1,51,0
"E22HA03-02","C22","Chinese","Genuine",0,"Happy 3 CN",3,2,6.375,51,"AU18","action_unit",0,0,0,0,0,0,0,0,0,0,1,0,0,51,0
"E22HA03-02","C22","Chinese","Genuine",0,"Happy 3 CN",3,2,6.375,51,"AU20","action_unit",0,0,0,0,0,0,0,0,0,0,1,0,0,51,0
"E22HA03-02","C22","Chinese","Genuine",0,"Happy 3 CN",3,2,6.375,51,"AU23","action_unit",0,0,0,0,0,0,0,0,0,0,1,0,0,51,0
"E22HA03-02","C22","Chinese","Genuine",0,"Happy 3 CN",3,2,6.375,51,"AU24","action_unit",1,0.0980392156862745,0.300326619585032,0.625,0.0980392156862745,1,0.625,0.625,2.375,0.372549019607843,1,0,0,51,0
"E22HA03-02","C22","Chinese","Genuine",0,"Happy 3 CN",3,2,6.375,51,"AU25","action_unit",1,0.117647058823529,0.325395686727984,0.75,0.117647058823529,1,0.75,0.75,1.25,0.196078431372549,1,0,0,51,0
"E22HA03-02","C22","Chinese","Genuine",0,"Happy 3 CN",3,2,6.375,51,"AU26","action_unit",0,0,0,0,0,0,0,0,0,0,1,0,0,51,0
"E22HA03-02","C22","Chinese","Genuine",0,"Happy 3 CN",3,2,6.375,51,"AU27","action_unit",0,0,0,0,0,0,0,0,0,0,1,0,0,51,0
"E22HA03-02","C22","Chinese","Genuine",0,"Happy 3 CN",3,2,6.375,51,"AU43","action_unit",5,3.54901960784314,0.701818366536415,22,1,1,6.375,6.375,0,0,0,1,1,51,0
"E22HA05-01","C22","Chinese","Genuine",0,"Happy 5 CN",5,1,5,40,"Neutral","emotion",0.4189343,0.32647397,0.0680105318086922,1.59140414375,0,0,0,0,0.625,0.125,1,0,0,40,0
"E22HA05-01","C22","Chinese","Genuine",0,"Happy 5 CN",5,1,5,40,"Happy","emotion",0.5669358,0.283099519125,0.18436737830673,1.3983316868125,0.225,1,1.125,1.125,3.75,0.75,1,0,0,40,0
"E22HA05-01","C22","Chinese","Genuine",0,"Happy 5 CN",5,1,5,40,"Sad","emotion",0.3073294,0.101725611,0.0741707622325153,0.4767570925,0,0,0,0,0,0,1,0,0,40,0
"E22HA05-01","C22","Chinese","Genuine",0,"Happy 5 CN",5,1,5,40,"Angry","emotion",0.06134523,0.02662415035,0.0118463474639907,0.1317467415,0,0,0,0,1,0.2,1,0,0,40,0
"E22HA05-01","C22","Chinese","Genuine",0,"Happy 5 CN",5,1,5,40,"Surprised","emotion",0.000185507,5.267645e-05,4.07647882192651e-05,0.0002589521875,0,0,0,0,0.25,0.05,1,0,0,40,0
"E22HA05-01","C22","Chinese","Genuine",0,"Happy 5 CN",5,1,5,40,"Scared","emotion",0.000879705,0.00025446135,0.000237058286110329,0.00126527475,0,0,0,0,1.125,0.225,1,0,0,40,0
"E22HA05-01","C22","Chinese","Genuine",0,"Happy 5 CN",5,1,5,40,"Disgusted","emotion",0.2559272,0.1155201225,0.0787341176360312,0.565745115,0,0,0,0,1.5,0.3,1,0,0,40,0
"E22HA05-01","C22","Chinese","Genuine",0,"Happy 5 CN",5,1,5,40,"Contempt","emotion",0.01799064,0.0056543091,0.00481226368504784,0.026923638375,0,0,0,0,0.125,0.025,1,0,0,40,0
"E22HA05-01","C22","Chinese","Genuine",0,"Happy 5 CN",5,1,5,40,"AU01","action_unit",0,0,0,0,0,0,0,0,0,0,1,0,0,40,0
"E22HA05-01","C22","Chinese","Genuine",0,"Happy 5 CN",5,1,5,40,"AU02","action_unit",0,0,0,0,0,0,0,0,0,0,1,0,0,40,0
"E22HA05-01","C22","Chinese","Genuine",0,"Happy 5 CN",5,1,5,40,"AU04","action_unit",1,1,0,4.875,1,1,5,5,0,0,0,1,1,40,0
"E22HA05-01","C22","Chinese","Genuine",0,"Happy 5 CN",5,1,5,40,"AU05","action_unit",0,0,0,0,0,0,0,0,0,0,1,0,0,40,0
"E22HA05-01","C22","Chinese","Genuine",0,"Happy 5 CN",5,1,5,40,"AU06","action_unit",3,2.375,0.925077959292746,11.75,0.925,1,4.625,4.625,1.25,0.25,1,0,1,40,0
"E22HA05-01","C22","Chinese","Genuine",0,"Happy 5 CN",5,1,5,40,"AU07","action_unit",1,0.825,0.384807644254792,4,0.825,2,4.125,2.625,0,0,0,1,1,40,0
"E22HA05-01","C22","Chinese","Genuine",0,"Happy 5 CN",5,1,5,40,"AU09","action_unit",2,1.05,0.220721427863152,5.125,1,1,5,5,1.25,0.25,0,1,1,40,0
"E22HA05-01","C22","Chinese","Genuine",0,"Happy 5 CN",5,1,5,40,"AU10","action_unit",0,0,0,0,0,0,0,0,0,0,1,0,0,40,0
"E22HA05-01","C22","Chinese","Genuine",0,"Happy 5 CN",5,1,5,40,"AU12","action_unit",3,1.75,0.98058067569092,8.5625,0.9,1,4.5,4.5,3.625,0.725,1,0,1,40,0
"E22HA05-01","C22","Chinese","Genuine",0,"Happy 5 CN",5,1,5,40,"AU14","action_unit",0,0,0,0,0,0,0,0,0,0,1,0,0,40,0
"E22HA05-01","C22","Chinese","Genuine",0,"Happy 5 CN",5,1,5,40,"AU15","action_unit",0,0,0,0,0,0,0,0,0,0,1,0,0,40,0
"E22HA05-01","C22","Chinese","Genuine",0,"Happy 5 CN",5,1,5,40,"AU17","action_unit",3,1.875,0.938834520248513,9.125,1,1,5,5,3,0.6,0,1,1,40,0
"E22HA05-01","C22","Chinese","Genuine",0,"Happy 5 CN",5,1,5,40,"AU18","action_unit",0,0,0,0,0,0,0,0,0,0,1,0,0,40,0
"E22HA05-01","C22","Chinese","Genuine",0,"Happy 5 CN",5,1,5,40,"AU20","action_unit",0,0,0,0,0,0,0,0,0,0,1,0,0,40,0
"E22HA05-01","C22","Chinese","Genuine",0,"Happy 5 CN",5,1,5,40,"AU23","action_unit",0,0,0,0,0,0,0,0,0,0,1,0,0,40,0
"E22HA05-01","C22","Chinese","Genuine",0,"Happy 5 CN",5,1,5,40,"AU24","action_unit",1,0.6,0.496138938356834,3,0.6,2,3,2.5,0.625,0.125,1,0,0,40,0
"E22HA05-01","C22","Chinese","Genuine",0,"Happy 5 CN",5,1,5,40,"AU25","action_unit",0,0,0,0,0,0,0,0,0,0,1,0,0,40,0
"E22HA05-01","C22","Chinese","Genuine",0,"Happy 5 CN",5,1,5,40,"AU26","action_unit",0,0,0,0,0,0,0,0,0,0,1,0,0,40,0
"E22HA05-01","C22","Chinese","Genuine",0,"Happy 5 CN",5,1,5,40,"AU27","action_unit",0,0,0,0,0,0,0,0,0,0,1,0,0,40,0
"E22HA05-01","C22","Chinese","Genuine",0,"Happy 5 CN",5,1,5,40,"AU43","action_unit",5,3.4,0.98188724612481,16.4375,1,1,5,5,0,0,0,1,1,40,0
"E22HA07-02","C22","Chinese","Genuine",0,"Happy 7 CN",7,2,5.625,45,"Neutral","emotion",0.4269484,0.338116006666667,0.0669915035655655,1.8705563875,0,0,0,0,2.375,0.422222222222222,1,0,0,45,0
"E22HA07-02","C22","Chinese","Genuine",0,"Happy 7 CN",7,2,5.625,45,"Happy","emotion",0.3448473,0.126698225155556,0.10669858431186,0.710374816,0,0,0,0,3.625,0.644444444444444,1,0,0,45,0
"E22HA07-02","C22","Chinese","Genuine",0,"Happy 7 CN",7,2,5.625,45,"Sad","emotion",0.6063912,0.270929102888889,0.156975234238806,1.4618588475,0.133333333333333,1,0.75,0.75,5.5,0.977777777777778,1,0,1,45,0
"E22HA07-02","C22","Chinese","Genuine",0,"Happy 7 CN",7,2,5.625,45,"Angry","emotion",0.03198754,0.0166687095555556,0.00563802509869328,0.091613505625,0,0,0,0,3.125,0.555555555555556,1,0,0,45,0
"E22HA07-02","C22","Chinese","Genuine",0,"Happy 7 CN",7,2,5.625,45,"Surprised","emotion",0.000500426,0.0001478882,0.000105615754741077,0.0008258790625,0,0,0,0,3.875,0.688888888888889,1,0,0,45,0
"E22HA07-02","C22","Chinese","Genuine",0,"Happy 7 CN",7,2,5.625,45,"Scared","emotion",0.000684742,0.000197929377777778,0.000137450938705298,0.00110998675,0,0,0,0,3.875,0.688888888888889,1,0,0,45,0
"E22HA07-02","C22","Chinese","Genuine",0,"Happy 7 CN",7,2,5.625,45,"Disgusted","emotion",0.2666043,0.0811916035555555,0.082885040580154,0.43926336375,0,0,0,0,0.375,0.0666666666666667,1,0,0,45,0
"E22HA07-02","C22","Chinese","Genuine",0,"Happy 7 CN",7,2,5.625,45,"Contempt","emotion",0.03651126,0.0159611045111111,0.00914686954499285,0.0883402719375,0,0,0,0,2.125,0.377777777777778,1,0,0,45,0
"E22HA07-02","C22","Chinese","Genuine",0,"Happy 7 CN",7,2,5.625,45,"AU01","action_unit",0,0,0,0,0,0,0,0,0,0,1,0,0,45,0
"E22HA07-02","C22","Chinese","Genuine",0,"Happy 7 CN",7,2,5.625,45,"AU02","action_unit",0,0,0,0,0,0,0,0,0,0,1,0,0,45,0
"E22HA07-02","C22","Chinese","Genuine",0,"Happy 7 CN",7,2,5.625,45,"AU04","action_unit",1,1,0,5.5,1,1,5.625,5.625,0,0,0,1,1,45,0
"E22HA07-02","C22","Chinese","Genuine",0,"Happy 7 CN",7,2,5.625,45,"AU05","action_unit",0,0,0,0,0,0,0,0,0,0,1,0,0,45,0
"E22HA07-02","C22","Chinese","Genuine",0,"Happy 7 CN",7,2,5.625,45,"AU06","action_unit",2,0.933333333333333,0.653661018627184,5.1875,0.755555555555556,1,4.25,4.25,3.375,0.6,1,0,1,45,0
"E22HA07-02","C22","Chinese","Genuine",0,"Happy 7 CN",7,2,5.625,45,"AU07","action_unit",2,1.55555555555556,0.502518907629606,8.625,1,1,5.625,5.625,2,0.355555555555556,0,1,1,45,0
"E22HA07-02","C22","Chinese","Genuine",0,"Happy 7 CN",7,2,5.625,45,"AU09","action_unit",1,0.733333333333333,0.447213595499958,4.125,0.733333333333333,1,4.125,4.125,0.375,0.0666666666666667,1,0,0,45,0
"E22HA07-02","C22","Chinese","Genuine",0,"Happy 7 CN",7,2,5.625,45,"AU10","action_unit",0,0,0,0,0,0,0,0,0,0,1,0,0,45,0
"E22HA07-02","C22","Chinese","Genuine",0,"Happy 7 CN",7,2,5.625,45,"AU12","action_unit",2,0.911111111111111,0.668180100320749,5.125,0.733333333333333,1,4.125,4.125,3,0.533333333333333,1,0,0,45,0
"E22HA07-02","C22","Chinese","Genuine",0,"Happy 7 CN",7,2,5.625,45,"AU14","action_unit",0,0,0,0,0,0,0,0,0,0,1,0,0,45,0
"E22HA07-02","C22","Chinese","Genuine",0,"Happy 7 CN",7,2,5.625,45,"AU15","action_unit",0,0,0,0,0,0,0,0,0,0,1,0,0,45,0
"E22HA07-02","C22","Chinese","Genuine",0,"Happy 7 CN",7,2,5.625,45,"AU17","action_unit",4,2.17777777777778,0.613814040868793,11.9375,1,1,5.625,5.625,4.75,0.844444444444444,0,1,1,45,0
"E22HA07-02","C22","Chinese","Genuine",0,"Happy 7 CN",7,2,5.625,45,"AU18","action_unit",0,0,0,0,0,0,0,0,0,0,1,0,0,45,0
"E22HA07-02","C22","Chinese","Genuine",0,"Happy 7 CN",7,2,5.625,45,"AU20","action_unit",0,0,0,0,0,0,0,0,0,0,1,0,0,45,0
"E22HA07-02","C22","Chinese","Genuine",0,"Happy 7 CN",7,2,5.625,45,"AU23","action_unit",0,0,0,0,0,0,0,0,0,0,1,0,0,45,0
"E22HA07-02","C22","Chinese","Genuine",0,"Happy 7 CN",7,2,5.625,45,"AU24","action_unit",0,0,0,0,0,0,0,0,0,0,1,0,0,45,0
"E22HA07-02","C22","Chinese","Genuine",0,"Happy 7 CN",7,2,5.625,45,"AU25","action_unit",1,0.0444444444444444,0.208409077139993,0.25,0.0444444444444444,1,0.25,0.25,3.875,0.688888888888889,1,0,0,45,0
"E22HA07-02","C22","Chinese","Genuine",0,"Happy 7 CN",7,2,5.625,45,"AU26","action_unit",0,0,0,0,0,0,0,0,0,0,1,0,0,45,0
"E22HA07-02","C22","Chinese","Genuine",0,"Happy 7 CN",7,2,5.625,45,"AU27","action_unit",0,0,0,0,0,0,0,0,0,0,1,0,0,45,0
"E22HA07-02","C22","Chinese","Genuine",0,"Happy 7 CN",7,2,5.625,45,"AU43","action_unit",5,4.44444444444444,0.623609564462324,24.5,1,1,5.625,5.625,0.625,0.111111111111111,0,1,1,45,0
"E23HA01-02","C23","Chinese","Genuine",0,"Happy 1 CN",1,2,3.875,31,"Neutral","emotion",0.3020173,0.0681105425806452,0.0858001357877387,0.2423570975,0,0,0,0,0,0,1,0,0,31,0
"E23HA01-02","C23","Chinese","Genuine",0,"Happy 1 CN",1,2,3.875,31,"Happy","emotion",0.9684814,0.892137538709677,0.119888423242649,3.3648185125,1,1,3.875,3.875,2.5,0.645161290322581,0,1,1,31,0
"E23HA01-02","C23","Chinese","Genuine",0,"Happy 1 CN",1,2,3.875,31,"Sad","emotion",0.000702789,0.000492503451612903,0.000114934612677481,0.0018686253125,0,0,0,0,1.375,0.354838709677419,1,0,0,31,0
"E23HA01-02","C23","Chinese","Genuine",0,"Happy 1 CN",1,2,3.875,31,"Angry","emotion",0.02741605,0.0134958598709677,0.00560893810436877,0.049847391375,0,0,0,0,3.75,0.967741935483871,1,0,0,31,0
"E23HA01-02","C23","Chinese","Genuine",0,"Happy 1 CN",1,2,3.875,31,"Surprised","emotion",0.07721715,0.012816872516129,0.0206873934834622,0.044553013,0,0,0,0,0,0,1,0,0,31,0
"E23HA01-02","C23","Chinese","Genuine",0,"Happy 1 CN",1,2,3.875,31,"Scared","emotion",0.000726876,0.000186375612903226,0.000207534641926543,0.0006637666875,0,0,0,0,0,0,1,0,0,31,0
"E23HA01-02","C23","Chinese","Genuine",0,"Happy 1 CN",1,2,3.875,31,"Disgusted","emotion",0.000189781,0.000124496774193548,3.32571012614446e-05,0.0004729410625,0,0,0,0,1.75,0.451612903225806,1,0,0,31,0
"E23HA01-02","C23","Chinese","Genuine",0,"Happy 1 CN",1,2,3.875,31,"Contempt","emotion",0.007518703,0.00406913874193548,0.00193071808058233,0.015457783375,0,0,0,0,1.625,0.419354838709677,1,0,0,31,0
"E23HA01-02","C23","Chinese","Genuine",0,"Happy 1 CN",1,2,3.875,31,"AU01","action_unit",0,0,0,0,0,0,0,0,0,0,1,0,0,31,0
"E23HA01-02","C23","Chinese","Genuine",0,"Happy 1 CN",1,2,3.875,31,"AU02","action_unit",0,0,0,0,0,0,0,0,0,0,1,0,0,31,0
"E23HA01-02","C23","Chinese","Genuine",0,"Happy 1 CN",1,2,3.875,31,"AU04","action_unit",0,0,0,0,0,0,0,0,0,0,1,0,0,31,0
"E23HA01-02","C23","Chinese","Genuine",0,"Happy 1 CN",1,2,3.875,31,"AU05","action_unit",0,0,0,0,0,0,0,0,0,0,1,0,0,31,0
"E23HA01-02","C23","Chinese","Genuine",0,"Happy 1 CN",1,2,3.875,31,"AU06","action_unit",2,1.74193548387097,0.444802722974569,6.5625,1,1,3.875,3.875,1,0.258064516129032,0,1,1,31,0
"E23HA01-02","C23","Chinese","Genuine",0,"Happy 1 CN",1,2,3.875,31,"AU07","action_unit",0,0,0,0,0,0,0,0,0,0,1,0,0,31,0
"E23HA01-02","C23","Chinese","Genuine",0,"Happy 1 CN",1,2,3.875,31,"AU09","action_unit",0,0,0,0,0,0,0,0,0,0,1,0,0,31,0
"E23HA01-02","C23","Chinese","Genuine",0,"Happy 1 CN",1,2,3.875,31,"AU10","action_unit",0,0,0,0,0,0,0,0,0,0,1,0,0,31,0
"E23HA01-02","C23","Chinese","Genuine",0,"Happy 1 CN",1,2,3.875,31,"AU12","action_unit",4,3.80645161290323,0.40160966445125,14.3125,1,1,3.875,3.875,0.75,0.193548387096774,0,1,1,31,0
"E23HA01-02","C23","Chinese","Genuine",0,"Happy 1 CN",1,2,3.875,31,"AU14","action_unit",0,0,0,0,0,0,0,0,0,0,1,0,0,31,0
"E23HA01-02","C23","Chinese","Genuine",0,"Happy 1 CN",1,2,3.875,31,"AU15","action_unit",0,0,0,0,0,0,0,0,0,0,1,0,0,31,0
"E23HA01-02","C23","Chinese","Genuine",0,"Happy 1 CN",1,2,3.875,31,"AU17","action_unit",0,0,0,0,0,0,0,0,0,0,1,0,0,31,0
"E23HA01-02","C23","Chinese","Genuine",0,"Happy 1 CN",1,2,3.875,31,"AU18","action_unit",0,0,0,0,0,0,0,0,0,0,1,0,0,31,0
"E23HA01-02","C23","Chinese","Genuine",0,"Happy 1 CN",1,2,3.875,31,"AU20","action_unit",0,0,0,0,0,0,0,0,0,0,1,0,0,31,0
"E23HA01-02","C23","Chinese","Genuine",0,"Happy 1 CN",1,2,3.875,31,"AU23","action_unit",0,0,0,0,0,0,0,0,0,0,1,0,0,31,0
"E23HA01-02","C23","Chinese","Genuine",0,"Happy 1 CN",1,2,3.875,31,"AU24","action_unit",0,0,0,0,0,0,0,0,0,0,1,0,0,31,0
"E23HA01-02","C23","Chinese","Genuine",0,"Happy 1 CN",1,2,3.875,31,"AU25","action_unit",0,0,0,0,0,0,0,0,0,0,1,0,0,31,0
"E23HA01-02","C23","Chinese","Genuine",0,"Happy 1 CN",1,2,3.875,31,"AU26","action_unit",0,0,0,0,0,0,0,0,0,0,1,0,0,31,0
"E23HA01-02","C23","Chinese","Genuine",0,"Happy 1 CN",1,2,3.875,31,"AU27","action_unit",0,0,0,0,0,0,0,0,0,0,1,0,0,31,0
"E23HA01-02","C23","Chinese","Genuine",0,"Happy 1 CN",1,2,3.875,31,"AU43","action_unit",1,0.838709677419355,0.373878250552983,3.1875,0.838709677419355,1,3.25,3.25,0.625,0.161290322580645,1,0,1,31,0
"E23HA02-03","C23","Chinese","Genuine",0,"Happy 2 CN",2,3,4.875,39,"Neutral","emotion",0.3374608,0.0676590797948718,0.0998327338962605,0.29420675775,0,0,0,0,4.75,0.974358974358974,1,0,0,39,0
"E23HA02-03","C23","Chinese","Genuine",0,"Happy 2 CN",2,3,4.875,39,"Happy","emotion",0.9883263,0.878972394871795,0.184810830669125,4.22921681875,0.948717948717949,1,4.625,4.625,3.75,0.769230769230769,0,1,0,39,0
"E23HA02-03","C23","Chinese","Genuine",0,"Happy 2 CN",2,3,4.875,39,"Sad","emotion",0.02453601,0.00292042938461538,0.00567153721375975,0.012545323375,0,0,0,0,4.75,0.974358974358974,1,0,0,39,0
"E23HA02-03","C23","Chinese","Genuine",0,"Happy 2 CN",2,3,4.875,39,"Angry","emotion",0.273081,0.0205032344102564,0.0531735840200647,0.0804424015,0,0,0,0,4.75,0.974358974358974,1,0,0,39,0
"E23HA02-03","C23","Chinese","Genuine",0,"Happy 2 CN",2,3,4.875,39,"Surprised","emotion",0.01020039,0.002201073,0.00280565685560621,0.009679298375,0,0,0,0,4.75,0.974358974358974,1,0,0,39,0
"E23HA02-03","C23","Chinese","Genuine",0,"Happy 2 CN",2,3,4.875,39,"Scared","emotion",0.000556402,0.000105951179487179,0.000148634867475702,0.0004732336875,0,0,0,0,4.375,0.897435897435897,1,0,0,39,0
"E23HA02-03","C23","Chinese","Genuine",0,"Happy 2 CN",2,3,4.875,39,"Disgusted","emotion",0.005766109,0.00102289933333333,0.00156603865351243,0.004521873375,0,0,0,0,4.75,0.974358974358974,1,0,0,39,0
"E23HA02-03","C23","Chinese","Genuine",0,"Happy 2 CN",2,3,4.875,39,"Contempt","emotion",0.005553929,0.00164589871794872,0.00137099893482307,0.007888964625,0,0,0,0,1,0.205128205128205,1,0,0,39,0
"E23HA02-03","C23","Chinese","Genuine",0,"Happy 2 CN",2,3,4.875,39,"AU01","action_unit",0,0,0,0,0,0,0,0,0,0,1,0,0,39,0
"E23HA02-03","C23","Chinese","Genuine",0,"Happy 2 CN",2,3,4.875,39,"AU02","action_unit",0,0,0,0,0,0,0,0,0,0,1,0,0,39,0
"E23HA02-03","C23","Chinese","Genuine",0,"Happy 2 CN",2,3,4.875,39,"AU04","action_unit",1,0.846153846153846,0.365517768195196,4,0.846153846153846,3,4.125,2.125,0,0,0,1,1,39,0
"E23HA02-03","C23","Chinese","Genuine",0,"Happy 2 CN",2,3,4.875,39,"AU05","action_unit",0,0,0,0,0,0,0,0,0,0,1,0,0,39,0
"E23HA02-03","C23","Chinese","Genuine",0,"Happy 2 CN",2,3,4.875,39,"AU06","action_unit",4,3.12820512820513,1.00471224420588,15,1,1,4.875,4.875,2.125,0.435897435897436,0,1,1,39,0
"E23HA02-03","C23","Chinese","Genuine",0,"Happy 2 CN",2,3,4.875,39,"AU07","action_unit",0,0,0,0,0,0,0,0,0,0,1,0,0,39,0
"E23HA02-03","C23","Chinese","Genuine",0,"Happy 2 CN",2,3,4.875,39,"AU09","action_unit",0,0,0,0,0,0,0,0,0,0,1,0,0,39,0
"E23HA02-03","C23","Chinese","Genuine",0,"Happy 2 CN",2,3,4.875,39,"AU10","action_unit",0,0,0,0,0,0,0,0,0,0,1,0,0,39,0
"E23HA02-03","C23","Chinese","Genuine",0,"Happy 2 CN",2,3,4.875,39,"AU12","action_unit",5,3.87179487179487,0.614709481209456,18.5,1,1,4.875,4.875,3.375,0.692307692307692,0,1,1,39,0
"E23HA02-03","C23","Chinese","Genuine",0,"Happy 2 CN",2,3,4.875,39,"AU14","action_unit",0,0,0,0,0,0,0,0,0,0,1,0,0,39,0
"E23HA02-03","C23","Chinese","Genuine",0,"Happy 2 CN",2,3,4.875,39,"AU15","action_unit",0,0,0,0,0,0,0,0,0,0,1,0,0,39,0
"E23HA02-03","C23","Chinese","Genuine",0,"Happy 2 CN",2,3,4.875,39,"AU17","action_unit",0,0,0,0,0,0,0,0,0,0,1,0,0,39,0
"E23HA02-03","C23","Chinese","Genuine",0,"Happy 2 CN",2,3,4.875,39,"AU18","action_unit",0,0,0,0,0,0,0,0,0,0,1,0,0,39,0
"E23HA02-03","C23","Chinese","Genuine",0,"Happy 2 CN",2,3,4.875,39,"AU20","action_unit",1,0.615384615384616,0.492864058090144,3,0.615384615384615,1,3,3,1.5,0.307692307692308,1,0,0,39,0
"E23HA02-03","C23","Chinese","Genuine",0,"Happy 2 CN",2,3,4.875,39,"AU23","action_unit",0,0,0,0,0,0,0,0,0,0,1,0,0,39,0
"E23HA02-03","C23","Chinese","Genuine",0,"Happy 2 CN",2,3,4.875,39,"AU24","action_unit",0,0,0,0,0,0,0,0,0,0,1,0,0,39,0
"E23HA02-03","C23","Chinese","Genuine",0,"Happy 2 CN",2,3,4.875,39,"AU25","action_unit",4,2.17948717948718,1.37404119435288,10.375,0.846153846153846,2,4.125,3.25,3.625,0.743589743589744,0,1,1,39,0
"E23HA02-03","C23","Chinese","Genuine",0,"Happy 2 CN",2,3,4.875,39,"AU26","action_unit",1,0.153846153846154,0.365517768195196,0.6875,0.153846153846154,1,0.75,0.75,4.125,0.846153846153846,1,0,1,39,0
"E23HA02-03","C23","Chinese","Genuine",0,"Happy 2 CN",2,3,4.875,39,"AU27","action_unit",0,0,0,0,0,0,0,0,0,0,1,0,0,39,0
"E23HA02-03","C23","Chinese","Genuine",0,"Happy 2 CN",2,3,4.875,39,"AU43","action_unit",4,2.64102564102564,0.627743640567234,12.5625,1,1,4.875,4.875,0.625,0.128205128205128,0,1,1,39,0
"E23HA03-01","C23","Chinese","Genuine",0,"Happy 3 CN",3,1,6.25,50,"Neutral","emotion",0.8552123,0.1224714808,0.21610300467166,0.69464053,0.08,1,0.5,0.5,0.25,0.04,0,1,0,50,0
"E23HA03-01","C23","Chinese","Genuine",0,"Happy 3 CN",3,1,6.25,50,"Happy","emotion",0.9701917,0.83207954162,0.252039595931552,5.1670206406875,0.9,1,5.625,5.625,2.375,0.38,1,0,1,50,0
"E23HA03-01","C23","Chinese","Genuine",0,"Happy 3 CN",3,1,6.25,50,"Sad","emotion",0.004347096,0.000803249,0.000821769067903098,0.0045604910625,0,0,0,0,6.125,0.98,1,0,0,50,0
"E23HA03-01","C23","Chinese","Genuine",0,"Happy 3 CN",3,1,6.25,50,"Angry","emotion",0.03835797,0.00972889076,0.00963041895195043,0.056102331,0,0,0,0,6.125,0.98,1,0,0,50,0
"E23HA03-01","C23","Chinese","Genuine",0,"Happy 3 CN",3,1,6.25,50,"Surprised","emotion",0.2613276,0.0281786924,0.0648029466706401,0.159558641875,0,0,0,0,0.125,0.02,1,0,0,50,0
"E23HA03-01","C23","Chinese","Genuine",0,"Happy 3 CN",3,1,6.25,50,"Scared","emotion",0.003315846,0.00042799246,0.000770412585068472,0.00247207375,0,0,0,0,0.125,0.02,1,0,0,50,0
"E23HA03-01","C23","Chinese","Genuine",0,"Happy 3 CN",3,1,6.25,50,"Disgusted","emotion",0.000804642,0.00012894906,0.000124179186923724,0.0007360160625,0,0,0,0,6.125,0.98,1,0,0,50,0
"E23HA03-01","C23","Chinese","Genuine",0,"Happy 3 CN",3,1,6.25,50,"Contempt","emotion",0.02419832,0.01205528634,0.00633433162306031,0.074915276125,0,0,0,0,4.75,0.76,1,0,0,50,0
"E23HA03-01","C23","Chinese","Genuine",0,"Happy 3 CN",3,1,6.25,50,"AU01","action_unit",0,0,0,0,0,0,0,0,0,0,1,0,0,50,0
"E23HA03-01","C23","Chinese","Genuine",0,"Happy 3 CN",3,1,6.25,50,"AU02","action_unit",0,0,0,0,0,0,0,0,0,0,1,0,0,50,0
"E23HA03-01","C23","Chinese","Genuine",0,"Happy 3 CN",3,1,6.25,50,"AU04","action_unit",0,0,0,0,0,0,0,0,0,0,1,0,0,50,0
"E23HA03-01","C23","Chinese","Genuine",0,"Happy 3 CN",3,1,6.25,50,"AU05","action_unit",0,0,0,0,0,0,0,0,0,0,1,0,0,50,0
"E23HA03-01","C23","Chinese","Genuine",0,"Happy 3 CN",3,1,6.25,50,"AU06","action_unit",3,1.98,0.769043933353987,12.25,0.92,1,5.75,5.75,2.125,0.34,1,0,1,50,0
"E23HA03-01","C23","Chinese","Genuine",0,"Happy 3 CN",3,1,6.25,50,"AU07","action_unit",0,0,0,0,0,0,0,0,0,0,1,0,0,50,0
"E23HA03-01","C23","Chinese","Genuine",0,"Happy 3 CN",3,1,6.25,50,"AU09","action_unit",0,0,0,0,0,0,0,0,0,0,1,0,0,50,0
"E23HA03-01","C23","Chinese","Genuine",0,"Happy 3 CN",3,1,6.25,50,"AU10","action_unit",0,0,0,0,0,0,0,0,0,0,1,0,0,50,0
"E23HA03-01","C23","Chinese","Genuine",0,"Happy 3 CN",3,1,6.25,50,"AU12","action_unit",5,3.64,1.10213151554205,22.5,0.94,1,5.875,5.875,4.5,0.72,1,0,1,50,0
"E23HA03-01","C23","Chinese","Genuine",0,"Happy 3 CN",3,1,6.25,50,"AU14","action_unit",0,0,0,0,0,0,0,0,0,0,1,0,0,50,0
"E23HA03-01","C23","Chinese","Genuine",0,"Happy 3 CN",3,1,6.25,50,"AU15","action_unit",0,0,0,0,0,0,0,0,0,0,1,0,0,50,0
"E23HA03-01","C23","Chinese","Genuine",0,"Happy 3 CN",3,1,6.25,50,"AU17","action_unit",0,0,0,0,0,0,0,0,0,0,1,0,0,50,0
"E23HA03-01","C23","Chinese","Genuine",0,"Happy 3 CN",3,1,6.25,50,"AU18","action_unit",0,0,0,0,0,0,0,0,0,0,1,0,0,50,0
"E23HA03-01","C23","Chinese","Genuine",0,"Happy 3 CN",3,1,6.25,50,"AU20","action_unit",0,0,0,0,0,0,0,0,0,0,1,0,0,50,0
"E23HA03-01","C23","Chinese","Genuine",0,"Happy 3 CN",3,1,6.25,50,"AU23","action_unit",0,0,0,0,0,0,0,0,0,0,1,0,0,50,0
"E23HA03-01","C23","Chinese","Genuine",0,"Happy 3 CN",3,1,6.25,50,"AU24","action_unit",0,0,0,0,0,0,0,0,0,0,1,0,0,50,0
"E23HA03-01","C23","Chinese","Genuine",0,"Happy 3 CN",3,1,6.25,50,"AU25","action_unit",1,0.3,0.462910049886276,1.875,0.3,5,1.875,0.75,0.125,0.02,1,0,0,50,0
"E23HA03-01","C23","Chinese","Genuine",0,"Happy 3 CN",3,1,6.25,50,"AU26","action_unit",0,0,0,0,0,0,0,0,0,0,1,0,0,50,0
"E23HA03-01","C23","Chinese","Genuine",0,"Happy 3 CN",3,1,6.25,50,"AU27","action_unit",0,0,0,0,0,0,0,0,0,0,1,0,0,50,0
"E23HA03-01","C23","Chinese","Genuine",0,"Happy 3 CN",3,1,6.25,50,"AU43","action_unit",2,1.2,0.571428571428571,7.4375,0.92,1,5.75,5.75,2,0.32,1,0,1,50,0
"E23HA04-03","C23","Chinese","Genuine",0,"Happy 4 CN",4,3,6.5,52,"Neutral","emotion",0.8701642,0.426246371153846,0.191005035065493,2.66869105,0.288461538461538,2,1.875,1.25,0,0,0,1,1,52,0
"E23HA04-03","C23","Chinese","Genuine",0,"Happy 4 CN",4,3,6.5,52,"Happy","emotion",0.659393,0.466494328653846,0.192294683094591,3.018725033125,0.596153846153846,2,3.875,3,2.75,0.423076923076923,1,0,0,52,0
"E23HA04-03","C23","Chinese","Genuine",0,"Happy 4 CN",4,3,6.5,52,"Sad","emotion",0.005499109,0.00218803646153846,0.00113808464243064,0.013922335125,0,0,0,0,0.5,0.0769230769230769,1,0,0,52,0
"E23HA04-03","C23","Chinese","Genuine",0,"Happy 4 CN",4,3,6.5,52,"Angry","emotion",0.06238303,0.0403437355769231,0.0106006112786322,0.255309770625,0,0,0,0,6.25,0.961538461538462,1,0,0,52,0
"E23HA04-03","C23","Chinese","Genuine",0,"Happy 4 CN",4,3,6.5,52,"Surprised","emotion",0.1437907,0.0452022075,0.0292387066051864,0.284361353125,0,0,0,0,0.25,0.0384615384615385,1,0,0,52,0
"E23HA04-03","C23","Chinese","Genuine",0,"Happy 4 CN",4,3,6.5,52,"Scared","emotion",0.004463985,0.00136975869230769,0.000976343473531879,0.0085563404375,0,0,0,0,0.125,0.0192307692307692,1,0,0,52,0
"E23HA04-03","C23","Chinese","Genuine",0,"Happy 4 CN",4,3,6.5,52,"Disgusted","emotion",0.002436602,0.000846680019230769,0.000524503071903245,0.0054195183125,0,0,0,0,0.625,0.0961538461538462,1,0,0,52,0
"E23HA04-03","C23","Chinese","Genuine",0,"Happy 4 CN",4,3,6.5,52,"Contempt","emotion",0.002572706,0.00110755134615385,0.000399605687624241,0.0070424935625,0,0,0,0,2.375,0.365384615384615,1,0,0,52,0
"E23HA04-03","C23","Chinese","Genuine",0,"Happy 4 CN",4,3,6.5,52,"AU01","action_unit",0,0,0,0,0,0,0,0,0,0,1,0,0,52,0
"E23HA04-03","C23","Chinese","Genuine",0,"Happy 4 CN",4,3,6.5,52,"AU02","action_unit",0,0,0,0,0,0,0,0,0,0,1,0,0,52,0
"E23HA04-03","C23","Chinese","Genuine",0,"Happy 4 CN",4,3,6.5,52,"AU04","action_unit",1,1,0,6.375,1,1,6.5,6.5,0,0,0,1,1,52,0
"E23HA04-03","C23","Chinese","Genuine",0,"Happy 4 CN",4,3,6.5,52,"AU05","action_unit",0,0,0,0,0,0,0,0,0,0,1,0,0,52,0
"E23HA04-03","C23","Chinese","Genuine",0,"Happy 4 CN",4,3,6.5,52,"AU06","action_unit",1,0.692307692307692,0.46604138242837,4.5,0.692307692307692,1,4.5,4.5,0.75,0.115384615384615,1,0,0,52,0
"E23HA04-03","C23","Chinese","Genuine",0,"Happy 4 CN",4,3,6.5,52,"AU07","action_unit",0,0,0,0,0,0,0,0,0,0,1,0,0,52,0
"E23HA04-03","C23","Chinese","Genuine",0,"Happy 4 CN",4,3,6.5,52,"AU09","action_unit",0,0,0,0,0,0,0,0,0,0,1,0,0,52,0
"E23HA04-03","C23","Chinese","Genuine",0,"Happy 4 CN",4,3,6.5,52,"AU10","action_unit",0,0,0,0,0,0,0,0,0,0,1,0,0,52,0
"E23HA04-03","C23","Chinese","Genuine",0,"Happy 4 CN",4,3,6.5,52,"AU12","action_unit",3,2.44230769230769,0.916375245051715,15.8125,0.942307692307692,1,6.125,6.125,1,0.153846153846154,1,0,1,52,0
"E23HA04-03","C23","Chinese","Genuine",0,"Happy 4 CN",4,3,6.5,52,"AU14","action_unit",0,0,0,0,0,0,0,0,0,0,1,0,0,52,0
"E23HA04-03","C23","Chinese","Genuine",0,"Happy 4 CN",4,3,6.5,52,"AU15","action_unit",0,0,0,0,0,0,0,0,0,0,1,0,0,52,0
"E23HA04-03","C23","Chinese","Genuine",0,"Happy 4 CN",4,3,6.5,52,"AU17","action_unit",0,0,0,0,0,0,0,0,0,0,1,0,0,52,0
"E23HA04-03","C23","Chinese","Genuine",0,"Happy 4 CN",4,3,6.5,52,"AU18","action_unit",0,0,0,0,0,0,0,0,0,0,1,0,0,52,0
"E23HA04-03","C23","Chinese","Genuine",0,"Happy 4 CN",4,3,6.5,52,"AU20","action_unit",0,0,0,0,0,0,0,0,0,0,1,0,0,52,0
"E23HA04-03","C23","Chinese","Genuine",0,"Happy 4 CN",4,3,6.5,52,"AU23","action_unit",0,0,0,0,0,0,0,0,0,0,1,0,0,52,0
"E23HA04-03","C23","Chinese","Genuine",0,"Happy 4 CN",4,3,6.5,52,"AU24","action_unit",0,0,0,0,0,0,0,0,0,0,1,0,0,52,0
"E23HA04-03","C23","Chinese","Genuine",0,"Happy 4 CN",4,3,6.5,52,"AU25","action_unit",1,0.5,0.504878164297401,3.1875,0.5,3,3.25,2.75,1.625,0.25,1,0,1,52,0
"E23HA04-03","C23","Chinese","Genuine",0,"Happy 4 CN",4,3,6.5,52,"AU26","action_unit",0,0,0,0,0,0,0,0,0,0,1,0,0,52,0
"E23HA04-03","C23","Chinese","Genuine",0,"Happy 4 CN",4,3,6.5,52,"AU27","action_unit",0,0,0,0,0,0,0,0,0,0,1,0,0,52,0
"E23HA04-03","C23","Chinese","Genuine",0,"Happy 4 CN",4,3,6.5,52,"AU43","action_unit",2,0.961538461538461,0.684894108361413,6.1875,0.75,3,4.875,3.5,0.375,0.0576923076923077,1,0,1,52,0
"E23HA05-03","C23","Chinese","Genuine",0,"Happy 5 CN",5,3,3,24,"Neutral","emotion",0.6865255,0.177565521083333,0.223383909512135,0.48044923825,0.166666666666667,1,0.5,0.5,0.125,0.0416666666666667,0,1,0,24,0
"E23HA05-03","C23","Chinese","Genuine",0,"Happy 5 CN",5,3,3,24,"Happy","emotion",0.987599,0.753929879166667,0.285295116388965,2.209318525,0.791666666666667,1,2.375,2.375,2.125,0.708333333333333,1,0,1,24,0
"E23HA05-03","C23","Chinese","Genuine",0,"Happy 5 CN",5,3,3,24,"Sad","emotion",0.01217422,0.0037674635,0.00373836620138486,0.0107322238125,0,0,0,0,0.5,0.166666666666667,1,0,0,24,0
"E23HA05-03","C23","Chinese","Genuine",0,"Happy 5 CN",5,3,3,24,"Angry","emotion",0.07219389,0.0204538395416667,0.0220425059303654,0.054864894875,0,0,0,0,0,0,1,0,0,24,0
"E23HA05-03","C23","Chinese","Genuine",0,"Happy 5 CN",5,3,3,24,"Surprised","emotion",0.04760012,0.00992807804166666,0.0146778547453737,0.026720403,0,0,0,0,0.125,0.0416666666666667,1,0,0,24,0
"E23HA05-03","C23","Chinese","Genuine",0,"Happy 5 CN",5,3,3,24,"Scared","emotion",0.003805428,0.00068373575,0.00104462884148017,0.001803087125,0,0,0,0,0,0,1,0,0,24,0
"E23HA05-03","C23","Chinese","Genuine",0,"Happy 5 CN",5,3,3,24,"Disgusted","emotion",0.003618439,0.00119327966666667,0.00114589921842006,0.003356582,0,0,0,0,0.5,0.166666666666667,1,0,0,24,0
"E23HA05-03","C23","Chinese","Genuine",0,"Happy 5 CN",5,3,3,24,"Contempt","emotion",0.01172174,0.00514298879166667,0.00321824214226075,0.0151249935,0,0,0,0,2,0.666666666666667,1,0,0,24,0
"E23HA05-03","C23","Chinese","Genuine",0,"Happy 5 CN",5,3,3,24,"AU01","action_unit",0,0,0,0,0,0,0,0,0,0,1,0,0,24,0
"E23HA05-03","C23","Chinese","Genuine",0,"Happy 5 CN",5,3,3,24,"AU02","action_unit",1,0.0416666666666667,0.204124145231932,0.0625,0.0416666666666667,1,0.125,0.125,0,0,0,1,0,24,0
"E23HA05-03","C23","Chinese","Genuine",0,"Happy 5 CN",5,3,3,24,"AU04","action_unit",1,0.916666666666667,0.28232985128664,2.625,0.916666666666667,2,2.75,2.125,0,0,0,1,1,24,0
"E23HA05-03","C23","Chinese","Genuine",0,"Happy 5 CN",5,3,3,24,"AU05","action_unit",0,0,0,0,0,0,0,0,0,0,1,0,0,24,0
"E23HA05-03","C23","Chinese","Genuine",0,"Happy 5 CN",5,3,3,24,"AU06","action_unit",3,2.29166666666667,0.999093792292346,6.625,0.958333333333333,2,2.875,2.5,1.125,0.375,0,1,1,24,0
"E23HA05-03","C23","Chinese","Genuine",0,"Happy 5 CN",5,3,3,24,"AU07","action_unit",0,0,0,0,0,0,0,0,0,0,1,0,0,24,0
"E23HA05-03","C23","Chinese","Genuine",0,"Happy 5 CN",5,3,3,24,"AU09","action_unit",0,0,0,0,0,0,0,0,0,0,1,0,0,24,0
"E23HA05-03","C23","Chinese","Genuine",0,"Happy 5 CN",5,3,3,24,"AU10","action_unit",0,0,0,0,0,0,0,0,0,0,1,0,0,24,0
"E23HA05-03","C23","Chinese","Genuine",0,"Happy 5 CN",5,3,3,24,"AU12","action_unit",4,3.125,1.22696160600432,9.125,1,1,3,3,1.125,0.375,0,1,1,24,0
"E23HA05-03","C23","Chinese","Genuine",0,"Happy 5 CN",5,3,3,24,"AU14","action_unit",0,0,0,0,0,0,0,0,0,0,1,0,0,24,0
"E23HA05-03","C23","Chinese","Genuine",0,"Happy 5 CN",5,3,3,24,"AU15","action_unit",0,0,0,0,0,0,0,0,0,0,1,0,0,24,0
"E23HA05-03","C23","Chinese","Genuine",0,"Happy 5 CN",5,3,3,24,"AU17","action_unit",0,0,0,0,0,0,0,0,0,0,1,0,0,24,0
"E23HA05-03","C23","Chinese","Genuine",0,"Happy 5 CN",5,3,3,24,"AU18","action_unit",0,0,0,0,0,0,0,0,0,0,1,0,0,24,0
"E23HA05-03","C23","Chinese","Genuine",0,"Happy 5 CN",5,3,3,24,"AU20","action_unit",0,0,0,0,0,0,0,0,0,0,1,0,0,24,0
"E23HA05-03","C23","Chinese","Genuine",0,"Happy 5 CN",5,3,3,24,"AU23","action_unit",0,0,0,0,0,0,0,0,0,0,1,0,0,24,0
"E23HA05-03","C23","Chinese","Genuine",0,"Happy 5 CN",5,3,3,24,"AU24","action_unit",0,0,0,0,0,0,0,0,0,0,1,0,0,24,0
"E23HA05-03","C23","Chinese","Genuine",0,"Happy 5 CN",5,3,3,24,"AU25","action_unit",1,0.541666666666667,0.508977377704051,1.5625,0.541666666666667,3,1.625,1.125,0,0,0,1,0,24,0
"E23HA05-03","C23","Chinese","Genuine",0,"Happy 5 CN",5,3,3,24,"AU26","action_unit",0,0,0,0,0,0,0,0,0,0,1,0,0,24,0
"E23HA05-03","C23","Chinese","Genuine",0,"Happy 5 CN",5,3,3,24,"AU27","action_unit",0,0,0,0,0,0,0,0,0,0,1,0,0,24,0
"E23HA05-03","C23","Chinese","Genuine",0,"Happy 5 CN",5,3,3,24,"AU43","action_unit",4,2.75,0.84698955385992,8,0.958333333333333,2,2.875,2.75,0.75,0.25,0,1,1,24,0
"E23HA07-03","C23","Chinese","Genuine",0,"Happy 7 CN",7,3,4.625,37,"Neutral","emotion",0.4359691,0.237414027027027,0.113556916245552,1.04958358125,0,0,0,0,4.375,0.945945945945946,1,0,0,37,0
"E23HA07-03","C23","Chinese","Genuine",0,"Happy 7 CN",7,3,4.625,37,"Happy","emotion",0.7794427,0.53271541054054,0.223102050394073,2.44784719875,0.567567567567568,1,2.625,2.625,2.5,0.540540540540541,1,0,0,37,0
"E23HA07-03","C23","Chinese","Genuine",0,"Happy 7 CN",7,3,4.625,37,"Sad","emotion",0.01289314,0.00208205013513514,0.0027349625667934,0.0087424170625,0,0,0,0,0,0,1,0,0,37,0
"E23HA07-03","C23","Chinese","Genuine",0,"Happy 7 CN",7,3,4.625,37,"Angry","emotion",0.04689918,0.0277157567567568,0.0129348963837833,0.122991745,0,0,0,0,3.25,0.702702702702703,1,0,0,37,0
"E23HA07-03","C23","Chinese","Genuine",0,"Happy 7 CN",7,3,4.625,37,"Surprised","emotion",0.4326267,0.079904043027027,0.104285415469921,0.337375658375,0,0,0,0,0,0,1,0,0,37,0
"E23HA07-03","C23","Chinese","Genuine",0,"Happy 7 CN",7,3,4.625,37,"Scared","emotion",0.01745901,0.00265192481081081,0.00368927836817256,0.0108154601875,0,0,0,0,0,0,1,0,0,37,0
"E23HA07-03","C23","Chinese","Genuine",0,"Happy 7 CN",7,3,4.625,37,"Disgusted","emotion",0.000796951,0.000520542054054054,0.000207043402259975,0.0023213775,0,0,0,0,3.375,0.72972972972973,1,0,0,37,0
"E23HA07-03","C23","Chinese","Genuine",0,"Happy 7 CN",7,3,4.625,37,"Contempt","emotion",0.004139918,0.00156672875675676,0.00140246467650422,0.0072456416875,0,0,0,0,1.375,0.297297297297297,1,0,0,37,0
"E23HA07-03","C23","Chinese","Genuine",0,"Happy 7 CN",7,3,4.625,37,"AU01","action_unit",4,1.35135135135135,1.37873162758417,6,0.648648648648649,1,3,3,0,0,0,1,0,37,0
"E23HA07-03","C23","Chinese","Genuine",0,"Happy 7 CN",7,3,4.625,37,"AU02","action_unit",4,1.75675675675676,1.06472232701002,7.8125,1,1,4.625,4.625,0,0,0,1,1,37,0
"E23HA07-03","C23","Chinese","Genuine",0,"Happy 7 CN",7,3,4.625,37,"AU04","action_unit",0,0,0,0,0,0,0,0,0,0,1,0,0,37,0
"E23HA07-03","C23","Chinese","Genuine",0,"Happy 7 CN",7,3,4.625,37,"AU05","action_unit",0,0,0,0,0,0,0,0,0,0,1,0,0,37,0
"E23HA07-03","C23","Chinese","Genuine",0,"Happy 7 CN",7,3,4.625,37,"AU06","action_unit",1,0.918918918918919,0.27672473069203,4.1875,0.918918918918919,1,4.25,4.25,0.375,0.0810810810810811,1,0,1,37,0
"E23HA07-03","C23","Chinese","Genuine",0,"Happy 7 CN",7,3,4.625,37,"AU07","action_unit",0,0,0,0,0,0,0,0,0,0,1,0,0,37,0
"E23HA07-03","C23","Chinese","Genuine",0,"Happy 7 CN",7,3,4.625,37,"AU09","action_unit",0,0,0,0,0,0,0,0,0,0,1,0,0,37,0
"E23HA07-03","C23","Chinese","Genuine",0,"Happy 7 CN",7,3,4.625,37,"AU10","action_unit",0,0,0,0,0,0,0,0,0,0,1,0,0,37,0
"E23HA07-03","C23","Chinese","Genuine",0,"Happy 7 CN",7,3,4.625,37,"AU12","action_unit",4,2.81081081081081,0.995485304256669,12.875,0.945945945945946,1,4.375,4.375,1.75,0.378378378378378,1,0,1,37,0
"E23HA07-03","C23","Chinese","Genuine",0,"Happy 7 CN",7,3,4.625,37,"AU14","action_unit",0,0,0,0,0,0,0,0,0,0,1,0,0,37,0
"E23HA07-03","C23","Chinese","Genuine",0,"Happy 7 CN",7,3,4.625,37,"AU15","action_unit",0,0,0,0,0,0,0,0,0,0,1,0,0,37,0
"E23HA07-03","C23","Chinese","Genuine",0,"Happy 7 CN",7,3,4.625,37,"AU17","action_unit",0,0,0,0,0,0,0,0,0,0,1,0,0,37,0
"E23HA07-03","C23","Chinese","Genuine",0,"Happy 7 CN",7,3,4.625,37,"AU18","action_unit",0,0,0,0,0,0,0,0,0,0,1,0,0,37,0
"E23HA07-03","C23","Chinese","Genuine",0,"Happy 7 CN",7,3,4.625,37,"AU20","action_unit",0,0,0,0,0,0,0,0,0,0,1,0,0,37,0
"E23HA07-03","C23","Chinese","Genuine",0,"Happy 7 CN",7,3,4.625,37,"AU23","action_unit",0,0,0,0,0,0,0,0,0,0,1,0,0,37,0
"E23HA07-03","C23","Chinese","Genuine",0,"Happy 7 CN",7,3,4.625,37,"AU24","action_unit",0,0,0,0,0,0,0,0,0,0,1,0,0,37,0
"E23HA07-03","C23","Chinese","Genuine",0,"Happy 7 CN",7,3,4.625,37,"AU25","action_unit",1,0.027027027027027,0.164398987305357,0.125,0.027027027027027,1,0.125,0.125,3.875,0.837837837837838,1,0,0,37,0
"E23HA07-03","C23","Chinese","Genuine",0,"Happy 7 CN",7,3,4.625,37,"AU26","action_unit",0,0,0,0,0,0,0,0,0,0,1,0,0,37,0
"E23HA07-03","C23","Chinese","Genuine",0,"Happy 7 CN",7,3,4.625,37,"AU27","action_unit",0,0,0,0,0,0,0,0,0,0,1,0,0,37,0
"E23HA07-03","C23","Chinese","Genuine",0,"Happy 7 CN",7,3,4.625,37,"AU43","action_unit",1,0.27027027027027,0.450225168890748,1.25,0.27027027027027,2,1.25,0.875,0.75,0.162162162162162,1,0,0,37,0
"E24HA01-02","C24","Chinese","Genuine",0,"Happy 1 CN",1,2,12.625,101,"Neutral","emotion",0.4082433,0.206177975841584,0.0794381138367613,2.55293792625,0,0,0,0,0,0,1,0,0,101,0
"E24HA01-02","C24","Chinese","Genuine",0,"Happy 1 CN",1,2,12.625,101,"Happy","emotion",0.825106,0.591669652475247,0.158318224350704,7.44514583125,0.821782178217822,1,10.375,10.375,3.375,0.267326732673267,1,0,0,101,0
"E24HA01-02","C24","Chinese","Genuine",0,"Happy 1 CN",1,2,12.625,101,"Sad","emotion",0.1097461,0.020220505009901,0.021579624339723,0.252107216375,0,0,0,0,11.375,0.900990099009901,1,0,0,101,0
"E24HA01-02","C24","Chinese","Genuine",0,"Happy 1 CN",1,2,12.625,101,"Angry","emotion",0.269197,0.129068841287129,0.0383009511758046,1.59980758375,0,0,0,0,0.125,0.0099009900990099,1,0,0,101,0
"E24HA01-02","C24","Chinese","Genuine",0,"Happy 1 CN",1,2,12.625,101,"Surprised","emotion",0.01415048,0.00362904495049505,0.00305630696196429,0.0445032175,0,0,0,0,0.375,0.0297029702970297,1,0,0,101,0
"E24HA01-02","C24","Chinese","Genuine",0,"Happy 1 CN",1,2,12.625,101,"Scared","emotion",0.01785824,0.00517618714851485,0.00316319049044194,0.0637354154375,0,0,0,0,0,0,1,0,0,101,0
"E24HA01-02","C24","Chinese","Genuine",0,"Happy 1 CN",1,2,12.625,101,"Disgusted","emotion",0.04414245,0.0108371835841584,0.0085138003692003,0.1346132015,0,0,0,0,12.25,0.97029702970297,1,0,0,101,0
"E24HA01-02","C24","Chinese","Genuine",0,"Happy 1 CN",1,2,12.625,101,"Contempt","emotion",0.006050584,0.00149392711881188,0.00106094919964791,0.0184145890625,0,0,0,0,0,0,1,0,0,101,0
"E24HA01-02","C24","Chinese","Genuine",0,"Happy 1 CN",1,2,12.625,101,"AU01","action_unit",0,0,0,0,0,0,0,0,0,0,1,0,0,101,0
"E24HA01-02","C24","Chinese","Genuine",0,"Happy 1 CN",1,2,12.625,101,"AU02","action_unit",0,0,0,0,0,0,0,0,0,0,1,0,0,101,0
"E24HA01-02","C24","Chinese","Genuine",0,"Happy 1 CN",1,2,12.625,101,"AU04","action_unit",0,0,0,0,0,0,0,0,0,0,1,0,0,101,0
"E24HA01-02","C24","Chinese","Genuine",0,"Happy 1 CN",1,2,12.625,101,"AU05","action_unit",0,0,0,0,0,0,0,0,0,0,1,0,0,101,0
"E24HA01-02","C24","Chinese","Genuine",0,"Happy 1 CN",1,2,12.625,101,"AU06","action_unit",1,0.485148514851485,0.502272065441402,6.125,0.485148514851485,1,6.125,6.125,1.625,0.128712871287129,1,0,0,101,0
"E24HA01-02","C24","Chinese","Genuine",0,"Happy 1 CN",1,2,12.625,101,"AU07","action_unit",0,0,0,0,0,0,0,0,0,0,1,0,0,101,0
"E24HA01-02","C24","Chinese","Genuine",0,"Happy 1 CN",1,2,12.625,101,"AU09","action_unit",2,1.03960396039604,0.398014876083995,13,0.94059405940594,1,11.875,11.875,6.5,0.514851485148515,1,0,1,101,0
"E24HA01-02","C24","Chinese","Genuine",0,"Happy 1 CN",1,2,12.625,101,"AU10","action_unit",0,0,0,0,0,0,0,0,0,0,1,0,0,101,0
"E24HA01-02","C24","Chinese","Genuine",0,"Happy 1 CN",1,2,12.625,101,"AU12","action_unit",2,1.08910891089109,0.58479073010762,13.75,0.871287128712871,1,11,11,2.125,0.168316831683168,1,0,0,101,0
"E24HA01-02","C24","Chinese","Genuine",0,"Happy 1 CN",1,2,12.625,101,"AU14","action_unit",0,0,0,0,0,0,0,0,0,0,1,0,0,101,0
"E24HA01-02","C24","Chinese","Genuine",0,"Happy 1 CN",1,2,12.625,101,"AU15","action_unit",0,0,0,0,0,0,0,0,0,0,1,0,0,101,0
"E24HA01-02","C24","Chinese","Genuine",0,"Happy 1 CN",1,2,12.625,101,"AU17","action_unit",0,0,0,0,0,0,0,0,0,0,1,0,0,101,0
"E24HA01-02","C24","Chinese","Genuine",0,"Happy 1 CN",1,2,12.625,101,"AU18","action_unit",0,0,0,0,0,0,0,0,0,0,1,0,0,101,0
"E24HA01-02","C24","Chinese","Genuine",0,"Happy 1 CN",1,2,12.625,101,"AU20","action_unit",0,0,0,0,0,0,0,0,0,0,1,0,0,101,0
"E24HA01-02","C24","Chinese","Genuine",0,"Happy 1 CN",1,2,12.625,101,"AU23","action_unit",0,0,0,0,0,0,0,0,0,0,1,0,0,101,0
"E24HA01-02","C24","Chinese","Genuine",0,"Happy 1 CN",1,2,12.625,101,"AU24","action_unit",0,0,0,0,0,0,0,0,0,0,1,0,0,101,0
"E24HA01-02","C24","Chinese","Genuine",0,"Happy 1 CN",1,2,12.625,101,"AU25","action_unit",3,1.85148514851485,0.622673889188577,23.25,0.98019801980198,1,12.375,12.375,7,0.554455445544555,1,0,1,101,0
"E24HA01-02","C24","Chinese","Genuine",0,"Happy 1 CN",1,2,12.625,101,"AU26","action_unit",0,0,0,0,0,0,0,0,0,0,1,0,0,101,0
"E24HA01-02","C24","Chinese","Genuine",0,"Happy 1 CN",1,2,12.625,101,"AU27","action_unit",0,0,0,0,0,0,0,0,0,0,1,0,0,101,0
"E24HA01-02","C24","Chinese","Genuine",0,"Happy 1 CN",1,2,12.625,101,"AU43","action_unit",3,1.32673267326733,0.736327520755392,16.625,0.871287128712871,2,11,7.5,1.625,0.128712871287129,1,0,1,101,0
"E24HA02-03","C24","Chinese","Genuine",0,"Happy 2 CN",2,3,6.375,51,"Neutral","emotion",0.3335,0.141086739803922,0.067884898399636,0.862997185,0,0,0,0,0,0,1,0,0,51,0
"E24HA02-03","C24","Chinese","Genuine",0,"Happy 2 CN",2,3,6.375,51,"Happy","emotion",0.8477906,0.723587019607843,0.128323060833585,4.55831169375,0.92156862745098,1,5.875,5.875,3,0.470588235294118,1,0,1,51,0
"E24HA02-03","C24","Chinese","Genuine",0,"Happy 2 CN",2,3,6.375,51,"Sad","emotion",0.1066559,0.0305182912352941,0.0190052666217106,0.19125028475,0,0,0,0,4.875,0.764705882352941,1,0,0,51,0
"E24HA02-03","C24","Chinese","Genuine",0,"Happy 2 CN",2,3,6.375,51,"Angry","emotion",0.1653107,0.0595427958823529,0.0386001748168885,0.36401753,0,0,0,0,0.375,0.0588235294117647,1,0,0,51,0
"E24HA02-03","C24","Chinese","Genuine",0,"Happy 2 CN",2,3,6.375,51,"Surprised","emotion",0.003121965,0.000926658647058824,0.000873658506171692,0.0055494830625,0,0,0,0,6.25,0.980392156862745,1,0,0,51,0
"E24HA02-03","C24","Chinese","Genuine",0,"Happy 2 CN",2,3,6.375,51,"Scared","emotion",0.01287492,0.00217560531372549,0.00267812391412562,0.0127998961875,0,0,0,0,0,0,1,0,0,51,0
"E24HA02-03","C24","Chinese","Genuine",0,"Happy 2 CN",2,3,6.375,51,"Disgusted","emotion",0.04553207,0.0221370985098039,0.00832089879238718,0.136921107375,0,0,0,0,0,0,1,0,0,51,0
"E24HA02-03","C24","Chinese","Genuine",0,"Happy 2 CN",2,3,6.375,51,"Contempt","emotion",0.008261535,0.00378657901960784,0.00144320056702782,0.023823738625,0,0,0,0,5.875,0.92156862745098,1,0,0,51,0
"E24HA02-03","C24","Chinese","Genuine",0,"Happy 2 CN",2,3,6.375,51,"AU01","action_unit",0,0,0,0,0,0,0,0,0,0,1,0,0,51,0
"E24HA02-03","C24","Chinese","Genuine",0,"Happy 2 CN",2,3,6.375,51,"AU02","action_unit",0,0,0,0,0,0,0,0,0,0,1,0,0,51,0
"E24HA02-03","C24","Chinese","Genuine",0,"Happy 2 CN",2,3,6.375,51,"AU04","action_unit",0,0,0,0,0,0,0,0,0,0,1,0,0,51,0
"E24HA02-03","C24","Chinese","Genuine",0,"Happy 2 CN",2,3,6.375,51,"AU05","action_unit",0,0,0,0,0,0,0,0,0,0,1,0,0,51,0
"E24HA02-03","C24","Chinese","Genuine",0,"Happy 2 CN",2,3,6.375,51,"AU06","action_unit",2,1.17647058823529,0.740429128355744,7.5,0.803921568627451,1,5.125,5.125,1.625,0.254901960784314,1,0,0,51,0
"E24HA02-03","C24","Chinese","Genuine",0,"Happy 2 CN",2,3,6.375,51,"AU07","action_unit",0,0,0,0,0,0,0,0,0,0,1,0,0,51,0
"E24HA02-03","C24","Chinese","Genuine",0,"Happy 2 CN",2,3,6.375,51,"AU09","action_unit",2,1.94117647058824,0.237635410314402,12.25,1,1,6.375,6.375,0.125,0.0196078431372549,0,1,1,51,0
"E24HA02-03","C24","Chinese","Genuine",0,"Happy 2 CN",2,3,6.375,51,"AU10","action_unit",0,0,0,0,0,0,0,0,0,0,1,0,0,51,0
"E24HA02-03","C24","Chinese","Genuine",0,"Happy 2 CN",2,3,6.375,51,"AU12","action_unit",2,1.37254901960784,0.691687337276764,8.6875,0.88235294117647,1,5.625,5.625,1.375,0.215686274509804,1,0,1,51,0
"E24HA02-03","C24","Chinese","Genuine",0,"Happy 2 CN",2,3,6.375,51,"AU14","action_unit",0,0,0,0,0,0,0,0,0,0,1,0,0,51,0
"E24HA02-03","C24","Chinese","Genuine",0,"Happy 2 CN",2,3,6.375,51,"AU15","action_unit",0,0,0,0,0,0,0,0,0,0,1,0,0,51,0
"E24HA02-03","C24","Chinese","Genuine",0,"Happy 2 CN",2,3,6.375,51,"AU17","action_unit",0,0,0,0,0,0,0,0,0,0,1,0,0,51,0
"E24HA02-03","C24","Chinese","Genuine",0,"Happy 2 CN",2,3,6.375,51,"AU18","action_unit",0,0,0,0,0,0,0,0,0,0,1,0,0,51,0
"E24HA02-03","C24","Chinese","Genuine",0,"Happy 2 CN",2,3,6.375,51,"AU20","action_unit",0,0,0,0,0,0,0,0,0,0,1,0,0,51,0
"E24HA02-03","C24","Chinese","Genuine",0,"Happy 2 CN",2,3,6.375,51,"AU23","action_unit",0,0,0,0,0,0,0,0,0,0,1,0,0,51,0
"E24HA02-03","C24","Chinese","Genuine",0,"Happy 2 CN",2,3,6.375,51,"AU24","action_unit",0,0,0,0,0,0,0,0,0,0,1,0,0,51,0
"E24HA02-03","C24","Chinese","Genuine",0,"Happy 2 CN",2,3,6.375,51,"AU25","action_unit",2,1.41176470588235,0.497050121747708,8.75,1,1,6.375,6.375,0,0,0,1,1,51,0
"E24HA02-03","C24","Chinese","Genuine",0,"Happy 2 CN",2,3,6.375,51,"AU26","action_unit",0,0,0,0,0,0,0,0,0,0,1,0,0,51,0
"E24HA02-03","C24","Chinese","Genuine",0,"Happy 2 CN",2,3,6.375,51,"AU27","action_unit",0,0,0,0,0,0,0,0,0,0,1,0,0,51,0
"E24HA02-03","C24","Chinese","Genuine",0,"Happy 2 CN",2,3,6.375,51,"AU43","action_unit",4,3.09803921568628,0.728145643694565,19.4375,1,1,6.375,6.375,3.125,0.490196078431373,0,1,1,51,0
"E24HA03-04","C24","Chinese","Genuine",0,"Happy 3 CN",3,4,5.25,42,"Neutral","emotion",0.3758919,0.19265622952381,0.101239175535693,0.96881182375,0,0,0,0,0.375,0.0714285714285714,1,0,0,42,0
"E24HA03-04","C24","Chinese","Genuine",0,"Happy 3 CN",3,4,5.25,42,"Happy","emotion",0.8725747,0.58739412452381,0.252011129883991,3.059680910625,0.69047619047619,1,3.625,3.625,4.125,0.785714285714286,1,0,0,42,0
"E24HA03-04","C24","Chinese","Genuine",0,"Happy 3 CN",3,4,5.25,42,"Sad","emotion",0.1712472,0.0610814923809524,0.0434545086630938,0.311540806875,0,0,0,0,4.5,0.857142857142857,1,0,0,42,0
"E24HA03-04","C24","Chinese","Genuine",0,"Happy 3 CN",3,4,5.25,42,"Angry","emotion",0.3972954,0.106235360952381,0.101402178701472,0.526988263125,0,0,0,0,0,0,1,0,0,42,0
"E24HA03-04","C24","Chinese","Genuine",0,"Happy 3 CN",3,4,5.25,42,"Surprised","emotion",0.004783335,0.00143248561904762,0.00142464021531021,0.00697922975,0,0,0,0,0,0,1,0,0,42,0
"E24HA03-04","C24","Chinese","Genuine",0,"Happy 3 CN",3,4,5.25,42,"Scared","emotion",0.03816133,0.0109506647619048,0.0107589650663442,0.05418955375,0,0,0,0,0,0,1,0,0,42,0
"E24HA03-04","C24","Chinese","Genuine",0,"Happy 3 CN",3,4,5.25,42,"Disgusted","emotion",0.0258711,0.0130565872857143,0.00588387608901585,0.066561911375,0,0,0,0,5.125,0.976190476190476,1,0,0,42,0
"E24HA03-04","C24","Chinese","Genuine",0,"Happy 3 CN",3,4,5.25,42,"Contempt","emotion",0.01718416,0.00814227842857143,0.00461594441234837,0.042284597875,0,0,0,0,2,0.380952380952381,1,0,0,42,0
"E24HA03-04","C24","Chinese","Genuine",0,"Happy 3 CN",3,4,5.25,42,"AU01","action_unit",0,0,0,0,0,0,0,0,0,0,1,0,0,42,0
"E24HA03-04","C24","Chinese","Genuine",0,"Happy 3 CN",3,4,5.25,42,"AU02","action_unit",0,0,0,0,0,0,0,0,0,0,1,0,0,42,0
"E24HA03-04","C24","Chinese","Genuine",0,"Happy 3 CN",3,4,5.25,42,"AU04","action_unit",0,0,0,0,0,0,0,0,0,0,1,0,0,42,0
"E24HA03-04","C24","Chinese","Genuine",0,"Happy 3 CN",3,4,5.25,42,"AU05","action_unit",0,0,0,0,0,0,0,0,0,0,1,0,0,42,0
"E24HA03-04","C24","Chinese","Genuine",0,"Happy 3 CN",3,4,5.25,42,"AU06","action_unit",2,1,0.765092055676006,5.1875,0.714285714285714,1,3.75,3.75,3.375,0.642857142857143,1,0,1,42,0
"E24HA03-04","C24","Chinese","Genuine",0,"Happy 3 CN",3,4,5.25,42,"AU07","action_unit",0,0,0,0,0,0,0,0,0,0,1,0,0,42,0
"E24HA03-04","C24","Chinese","Genuine",0,"Happy 3 CN",3,4,5.25,42,"AU09","action_unit",1,0.880952380952381,0.327770067561568,4.5625,0.880952380952381,1,4.625,4.625,0.625,0.119047619047619,1,0,1,42,0
"E24HA03-04","C24","Chinese","Genuine",0,"Happy 3 CN",3,4,5.25,42,"AU10","action_unit",0,0,0,0,0,0,0,0,0,0,1,0,0,42,0
"E24HA03-04","C24","Chinese","Genuine",0,"Happy 3 CN",3,4,5.25,42,"AU12","action_unit",3,1.14285714285714,0.871539948328877,5.9375,0.761904761904762,1,4,4,4,0.761904761904762,1,0,1,42,0
"E24HA03-04","C24","Chinese","Genuine",0,"Happy 3 CN",3,4,5.25,42,"AU14","action_unit",0,0,0,0,0,0,0,0,0,0,1,0,0,42,0
"E24HA03-04","C24","Chinese","Genuine",0,"Happy 3 CN",3,4,5.25,42,"AU15","action_unit",0,0,0,0,0,0,0,0,0,0,1,0,0,42,0
"E24HA03-04","C24","Chinese","Genuine",0,"Happy 3 CN",3,4,5.25,42,"AU17","action_unit",0,0,0,0,0,0,0,0,0,0,1,0,0,42,0
"E24HA03-04","C24","Chinese","Genuine",0,"Happy 3 CN",3,4,5.25,42,"AU18","action_unit",0,0,0,0,0,0,0,0,0,0,1,0,0,42,0
"E24HA03-04","C24","Chinese","Genuine",0,"Happy 3 CN",3,4,5.25,42,"AU20","action_unit",0,0,0,0,0,0,0,0,0,0,1,0,0,42,0
"E24HA03-04","C24","Chinese","Genuine",0,"Happy 3 CN",3,4,5.25,42,"AU23","action_unit",0,0,0,0,0,0,0,0,0,0,1,0,0,42,0
"E24HA03-04","C24","Chinese","Genuine",0,"Happy 3 CN",3,4,5.25,42,"AU24","action_unit",0,0,0,0,0,0,0,0,0,0,1,0,0,42,0
"E24HA03-04","C24","Chinese","Genuine",0,"Happy 3 CN",3,4,5.25,42,"AU25","action_unit",2,1.66666666666667,0.611542099807853,8.625,0.928571428571429,1,4.875,4.875,1.375,0.261904761904762,1,0,1,42,0
"E24HA03-04","C24","Chinese","Genuine",0,"Happy 3 CN",3,4,5.25,42,"AU26","action_unit",0,0,0,0,0,0,0,0,0,0,1,0,0,42,0
"E24HA03-04","C24","Chinese","Genuine",0,"Happy 3 CN",3,4,5.25,42,"AU27","action_unit",0,0,0,0,0,0,0,0,0,0,1,0,0,42,0
"E24HA03-04","C24","Chinese","Genuine",0,"Happy 3 CN",3,4,5.25,42,"AU43","action_unit",4,2.76190476190476,1.2259296882222,14.3125,0.928571428571429,1,4.875,4.875,2.375,0.452380952380952,1,0,1,42,0
"E24HA05-03","C24","Chinese","Genuine",0,"Happy 5 CN",5,3,3.625,29,"Neutral","emotion",0.403237,0.185957203793103,0.106323192634056,0.63504247625,0,0,0,0,0,0,1,0,0,29,0
"E24HA05-03","C24","Chinese","Genuine",0,"Happy 5 CN",5,3,3.625,29,"Happy","emotion",0.8749303,0.625314731034483,0.221593988369644,2.21495919375,0.724137931034483,1,2.625,2.625,2.375,0.655172413793103,1,0,1,29,0
"E24HA05-03","C24","Chinese","Genuine",0,"Happy 5 CN",5,3,3.625,29,"Sad","emotion",0.06898957,0.0261879341724138,0.0169635487229123,0.090474165125,0,0,0,0,1.5,0.413793103448276,1,0,0,29,0
"E24HA05-03","C24","Chinese","Genuine",0,"Happy 5 CN",5,3,3.625,29,"Angry","emotion",0.3509524,0.16869796862069,0.092341115607687,0.59590299125,0,0,0,0,0.625,0.172413793103448,1,0,0,29,0
"E24HA05-03","C24","Chinese","Genuine",0,"Happy 5 CN",5,3,3.625,29,"Surprised","emotion",0.005918354,0.00209525962068966,0.00161313589367377,0.007036985875,0,0,0,0,0,0,1,0,0,29,0
"E24HA05-03","C24","Chinese","Genuine",0,"Happy 5 CN",5,3,3.625,29,"Scared","emotion",0.01282097,0.00473634555172414,0.00335042788835183,0.0160539641875,0,0,0,0,0,0,1,0,0,29,0
"E24HA05-03","C24","Chinese","Genuine",0,"Happy 5 CN",5,3,3.625,29,"Disgusted","emotion",0.06060833,0.0145227847931034,0.0139631362437774,0.047926341125,0,0,0,0,0,0,1,0,0,29,0
"E24HA05-03","C24","Chinese","Genuine",0,"Happy 5 CN",5,3,3.625,29,"Contempt","emotion",0.01660815,0.00587989082758621,0.00369889751723604,0.020776468375,0,0,0,0,2.875,0.793103448275862,1,0,0,29,0
"E24HA05-03","C24","Chinese","Genuine",0,"Happy 5 CN",5,3,3.625,29,"AU01","action_unit",0,0,0,0,0,0,0,0,0,0,1,0,0,29,0
"E24HA05-03","C24","Chinese","Genuine",0,"Happy 5 CN",5,3,3.625,29,"AU02","action_unit",0,0,0,0,0,0,0,0,0,0,1,0,0,29,0
"E24HA05-03","C24","Chinese","Genuine",0,"Happy 5 CN",5,3,3.625,29,"AU04","action_unit",0,0,0,0,0,0,0,0,0,0,1,0,0,29,0
"E24HA05-03","C24","Chinese","Genuine",0,"Happy 5 CN",5,3,3.625,29,"AU05","action_unit",0,0,0,0,0,0,0,0,0,0,1,0,0,29,0
"E24HA05-03","C24","Chinese","Genuine",0,"Happy 5 CN",5,3,3.625,29,"AU06","action_unit",2,0.93103448275862,0.752663578934299,3.3125,0.689655172413793,1,2.5,2.5,2,0.551724137931034,1,0,1,29,0
"E24HA05-03","C24","Chinese","Genuine",0,"Happy 5 CN",5,3,3.625,29,"AU07","action_unit",0,0,0,0,0,0,0,0,0,0,1,0,0,29,0
"E24HA05-03","C24","Chinese","Genuine",0,"Happy 5 CN",5,3,3.625,29,"AU09","action_unit",2,1.55172413793103,0.506120178878476,5.4375,1,1,3.625,3.625,1.625,0.448275862068966,0,1,1,29,0
"E24HA05-03","C24","Chinese","Genuine",0,"Happy 5 CN",5,3,3.625,29,"AU10","action_unit",1,0.172413793103448,0.384425872219245,0.5625,0.172413793103448,1,0.625,0.625,0,0,0,1,0,29,0
"E24HA05-03","C24","Chinese","Genuine",0,"Happy 5 CN",5,3,3.625,29,"AU12","action_unit",1,0.655172413793104,0.483725281314974,2.3125,0.655172413793103,1,2.375,2.375,1.25,0.344827586206897,1,0,1,29,0
"E24HA05-03","C24","Chinese","Genuine",0,"Happy 5 CN",5,3,3.625,29,"AU14","action_unit",0,0,0,0,0,0,0,0,0,0,1,0,0,29,0
"E24HA05-03","C24","Chinese","Genuine",0,"Happy 5 CN",5,3,3.625,29,"AU15","action_unit",0,0,0,0,0,0,0,0,0,0,1,0,0,29,0
"E24HA05-03","C24","Chinese","Genuine",0,"Happy 5 CN",5,3,3.625,29,"AU17","action_unit",0,0,0,0,0,0,0,0,0,0,1,0,0,29,0
"E24HA05-03","C24","Chinese","Genuine",0,"Happy 5 CN",5,3,3.625,29,"AU18","action_unit",0,0,0,0,0,0,0,0,0,0,1,0,0,29,0
"E24HA05-03","C24","Chinese","Genuine",0,"Happy 5 CN",5,3,3.625,29,"AU20","action_unit",0,0,0,0,0,0,0,0,0,0,1,0,0,29,0
"E24HA05-03","C24","Chinese","Genuine",0,"Happy 5 CN",5,3,3.625,29,"AU23","action_unit",0,0,0,0,0,0,0,0,0,0,1,0,0,29,0
"E24HA05-03","C24","Chinese","Genuine",0,"Happy 5 CN",5,3,3.625,29,"AU24","action_unit",0,0,0,0,0,0,0,0,0,0,1,0,0,29,0
"E24HA05-03","C24","Chinese","Genuine",0,"Happy 5 CN",5,3,3.625,29,"AU25","action_unit",2,1.55172413793103,0.506120178878476,5.375,1,1,3.625,3.625,0,0,0,1,1,29,0
"E24HA05-03","C24","Chinese","Genuine",0,"Happy 5 CN",5,3,3.625,29,"AU26","action_unit",0,0,0,0,0,0,0,0,0,0,1,0,0,29,0
"E24HA05-03","C24","Chinese","Genuine",0,"Happy 5 CN",5,3,3.625,29,"AU27","action_unit",0,0,0,0,0,0,0,0,0,0,1,0,0,29,0
"E24HA05-03","C24","Chinese","Genuine",0,"Happy 5 CN",5,3,3.625,29,"AU43","action_unit",5,3.27586206896552,0.527565278570064,11.375,1,1,3.625,3.625,0,0,0,1,1,29,0
"E24HA07-02","C24","Chinese","Genuine",0,"Happy 7 CN",7,2,4.625,37,"Neutral","emotion",0.3756478,0.177546409459459,0.0744366691920293,0.77804455625,0,0,0,0,0,0,1,0,0,37,0
"E24HA07-02","C24","Chinese","Genuine",0,"Happy 7 CN",7,2,4.625,37,"Happy","emotion",0.8050045,0.634410964864865,0.172138540989927,2.9042420375,0.837837837837838,1,3.875,3.875,1.375,0.297297297297297,1,0,0,37,0
"E24HA07-02","C24","Chinese","Genuine",0,"Happy 7 CN",7,2,4.625,37,"Sad","emotion",0.1094797,0.0386470359459459,0.025923235984759,0.173052185625,0,0,0,0,2.5,0.540540540540541,1,0,0,37,0
"E24HA07-02","C24","Chinese","Genuine",0,"Happy 7 CN",7,2,4.625,37,"Angry","emotion",0.4228808,0.102005426756757,0.0998996361256667,0.44226208625,0,0,0,0,0,0,1,0,0,37,0
"E24HA07-02","C24","Chinese","Genuine",0,"Happy 7 CN",7,2,4.625,37,"Surprised","emotion",0.005408193,0.00156181391891892,0.00165085308191873,0.00664533375,0,0,0,0,0.125,0.027027027027027,1,0,0,37,0
"E24HA07-02","C24","Chinese","Genuine",0,"Happy 7 CN",7,2,4.625,37,"Scared","emotion",0.01695177,0.00423677994594595,0.00378293397760466,0.0181495674375,0,0,0,0,0,0,1,0,0,37,0
"E24HA07-02","C24","Chinese","Genuine",0,"Happy 7 CN",7,2,4.625,37,"Disgusted","emotion",0.04578488,0.0164950906486486,0.0105343678390789,0.0725342605,0,0,0,0,4.5,0.972972972972973,1,0,0,37,0
"E24HA07-02","C24","Chinese","Genuine",0,"Happy 7 CN",7,2,4.625,37,"Contempt","emotion",0.01102588,0.00289308721621622,0.0025401577397218,0.012513780625,0,0,0,0,0,0,1,0,0,37,0
"E24HA07-02","C24","Chinese","Genuine",0,"Happy 7 CN",7,2,4.625,37,"AU01","action_unit",0,0,0,0,0,0,0,0,0,0,1,0,0,37,0
"E24HA07-02","C24","Chinese","Genuine",0,"Happy 7 CN",7,2,4.625,37,"AU02","action_unit",0,0,0,0,0,0,0,0,0,0,1,0,0,37,0
"E24HA07-02","C24","Chinese","Genuine",0,"Happy 7 CN",7,2,4.625,37,"AU04","action_unit",0,0,0,0,0,0,0,0,0,0,1,0,0,37,0
"E24HA07-02","C24","Chinese","Genuine",0,"Happy 7 CN",7,2,4.625,37,"AU05","action_unit",0,0,0,0,0,0,0,0,0,0,1,0,0,37,0
"E24HA07-02","C24","Chinese","Genuine",0,"Happy 7 CN",7,2,4.625,37,"AU06","action_unit",3,2.08108108108108,1.16376731108687,9.5625,0.837837837837838,1,3.875,3.875,1.125,0.243243243243243,1,0,1,37,0
"E24HA07-02","C24","Chinese","Genuine",0,"Happy 7 CN",7,2,4.625,37,"AU07","action_unit",0,0,0,0,0,0,0,0,0,0,1,0,0,37,0
"E24HA07-02","C24","Chinese","Genuine",0,"Happy 7 CN",7,2,4.625,37,"AU09","action_unit",2,1.62162162162162,0.54524975680627,7.375,0.972972972972973,1,4.5,4.5,1.625,0.351351351351351,1,0,1,37,0
"E24HA07-02","C24","Chinese","Genuine",0,"Happy 7 CN",7,2,4.625,37,"AU10","action_unit",0,0,0,0,0,0,0,0,0,0,1,0,0,37,0
"E24HA07-02","C24","Chinese","Genuine",0,"Happy 7 CN",7,2,4.625,37,"AU12","action_unit",3,1.62162162162162,1.06331116359729,7.5,0.810810810810811,1,3.75,3.75,1.125,0.243243243243243,1,0,0,37,0
"E24HA07-02","C24","Chinese","Genuine",0,"Happy 7 CN",7,2,4.625,37,"AU14","action_unit",0,0,0,0,0,0,0,0,0,0,1,0,0,37,0
"E24HA07-02","C24","Chinese","Genuine",0,"Happy 7 CN",7,2,4.625,37,"AU15","action_unit",0,0,0,0,0,0,0,0,0,0,1,0,0,37,0
"E24HA07-02","C24","Chinese","Genuine",0,"Happy 7 CN",7,2,4.625,37,"AU17","action_unit",0,0,0,0,0,0,0,0,0,0,1,0,0,37,0
"E24HA07-02","C24","Chinese","Genuine",0,"Happy 7 CN",7,2,4.625,37,"AU18","action_unit",0,0,0,0,0,0,0,0,0,0,1,0,0,37,0
"E24HA07-02","C24","Chinese","Genuine",0,"Happy 7 CN",7,2,4.625,37,"AU20","action_unit",0,0,0,0,0,0,0,0,0,0,1,0,0,37,0
"E24HA07-02","C24","Chinese","Genuine",0,"Happy 7 CN",7,2,4.625,37,"AU23","action_unit",0,0,0,0,0,0,0,0,0,0,1,0,0,37,0
"E24HA07-02","C24","Chinese","Genuine",0,"Happy 7 CN",7,2,4.625,37,"AU24","action_unit",0,0,0,0,0,0,0,0,0,0,1,0,0,37,0
"E24HA07-02","C24","Chinese","Genuine",0,"Happy 7 CN",7,2,4.625,37,"AU25","action_unit",2,1.7027027027027,0.463373191622815,7.6875,1,1,4.625,4.625,1.375,0.297297297297297,0,1,1,37,0
"E24HA07-02","C24","Chinese","Genuine",0,"Happy 7 CN",7,2,4.625,37,"AU26","action_unit",0,0,0,0,0,0,0,0,0,0,1,0,0,37,0
"E24HA07-02","C24","Chinese","Genuine",0,"Happy 7 CN",7,2,4.625,37,"AU27","action_unit",0,0,0,0,0,0,0,0,0,0,1,0,0,37,0
"E24HA07-02","C24","Chinese","Genuine",0,"Happy 7 CN",7,2,4.625,37,"AU43","action_unit",4,3.16216216216216,1.16698837263353,14.3125,1,1,4.625,4.625,1.625,0.351351351351351,0,1,1,37,0
"E25HA03-01","C25","Chinese","Genuine",0,"Happy 3 CN",3,1,5.375,43,"Neutral","emotion",0.423003,0.362986713953488,0.0409313483370316,1.90929710625,0,0,0,0,2,0.372093023255814,1,0,0,43,0
"E25HA03-01","C25","Chinese","Genuine",0,"Happy 3 CN",3,1,5.375,43,"Happy","emotion",0.1202404,0.0245422985581395,0.031313847059725,0.1317265178125,0,0,0,0,1,0.186046511627907,1,0,0,43,0
"E25HA03-01","C25","Chinese","Genuine",0,"Happy 3 CN",3,1,5.375,43,"Sad","emotion",0.4054785,0.143742426744186,0.0756065316662378,0.73717935625,0,0,0,0,0,0,1,0,0,43,0
"E25HA03-01","C25","Chinese","Genuine",0,"Happy 3 CN",3,1,5.375,43,"Angry","emotion",0.4393271,0.215353874883721,0.0980114404586574,1.13667672375,0,0,0,0,4,0.744186046511628,1,0,0,43,0
"E25HA03-01","C25","Chinese","Genuine",0,"Happy 3 CN",3,1,5.375,43,"Surprised","emotion",0.000831581,0.00049000388372093,0.000204151867303452,0.0025973575625,0,0,0,0,0.625,0.116279069767442,1,0,0,43,0
"E25HA03-01","C25","Chinese","Genuine",0,"Happy 3 CN",3,1,5.375,43,"Scared","emotion",0.04695834,0.0191737895813953,0.0134608265729527,0.1007639394375,0,0,0,0,3.875,0.72093023255814,1,0,0,43,0
"E25HA03-01","C25","Chinese","Genuine",0,"Happy 3 CN",3,1,5.375,43,"Disgusted","emotion",0.1265967,0.0753942820930232,0.0253341092473105,0.39409387125,0,0,0,0,4.625,0.86046511627907,1,0,0,43,0
"E25HA03-01","C25","Chinese","Genuine",0,"Happy 3 CN",3,1,5.375,43,"Contempt","emotion",0.006571862,0.00297732458139535,0.00184746764252059,0.01585229725,0,0,0,0,3.125,0.581395348837209,1,0,0,43,0
"E25HA03-01","C25","Chinese","Genuine",0,"Happy 3 CN",3,1,5.375,43,"AU01","action_unit",0,0,0,0,0,0,0,0,0,0,1,0,0,43,0
"E25HA03-01","C25","Chinese","Genuine",0,"Happy 3 CN",3,1,5.375,43,"AU02","action_unit",0,0,0,0,0,0,0,0,0,0,1,0,0,43,0
"E25HA03-01","C25","Chinese","Genuine",0,"Happy 3 CN",3,1,5.375,43,"AU04","action_unit",0,0,0,0,0,0,0,0,0,0,1,0,0,43,0
"E25HA03-01","C25","Chinese","Genuine",0,"Happy 3 CN",3,1,5.375,43,"AU05","action_unit",0,0,0,0,0,0,0,0,0,0,1,0,0,43,0
"E25HA03-01","C25","Chinese","Genuine",0,"Happy 3 CN",3,1,5.375,43,"AU06","action_unit",0,0,0,0,0,0,0,0,0,0,1,0,0,43,0
"E25HA03-01","C25","Chinese","Genuine",0,"Happy 3 CN",3,1,5.375,43,"AU07","action_unit",0,0,0,0,0,0,0,0,0,0,1,0,0,43,0
"E25HA03-01","C25","Chinese","Genuine",0,"Happy 3 CN",3,1,5.375,43,"AU09","action_unit",0,0,0,0,0,0,0,0,0,0,1,0,0,43,0
"E25HA03-01","C25","Chinese","Genuine",0,"Happy 3 CN",3,1,5.375,43,"AU10","action_unit",0,0,0,0,0,0,0,0,0,0,1,0,0,43,0
"E25HA03-01","C25","Chinese","Genuine",0,"Happy 3 CN",3,1,5.375,43,"AU12","action_unit",0,0,0,0,0,0,0,0,0,0,1,0,0,43,0
"E25HA03-01","C25","Chinese","Genuine",0,"Happy 3 CN",3,1,5.375,43,"AU14","action_unit",0,0,0,0,0,0,0,0,0,0,1,0,0,43,0
"E25HA03-01","C25","Chinese","Genuine",0,"Happy 3 CN",3,1,5.375,43,"AU15","action_unit",0,0,0,0,0,0,0,0,0,0,1,0,0,43,0
"E25HA03-01","C25","Chinese","Genuine",0,"Happy 3 CN",3,1,5.375,43,"AU17","action_unit",0,0,0,0,0,0,0,0,0,0,1,0,0,43,0
"E25HA03-01","C25","Chinese","Genuine",0,"Happy 3 CN",3,1,5.375,43,"AU18","action_unit",0,0,0,0,0,0,0,0,0,0,1,0,0,43,0
"E25HA03-01","C25","Chinese","Genuine",0,"Happy 3 CN",3,1,5.375,43,"AU20","action_unit",0,0,0,0,0,0,0,0,0,0,1,0,0,43,0
"E25HA03-01","C25","Chinese","Genuine",0,"Happy 3 CN",3,1,5.375,43,"AU23","action_unit",2,1.48837209302326,0.505780538858873,7.8125,1,1,5.375,5.375,2.75,0.511627906976744,0,1,1,43,0
"E25HA03-01","C25","Chinese","Genuine",0,"Happy 3 CN",3,1,5.375,43,"AU24","action_unit",0,0,0,0,0,0,0,0,0,0,1,0,0,43,0
"E25HA03-01","C25","Chinese","Genuine",0,"Happy 3 CN",3,1,5.375,43,"AU25","action_unit",0,0,0,0,0,0,0,0,0,0,1,0,0,43,0
"E25HA03-01","C25","Chinese","Genuine",0,"Happy 3 CN",3,1,5.375,43,"AU26","action_unit",0,0,0,0,0,0,0,0,0,0,1,0,0,43,0
"E25HA03-01","C25","Chinese","Genuine",0,"Happy 3 CN",3,1,5.375,43,"AU27","action_unit",0,0,0,0,0,0,0,0,0,0,1,0,0,43,0
"E25HA03-01","C25","Chinese","Genuine",0,"Happy 3 CN",3,1,5.375,43,"AU43","action_unit",5,3,0.951189731211342,15.625,1,1,5.375,5.375,0,0,0,1,1,43,0
"E25HA04-01","C25","Chinese","Genuine",0,"Happy 4 CN",4,1,10.875,87,"Neutral","emotion",0.4111635,0.376157722988506,0.026805585312661,4.04596593125,0,0,0,0,2.125,0.195402298850575,1,0,0,87,0
"E25HA04-01","C25","Chinese","Genuine",0,"Happy 4 CN",4,1,10.875,87,"Happy","emotion",0.02319382,0.00740960247126437,0.00463756549761532,0.0799331610625,0,0,0,0,9,0.827586206896552,1,0,0,87,0
"E25HA04-01","C25","Chinese","Genuine",0,"Happy 4 CN",4,1,10.875,87,"Sad","emotion",0.2750778,0.134301690114943,0.0577942285483237,1.43704667375,0,0,0,0,8.125,0.747126436781609,1,0,0,87,0
"E25HA04-01","C25","Chinese","Genuine",0,"Happy 4 CN",4,1,10.875,87,"Angry","emotion",0.4687828,0.199952848850575,0.0796011306913815,2.140224275,0,0,0,0,0.625,0.0574712643678161,1,0,0,87,0
"E25HA04-01","C25","Chinese","Genuine",0,"Happy 4 CN",4,1,10.875,87,"Surprised","emotion",0.000807476,0.000347241689655172,0.000214670918349096,0.0037514131875,0,0,0,0,4.375,0.402298850574713,1,0,0,87,0
"E25HA04-01","C25","Chinese","Genuine",0,"Happy 4 CN",4,1,10.875,87,"Scared","emotion",0.1125695,0.0393579123793103,0.0266852919556598,0.42406044375,0,0,0,0,4.625,0.425287356321839,1,0,0,87,0
"E25HA04-01","C25","Chinese","Genuine",0,"Happy 4 CN",4,1,10.875,87,"Disgusted","emotion",0.2164408,0.132238421954023,0.0487106845119424,1.424477651875,0,0,0,0,9.625,0.885057471264368,1,0,0,87,0
"E25HA04-01","C25","Chinese","Genuine",0,"Happy 4 CN",4,1,10.875,87,"Contempt","emotion",0.006386252,0.00243677272413793,0.00136046083940337,0.0262877153125,0,0,0,0,9,0.827586206896552,1,0,0,87,0
"E25HA04-01","C25","Chinese","Genuine",0,"Happy 4 CN",4,1,10.875,87,"AU01","action_unit",0,0,0,0,0,0,0,0,0,0,1,0,0,87,0
"E25HA04-01","C25","Chinese","Genuine",0,"Happy 4 CN",4,1,10.875,87,"AU02","action_unit",0,0,0,0,0,0,0,0,0,0,1,0,0,87,0
"E25HA04-01","C25","Chinese","Genuine",0,"Happy 4 CN",4,1,10.875,87,"AU04","action_unit",0,0,0,0,0,0,0,0,0,0,1,0,0,87,0
"E25HA04-01","C25","Chinese","Genuine",0,"Happy 4 CN",4,1,10.875,87,"AU05","action_unit",0,0,0,0,0,0,0,0,0,0,1,0,0,87,0
"E25HA04-01","C25","Chinese","Genuine",0,"Happy 4 CN",4,1,10.875,87,"AU06","action_unit",0,0,0,0,0,0,0,0,0,0,1,0,0,87,0
"E25HA04-01","C25","Chinese","Genuine",0,"Happy 4 CN",4,1,10.875,87,"AU07","action_unit",0,0,0,0,0,0,0,0,0,0,1,0,0,87,0
"E25HA04-01","C25","Chinese","Genuine",0,"Happy 4 CN",4,1,10.875,87,"AU09","action_unit",0,0,0,0,0,0,0,0,0,0,1,0,0,87,0
"E25HA04-01","C25","Chinese","Genuine",0,"Happy 4 CN",4,1,10.875,87,"AU10","action_unit",0,0,0,0,0,0,0,0,0,0,1,0,0,87,0
"E25HA04-01","C25","Chinese","Genuine",0,"Happy 4 CN",4,1,10.875,87,"AU12","action_unit",0,0,0,0,0,0,0,0,0,0,1,0,0,87,0
"E25HA04-01","C25","Chinese","Genuine",0,"Happy 4 CN",4,1,10.875,87,"AU14","action_unit",0,0,0,0,0,0,0,0,0,0,1,0,0,87,0
"E25HA04-01","C25","Chinese","Genuine",0,"Happy 4 CN",4,1,10.875,87,"AU15","action_unit",0,0,0,0,0,0,0,0,0,0,1,0,0,87,0
"E25HA04-01","C25","Chinese","Genuine",0,"Happy 4 CN",4,1,10.875,87,"AU17","action_unit",0,0,0,0,0,0,0,0,0,0,1,0,0,87,0
"E25HA04-01","C25","Chinese","Genuine",0,"Happy 4 CN",4,1,10.875,87,"AU18","action_unit",0,0,0,0,0,0,0,0,0,0,1,0,0,87,0
"E25HA04-01","C25","Chinese","Genuine",0,"Happy 4 CN",4,1,10.875,87,"AU20","action_unit",0,0,0,0,0,0,0,0,0,0,1,0,0,87,0
"E25HA04-01","C25","Chinese","Genuine",0,"Happy 4 CN",4,1,10.875,87,"AU23","action_unit",2,1.79310344827586,0.407429007497946,19.3125,1,1,10.875,10.875,1.75,0.160919540229885,0,1,1,87,0
"E25HA04-01","C25","Chinese","Genuine",0,"Happy 4 CN",4,1,10.875,87,"AU24","action_unit",0,0,0,0,0,0,0,0,0,0,1,0,0,87,0
"E25HA04-01","C25","Chinese","Genuine",0,"Happy 4 CN",4,1,10.875,87,"AU25","action_unit",1,0.482758620689655,0.502599497624131,5.1875,0.482758620689655,4,5.25,1.75,0,0,0,1,0,87,0
"E25HA04-01","C25","Chinese","Genuine",0,"Happy 4 CN",4,1,10.875,87,"AU26","action_unit",0,0,0,0,0,0,0,0,0,0,1,0,0,87,0
"E25HA04-01","C25","Chinese","Genuine",0,"Happy 4 CN",4,1,10.875,87,"AU27","action_unit",0,0,0,0,0,0,0,0,0,0,1,0,0,87,0
"E25HA04-01","C25","Chinese","Genuine",0,"Happy 4 CN",4,1,10.875,87,"AU43","action_unit",5,3.52873563218391,1.07659109358445,38.0625,1,1,10.875,10.875,8.625,0.793103448275862,0,1,1,87,0
"E25HA04-04","C25","Chinese","Genuine",0,"Happy 4 CN",4,4,4.75,38,"Neutral","emotion",0.4029844,0.384616381578947,0.0109214339210726,1.7795477125,0,0,0,0,2.25,0.473684210526316,1,0,0,38,0
"E25HA04-04","C25","Chinese","Genuine",0,"Happy 4 CN",4,4,4.75,38,"Happy","emotion",0.009197667,0.00423454192105263,0.00252773829654592,0.020034254125,0,0,0,0,1,0.210526315789474,1,0,0,38,0
"E25HA04-04","C25","Chinese","Genuine",0,"Happy 4 CN",4,4,4.75,38,"Sad","emotion",0.237518,0.113091300789474,0.0348023690039842,0.5197700975,0,0,0,0,0.25,0.0526315789473684,1,0,0,38,0
"E25HA04-04","C25","Chinese","Genuine",0,"Happy 4 CN",4,4,4.75,38,"Angry","emotion",0.2468028,0.168499795263158,0.0465743722211796,0.78029871125,0,0,0,0,4.625,0.973684210526316,1,0,0,38,0
"E25HA04-04","C25","Chinese","Genuine",0,"Happy 4 CN",4,4,4.75,38,"Surprised","emotion",0.000468021,0.000233040736842105,0.000116956631371028,0.0010769529375,0,0,0,0,3.625,0.763157894736842,1,0,0,38,0
"E25HA04-04","C25","Chinese","Genuine",0,"Happy 4 CN",4,4,4.75,38,"Scared","emotion",0.1038346,0.0471307095,0.0306700198610899,0.216488276375,0,0,0,0,3.625,0.763157894736842,1,0,0,38,0
"E25HA04-04","C25","Chinese","Genuine",0,"Happy 4 CN",4,4,4.75,38,"Disgusted","emotion",0.2424554,0.206987028947368,0.0182650602374382,0.95566960625,0,0,0,0,4.25,0.894736842105263,1,0,0,38,0
"E25HA04-04","C25","Chinese","Genuine",0,"Happy 4 CN",4,4,4.75,38,"Contempt","emotion",0.002761588,0.0010116885,0.000629049351262542,0.004793373875,0,0,0,0,2.125,0.447368421052632,1,0,0,38,0
"E25HA04-04","C25","Chinese","Genuine",0,"Happy 4 CN",4,4,4.75,38,"AU01","action_unit",0,0,0,0,0,0,0,0,0,0,1,0,0,38,0
"E25HA04-04","C25","Chinese","Genuine",0,"Happy 4 CN",4,4,4.75,38,"AU02","action_unit",0,0,0,0,0,0,0,0,0,0,1,0,0,38,0
"E25HA04-04","C25","Chinese","Genuine",0,"Happy 4 CN",4,4,4.75,38,"AU04","action_unit",1,0.157894736842105,0.369537021476632,0.6875,0.157894736842105,4,0.75,0.375,0.75,0.157894736842105,1,0,1,38,0
"E25HA04-04","C25","Chinese","Genuine",0,"Happy 4 CN",4,4,4.75,38,"AU05","action_unit",0,0,0,0,0,0,0,0,0,0,1,0,0,38,0
"E25HA04-04","C25","Chinese","Genuine",0,"Happy 4 CN",4,4,4.75,38,"AU06","action_unit",0,0,0,0,0,0,0,0,0,0,1,0,0,38,0
"E25HA04-04","C25","Chinese","Genuine",0,"Happy 4 CN",4,4,4.75,38,"AU07","action_unit",0,0,0,0,0,0,0,0,0,0,1,0,0,38,0
"E25HA04-04","C25","Chinese","Genuine",0,"Happy 4 CN",4,4,4.75,38,"AU09","action_unit",0,0,0,0,0,0,0,0,0,0,1,0,0,38,0
"E25HA04-04","C25","Chinese","Genuine",0,"Happy 4 CN",4,4,4.75,38,"AU10","action_unit",0,0,0,0,0,0,0,0,0,0,1,0,0,38,0
"E25HA04-04","C25","Chinese","Genuine",0,"Happy 4 CN",4,4,4.75,38,"AU12","action_unit",0,0,0,0,0,0,0,0,0,0,1,0,0,38,0
"E25HA04-04","C25","Chinese","Genuine",0,"Happy 4 CN",4,4,4.75,38,"AU14","action_unit",0,0,0,0,0,0,0,0,0,0,1,0,0,38,0
"E25HA04-04","C25","Chinese","Genuine",0,"Happy 4 CN",4,4,4.75,38,"AU15","action_unit",0,0,0,0,0,0,0,0,0,0,1,0,0,38,0
"E25HA04-04","C25","Chinese","Genuine",0,"Happy 4 CN",4,4,4.75,38,"AU17","action_unit",0,0,0,0,0,0,0,0,0,0,1,0,0,38,0
"E25HA04-04","C25","Chinese","Genuine",0,"Happy 4 CN",4,4,4.75,38,"AU18","action_unit",0,0,0,0,0,0,0,0,0,0,1,0,0,38,0
"E25HA04-04","C25","Chinese","Genuine",0,"Happy 4 CN",4,4,4.75,38,"AU20","action_unit",0,0,0,0,0,0,0,0,0,0,1,0,0,38,0
"E25HA04-04","C25","Chinese","Genuine",0,"Happy 4 CN",4,4,4.75,38,"AU23","action_unit",2,1.44736842105263,0.503896622873567,6.6875,1,1,4.75,4.75,0.875,0.184210526315789,0,1,1,38,0
"E25HA04-04","C25","Chinese","Genuine",0,"Happy 4 CN",4,4,4.75,38,"AU24","action_unit",0,0,0,0,0,0,0,0,0,0,1,0,0,38,0
"E25HA04-04","C25","Chinese","Genuine",0,"Happy 4 CN",4,4,4.75,38,"AU25","action_unit",1,0.105263157894737,0.311011747775905,0.4375,0.105263157894737,1,0.5,0.5,4.25,0.894736842105263,1,0,1,38,0
"E25HA04-04","C25","Chinese","Genuine",0,"Happy 4 CN",4,4,4.75,38,"AU26","action_unit",0,0,0,0,0,0,0,0,0,0,1,0,0,38,0
"E25HA04-04","C25","Chinese","Genuine",0,"Happy 4 CN",4,4,4.75,38,"AU27","action_unit",0,0,0,0,0,0,0,0,0,0,1,0,0,38,0
"E25HA04-04","C25","Chinese","Genuine",0,"Happy 4 CN",4,4,4.75,38,"AU43","action_unit",5,4.02631578947368,0.716102140731453,18.625,1,1,4.75,4.75,0,0,0,1,1,38,0
"E25HA06-02","C25","Chinese","Genuine",0,"Happy 6 CN",6,2,5.625,45,"Neutral","emotion",0.4351453,0.376977384444444,0.0397922901356586,2.08156654375,0,0,0,0,2.875,0.511111111111111,1,0,0,45,0
"E25HA06-02","C25","Chinese","Genuine",0,"Happy 6 CN",6,2,5.625,45,"Happy","emotion",0.2147815,0.0607557832666667,0.0568947931816407,0.3407819615,0,0,0,0,2,0.355555555555556,1,0,0,45,0
"E25HA06-02","C25","Chinese","Genuine",0,"Happy 6 CN",6,2,5.625,45,"Sad","emotion",0.1602026,0.0831246595555555,0.0242757692986248,0.45939757125,0,0,0,0,0.125,0.0222222222222222,1,0,0,45,0
"E25HA06-02","C25","Chinese","Genuine",0,"Happy 6 CN",6,2,5.625,45,"Angry","emotion",0.4736757,0.163509036222222,0.107300166110729,0.8735713725,0,0,0,0,0,0,1,0,0,45,0
"E25HA06-02","C25","Chinese","Genuine",0,"Happy 6 CN",6,2,5.625,45,"Surprised","emotion",0.000549212,0.000235447577777778,0.000103055612292915,0.00130649675,0,0,0,0,3.375,0.6,1,0,0,45,0
"E25HA06-02","C25","Chinese","Genuine",0,"Happy 6 CN",6,2,5.625,45,"Scared","emotion",0.02268283,0.00900369013333333,0.00682187342442088,0.048920715,0,0,0,0,0.375,0.0666666666666667,1,0,0,45,0
"E25HA06-02","C25","Chinese","Genuine",0,"Happy 6 CN",6,2,5.625,45,"Disgusted","emotion",0.2528597,0.157769584222222,0.0517407567260799,0.869199661875,0,0,0,0,5,0.888888888888889,1,0,0,45,0
"E25HA06-02","C25","Chinese","Genuine",0,"Happy 6 CN",6,2,5.625,45,"Contempt","emotion",0.01330875,0.00440299226666667,0.00363725682204989,0.02412405025,0,0,0,0,4.25,0.755555555555556,1,0,0,45,0
"E25HA06-02","C25","Chinese","Genuine",0,"Happy 6 CN",6,2,5.625,45,"AU01","action_unit",0,0,0,0,0,0,0,0,0,0,1,0,0,45,0
"E25HA06-02","C25","Chinese","Genuine",0,"Happy 6 CN",6,2,5.625,45,"AU02","action_unit",0,0,0,0,0,0,0,0,0,0,1,0,0,45,0
"E25HA06-02","C25","Chinese","Genuine",0,"Happy 6 CN",6,2,5.625,45,"AU04","action_unit",1,0.311111111111111,0.468179366473918,1.6875,0.311111111111111,1,1.75,1.75,0,0,0,1,0,45,0
"E25HA06-02","C25","Chinese","Genuine",0,"Happy 6 CN",6,2,5.625,45,"AU05","action_unit",0,0,0,0,0,0,0,0,0,0,1,0,0,45,0
"E25HA06-02","C25","Chinese","Genuine",0,"Happy 6 CN",6,2,5.625,45,"AU06","action_unit",1,0.511111111111111,0.505525029603437,2.875,0.511111111111111,1,2.875,2.875,1.625,0.288888888888889,1,0,0,45,0
"E25HA06-02","C25","Chinese","Genuine",0,"Happy 6 CN",6,2,5.625,45,"AU07","action_unit",0,0,0,0,0,0,0,0,0,0,1,0,0,45,0
"E25HA06-02","C25","Chinese","Genuine",0,"Happy 6 CN",6,2,5.625,45,"AU09","action_unit",0,0,0,0,0,0,0,0,0,0,1,0,0,45,0
"E25HA06-02","C25","Chinese","Genuine",0,"Happy 6 CN",6,2,5.625,45,"AU10","action_unit",0,0,0,0,0,0,0,0,0,0,1,0,0,45,0
"E25HA06-02","C25","Chinese","Genuine",0,"Happy 6 CN",6,2,5.625,45,"AU12","action_unit",1,0.0888888888888889,0.287799032014152,0.5,0.0888888888888889,1,0.5,0.5,1.875,0.333333333333333,1,0,0,45,0
"E25HA06-02","C25","Chinese","Genuine",0,"Happy 6 CN",6,2,5.625,45,"AU14","action_unit",0,0,0,0,0,0,0,0,0,0,1,0,0,45,0
"E25HA06-02","C25","Chinese","Genuine",0,"Happy 6 CN",6,2,5.625,45,"AU15","action_unit",0,0,0,0,0,0,0,0,0,0,1,0,0,45,0
"E25HA06-02","C25","Chinese","Genuine",0,"Happy 6 CN",6,2,5.625,45,"AU17","action_unit",1,0.311111111111111,0.468179366473918,1.6875,0.311111111111111,1,1.75,1.75,3.875,0.688888888888889,1,0,1,45,0
"E25HA06-02","C25","Chinese","Genuine",0,"Happy 6 CN",6,2,5.625,45,"AU18","action_unit",0,0,0,0,0,0,0,0,0,0,1,0,0,45,0
"E25HA06-02","C25","Chinese","Genuine",0,"Happy 6 CN",6,2,5.625,45,"AU20","action_unit",0,0,0,0,0,0,0,0,0,0,1,0,0,45,0
"E25HA06-02","C25","Chinese","Genuine",0,"Happy 6 CN",6,2,5.625,45,"AU23","action_unit",2,1.37777777777778,0.613814040868793,7.625,0.933333333333333,1,5.25,5.25,1,0.177777777777778,1,0,1,45,0
"E25HA06-02","C25","Chinese","Genuine",0,"Happy 6 CN",6,2,5.625,45,"AU24","action_unit",0,0,0,0,0,0,0,0,0,0,1,0,0,45,0
"E25HA06-02","C25","Chinese","Genuine",0,"Happy 6 CN",6,2,5.625,45,"AU25","action_unit",0,0,0,0,0,0,0,0,0,0,1,0,0,45,0
"E25HA06-02","C25","Chinese","Genuine",0,"Happy 6 CN",6,2,5.625,45,"AU26","action_unit",0,0,0,0,0,0,0,0,0,0,1,0,0,45,0
"E25HA06-02","C25","Chinese","Genuine",0,"Happy 6 CN",6,2,5.625,45,"AU27","action_unit",0,0,0,0,0,0,0,0,0,0,1,0,0,45,0
"E25HA06-02","C25","Chinese","Genuine",0,"Happy 6 CN",6,2,5.625,45,"AU43","action_unit",5,4.17777777777778,0.683868969669459,23.125,1,1,5.625,5.625,2.375,0.422222222222222,0,1,1,45,0
"E25HA07-01","C25","Chinese","Genuine",0,"Happy 7 CN",7,1,6.625,53,"Neutral","emotion",0.4087679,0.346456726415094,0.0530478000866894,2.2548926625,0,0,0,0,6.375,0.962264150943396,1,0,0,53,0
"E25HA07-01","C25","Chinese","Genuine",0,"Happy 7 CN",7,1,6.625,53,"Happy","emotion",0.07855082,0.0398677812830189,0.0246835878920992,0.2638098898125,0,0,0,0,1.625,0.245283018867925,1,0,0,53,0
"E25HA07-01","C25","Chinese","Genuine",0,"Happy 7 CN",7,1,6.625,53,"Sad","emotion",0.3530232,0.119576365660377,0.086276770240716,0.759679385,0,0,0,0,0.25,0.0377358490566038,1,0,0,53,0
"E25HA07-01","C25","Chinese","Genuine",0,"Happy 7 CN",7,1,6.625,53,"Angry","emotion",0.5695307,0.277426839622642,0.0963530866451961,1.7939496875,0.0377358490566038,1,0.25,0.25,0.125,0.0188679245283019,0,1,0,53,0
"E25HA07-01","C25","Chinese","Genuine",0,"Happy 7 CN",7,1,6.625,53,"Surprised","emotion",0.003370462,0.00149428462264151,0.00075371756346401,0.0096569124375,0,0,0,0,6.375,0.962264150943396,1,0,0,53,0
"E25HA07-01","C25","Chinese","Genuine",0,"Happy 7 CN",7,1,6.625,53,"Scared","emotion",0.02661816,0.0148041549811321,0.0050951535640913,0.0948950005,0,0,0,0,0,0,1,0,0,53,0
"E25HA07-01","C25","Chinese","Genuine",0,"Happy 7 CN",7,1,6.625,53,"Disgusted","emotion",0.05616259,0.0237889297169811,0.0101175844537404,0.1561869188125,0,0,0,0,4.5,0.679245283018868,1,0,0,53,0
"E25HA07-01","C25","Chinese","Genuine",0,"Happy 7 CN",7,1,6.625,53,"Contempt","emotion",0.01403407,0.00719844703773585,0.00342658166090272,0.0473738728125,0,0,0,0,6,0.905660377358491,1,0,0,53,0
"E25HA07-01","C25","Chinese","Genuine",0,"Happy 7 CN",7,1,6.625,53,"AU01","action_unit",0,0,0,0,0,0,0,0,0,0,1,0,0,53,0
"E25HA07-01","C25","Chinese","Genuine",0,"Happy 7 CN",7,1,6.625,53,"AU02","action_unit",0,0,0,0,0,0,0,0,0,0,1,0,0,53,0
"E25HA07-01","C25","Chinese","Genuine",0,"Happy 7 CN",7,1,6.625,53,"AU04","action_unit",0,0,0,0,0,0,0,0,0,0,1,0,0,53,0
"E25HA07-01","C25","Chinese","Genuine",0,"Happy 7 CN",7,1,6.625,53,"AU05","action_unit",0,0,0,0,0,0,0,0,0,0,1,0,0,53,0
"E25HA07-01","C25","Chinese","Genuine",0,"Happy 7 CN",7,1,6.625,53,"AU06","action_unit",0,0,0,0,0,0,0,0,0,0,1,0,0,53,0
"E25HA07-01","C25","Chinese","Genuine",0,"Happy 7 CN",7,1,6.625,53,"AU07","action_unit",0,0,0,0,0,0,0,0,0,0,1,0,0,53,0
"E25HA07-01","C25","Chinese","Genuine",0,"Happy 7 CN",7,1,6.625,53,"AU09","action_unit",0,0,0,0,0,0,0,0,0,0,1,0,0,53,0
"E25HA07-01","C25","Chinese","Genuine",0,"Happy 7 CN",7,1,6.625,53,"AU10","action_unit",0,0,0,0,0,0,0,0,0,0,1,0,0,53,0
"E25HA07-01","C25","Chinese","Genuine",0,"Happy 7 CN",7,1,6.625,53,"AU12","action_unit",1,0.150943396226415,0.361419552443201,1,0.150943396226415,2,1,0.875,1.5,0.226415094339623,1,0,0,53,0
"E25HA07-01","C25","Chinese","Genuine",0,"Happy 7 CN",7,1,6.625,53,"AU14","action_unit",0,0,0,0,0,0,0,0,0,0,1,0,0,53,0
"E25HA07-01","C25","Chinese","Genuine",0,"Happy 7 CN",7,1,6.625,53,"AU15","action_unit",0,0,0,0,0,0,0,0,0,0,1,0,0,53,0
"E25HA07-01","C25","Chinese","Genuine",0,"Happy 7 CN",7,1,6.625,53,"AU17","action_unit",0,0,0,0,0,0,0,0,0,0,1,0,0,53,0
"E25HA07-01","C25","Chinese","Genuine",0,"Happy 7 CN",7,1,6.625,53,"AU18","action_unit",0,0,0,0,0,0,0,0,0,0,1,0,0,53,0
"E25HA07-01","C25","Chinese","Genuine",0,"Happy 7 CN",7,1,6.625,53,"AU20","action_unit",0,0,0,0,0,0,0,0,0,0,1,0,0,53,0
"E25HA07-01","C25","Chinese","Genuine",0,"Happy 7 CN",7,1,6.625,53,"AU23","action_unit",2,1.35849056603774,0.484146339234228,8.875,1,1,6.625,6.625,1.75,0.264150943396226,0,1,1,53,0
"E25HA07-01","C25","Chinese","Genuine",0,"Happy 7 CN",7,1,6.625,53,"AU24","action_unit",0,0,0,0,0,0,0,0,0,0,1,0,0,53,0
"E25HA07-01","C25","Chinese","Genuine",0,"Happy 7 CN",7,1,6.625,53,"AU25","action_unit",0,0,0,0,0,0,0,0,0,0,1,0,0,53,0
"E25HA07-01","C25","Chinese","Genuine",0,"Happy 7 CN",7,1,6.625,53,"AU26","action_unit",0,0,0,0,0,0,0,0,0,0,1,0,0,53,0
"E25HA07-01","C25","Chinese","Genuine",0,"Happy 7 CN",7,1,6.625,53,"AU27","action_unit",0,0,0,0,0,0,0,0,0,0,1,0,0,53,0
"E25HA07-01","C25","Chinese","Genuine",0,"Happy 7 CN",7,1,6.625,53,"AU43","action_unit",3,1.67924528301887,0.778894307672998,11.0625,0.962264150943396,1,6.375,6.375,2.25,0.339622641509434,1,0,1,53,0
"E25SA07-03","C25","Chinese",,1,"Happy 7 CN",7,3,9.625,77,"Neutral","emotion",0.4402252,0.395912448051948,0.0338521980190769,3.7698654125,0,0,0,0,3.875,0.402597402597403,1,0,0,77,0
"E25SA07-03","C25","Chinese",,1,"Happy 7 CN",7,3,9.625,77,"Happy","emotion",0.2325976,0.069565278025974,0.0693183048779003,0.6691480715625,0,0,0,0,2.25,0.233766233766234,1,0,0,77,0
"E25SA07-03","C25","Chinese",,1,"Happy 7 CN",7,3,9.625,77,"Sad","emotion",0.2261846,0.0475266264935065,0.0525865316174869,0.447670016875,0,0,0,0,8.25,0.857142857142857,1,0,0,77,0
"E25SA07-03","C25","Chinese",,1,"Happy 7 CN",7,3,9.625,77,"Angry","emotion",0.4579394,0.15894897038961,0.0864429494332137,1.4871897525,0,0,0,0,0.25,0.025974025974026,1,0,0,77,0
"E25SA07-03","C25","Chinese",,1,"Happy 7 CN",7,3,9.625,77,"Surprised","emotion",0.000323098,0.000143853441558442,7.55291379840804e-05,0.001353509625,0,0,0,0,1.25,0.12987012987013,1,0,0,77,0
"E25SA07-03","C25","Chinese",,1,"Happy 7 CN",7,3,9.625,77,"Scared","emotion",0.08668958,0.0205186325454545,0.018182252381025,0.189849456375,0,0,0,0,0.125,0.012987012987013,1,0,0,77,0
"E25SA07-03","C25","Chinese",,1,"Happy 7 CN",7,3,9.625,77,"Disgusted","emotion",0.1730399,0.0961352306493506,0.0418301076366036,0.91640902,0,0,0,0,6,0.623376623376623,1,0,0,77,0
"E25SA07-03","C25","Chinese",,1,"Happy 7 CN",7,3,9.625,77,"Contempt","emotion",0.008519356,0.00278091338961039,0.00217791020528582,0.0265207799375,0,0,0,0,7.875,0.818181818181818,1,0,0,77,0
"E25SA07-03","C25","Chinese",,1,"Happy 7 CN",7,3,9.625,77,"AU01","action_unit",0,0,0,0,0,0,0,0,0,0,1,0,0,77,0
"E25SA07-03","C25","Chinese",,1,"Happy 7 CN",7,3,9.625,77,"AU02","action_unit",0,0,0,0,0,0,0,0,0,0,1,0,0,77,0
"E25SA07-03","C25","Chinese",,1,"Happy 7 CN",7,3,9.625,77,"AU04","action_unit",1,0.272727272727273,0.448282207765424,2.625,0.272727272727273,3,2.625,1.25,0.25,0.025974025974026,1,0,0,77,0
"E25SA07-03","C25","Chinese",,1,"Happy 7 CN",7,3,9.625,77,"AU05","action_unit",0,0,0,0,0,0,0,0,0,0,1,0,0,77,0
"E25SA07-03","C25","Chinese",,1,"Happy 7 CN",7,3,9.625,77,"AU06","action_unit",2,0.961038961038961,0.69663776061501,9.25,0.74025974025974,1,7.125,7.125,1.625,0.168831168831169,1,0,0,77,0
"E25SA07-03","C25","Chinese",,1,"Happy 7 CN",7,3,9.625,77,"AU07","action_unit",0,0,0,0,0,0,0,0,0,0,1,0,0,77,0
"E25SA07-03","C25","Chinese",,1,"Happy 7 CN",7,3,9.625,77,"AU09","action_unit",0,0,0,0,0,0,0,0,0,0,1,0,0,77,0
"E25SA07-03","C25","Chinese",,1,"Happy 7 CN",7,3,9.625,77,"AU10","action_unit",0,0,0,0,0,0,0,0,0,0,1,0,0,77,0
"E25SA07-03","C25","Chinese",,1,"Happy 7 CN",7,3,9.625,77,"AU12","action_unit",1,0.376623376623377,0.487716511676745,3.625,0.376623376623377,1,3.625,3.625,1.375,0.142857142857143,1,0,0,77,0
"E25SA07-03","C25","Chinese",,1,"Happy 7 CN",7,3,9.625,77,"AU14","action_unit",0,0,0,0,0,0,0,0,0,0,1,0,0,77,0
"E25SA07-03","C25","Chinese",,1,"Happy 7 CN",7,3,9.625,77,"AU15","action_unit",0,0,0,0,0,0,0,0,0,0,1,0,0,77,0
"E25SA07-03","C25","Chinese",,1,"Happy 7 CN",7,3,9.625,77,"AU17","action_unit",0,0,0,0,0,0,0,0,0,0,1,0,0,77,0
"E25SA07-03","C25","Chinese",,1,"Happy 7 CN",7,3,9.625,77,"AU18","action_unit",0,0,0,0,0,0,0,0,0,0,1,0,0,77,0
"E25SA07-03","C25","Chinese",,1,"Happy 7 CN",7,3,9.625,77,"AU20","action_unit",0,0,0,0,0,0,0,0,0,0,1,0,0,77,0
"E25SA07-03","C25","Chinese",,1,"Happy 7 CN",7,3,9.625,77,"AU23","action_unit",2,1.06493506493506,0.65569694415184,10,0.818181818181818,2,7.875,5.875,0,0,0,1,1,77,0
"E25SA07-03","C25","Chinese",,1,"Happy 7 CN",7,3,9.625,77,"AU24","action_unit",0,0,0,0,0,0,0,0,0,0,1,0,0,77,0
"E25SA07-03","C25","Chinese",,1,"Happy 7 CN",7,3,9.625,77,"AU25","action_unit",3,1.75324675324675,0.763576145788323,16.8125,0.974025974025974,2,9.375,8.25,2.125,0.220779220779221,0,1,0,77,0
"E25SA07-03","C25","Chinese",,1,"Happy 7 CN",7,3,9.625,77,"AU26","action_unit",0,0,0,0,0,0,0,0,0,0,1,0,0,77,0
"E25SA07-03","C25","Chinese",,1,"Happy 7 CN",7,3,9.625,77,"AU27","action_unit",0,0,0,0,0,0,0,0,0,0,1,0,0,77,0
"E25SA07-03","C25","Chinese",,1,"Happy 7 CN",7,3,9.625,77,"AU43","action_unit",5,4.22077922077922,1.05908819551458,40.375,0.987012987012987,1,9.5,9.5,2.75,0.285714285714286,1,0,1,77,0
"E26HA01-01","C26","Chinese","Genuine",0,"Happy 1 CN",1,1,6,48,"Neutral","emotion",0.4049672,0.311628479166667,0.0909915325698226,1.83260776875,0,0,0,0,1.625,0.270833333333333,1,0,0,48,0
"E26HA01-01","C26","Chinese","Genuine",0,"Happy 1 CN",1,1,6,48,"Happy","emotion",0.7797651,0.25422991225,0.249287303618389,1.519206084125,0.208333333333333,1,1.25,1.25,3.125,0.520833333333333,1,0,0,48,0
"E26HA01-01","C26","Chinese","Genuine",0,"Happy 1 CN",1,1,6,48,"Sad","emotion",0.1222546,0.0514350034583333,0.0379058354642737,0.300136651375,0,0,0,0,0.125,0.0208333333333333,1,0,0,48,0
"E26HA01-01","C26","Chinese","Genuine",0,"Happy 1 CN",1,1,6,48,"Angry","emotion",0.508417,0.121182547083333,0.102589209126681,0.690789005625,0.0208333333333333,1,0.125,0.125,5.875,0.979166666666667,1,0,1,48,0
"E26HA01-01","C26","Chinese","Genuine",0,"Happy 1 CN",1,1,6,48,"Surprised","emotion",0.004351812,0.001904282625,0.000991232869180976,0.011104885,0,0,0,0,5.25,0.875,1,0,0,48,0
"E26HA01-01","C26","Chinese","Genuine",0,"Happy 1 CN",1,1,6,48,"Scared","emotion",0.01554411,0.0067138635625,0.00474152038215634,0.0392752619375,0,0,0,0,0.875,0.145833333333333,1,0,0,48,0
"E26HA01-01","C26","Chinese","Genuine",0,"Happy 1 CN",1,1,6,48,"Disgusted","emotion",0.3017656,0.159287106041667,0.0766708207616491,0.92959837375,0,0,0,0,0,0,1,0,0,48,0
"E26HA01-01","C26","Chinese","Genuine",0,"Happy 1 CN",1,1,6,48,"Contempt","emotion",0.003390895,0.00131038875,0.00090379343910649,0.0078040411875,0,0,0,0,4.625,0.770833333333333,1,0,0,48,0
"E26HA01-01","C26","Chinese","Genuine",0,"Happy 1 CN",1,1,6,48,"AU01","action_unit",0,0,0,0,0,0,0,0,0,0,1,0,0,48,0
"E26HA01-01","C26","Chinese","Genuine",0,"Happy 1 CN",1,1,6,48,"AU02","action_unit",0,0,0,0,0,0,0,0,0,0,1,0,0,48,0
"E26HA01-01","C26","Chinese","Genuine",0,"Happy 1 CN",1,1,6,48,"AU04","action_unit",0,0,0,0,0,0,0,0,0,0,1,0,0,48,0
"E26HA01-01","C26","Chinese","Genuine",0,"Happy 1 CN",1,1,6,48,"AU05","action_unit",0,0,0,0,0,0,0,0,0,0,1,0,0,48,0
"E26HA01-01","C26","Chinese","Genuine",0,"Happy 1 CN",1,1,6,48,"AU06","action_unit",3,1.47916666666667,1.14834910796276,8.8125,0.770833333333333,1,4.625,4.625,2.75,0.458333333333333,1,0,1,48,0
"E26HA01-01","C26","Chinese","Genuine",0,"Happy 1 CN",1,1,6,48,"AU07","action_unit",0,0,0,0,0,0,0,0,0,0,1,0,0,48,0
"E26HA01-01","C26","Chinese","Genuine",0,"Happy 1 CN",1,1,6,48,"AU09","action_unit",0,0,0,0,0,0,0,0,0,0,1,0,0,48,0
"E26HA01-01","C26","Chinese","Genuine",0,"Happy 1 CN",1,1,6,48,"AU10","action_unit",0,0,0,0,0,0,0,0,0,0,1,0,0,48,0
"E26HA01-01","C26","Chinese","Genuine",0,"Happy 1 CN",1,1,6,48,"AU12","action_unit",2,0.75,0.837930581596392,4.5,0.5,1,3,3,2.75,0.458333333333333,1,0,0,48,0
"E26HA01-01","C26","Chinese","Genuine",0,"Happy 1 CN",1,1,6,48,"AU14","action_unit",0,0,0,0,0,0,0,0,0,0,1,0,0,48,0
"E26HA01-01","C26","Chinese","Genuine",0,"Happy 1 CN",1,1,6,48,"AU15","action_unit",0,0,0,0,0,0,0,0,0,0,1,0,0,48,0
"E26HA01-01","C26","Chinese","Genuine",0,"Happy 1 CN",1,1,6,48,"AU17","action_unit",0,0,0,0,0,0,0,0,0,0,1,0,0,48,0
"E26HA01-01","C26","Chinese","Genuine",0,"Happy 1 CN",1,1,6,48,"AU18","action_unit",0,0,0,0,0,0,0,0,0,0,1,0,0,48,0
"E26HA01-01","C26","Chinese","Genuine",0,"Happy 1 CN",1,1,6,48,"AU20","action_unit",0,0,0,0,0,0,0,0,0,0,1,0,0,48,0
"E26HA01-01","C26","Chinese","Genuine",0,"Happy 1 CN",1,1,6,48,"AU23","action_unit",0,0,0,0,0,0,0,0,0,0,1,0,0,48,0
"E26HA01-01","C26","Chinese","Genuine",0,"Happy 1 CN",1,1,6,48,"AU24","action_unit",0,0,0,0,0,0,0,0,0,0,1,0,0,48,0
"E26HA01-01","C26","Chinese","Genuine",0,"Happy 1 CN",1,1,6,48,"AU25","action_unit",1,0.0416666666666667,0.201940936523459,0.25,0.0416666666666667,1,0.25,0.25,3.5,0.583333333333333,1,0,0,48,0
"E26HA01-01","C26","Chinese","Genuine",0,"Happy 1 CN",1,1,6,48,"AU26","action_unit",0,0,0,0,0,0,0,0,0,0,1,0,0,48,0
"E26HA01-01","C26","Chinese","Genuine",0,"Happy 1 CN",1,1,6,48,"AU27","action_unit",0,0,0,0,0,0,0,0,0,0,1,0,0,48,0
"E26HA01-01","C26","Chinese","Genuine",0,"Happy 1 CN",1,1,6,48,"AU43","action_unit",4,3.45833333333333,0.503533612870859,20.3125,1,1,6,6,0,0,0,1,1,48,0
"E26HA02-02","C26","Chinese","Genuine",0,"Happy 2 CN",2,2,3.625,29,"Neutral","emotion",0.3102407,0.227590903448276,0.0529225613846069,0.79137850625,0,0,0,0,3.125,0.862068965517241,1,0,0,29,0
"E26HA02-02","C26","Chinese","Genuine",0,"Happy 2 CN",2,2,3.625,29,"Happy","emotion",0.7193695,0.519772606896552,0.147156062005359,1.83837280625,0.620689655172414,2,2.25,2.125,0.875,0.241379310344828,0,1,0,29,0
"E26HA02-02","C26","Chinese","Genuine",0,"Happy 2 CN",2,2,3.625,29,"Sad","emotion",0.05952926,0.0248287262758621,0.0123191096951552,0.084477994,0,0,0,0,3.5,0.96551724137931,1,0,0,29,0
"E26HA02-02","C26","Chinese","Genuine",0,"Happy 2 CN",2,2,3.625,29,"Angry","emotion",0.01513908,0.00654610165517241,0.00357714579585715,0.022853324875,0,0,0,0,2.875,0.793103448275862,1,0,0,29,0
"E26HA02-02","C26","Chinese","Genuine",0,"Happy 2 CN",2,2,3.625,29,"Surprised","emotion",0.008107748,0.00323510744827586,0.00204511219385039,0.0114463253125,0,0,0,0,0.875,0.241379310344828,1,0,0,29,0
"E26HA02-02","C26","Chinese","Genuine",0,"Happy 2 CN",2,2,3.625,29,"Scared","emotion",0.003076658,0.00206801210344828,0.000626310809555467,0.007250101,0,0,0,0,1.5,0.413793103448276,1,0,0,29,0
"E26HA02-02","C26","Chinese","Genuine",0,"Happy 2 CN",2,2,3.625,29,"Disgusted","emotion",0.4222584,0.312633306896552,0.0812148826716153,1.09203169375,0,0,0,0,2.5,0.689655172413793,1,0,0,29,0
"E26HA02-02","C26","Chinese","Genuine",0,"Happy 2 CN",2,2,3.625,29,"Contempt","emotion",0.002690474,0.000699424206896552,0.000874763949644963,0.002367258125,0,0,0,0,3.5,0.96551724137931,1,0,0,29,0
"E26HA02-02","C26","Chinese","Genuine",0,"Happy 2 CN",2,2,3.625,29,"AU01","action_unit",0,0,0,0,0,0,0,0,0,0,1,0,0,29,0
"E26HA02-02","C26","Chinese","Genuine",0,"Happy 2 CN",2,2,3.625,29,"AU02","action_unit",0,0,0,0,0,0,0,0,0,0,1,0,0,29,0
"E26HA02-02","C26","Chinese","Genuine",0,"Happy 2 CN",2,2,3.625,29,"AU04","action_unit",0,0,0,0,0,0,0,0,0,0,1,0,0,29,0
"E26HA02-02","C26","Chinese","Genuine",0,"Happy 2 CN",2,2,3.625,29,"AU05","action_unit",0,0,0,0,0,0,0,0,0,0,1,0,0,29,0
"E26HA02-02","C26","Chinese","Genuine",0,"Happy 2 CN",2,2,3.625,29,"AU06","action_unit",3,2.75862068965517,0.435494170355693,9.75,1,1,3.625,3.625,0.375,0.103448275862069,0,1,1,29,0
"E26HA02-02","C26","Chinese","Genuine",0,"Happy 2 CN",2,2,3.625,29,"AU07","action_unit",0,0,0,0,0,0,0,0,0,0,1,0,0,29,0
"E26HA02-02","C26","Chinese","Genuine",0,"Happy 2 CN",2,2,3.625,29,"AU09","action_unit",0,0,0,0,0,0,0,0,0,0,1,0,0,29,0
"E26HA02-02","C26","Chinese","Genuine",0,"Happy 2 CN",2,2,3.625,29,"AU10","action_unit",0,0,0,0,0,0,0,0,0,0,1,0,0,29,0
"E26HA02-02","C26","Chinese","Genuine",0,"Happy 2 CN",2,2,3.625,29,"AU12","action_unit",2,1.06896551724138,0.257880714777564,3.75,1,1,3.625,3.625,0.875,0.241379310344828,0,1,1,29,0
"E26HA02-02","C26","Chinese","Genuine",0,"Happy 2 CN",2,2,3.625,29,"AU14","action_unit",0,0,0,0,0,0,0,0,0,0,1,0,0,29,0
"E26HA02-02","C26","Chinese","Genuine",0,"Happy 2 CN",2,2,3.625,29,"AU15","action_unit",0,0,0,0,0,0,0,0,0,0,1,0,0,29,0
"E26HA02-02","C26","Chinese","Genuine",0,"Happy 2 CN",2,2,3.625,29,"AU17","action_unit",0,0,0,0,0,0,0,0,0,0,1,0,0,29,0
"E26HA02-02","C26","Chinese","Genuine",0,"Happy 2 CN",2,2,3.625,29,"AU18","action_unit",0,0,0,0,0,0,0,0,0,0,1,0,0,29,0
"E26HA02-02","C26","Chinese","Genuine",0,"Happy 2 CN",2,2,3.625,29,"AU20","action_unit",0,0,0,0,0,0,0,0,0,0,1,0,0,29,0
"E26HA02-02","C26","Chinese","Genuine",0,"Happy 2 CN",2,2,3.625,29,"AU23","action_unit",0,0,0,0,0,0,0,0,0,0,1,0,0,29,0
"E26HA02-02","C26","Chinese","Genuine",0,"Happy 2 CN",2,2,3.625,29,"AU24","action_unit",0,0,0,0,0,0,0,0,0,0,1,0,0,29,0
"E26HA02-02","C26","Chinese","Genuine",0,"Happy 2 CN",2,2,3.625,29,"AU25","action_unit",1,0.96551724137931,0.185695338177052,3.4375,0.96551724137931,1,3.5,3.5,0,0,0,1,0,29,0
"E26HA02-02","C26","Chinese","Genuine",0,"Happy 2 CN",2,2,3.625,29,"AU26","action_unit",0,0,0,0,0,0,0,0,0,0,1,0,0,29,0
"E26HA02-02","C26","Chinese","Genuine",0,"Happy 2 CN",2,2,3.625,29,"AU27","action_unit",0,0,0,0,0,0,0,0,0,0,1,0,0,29,0
"E26HA02-02","C26","Chinese","Genuine",0,"Happy 2 CN",2,2,3.625,29,"AU43","action_unit",4,4,0,14,1,1,3.625,3.625,0,0,0,1,1,29,0
"E26HA02-04","C26","Chinese","Genuine",0,"Happy 2 CN",2,4,5,40,"Neutral","emotion",0.3547434,0.09218749875,0.111684595841514,0.4216037875,0,0,0,0,0.25,0.05,1,0,0,40,0
"E26HA02-04","C26","Chinese","Genuine",0,"Happy 2 CN",2,4,5,40,"Happy","emotion",0.9684147,0.8161155625,0.221886558885288,4.0341264625,0.825,1,4.125,4.125,3.75,0.75,1,0,0,40,0
"E26HA02-04","C26","Chinese","Genuine",0,"Happy 2 CN",2,4,5,40,"Sad","emotion",0.02378304,0.0043888776,0.0071670807197023,0.0191765905,0,0,0,0,4.875,0.975,1,0,0,40,0
"E26HA02-04","C26","Chinese","Genuine",0,"Happy 2 CN",2,4,5,40,"Angry","emotion",0.03418539,0.0077386175,0.00803585055757688,0.03510058625,0,0,0,0,4.875,0.975,1,0,0,40,0
"E26HA02-04","C26","Chinese","Genuine",0,"Happy 2 CN",2,4,5,40,"Surprised","emotion",0.007817251,0.00179802675,0.0013019048096071,0.0084611723125,0,0,0,0,4.875,0.975,1,0,0,40,0
"E26HA02-04","C26","Chinese","Genuine",0,"Happy 2 CN",2,4,5,40,"Scared","emotion",0.005240841,0.0009476776,0.0014597322365815,0.0044353450625,0,0,0,0,0.375,0.075,1,0,0,40,0
"E26HA02-04","C26","Chinese","Genuine",0,"Happy 2 CN",2,4,5,40,"Disgusted","emotion",0.3317613,0.0651319397,0.0956859369474938,0.29663047975,0,0,0,0,0,0,1,0,0,40,0
"E26HA02-04","C26","Chinese","Genuine",0,"Happy 2 CN",2,4,5,40,"Contempt","emotion",0.003665214,0.00019466345,0.00058370930029776,0.000744241375,0,0,0,0,4.875,0.975,1,0,0,40,0
"E26HA02-04","C26","Chinese","Genuine",0,"Happy 2 CN",2,4,5,40,"AU01","action_unit",0,0,0,0,0,0,0,0,0,0,1,0,0,40,0
"E26HA02-04","C26","Chinese","Genuine",0,"Happy 2 CN",2,4,5,40,"AU02","action_unit",0,0,0,0,0,0,0,0,0,0,1,0,0,40,0
"E26HA02-04","C26","Chinese","Genuine",0,"Happy 2 CN",2,4,5,40,"AU04","action_unit",0,0,0,0,0,0,0,0,0,0,1,0,0,40,0
"E26HA02-04","C26","Chinese","Genuine",0,"Happy 2 CN",2,4,5,40,"AU05","action_unit",0,0,0,0,0,0,0,0,0,0,1,0,0,40,0
"E26HA02-04","C26","Chinese","Genuine",0,"Happy 2 CN",2,4,5,40,"AU06","action_unit",4,3.25,0.954073587443029,16,1,1,5,5,1.625,0.325,0,1,1,40,0
"E26HA02-04","C26","Chinese","Genuine",0,"Happy 2 CN",2,4,5,40,"AU07","action_unit",0,0,0,0,0,0,0,0,0,0,1,0,0,40,0
"E26HA02-04","C26","Chinese","Genuine",0,"Happy 2 CN",2,4,5,40,"AU09","action_unit",0,0,0,0,0,0,0,0,0,0,1,0,0,40,0
"E26HA02-04","C26","Chinese","Genuine",0,"Happy 2 CN",2,4,5,40,"AU10","action_unit",0,0,0,0,0,0,0,0,0,0,1,0,0,40,0
"E26HA02-04","C26","Chinese","Genuine",0,"Happy 2 CN",2,4,5,40,"AU12","action_unit",3,2.7,0.648469598757583,13.3125,1,1,5,5,0.75,0.15,0,1,1,40,0
"E26HA02-04","C26","Chinese","Genuine",0,"Happy 2 CN",2,4,5,40,"AU14","action_unit",0,0,0,0,0,0,0,0,0,0,1,0,0,40,0
"E26HA02-04","C26","Chinese","Genuine",0,"Happy 2 CN",2,4,5,40,"AU15","action_unit",0,0,0,0,0,0,0,0,0,0,1,0,0,40,0
"E26HA02-04","C26","Chinese","Genuine",0,"Happy 2 CN",2,4,5,40,"AU17","action_unit",0,0,0,0,0,0,0,0,0,0,1,0,0,40,0
"E26HA02-04","C26","Chinese","Genuine",0,"Happy 2 CN",2,4,5,40,"AU18","action_unit",0,0,0,0,0,0,0,0,0,0,1,0,0,40,0
"E26HA02-04","C26","Chinese","Genuine",0,"Happy 2 CN",2,4,5,40,"AU20","action_unit",0,0,0,0,0,0,0,0,0,0,1,0,0,40,0
"E26HA02-04","C26","Chinese","Genuine",0,"Happy 2 CN",2,4,5,40,"AU23","action_unit",0,0,0,0,0,0,0,0,0,0,1,0,0,40,0
"E26HA02-04","C26","Chinese","Genuine",0,"Happy 2 CN",2,4,5,40,"AU24","action_unit",0,0,0,0,0,0,0,0,0,0,1,0,0,40,0
"E26HA02-04","C26","Chinese","Genuine",0,"Happy 2 CN",2,4,5,40,"AU25","action_unit",4,3,1.30088727117598,14.9375,0.9,1,4.5,4.5,1.375,0.275,1,0,1,40,0
"E26HA02-04","C26","Chinese","Genuine",0,"Happy 2 CN",2,4,5,40,"AU26","action_unit",1,0.775,0.42290206176626,3.875,0.775,1,3.875,3.875,0.875,0.175,1,0,0,40,0
"E26HA02-04","C26","Chinese","Genuine",0,"Happy 2 CN",2,4,5,40,"AU27","action_unit",0,0,0,0,0,0,0,0,0,0,1,0,0,40,0
"E26HA02-04","C26","Chinese","Genuine",0,"Happy 2 CN",2,4,5,40,"AU43","action_unit",4,3.1,0.671775298207705,15,1,1,5,5,0,0,0,1,1,40,0
"E26HA03-04","C26","Chinese","Genuine",0,"Happy 3 CN",3,4,7.375,59,"Neutral","emotion",0.4403117,0.128503838644068,0.130500405469721,0.896782735,0,0,0,0,0.25,0.0338983050847458,1,0,0,59,0
"E26HA03-04","C26","Chinese","Genuine",0,"Happy 3 CN",3,4,7.375,59,"Happy","emotion",0.9605533,0.730137286271186,0.286740518527482,5.37585058625,0.830508474576271,1,6.125,6.125,5.25,0.711864406779661,1,0,0,59,0
"E26HA03-04","C26","Chinese","Genuine",0,"Happy 3 CN",3,4,7.375,59,"Sad","emotion",0.2304263,0.0259772907288136,0.052750955322323,0.168802837875,0,0,0,0,0,0,1,0,0,59,0
"E26HA03-04","C26","Chinese","Genuine",0,"Happy 3 CN",3,4,7.375,59,"Angry","emotion",0.09451722,0.0211737838474576,0.0243172141743608,0.150243074625,0,0,0,0,7,0.949152542372881,1,0,0,59,0
"E26HA03-04","C26","Chinese","Genuine",0,"Happy 3 CN",3,4,7.375,59,"Surprised","emotion",0.006786946,0.00191727855932203,0.00108678641152606,0.0135456936875,0,0,0,0,0,0,1,0,0,59,0
"E26HA03-04","C26","Chinese","Genuine",0,"Happy 3 CN",3,4,7.375,59,"Scared","emotion",0.004025882,0.000475458915254237,0.000834456009880323,0.0032169256875,0,0,0,0,0,0,1,0,0,59,0
"E26HA03-04","C26","Chinese","Genuine",0,"Happy 3 CN",3,4,7.375,59,"Disgusted","emotion",0.1102511,0.0228650571016949,0.0252822283945774,0.1599342305,0,0,0,0,7.25,0.983050847457627,1,0,0,59,0
"E26HA03-04","C26","Chinese","Genuine",0,"Happy 3 CN",3,4,7.375,59,"Contempt","emotion",0.01248391,0.00207052603389831,0.00290185374190456,0.015098386875,0,0,0,0,2.375,0.322033898305085,1,0,0,59,0
"E26HA03-04","C26","Chinese","Genuine",0,"Happy 3 CN",3,4,7.375,59,"AU01","action_unit",0,0,0,0,0,0,0,0,0,0,1,0,0,59,0
"E26HA03-04","C26","Chinese","Genuine",0,"Happy 3 CN",3,4,7.375,59,"AU02","action_unit",0,0,0,0,0,0,0,0,0,0,1,0,0,59,0
"E26HA03-04","C26","Chinese","Genuine",0,"Happy 3 CN",3,4,7.375,59,"AU04","action_unit",0,0,0,0,0,0,0,0,0,0,1,0,0,59,0
"E26HA03-04","C26","Chinese","Genuine",0,"Happy 3 CN",3,4,7.375,59,"AU05","action_unit",0,0,0,0,0,0,0,0,0,0,1,0,0,59,0
"E26HA03-04","C26","Chinese","Genuine",0,"Happy 3 CN",3,4,7.375,59,"AU06","action_unit",3,2.69491525423729,0.771345382815559,19.75,0.949152542372881,1,7,7,0.875,0.11864406779661,1,0,1,59,0
"E26HA03-04","C26","Chinese","Genuine",0,"Happy 3 CN",3,4,7.375,59,"AU07","action_unit",0,0,0,0,0,0,0,0,0,0,1,0,0,59,0
"E26HA03-04","C26","Chinese","Genuine",0,"Happy 3 CN",3,4,7.375,59,"AU09","action_unit",0,0,0,0,0,0,0,0,0,0,1,0,0,59,0
"E26HA03-04","C26","Chinese","Genuine",0,"Happy 3 CN",3,4,7.375,59,"AU10","action_unit",0,0,0,0,0,0,0,0,0,0,1,0,0,59,0
"E26HA03-04","C26","Chinese","Genuine",0,"Happy 3 CN",3,4,7.375,59,"AU12","action_unit",3,2.74576271186441,0.604386846287154,20.0625,1,1,7.375,7.375,0.875,0.11864406779661,0,1,1,59,0
"E26HA03-04","C26","Chinese","Genuine",0,"Happy 3 CN",3,4,7.375,59,"AU14","action_unit",0,0,0,0,0,0,0,0,0,0,1,0,0,59,0
"E26HA03-04","C26","Chinese","Genuine",0,"Happy 3 CN",3,4,7.375,59,"AU15","action_unit",0,0,0,0,0,0,0,0,0,0,1,0,0,59,0
"E26HA03-04","C26","Chinese","Genuine",0,"Happy 3 CN",3,4,7.375,59,"AU17","action_unit",0,0,0,0,0,0,0,0,0,0,1,0,0,59,0
"E26HA03-04","C26","Chinese","Genuine",0,"Happy 3 CN",3,4,7.375,59,"AU18","action_unit",0,0,0,0,0,0,0,0,0,0,1,0,0,59,0
"E26HA03-04","C26","Chinese","Genuine",0,"Happy 3 CN",3,4,7.375,59,"AU20","action_unit",0,0,0,0,0,0,0,0,0,0,1,0,0,59,0
"E26HA03-04","C26","Chinese","Genuine",0,"Happy 3 CN",3,4,7.375,59,"AU23","action_unit",0,0,0,0,0,0,0,0,0,0,1,0,0,59,0
"E26HA03-04","C26","Chinese","Genuine",0,"Happy 3 CN",3,4,7.375,59,"AU24","action_unit",0,0,0,0,0,0,0,0,0,0,1,0,0,59,0
"E26HA03-04","C26","Chinese","Genuine",0,"Happy 3 CN",3,4,7.375,59,"AU25","action_unit",4,2.76271186440678,1.22247604942123,20.3125,0.898305084745763,1,6.625,6.625,3.75,0.508474576271186,1,0,1,59,0
"E26HA03-04","C26","Chinese","Genuine",0,"Happy 3 CN",3,4,7.375,59,"AU26","action_unit",1,0.305084745762712,0.464395687709626,2.25,0.305084745762712,2,2.25,1.5,1.25,0.169491525423729,1,0,0,59,0
"E26HA03-04","C26","Chinese","Genuine",0,"Happy 3 CN",3,4,7.375,59,"AU27","action_unit",0,0,0,0,0,0,0,0,0,0,1,0,0,59,0
"E26HA03-04","C26","Chinese","Genuine",0,"Happy 3 CN",3,4,7.375,59,"AU43","action_unit",4,3.25423728813559,0.439169291801561,23.5,1,1,7.375,7.375,0,0,0,1,1,59,0
"E26HA05-04","C26","Chinese","Genuine",0,"Happy 5 CN",5,4,4.125,33,"Neutral","emotion",0.4627879,0.128908267272727,0.133064064482144,0.48372309625,0,0,0,0,0,0,1,0,0,33,0
"E26HA05-04","C26","Chinese","Genuine",0,"Happy 5 CN",5,4,4.125,33,"Happy","emotion",0.9635347,0.733780761515151,0.279738201174593,3.0084076925,0.787878787878788,1,3.25,3.25,2.125,0.515151515151515,1,0,0,33,0
"E26HA05-04","C26","Chinese","Genuine",0,"Happy 5 CN",5,4,4.125,33,"Sad","emotion",0.1018609,0.0137702294545455,0.0240550855433451,0.0493815865,0,0,0,0,0,0,1,0,0,33,0
"E26HA05-04","C26","Chinese","Genuine",0,"Happy 5 CN",5,4,4.125,33,"Angry","emotion",0.09040905,0.0197514284848485,0.0243965772014388,0.07415025875,0,0,0,0,0,0,1,0,0,33,0
"E26HA05-04","C26","Chinese","Genuine",0,"Happy 5 CN",5,4,4.125,33,"Surprised","emotion",0.006708418,0.00286903360606061,0.00166020551331957,0.0112903501875,0,0,0,0,0.125,0.0303030303030303,1,0,0,33,0
"E26HA05-04","C26","Chinese","Genuine",0,"Happy 5 CN",5,4,4.125,33,"Scared","emotion",0.006835218,0.00147617678787879,0.00186919874653822,0.00551367175,0,0,0,0,0.125,0.0303030303030303,1,0,0,33,0
"E26HA05-04","C26","Chinese","Genuine",0,"Happy 5 CN",5,4,4.125,33,"Disgusted","emotion",0.2633198,0.0485442468484849,0.0687676075891062,0.17957242325,0,0,0,0,4,0.96969696969697,1,0,0,33,0
"E26HA05-04","C26","Chinese","Genuine",0,"Happy 5 CN",5,4,4.125,33,"Contempt","emotion",0.005094668,0.00128746175757576,0.0012871893718849,0.00492581,0,0,0,0,3.625,0.878787878787879,1,0,0,33,0
"E26HA05-04","C26","Chinese","Genuine",0,"Happy 5 CN",5,4,4.125,33,"AU01","action_unit",0,0,0,0,0,0,0,0,0,0,1,0,0,33,0
"E26HA05-04","C26","Chinese","Genuine",0,"Happy 5 CN",5,4,4.125,33,"AU02","action_unit",0,0,0,0,0,0,0,0,0,0,1,0,0,33,0
"E26HA05-04","C26","Chinese","Genuine",0,"Happy 5 CN",5,4,4.125,33,"AU04","action_unit",0,0,0,0,0,0,0,0,0,0,1,0,0,33,0
"E26HA05-04","C26","Chinese","Genuine",0,"Happy 5 CN",5,4,4.125,33,"AU05","action_unit",0,0,0,0,0,0,0,0,0,0,1,0,0,33,0
"E26HA05-04","C26","Chinese","Genuine",0,"Happy 5 CN",5,4,4.125,33,"AU06","action_unit",3,2.54545454545455,0.938446491911935,10.375,0.909090909090909,1,3.75,3.75,0.75,0.181818181818182,1,0,1,33,0
"E26HA05-04","C26","Chinese","Genuine",0,"Happy 5 CN",5,4,4.125,33,"AU07","action_unit",0,0,0,0,0,0,0,0,0,0,1,0,0,33,0
"E26HA05-04","C26","Chinese","Genuine",0,"Happy 5 CN",5,4,4.125,33,"AU09","action_unit",0,0,0,0,0,0,0,0,0,0,1,0,0,33,0
"E26HA05-04","C26","Chinese","Genuine",0,"Happy 5 CN",5,4,4.125,33,"AU10","action_unit",0,0,0,0,0,0,0,0,0,0,1,0,0,33,0
"E26HA05-04","C26","Chinese","Genuine",0,"Happy 5 CN",5,4,4.125,33,"AU12","action_unit",3,2.75757575757576,0.435194139889245,11.125,1,1,4.125,4.125,0.5,0.121212121212121,0,1,1,33,0
"E26HA05-04","C26","Chinese","Genuine",0,"Happy 5 CN",5,4,4.125,33,"AU14","action_unit",0,0,0,0,0,0,0,0,0,0,1,0,0,33,0
"E26HA05-04","C26","Chinese","Genuine",0,"Happy 5 CN",5,4,4.125,33,"AU15","action_unit",0,0,0,0,0,0,0,0,0,0,1,0,0,33,0
"E26HA05-04","C26","Chinese","Genuine",0,"Happy 5 CN",5,4,4.125,33,"AU17","action_unit",0,0,0,0,0,0,0,0,0,0,1,0,0,33,0
"E26HA05-04","C26","Chinese","Genuine",0,"Happy 5 CN",5,4,4.125,33,"AU18","action_unit",0,0,0,0,0,0,0,0,0,0,1,0,0,33,0
"E26HA05-04","C26","Chinese","Genuine",0,"Happy 5 CN",5,4,4.125,33,"AU20","action_unit",0,0,0,0,0,0,0,0,0,0,1,0,0,33,0
"E26HA05-04","C26","Chinese","Genuine",0,"Happy 5 CN",5,4,4.125,33,"AU23","action_unit",0,0,0,0,0,0,0,0,0,0,1,0,0,33,0
"E26HA05-04","C26","Chinese","Genuine",0,"Happy 5 CN",5,4,4.125,33,"AU24","action_unit",0,0,0,0,0,0,0,0,0,0,1,0,0,33,0
"E26HA05-04","C26","Chinese","Genuine",0,"Happy 5 CN",5,4,4.125,33,"AU25","action_unit",4,2.66666666666667,1.29099444873581,10.9375,0.909090909090909,1,3.75,3.75,1.25,0.303030303030303,1,0,1,33,0
"E26HA05-04","C26","Chinese","Genuine",0,"Happy 5 CN",5,4,4.125,33,"AU26","action_unit",1,0.272727272727273,0.452267016866646,1.125,0.272727272727273,2,1.125,0.625,0.625,0.151515151515152,1,0,0,33,0
"E26HA05-04","C26","Chinese","Genuine",0,"Happy 5 CN",5,4,4.125,33,"AU27","action_unit",0,0,0,0,0,0,0,0,0,0,1,0,0,33,0
"E26HA05-04","C26","Chinese","Genuine",0,"Happy 5 CN",5,4,4.125,33,"AU43","action_unit",4,2.75757575757576,0.96922336919512,11.0625,1,1,4.125,4.125,2.75,0.666666666666667,0,1,1,33,0
"E26HA06-01","C26","Chinese","Genuine",0,"Happy 6 CN",6,1,5.75,46,"Neutral","emotion",0.439095,0.135569650652174,0.144716405565705,0.747628148125,0,0,0,0,0.625,0.108695652173913,1,0,0,46,0
"E26HA06-01","C26","Chinese","Genuine",0,"Happy 6 CN",6,1,5.75,46,"Happy","emotion",0.9448506,0.714584510217391,0.316817204742536,4.055080806875,0.804347826086957,1,4.625,4.625,3.375,0.58695652173913,1,0,1,46,0
"E26HA06-01","C26","Chinese","Genuine",0,"Happy 6 CN",6,1,5.75,46,"Sad","emotion",0.1030926,0.0182081413913043,0.0291712386318288,0.1004894590625,0,0,0,0,0.5,0.0869565217391304,1,0,0,46,0
"E26HA06-01","C26","Chinese","Genuine",0,"Happy 6 CN",6,1,5.75,46,"Angry","emotion",0.07477401,0.0194935337173913,0.0224577896573474,0.105940792,0,0,0,0,0.125,0.0217391304347826,1,0,0,46,0
"E26HA06-01","C26","Chinese","Genuine",0,"Happy 6 CN",6,1,5.75,46,"Surprised","emotion",0.007911308,0.00278327080434783,0.0021104964360046,0.0156747719375,0,0,0,0,0.375,0.0652173913043478,1,0,0,46,0
"E26HA06-01","C26","Chinese","Genuine",0,"Happy 6 CN",6,1,5.75,46,"Scared","emotion",0.006090201,0.00113296554347826,0.00179148089905271,0.006265114875,0,0,0,0,0.75,0.130434782608696,1,0,0,46,0
"E26HA06-01","C26","Chinese","Genuine",0,"Happy 6 CN",6,1,5.75,46,"Disgusted","emotion",0.1672074,0.0339010161956522,0.0468023237776927,0.183708904375,0,0,0,0,0,0,1,0,0,46,0
"E26HA06-01","C26","Chinese","Genuine",0,"Happy 6 CN",6,1,5.75,46,"Contempt","emotion",0.02887035,0.00330119930434783,0.00478268536645662,0.01682788,0,0,0,0,5.625,0.978260869565217,1,0,0,46,0
"E26HA06-01","C26","Chinese","Genuine",0,"Happy 6 CN",6,1,5.75,46,"AU01","action_unit",0,0,0,0,0,0,0,0,0,0,1,0,0,46,0
"E26HA06-01","C26","Chinese","Genuine",0,"Happy 6 CN",6,1,5.75,46,"AU02","action_unit",0,0,0,0,0,0,0,0,0,0,1,0,0,46,0
"E26HA06-01","C26","Chinese","Genuine",0,"Happy 6 CN",6,1,5.75,46,"AU04","action_unit",1,0.0652173913043478,0.249637418228338,0.375,0.0652173913043478,1,0.375,0.375,0.5,0.0869565217391304,1,0,0,46,0
"E26HA06-01","C26","Chinese","Genuine",0,"Happy 6 CN",6,1,5.75,46,"AU05","action_unit",0,0,0,0,0,0,0,0,0,0,1,0,0,46,0
"E26HA06-01","C26","Chinese","Genuine",0,"Happy 6 CN",6,1,5.75,46,"AU06","action_unit",3,2.54347826086956,0.935866128582514,14.375,0.934782608695652,2,5.375,5,1.25,0.217391304347826,0,1,1,46,0
"E26HA06-01","C26","Chinese","Genuine",0,"Happy 6 CN",6,1,5.75,46,"AU07","action_unit",0,0,0,0,0,0,0,0,0,0,1,0,0,46,0
"E26HA06-01","C26","Chinese","Genuine",0,"Happy 6 CN",6,1,5.75,46,"AU09","action_unit",0,0,0,0,0,0,0,0,0,0,1,0,0,46,0
"E26HA06-01","C26","Chinese","Genuine",0,"Happy 6 CN",6,1,5.75,46,"AU10","action_unit",0,0,0,0,0,0,0,0,0,0,1,0,0,46,0
"E26HA06-01","C26","Chinese","Genuine",0,"Happy 6 CN",6,1,5.75,46,"AU12","action_unit",3,2.19565217391304,1.14735570804043,12.4375,0.826086956521739,1,4.75,4.75,2.375,0.41304347826087,1,0,1,46,0
"E26HA06-01","C26","Chinese","Genuine",0,"Happy 6 CN",6,1,5.75,46,"AU14","action_unit",0,0,0,0,0,0,0,0,0,0,1,0,0,46,0
"E26HA06-01","C26","Chinese","Genuine",0,"Happy 6 CN",6,1,5.75,46,"AU15","action_unit",0,0,0,0,0,0,0,0,0,0,1,0,0,46,0
"E26HA06-01","C26","Chinese","Genuine",0,"Happy 6 CN",6,1,5.75,46,"AU17","action_unit",0,0,0,0,0,0,0,0,0,0,1,0,0,46,0
"E26HA06-01","C26","Chinese","Genuine",0,"Happy 6 CN",6,1,5.75,46,"AU18","action_unit",0,0,0,0,0,0,0,0,0,0,1,0,0,46,0
"E26HA06-01","C26","Chinese","Genuine",0,"Happy 6 CN",6,1,5.75,46,"AU20","action_unit",0,0,0,0,0,0,0,0,0,0,1,0,0,46,0
"E26HA06-01","C26","Chinese","Genuine",0,"Happy 6 CN",6,1,5.75,46,"AU23","action_unit",0,0,0,0,0,0,0,0,0,0,1,0,0,46,0
"E26HA06-01","C26","Chinese","Genuine",0,"Happy 6 CN",6,1,5.75,46,"AU24","action_unit",0,0,0,0,0,0,0,0,0,0,1,0,0,46,0
"E26HA06-01","C26","Chinese","Genuine",0,"Happy 6 CN",6,1,5.75,46,"AU25","action_unit",3,1.56521739130435,1.08836623560359,8.9375,0.804347826086957,1,4.625,4.625,2.875,0.5,1,0,1,46,0
"E26HA06-01","C26","Chinese","Genuine",0,"Happy 6 CN",6,1,5.75,46,"AU26","action_unit",1,0.326086956521739,0.473959577558488,1.875,0.326086956521739,1,1.875,1.875,2.625,0.456521739130435,1,0,0,46,0
"E26HA06-01","C26","Chinese","Genuine",0,"Happy 6 CN",6,1,5.75,46,"AU27","action_unit",0,0,0,0,0,0,0,0,0,0,1,0,0,46,0
"E26HA06-01","C26","Chinese","Genuine",0,"Happy 6 CN",6,1,5.75,46,"AU43","action_unit",4,2.97826086956522,0.774284772039694,16.625,1,1,5.75,5.75,0,0,0,1,1,46,0
"E27HA01-01","C27","Chinese","Genuine",0,"Happy 1 CN",1,1,2.875,23,"Neutral","emotion",0.5976592,0.3475996,0.126031384236323,0.93766865,0.217391304347826,1,0.625,0.625,0,0,0,1,0,23,0
"E27HA01-01","C27","Chinese","Genuine",0,"Happy 1 CN",1,1,2.875,23,"Happy","emotion",0.6355998,0.338282706086957,0.226211904355265,0.9626858405625,0.304347826086957,1,0.875,0.875,2.125,0.739130434782609,1,0,0,23,0
"E27HA01-01","C27","Chinese","Genuine",0,"Happy 1 CN",1,1,2.875,23,"Sad","emotion",0.03337759,0.00935237252173913,0.0113867100365001,0.024172684125,0,0,0,0,0.25,0.0869565217391304,1,0,0,23,0
"E27HA01-01","C27","Chinese","Genuine",0,"Happy 1 CN",1,1,2.875,23,"Angry","emotion",0.3990486,0.297788413043478,0.056898820083383,0.8110393625,0,0,0,0,2.75,0.956521739130435,1,0,0,23,0
"E27HA01-01","C27","Chinese","Genuine",0,"Happy 1 CN",1,1,2.875,23,"Surprised","emotion",0.05039791,0.0320393012608696,0.0137527989026406,0.0902910286875,0,0,0,0,1.375,0.478260869565217,1,0,0,23,0
"E27HA01-01","C27","Chinese","Genuine",0,"Happy 1 CN",1,1,2.875,23,"Scared","emotion",0.02270138,0.0134789306521739,0.00465392239562816,0.0367690104375,0,0,0,0,2.5,0.869565217391304,1,0,0,23,0
"E27HA01-01","C27","Chinese","Genuine",0,"Happy 1 CN",1,1,2.875,23,"Disgusted","emotion",0.002781352,0.00117350630434783,0.000599590721693135,0.00325988725,0,0,0,0,0.5,0.173913043478261,1,0,0,23,0
"E27HA01-01","C27","Chinese","Genuine",0,"Happy 1 CN",1,1,2.875,23,"Contempt","emotion",0.002254536,0.00138723591304348,0.000488000134214299,0.003860548375,0,0,0,0,1.375,0.478260869565217,1,0,0,23,0
"E27HA01-01","C27","Chinese","Genuine",0,"Happy 1 CN",1,1,2.875,23,"AU01","action_unit",0,0,0,0,0,0,0,0,0,0,1,0,0,23,0
"E27HA01-01","C27","Chinese","Genuine",0,"Happy 1 CN",1,1,2.875,23,"AU02","action_unit",0,0,0,0,0,0,0,0,0,0,1,0,0,23,0
"E27HA01-01","C27","Chinese","Genuine",0,"Happy 1 CN",1,1,2.875,23,"AU04","action_unit",0,0,0,0,0,0,0,0,0,0,1,0,0,23,0
"E27HA01-01","C27","Chinese","Genuine",0,"Happy 1 CN",1,1,2.875,23,"AU05","action_unit",0,0,0,0,0,0,0,0,0,0,1,0,0,23,0
"E27HA01-01","C27","Chinese","Genuine",0,"Happy 1 CN",1,1,2.875,23,"AU06","action_unit",0,0,0,0,0,0,0,0,0,0,1,0,0,23,0
"E27HA01-01","C27","Chinese","Genuine",0,"Happy 1 CN",1,1,2.875,23,"AU07","action_unit",0,0,0,0,0,0,0,0,0,0,1,0,0,23,0
"E27HA01-01","C27","Chinese","Genuine",0,"Happy 1 CN",1,1,2.875,23,"AU09","action_unit",0,0,0,0,0,0,0,0,0,0,1,0,0,23,0
"E27HA01-01","C27","Chinese","Genuine",0,"Happy 1 CN",1,1,2.875,23,"AU10","action_unit",0,0,0,0,0,0,0,0,0,0,1,0,0,23,0
"E27HA01-01","C27","Chinese","Genuine",0,"Happy 1 CN",1,1,2.875,23,"AU12","action_unit",1,0.608695652173913,0.499010879347845,1.6875,0.608695652173913,1,1.75,1.75,1.125,0.391304347826087,1,0,1,23,0
"E27HA01-01","C27","Chinese","Genuine",0,"Happy 1 CN",1,1,2.875,23,"AU14","action_unit",0,0,0,0,0,0,0,0,0,0,1,0,0,23,0
"E27HA01-01","C27","Chinese","Genuine",0,"Happy 1 CN",1,1,2.875,23,"AU15","action_unit",0,0,0,0,0,0,0,0,0,0,1,0,0,23,0
"E27HA01-01","C27","Chinese","Genuine",0,"Happy 1 CN",1,1,2.875,23,"AU17","action_unit",0,0,0,0,0,0,0,0,0,0,1,0,0,23,0
"E27HA01-01","C27","Chinese","Genuine",0,"Happy 1 CN",1,1,2.875,23,"AU18","action_unit",0,0,0,0,0,0,0,0,0,0,1,0,0,23,0
"E27HA01-01","C27","Chinese","Genuine",0,"Happy 1 CN",1,1,2.875,23,"AU20","action_unit",0,0,0,0,0,0,0,0,0,0,1,0,0,23,0
"E27HA01-01","C27","Chinese","Genuine",0,"Happy 1 CN",1,1,2.875,23,"AU23","action_unit",0,0,0,0,0,0,0,0,0,0,1,0,0,23,0
"E27HA01-01","C27","Chinese","Genuine",0,"Happy 1 CN",1,1,2.875,23,"AU24","action_unit",0,0,0,0,0,0,0,0,0,0,1,0,0,23,0
"E27HA01-01","C27","Chinese","Genuine",0,"Happy 1 CN",1,1,2.875,23,"AU25","action_unit",0,0,0,0,0,0,0,0,0,0,1,0,0,23,0
"E27HA01-01","C27","Chinese","Genuine",0,"Happy 1 CN",1,1,2.875,23,"AU26","action_unit",0,0,0,0,0,0,0,0,0,0,1,0,0,23,0
"E27HA01-01","C27","Chinese","Genuine",0,"Happy 1 CN",1,1,2.875,23,"AU27","action_unit",0,0,0,0,0,0,0,0,0,0,1,0,0,23,0
"E27HA01-01","C27","Chinese","Genuine",0,"Happy 1 CN",1,1,2.875,23,"AU43","action_unit",0,0,0,0,0,0,0,0,0,0,1,0,0,23,0
"E27HA02-07","C27","Chinese","Genuine",0,"Happy 2 CN",2,7,4.125,33,"Neutral","emotion",0.3614464,0.222824357575758,0.0605945053165303,0.88058121875,0,0,0,0,0.125,0.0303030303030303,1,0,0,33,0
"E27HA02-07","C27","Chinese","Genuine",0,"Happy 2 CN",2,7,4.125,33,"Happy","emotion",0.7108654,0.523936015757576,0.1948968552702,2.129227495625,0.727272727272727,1,3,3,1.375,0.333333333333333,1,0,0,33,0
"E27HA02-07","C27","Chinese","Genuine",0,"Happy 2 CN",2,7,4.125,33,"Sad","emotion",0.006861942,0.00151561760606061,0.00161085814982744,0.0059529626875,0,0,0,0,2.875,0.696969696969697,1,0,0,33,0
"E27HA02-07","C27","Chinese","Genuine",0,"Happy 2 CN",2,7,4.125,33,"Angry","emotion",0.4361973,0.395109009090909,0.0238712852608443,1.58109635625,0,0,0,0,3.5,0.848484848484849,1,0,0,33,0
"E27HA02-07","C27","Chinese","Genuine",0,"Happy 2 CN",2,7,4.125,33,"Surprised","emotion",0.05434907,0.0306123515151515,0.0111970955899572,0.121119378125,0,0,0,0,0.25,0.0606060606060606,1,0,0,33,0
"E27HA02-07","C27","Chinese","Genuine",0,"Happy 2 CN",2,7,4.125,33,"Scared","emotion",0.07239655,0.0192928422424242,0.0187167657233867,0.074113273,0,0,0,0,0,0,1,0,0,33,0
"E27HA02-07","C27","Chinese","Genuine",0,"Happy 2 CN",2,7,4.125,33,"Disgusted","emotion",0.009294148,0.00166065327272727,0.00200641118188542,0.0067287915625,0,0,0,0,2.875,0.696969696969697,1,0,0,33,0
"E27HA02-07","C27","Chinese","Genuine",0,"Happy 2 CN",2,7,4.125,33,"Contempt","emotion",0.002230218,0.000921808757575758,0.000629456218021805,0.0036794758125,0,0,0,0,2.875,0.696969696969697,1,0,0,33,0
"E27HA02-07","C27","Chinese","Genuine",0,"Happy 2 CN",2,7,4.125,33,"AU01","action_unit",0,0,0,0,0,0,0,0,0,0,1,0,0,33,0
"E27HA02-07","C27","Chinese","Genuine",0,"Happy 2 CN",2,7,4.125,33,"AU02","action_unit",0,0,0,0,0,0,0,0,0,0,1,0,0,33,0
"E27HA02-07","C27","Chinese","Genuine",0,"Happy 2 CN",2,7,4.125,33,"AU04","action_unit",0,0,0,0,0,0,0,0,0,0,1,0,0,33,0
"E27HA02-07","C27","Chinese","Genuine",0,"Happy 2 CN",2,7,4.125,33,"AU05","action_unit",1,0.0909090909090909,0.291937104060571,0.375,0.0909090909090909,1,0.375,0.375,3.625,0.878787878787879,1,0,0,33,0
"E27HA02-07","C27","Chinese","Genuine",0,"Happy 2 CN",2,7,4.125,33,"AU06","action_unit",0,0,0,0,0,0,0,0,0,0,1,0,0,33,0
"E27HA02-07","C27","Chinese","Genuine",0,"Happy 2 CN",2,7,4.125,33,"AU07","action_unit",0,0,0,0,0,0,0,0,0,0,1,0,0,33,0
"E27HA02-07","C27","Chinese","Genuine",0,"Happy 2 CN",2,7,4.125,33,"AU09","action_unit",0,0,0,0,0,0,0,0,0,0,1,0,0,33,0
"E27HA02-07","C27","Chinese","Genuine",0,"Happy 2 CN",2,7,4.125,33,"AU10","action_unit",0,0,0,0,0,0,0,0,0,0,1,0,0,33,0
"E27HA02-07","C27","Chinese","Genuine",0,"Happy 2 CN",2,7,4.125,33,"AU12","action_unit",1,0.818181818181818,0.39167472590032,3.3125,0.818181818181818,1,3.375,3.375,0.75,0.181818181818182,1,0,1,33,0
"E27HA02-07","C27","Chinese","Genuine",0,"Happy 2 CN",2,7,4.125,33,"AU14","action_unit",0,0,0,0,0,0,0,0,0,0,1,0,0,33,0
"E27HA02-07","C27","Chinese","Genuine",0,"Happy 2 CN",2,7,4.125,33,"AU15","action_unit",0,0,0,0,0,0,0,0,0,0,1,0,0,33,0
"E27HA02-07","C27","Chinese","Genuine",0,"Happy 2 CN",2,7,4.125,33,"AU17","action_unit",0,0,0,0,0,0,0,0,0,0,1,0,0,33,0
"E27HA02-07","C27","Chinese","Genuine",0,"Happy 2 CN",2,7,4.125,33,"AU18","action_unit",0,0,0,0,0,0,0,0,0,0,1,0,0,33,0
"E27HA02-07","C27","Chinese","Genuine",0,"Happy 2 CN",2,7,4.125,33,"AU20","action_unit",0,0,0,0,0,0,0,0,0,0,1,0,0,33,0
"E27HA02-07","C27","Chinese","Genuine",0,"Happy 2 CN",2,7,4.125,33,"AU23","action_unit",0,0,0,0,0,0,0,0,0,0,1,0,0,33,0
"E27HA02-07","C27","Chinese","Genuine",0,"Happy 2 CN",2,7,4.125,33,"AU24","action_unit",0,0,0,0,0,0,0,0,0,0,1,0,0,33,0
"E27HA02-07","C27","Chinese","Genuine",0,"Happy 2 CN",2,7,4.125,33,"AU25","action_unit",2,1.27272727272727,0.452267016866646,5.0625,1,1,4.125,4.125,0,0,0,1,1,33,0
"E27HA02-07","C27","Chinese","Genuine",0,"Happy 2 CN",2,7,4.125,33,"AU26","action_unit",0,0,0,0,0,0,0,0,0,0,1,0,0,33,0
"E27HA02-07","C27","Chinese","Genuine",0,"Happy 2 CN",2,7,4.125,33,"AU27","action_unit",0,0,0,0,0,0,0,0,0,0,1,0,0,33,0
"E27HA02-07","C27","Chinese","Genuine",0,"Happy 2 CN",2,7,4.125,33,"AU43","action_unit",2,0.454545454545455,0.616994180022647,1.875,0.393939393939394,1,1.625,1.625,2.875,0.696969696969697,1,0,0,33,0
"E27HA03-02","C27","Chinese","Genuine",0,"Happy 3 CN",3,2,7.5,60,"Neutral","emotion",0.416316,0.313068986666667,0.0604758030802808,2.3145044125,0,0,0,0,1.5,0.2,1,0,0,60,0
"E27HA03-02","C27","Chinese","Genuine",0,"Happy 3 CN",3,2,7.5,60,"Happy","emotion",0.5871776,0.200944703333333,0.213736826760317,1.50516044675,0.166666666666667,1,1.25,1.25,5.125,0.683333333333333,1,0,0,60,0
"E27HA03-02","C27","Chinese","Genuine",0,"Happy 3 CN",3,2,7.5,60,"Sad","emotion",0.6408465,0.0425270302333333,0.120027924017335,0.2784986301875,0.0333333333333333,1,0.25,0.25,0,0,0,1,0,60,0
"E27HA03-02","C27","Chinese","Genuine",0,"Happy 3 CN",3,2,7.5,60,"Angry","emotion",0.5311161,0.336155766666667,0.148185205206652,2.4806168,0.183333333333333,4,1.375,0.5,2.625,0.35,1,0,1,60,0
"E27HA03-02","C27","Chinese","Genuine",0,"Happy 3 CN",3,2,7.5,60,"Surprised","emotion",0.0708323,0.0426434973333333,0.0185684308956917,0.3176491728125,0,0,0,0,6.125,0.816666666666667,1,0,0,60,0
"E27HA03-02","C27","Chinese","Genuine",0,"Happy 3 CN",3,2,7.5,60,"Scared","emotion",0.04466106,0.0253811478333333,0.0102550806370635,0.187555055625,0,0,0,0,2.875,0.383333333333333,1,0,0,60,0
"E27HA03-02","C27","Chinese","Genuine",0,"Happy 3 CN",3,2,7.5,60,"Disgusted","emotion",0.005748643,0.0017502093,0.00130019087625343,0.012675781625,0,0,0,0,0,0,1,0,0,60,0
"E27HA03-02","C27","Chinese","Genuine",0,"Happy 3 CN",3,2,7.5,60,"Contempt","emotion",0.005982286,0.00122043708333333,0.00112213874448914,0.009106332,0,0,0,0,3.25,0.433333333333333,1,0,0,60,0
"E27HA03-02","C27","Chinese","Genuine",0,"Happy 3 CN",3,2,7.5,60,"AU01","action_unit",0,0,0,0,0,0,0,0,0,0,1,0,0,60,0
"E27HA03-02","C27","Chinese","Genuine",0,"Happy 3 CN",3,2,7.5,60,"AU02","action_unit",0,0,0,0,0,0,0,0,0,0,1,0,0,60,0
"E27HA03-02","C27","Chinese","Genuine",0,"Happy 3 CN",3,2,7.5,60,"AU04","action_unit",0,0,0,0,0,0,0,0,0,0,1,0,0,60,0
"E27HA03-02","C27","Chinese","Genuine",0,"Happy 3 CN",3,2,7.5,60,"AU05","action_unit",1,0.183333333333333,0.390204929499424,1.375,0.183333333333333,1,1.375,1.375,2.75,0.366666666666667,1,0,0,60,0
"E27HA03-02","C27","Chinese","Genuine",0,"Happy 3 CN",3,2,7.5,60,"AU06","action_unit",0,0,0,0,0,0,0,0,0,0,1,0,0,60,0
"E27HA03-02","C27","Chinese","Genuine",0,"Happy 3 CN",3,2,7.5,60,"AU07","action_unit",0,0,0,0,0,0,0,0,0,0,1,0,0,60,0
"E27HA03-02","C27","Chinese","Genuine",0,"Happy 3 CN",3,2,7.5,60,"AU09","action_unit",0,0,0,0,0,0,0,0,0,0,1,0,0,60,0
"E27HA03-02","C27","Chinese","Genuine",0,"Happy 3 CN",3,2,7.5,60,"AU10","action_unit",0,0,0,0,0,0,0,0,0,0,1,0,0,60,0
"E27HA03-02","C27","Chinese","Genuine",0,"Happy 3 CN",3,2,7.5,60,"AU12","action_unit",2,0.733333333333333,0.799717464232756,5.5,0.516666666666667,1,3.875,3.875,4.5,0.6,1,0,0,60,0
"E27HA03-02","C27","Chinese","Genuine",0,"Happy 3 CN",3,2,7.5,60,"AU14","action_unit",0,0,0,0,0,0,0,0,0,0,1,0,0,60,0
"E27HA03-02","C27","Chinese","Genuine",0,"Happy 3 CN",3,2,7.5,60,"AU15","action_unit",0,0,0,0,0,0,0,0,0,0,1,0,0,60,0
"E27HA03-02","C27","Chinese","Genuine",0,"Happy 3 CN",3,2,7.5,60,"AU17","action_unit",0,0,0,0,0,0,0,0,0,0,1,0,0,60,0
"E27HA03-02","C27","Chinese","Genuine",0,"Happy 3 CN",3,2,7.5,60,"AU18","action_unit",0,0,0,0,0,0,0,0,0,0,1,0,0,60,0
"E27HA03-02","C27","Chinese","Genuine",0,"Happy 3 CN",3,2,7.5,60,"AU20","action_unit",0,0,0,0,0,0,0,0,0,0,1,0,0,60,0
"E27HA03-02","C27","Chinese","Genuine",0,"Happy 3 CN",3,2,7.5,60,"AU23","action_unit",0,0,0,0,0,0,0,0,0,0,1,0,0,60,0
"E27HA03-02","C27","Chinese","Genuine",0,"Happy 3 CN",3,2,7.5,60,"AU24","action_unit",0,0,0,0,0,0,0,0,0,0,1,0,0,60,0
"E27HA03-02","C27","Chinese","Genuine",0,"Happy 3 CN",3,2,7.5,60,"AU25","action_unit",1,0.1,0.302531690453766,0.75,0.1,2,0.75,0.5,4.875,0.65,1,0,0,60,0
"E27HA03-02","C27","Chinese","Genuine",0,"Happy 3 CN",3,2,7.5,60,"AU26","action_unit",0,0,0,0,0,0,0,0,0,0,1,0,0,60,0
"E27HA03-02","C27","Chinese","Genuine",0,"Happy 3 CN",3,2,7.5,60,"AU27","action_unit",0,0,0,0,0,0,0,0,0,0,1,0,0,60,0
"E27HA03-02","C27","Chinese","Genuine",0,"Happy 3 CN",3,2,7.5,60,"AU43","action_unit",5,0.583333333333334,1.18309657852784,4.0625,0.266666666666667,1,2,2,0,0,0,1,0,60,0
"E27HA04-02","C27","Chinese","Genuine",0,"Happy 4 CN",4,2,7.375,59,"Neutral","emotion",0.610105,0.452274415254237,0.120137369957439,3.2807992625,0.423728813559322,3,3.125,2.875,2.25,0.305084745762712,1,0,0,59,0
"E27HA04-02","C27","Chinese","Genuine",0,"Happy 4 CN",4,2,7.375,59,"Happy","emotion",0.6524346,0.145912249322034,0.209884388908804,1.0755368944375,0.135593220338983,1,1,1,4.75,0.64406779661017,1,0,0,59,0
"E27HA04-02","C27","Chinese","Genuine",0,"Happy 4 CN",4,2,7.375,59,"Sad","emotion",0.1021507,0.0215475686101695,0.0199834814020505,0.1501249035,0,0,0,0,7.25,0.983050847457627,1,0,0,59,0
"E27HA04-02","C27","Chinese","Genuine",0,"Happy 4 CN",4,2,7.375,59,"Angry","emotion",0.4413047,0.28271139661017,0.0618014882478847,2.03844053125,0,0,0,0,0,0,1,0,0,59,0
"E27HA04-02","C27","Chinese","Genuine",0,"Happy 4 CN",4,2,7.375,59,"Surprised","emotion",0.03039121,0.0177356698644068,0.00671994027295081,0.1293751710625,0,0,0,0,5.25,0.711864406779661,1,0,0,59,0
"E27HA04-02","C27","Chinese","Genuine",0,"Happy 4 CN",4,2,7.375,59,"Scared","emotion",0.04571585,0.030662323220339,0.00670726623668598,0.2237587925,0,0,0,0,3.875,0.525423728813559,1,0,0,59,0
"E27HA04-02","C27","Chinese","Genuine",0,"Happy 4 CN",4,2,7.375,59,"Disgusted","emotion",0.01830117,0.00261801730508475,0.00342211421589717,0.0191772268125,0,0,0,0,5.875,0.796610169491525,1,0,0,59,0
"E27HA04-02","C27","Chinese","Genuine",0,"Happy 4 CN",4,2,7.375,59,"Contempt","emotion",0.002021648,0.000889141830508475,0.000497386878410772,0.00654535075,0,0,0,0,2.75,0.372881355932203,1,0,0,59,0
"E27HA04-02","C27","Chinese","Genuine",0,"Happy 4 CN",4,2,7.375,59,"AU01","action_unit",0,0,0,0,0,0,0,0,0,0,1,0,0,59,0
"E27HA04-02","C27","Chinese","Genuine",0,"Happy 4 CN",4,2,7.375,59,"AU02","action_unit",0,0,0,0,0,0,0,0,0,0,1,0,0,59,0
"E27HA04-02","C27","Chinese","Genuine",0,"Happy 4 CN",4,2,7.375,59,"AU04","action_unit",0,0,0,0,0,0,0,0,0,0,1,0,0,59,0
"E27HA04-02","C27","Chinese","Genuine",0,"Happy 4 CN",4,2,7.375,59,"AU05","action_unit",0,0,0,0,0,0,0,0,0,0,1,0,0,59,0
"E27HA04-02","C27","Chinese","Genuine",0,"Happy 4 CN",4,2,7.375,59,"AU06","action_unit",0,0,0,0,0,0,0,0,0,0,1,0,0,59,0
"E27HA04-02","C27","Chinese","Genuine",0,"Happy 4 CN",4,2,7.375,59,"AU07","action_unit",0,0,0,0,0,0,0,0,0,0,1,0,0,59,0
"E27HA04-02","C27","Chinese","Genuine",0,"Happy 4 CN",4,2,7.375,59,"AU09","action_unit",0,0,0,0,0,0,0,0,0,0,1,0,0,59,0
"E27HA04-02","C27","Chinese","Genuine",0,"Happy 4 CN",4,2,7.375,59,"AU10","action_unit",0,0,0,0,0,0,0,0,0,0,1,0,0,59,0
"E27HA04-02","C27","Chinese","Genuine",0,"Happy 4 CN",4,2,7.375,59,"AU12","action_unit",2,0.355932203389831,0.636875775913217,2.625,0.271186440677966,1,2,2,4.5,0.610169491525424,1,0,0,59,0
"E27HA04-02","C27","Chinese","Genuine",0,"Happy 4 CN",4,2,7.375,59,"AU14","action_unit",0,0,0,0,0,0,0,0,0,0,1,0,0,59,0
"E27HA04-02","C27","Chinese","Genuine",0,"Happy 4 CN",4,2,7.375,59,"AU15","action_unit",1,0.0338983050847458,0.182520824972938,0.1875,0.0338983050847458,1,0.25,0.25,0,0,0,1,0,59,0
"E27HA04-02","C27","Chinese","Genuine",0,"Happy 4 CN",4,2,7.375,59,"AU17","action_unit",0,0,0,0,0,0,0,0,0,0,1,0,0,59,0
"E27HA04-02","C27","Chinese","Genuine",0,"Happy 4 CN",4,2,7.375,59,"AU18","action_unit",0,0,0,0,0,0,0,0,0,0,1,0,0,59,0
"E27HA04-02","C27","Chinese","Genuine",0,"Happy 4 CN",4,2,7.375,59,"AU20","action_unit",0,0,0,0,0,0,0,0,0,0,1,0,0,59,0
"E27HA04-02","C27","Chinese","Genuine",0,"Happy 4 CN",4,2,7.375,59,"AU23","action_unit",0,0,0,0,0,0,0,0,0,0,1,0,0,59,0
"E27HA04-02","C27","Chinese","Genuine",0,"Happy 4 CN",4,2,7.375,59,"AU24","action_unit",0,0,0,0,0,0,0,0,0,0,1,0,0,59,0
"E27HA04-02","C27","Chinese","Genuine",0,"Happy 4 CN",4,2,7.375,59,"AU25","action_unit",0,0,0,0,0,0,0,0,0,0,1,0,0,59,0
"E27HA04-02","C27","Chinese","Genuine",0,"Happy 4 CN",4,2,7.375,59,"AU26","action_unit",0,0,0,0,0,0,0,0,0,0,1,0,0,59,0
"E27HA04-02","C27","Chinese","Genuine",0,"Happy 4 CN",4,2,7.375,59,"AU27","action_unit",0,0,0,0,0,0,0,0,0,0,1,0,0,59,0
"E27HA04-02","C27","Chinese","Genuine",0,"Happy 4 CN",4,2,7.375,59,"AU43","action_unit",3,0.389830508474576,0.695228792719058,2.8125,0.288135593220339,2,2.125,1.625,5.875,0.796610169491525,1,0,1,59,0
"E27HA05-02","C27","Chinese","Genuine",0,"Happy 5 CN",5,2,2.625,21,"Neutral","emotion",0.412623,0.394144419047619,0.0184597648357345,0.98734725,0,0,0,0,0.875,0.333333333333333,1,0,0,21,0
"E27HA05-02","C27","Chinese","Genuine",0,"Happy 5 CN",5,2,2.625,21,"Happy","emotion",0.1399179,0.0831426845714286,0.0480804077717581,0.2146584303125,0,0,0,0,2,0.761904761904762,1,0,0,21,0
"E27HA05-02","C27","Chinese","Genuine",0,"Happy 5 CN",5,2,2.625,21,"Sad","emotion",0.07275374,0.0285548309047619,0.021972866546183,0.06932385175,0,0,0,0,0,0,1,0,0,21,0
"E27HA05-02","C27","Chinese","Genuine",0,"Happy 5 CN",5,2,2.625,21,"Angry","emotion",0.5017267,0.377890261904762,0.0475988549384171,0.9402659875,0.0476190476190476,1,0.125,0.125,2.5,0.952380952380952,1,0,1,21,0
"E27HA05-02","C27","Chinese","Genuine",0,"Happy 5 CN",5,2,2.625,21,"Surprised","emotion",0.0207225,0.0114328651904762,0.00580180110778401,0.028714965125,0,0,0,0,2.125,0.80952380952381,1,0,0,21,0
"E27HA05-02","C27","Chinese","Genuine",0,"Happy 5 CN",5,2,2.625,21,"Scared","emotion",0.06169253,0.0399854928571429,0.0111251491243426,0.10101062,0,0,0,0,2.25,0.857142857142857,1,0,0,21,0
"E27HA05-02","C27","Chinese","Genuine",0,"Happy 5 CN",5,2,2.625,21,"Disgusted","emotion",0.007773537,0.00453227576190476,0.00145487673099001,0.0114268525,0,0,0,0,0.875,0.333333333333333,1,0,0,21,0
"E27HA05-02","C27","Chinese","Genuine",0,"Happy 5 CN",5,2,2.625,21,"Contempt","emotion",0.001957614,0.000982330714285714,0.000455833477073936,0.00248653425,0,0,0,0,2.25,0.857142857142857,1,0,0,21,0
"E27HA05-02","C27","Chinese","Genuine",0,"Happy 5 CN",5,2,2.625,21,"AU01","action_unit",0,0,0,0,0,0,0,0,0,0,1,0,0,21,0
"E27HA05-02","C27","Chinese","Genuine",0,"Happy 5 CN",5,2,2.625,21,"AU02","action_unit",0,0,0,0,0,0,0,0,0,0,1,0,0,21,0
"E27HA05-02","C27","Chinese","Genuine",0,"Happy 5 CN",5,2,2.625,21,"AU04","action_unit",0,0,0,0,0,0,0,0,0,0,1,0,0,21,0
"E27HA05-02","C27","Chinese","Genuine",0,"Happy 5 CN",5,2,2.625,21,"AU05","action_unit",0,0,0,0,0,0,0,0,0,0,1,0,0,21,0
"E27HA05-02","C27","Chinese","Genuine",0,"Happy 5 CN",5,2,2.625,21,"AU06","action_unit",0,0,0,0,0,0,0,0,0,0,1,0,0,21,0
"E27HA05-02","C27","Chinese","Genuine",0,"Happy 5 CN",5,2,2.625,21,"AU07","action_unit",0,0,0,0,0,0,0,0,0,0,1,0,0,21,0
"E27HA05-02","C27","Chinese","Genuine",0,"Happy 5 CN",5,2,2.625,21,"AU09","action_unit",0,0,0,0,0,0,0,0,0,0,1,0,0,21,0
"E27HA05-02","C27","Chinese","Genuine",0,"Happy 5 CN",5,2,2.625,21,"AU10","action_unit",0,0,0,0,0,0,0,0,0,0,1,0,0,21,0
"E27HA05-02","C27","Chinese","Genuine",0,"Happy 5 CN",5,2,2.625,21,"AU12","action_unit",0,0,0,0,0,0,0,0,0,0,1,0,0,21,0
"E27HA05-02","C27","Chinese","Genuine",0,"Happy 5 CN",5,2,2.625,21,"AU14","action_unit",0,0,0,0,0,0,0,0,0,0,1,0,0,21,0
"E27HA05-02","C27","Chinese","Genuine",0,"Happy 5 CN",5,2,2.625,21,"AU15","action_unit",0,0,0,0,0,0,0,0,0,0,1,0,0,21,0
"E27HA05-02","C27","Chinese","Genuine",0,"Happy 5 CN",5,2,2.625,21,"AU17","action_unit",0,0,0,0,0,0,0,0,0,0,1,0,0,21,0
"E27HA05-02","C27","Chinese","Genuine",0,"Happy 5 CN",5,2,2.625,21,"AU18","action_unit",0,0,0,0,0,0,0,0,0,0,1,0,0,21,0
"E27HA05-02","C27","Chinese","Genuine",0,"Happy 5 CN",5,2,2.625,21,"AU20","action_unit",0,0,0,0,0,0,0,0,0,0,1,0,0,21,0
"E27HA05-02","C27","Chinese","Genuine",0,"Happy 5 CN",5,2,2.625,21,"AU23","action_unit",0,0,0,0,0,0,0,0,0,0,1,0,0,21,0
"E27HA05-02","C27","Chinese","Genuine",0,"Happy 5 CN",5,2,2.625,21,"AU24","action_unit",0,0,0,0,0,0,0,0,0,0,1,0,0,21,0
"E27HA05-02","C27","Chinese","Genuine",0,"Happy 5 CN",5,2,2.625,21,"AU25","action_unit",0,0,0,0,0,0,0,0,0,0,1,0,0,21,0
"E27HA05-02","C27","Chinese","Genuine",0,"Happy 5 CN",5,2,2.625,21,"AU26","action_unit",0,0,0,0,0,0,0,0,0,0,1,0,0,21,0
"E27HA05-02","C27","Chinese","Genuine",0,"Happy 5 CN",5,2,2.625,21,"AU27","action_unit",0,0,0,0,0,0,0,0,0,0,1,0,0,21,0
"E27HA05-02","C27","Chinese","Genuine",0,"Happy 5 CN",5,2,2.625,21,"AU43","action_unit",1,0.476190476190476,0.511766315719159,1.1875,0.476190476190476,1,1.25,1.25,0,0,0,1,0,21,0
"E27HA07-01","C27","Chinese","Genuine",0,"Happy 7 CN",7,1,3.75,30,"Neutral","emotion",0.5626073,0.51306479,0.0467367388933193,1.86574106875,0.733333333333333,2,2.75,2.625,2.25,0.6,0,1,0,30,0
"E27HA07-01","C27","Chinese","Genuine",0,"Happy 7 CN",7,1,3.75,30,"Happy","emotion",0.0506052,0.0174496825333333,0.0176918590427187,0.0653615485625,0,0,0,0,1.5,0.4,1,0,0,30,0
"E27HA07-01","C27","Chinese","Genuine",0,"Happy 7 CN",7,1,3.75,30,"Sad","emotion",0.1398897,0.049343819,0.0436055826440924,0.17320537375,0,0,0,0,3.25,0.866666666666667,1,0,0,30,0
"E27HA07-01","C27","Chinese","Genuine",0,"Happy 7 CN",7,1,3.75,30,"Angry","emotion",0.3639362,0.28505288,0.0293772092645185,1.0268140625,0,0,0,0,0,0,1,0,0,30,0
"E27HA07-01","C27","Chinese","Genuine",0,"Happy 7 CN",7,1,3.75,30,"Surprised","emotion",0.017819,0.0117051173666667,0.00399126658055202,0.0429006746875,0,0,0,0,1.125,0.3,1,0,0,30,0
"E27HA07-01","C27","Chinese","Genuine",0,"Happy 7 CN",7,1,3.75,30,"Scared","emotion",0.04163533,0.0268164866666667,0.009735170677165,0.09870818125,0,0,0,0,1.375,0.366666666666667,1,0,0,30,0
"E27HA07-01","C27","Chinese","Genuine",0,"Happy 7 CN",7,1,3.75,30,"Disgusted","emotion",0.01119349,0.00343763786666667,0.00240756327516056,0.0126626278125,0,0,0,0,3.125,0.833333333333333,1,0,0,30,0
"E27HA07-01","C27","Chinese","Genuine",0,"Happy 7 CN",7,1,3.75,30,"Contempt","emotion",0.006650259,0.00276024263333333,0.0021877628640587,0.010301059375,0,0,0,0,1.375,0.366666666666667,1,0,0,30,0
"E27HA07-01","C27","Chinese","Genuine",0,"Happy 7 CN",7,1,3.75,30,"AU01","action_unit",0,0,0,0,0,0,0,0,0,0,1,0,0,30,0
"E27HA07-01","C27","Chinese","Genuine",0,"Happy 7 CN",7,1,3.75,30,"AU02","action_unit",0,0,0,0,0,0,0,0,0,0,1,0,0,30,0
"E27HA07-01","C27","Chinese","Genuine",0,"Happy 7 CN",7,1,3.75,30,"AU04","action_unit",0,0,0,0,0,0,0,0,0,0,1,0,0,30,0
"E27HA07-01","C27","Chinese","Genuine",0,"Happy 7 CN",7,1,3.75,30,"AU05","action_unit",0,0,0,0,0,0,0,0,0,0,1,0,0,30,0
"E27HA07-01","C27","Chinese","Genuine",0,"Happy 7 CN",7,1,3.75,30,"AU06","action_unit",0,0,0,0,0,0,0,0,0,0,1,0,0,30,0
"E27HA07-01","C27","Chinese","Genuine",0,"Happy 7 CN",7,1,3.75,30,"AU07","action_unit",0,0,0,0,0,0,0,0,0,0,1,0,0,30,0
"E27HA07-01","C27","Chinese","Genuine",0,"Happy 7 CN",7,1,3.75,30,"AU09","action_unit",0,0,0,0,0,0,0,0,0,0,1,0,0,30,0
"E27HA07-01","C27","Chinese","Genuine",0,"Happy 7 CN",7,1,3.75,30,"AU10","action_unit",0,0,0,0,0,0,0,0,0,0,1,0,0,30,0
"E27HA07-01","C27","Chinese","Genuine",0,"Happy 7 CN",7,1,3.75,30,"AU12","action_unit",0,0,0,0,0,0,0,0,0,0,1,0,0,30,0
"E27HA07-01","C27","Chinese","Genuine",0,"Happy 7 CN",7,1,3.75,30,"AU14","action_unit",0,0,0,0,0,0,0,0,0,0,1,0,0,30,0
"E27HA07-01","C27","Chinese","Genuine",0,"Happy 7 CN",7,1,3.75,30,"AU15","action_unit",1,0.166666666666667,0.379049021789452,0.5625,0.166666666666667,1,0.625,0.625,0,0,0,1,0,30,0
"E27HA07-01","C27","Chinese","Genuine",0,"Happy 7 CN",7,1,3.75,30,"AU17","action_unit",0,0,0,0,0,0,0,0,0,0,1,0,0,30,0
"E27HA07-01","C27","Chinese","Genuine",0,"Happy 7 CN",7,1,3.75,30,"AU18","action_unit",0,0,0,0,0,0,0,0,0,0,1,0,0,30,0
"E27HA07-01","C27","Chinese","Genuine",0,"Happy 7 CN",7,1,3.75,30,"AU20","action_unit",0,0,0,0,0,0,0,0,0,0,1,0,0,30,0
"E27HA07-01","C27","Chinese","Genuine",0,"Happy 7 CN",7,1,3.75,30,"AU23","action_unit",0,0,0,0,0,0,0,0,0,0,1,0,0,30,0
"E27HA07-01","C27","Chinese","Genuine",0,"Happy 7 CN",7,1,3.75,30,"AU24","action_unit",0,0,0,0,0,0,0,0,0,0,1,0,0,30,0
"E27HA07-01","C27","Chinese","Genuine",0,"Happy 7 CN",7,1,3.75,30,"AU25","action_unit",0,0,0,0,0,0,0,0,0,0,1,0,0,30,0
"E27HA07-01","C27","Chinese","Genuine",0,"Happy 7 CN",7,1,3.75,30,"AU26","action_unit",0,0,0,0,0,0,0,0,0,0,1,0,0,30,0
"E27HA07-01","C27","Chinese","Genuine",0,"Happy 7 CN",7,1,3.75,30,"AU27","action_unit",0,0,0,0,0,0,0,0,0,0,1,0,0,30,0
"E27HA07-01","C27","Chinese","Genuine",0,"Happy 7 CN",7,1,3.75,30,"AU43","action_unit",2,0.3,0.651258728182957,1.0625,0.2,1,0.75,0.75,3.125,0.833333333333333,1,0,1,30,0
"E28HA01-01","C28","Chinese","Genuine",0,"Happy 1 CN",1,1,9,72,"Neutral","emotion",0.395506,0.0364912737638889,0.0810770742631629,0.299040487,0,0,0,0,0,0,1,0,0,72,0
"E28HA01-01","C28","Chinese","Genuine",0,"Happy 1 CN",1,1,9,72,"Happy","emotion",0.9962139,0.937096016666667,0.131114539857689,8.356240175,0.958333333333333,1,8.625,8.625,6.5,0.722222222222222,1,0,1,72,0
"E28HA01-01","C28","Chinese","Genuine",0,"Happy 1 CN",1,1,9,72,"Sad","emotion",0.1063439,0.0138003887916667,0.0283311704569678,0.113141456,0,0,0,0,0,0,1,0,0,72,0
"E28HA01-01","C28","Chinese","Genuine",0,"Happy 1 CN",1,1,9,72,"Angry","emotion",0.1276225,0.00940540058333333,0.0258503818407721,0.0774868578125,0,0,0,0,0.125,0.0138888888888889,1,0,0,72,0
"E28HA01-01","C28","Chinese","Genuine",0,"Happy 1 CN",1,1,9,72,"Surprised","emotion",0.007078165,0.000686538166666666,0.00148844108412443,0.0057308225625,0,0,0,0,0.125,0.0138888888888889,1,0,0,72,0
"E28HA01-01","C28","Chinese","Genuine",0,"Happy 1 CN",1,1,9,72,"Scared","emotion",0.002145282,0.000164548430555556,0.000444174082619081,0.0013426850625,0,0,0,0,0,0,1,0,0,72,0
"E28HA01-01","C28","Chinese","Genuine",0,"Happy 1 CN",1,1,9,72,"Disgusted","emotion",0.03108154,0.00299356725,0.00646170415263405,0.0249881655,0,0,0,0,8.75,0.972222222222222,1,0,0,72,0
"E28HA01-01","C28","Chinese","Genuine",0,"Happy 1 CN",1,1,9,72,"Contempt","emotion",0.006583613,0.00260093238888889,0.00138910195518377,0.0229795375,0,0,0,0,8.375,0.930555555555556,1,0,0,72,0
"E28HA01-01","C28","Chinese","Genuine",0,"Happy 1 CN",1,1,9,72,"AU01","action_unit",0,0,0,0,0,0,0,0,0,0,1,0,0,72,0
"E28HA01-01","C28","Chinese","Genuine",0,"Happy 1 CN",1,1,9,72,"AU02","action_unit",0,0,0,0,0,0,0,0,0,0,1,0,0,72,0
"E28HA01-01","C28","Chinese","Genuine",0,"Happy 1 CN",1,1,9,72,"AU04","action_unit",0,0,0,0,0,0,0,0,0,0,1,0,0,72,0
"E28HA01-01","C28","Chinese","Genuine",0,"Happy 1 CN",1,1,9,72,"AU05","action_unit",0,0,0,0,0,0,0,0,0,0,1,0,0,72,0
"E28HA01-01","C28","Chinese","Genuine",0,"Happy 1 CN",1,1,9,72,"AU06","action_unit",4,3.38888888888889,1.02854410376801,30.25,1,1,9,9,2,0.222222222222222,0,1,1,72,0
"E28HA01-01","C28","Chinese","Genuine",0,"Happy 1 CN",1,1,9,72,"AU07","action_unit",0,0,0,0,0,0,0,0,0,0,1,0,0,72,0
"E28HA01-01","C28","Chinese","Genuine",0,"Happy 1 CN",1,1,9,72,"AU09","action_unit",0,0,0,0,0,0,0,0,0,0,1,0,0,72,0
"E28HA01-01","C28","Chinese","Genuine",0,"Happy 1 CN",1,1,9,72,"AU10","action_unit",0,0,0,0,0,0,0,0,0,0,1,0,0,72,0
"E28HA01-01","C28","Chinese","Genuine",0,"Happy 1 CN",1,1,9,72,"AU12","action_unit",4,3.56944444444445,0.836262457771818,31.875,1,1,9,9,2,0.222222222222222,0,1,1,72,0
"E28HA01-01","C28","Chinese","Genuine",0,"Happy 1 CN",1,1,9,72,"AU14","action_unit",0,0,0,0,0,0,0,0,0,0,1,0,0,72,0
"E28HA01-01","C28","Chinese","Genuine",0,"Happy 1 CN",1,1,9,72,"AU15","action_unit",0,0,0,0,0,0,0,0,0,0,1,0,0,72,0
"E28HA01-01","C28","Chinese","Genuine",0,"Happy 1 CN",1,1,9,72,"AU17","action_unit",0,0,0,0,0,0,0,0,0,0,1,0,0,72,0
"E28HA01-01","C28","Chinese","Genuine",0,"Happy 1 CN",1,1,9,72,"AU18","action_unit",0,0,0,0,0,0,0,0,0,0,1,0,0,72,0
"E28HA01-01","C28","Chinese","Genuine",0,"Happy 1 CN",1,1,9,72,"AU20","action_unit",0,0,0,0,0,0,0,0,0,0,1,0,0,72,0
"E28HA01-01","C28","Chinese","Genuine",0,"Happy 1 CN",1,1,9,72,"AU23","action_unit",0,0,0,0,0,0,0,0,0,0,1,0,0,72,0
"E28HA01-01","C28","Chinese","Genuine",0,"Happy 1 CN",1,1,9,72,"AU24","action_unit",0,0,0,0,0,0,0,0,0,0,1,0,0,72,0
"E28HA01-01","C28","Chinese","Genuine",0,"Happy 1 CN",1,1,9,72,"AU25","action_unit",4,3.13888888888889,1.32479661532912,28,0.902777777777778,2,8.125,7.75,2.75,0.305555555555556,0,1,1,72,0
"E28HA01-01","C28","Chinese","Genuine",0,"Happy 1 CN",1,1,9,72,"AU26","action_unit",1,0.791666666666667,0.408966405865764,7.0625,0.791666666666667,1,7.125,7.125,1.875,0.208333333333333,1,0,1,72,0
"E28HA01-01","C28","Chinese","Genuine",0,"Happy 1 CN",1,1,9,72,"AU27","action_unit",0,0,0,0,0,0,0,0,0,0,1,0,0,72,0
"E28HA01-01","C28","Chinese","Genuine",0,"Happy 1 CN",1,1,9,72,"AU43","action_unit",4,3.05555555555556,0.23066889195377,27,1,1,9,9,0,0,0,1,1,72,0
"E28HA02-03","C28","Chinese","Genuine",0,"Happy 2 CN",2,3,8.625,69,"Neutral","emotion",0.06375665,0.00955972468115942,0.0129496067738194,0.07849983725,0,0,0,0,0.125,0.0144927536231884,1,0,0,69,0
"E28HA02-03","C28","Chinese","Genuine",0,"Happy 2 CN",2,3,8.625,69,"Happy","emotion",0.9963592,0.981538368115942,0.0239638825028754,8.34813270625,1,1,8.625,8.625,6.5,0.753623188405797,0,1,1,69,0
"E28HA02-03","C28","Chinese","Genuine",0,"Happy 2 CN",2,3,8.625,69,"Sad","emotion",0.05762551,0.00497817865217391,0.0118777913325946,0.0390279614375,0,0,0,0,0,0,1,0,0,69,0
"E28HA02-03","C28","Chinese","Genuine",0,"Happy 2 CN",2,3,8.625,69,"Angry","emotion",0.01270878,0.0014008317826087,0.00266737918003324,0.0112422226875,0,0,0,0,0.125,0.0144927536231884,1,0,0,69,0
"E28HA02-03","C28","Chinese","Genuine",0,"Happy 2 CN",2,3,8.625,69,"Surprised","emotion",0.001965518,0.000286132,0.000466049516583901,0.0023301486875,0,0,0,0,0.125,0.0144927536231884,1,0,0,69,0
"E28HA02-03","C28","Chinese","Genuine",0,"Happy 2 CN",2,3,8.625,69,"Scared","emotion",0.001067019,0.000106019434782609,0.000252378865290301,0.000854932125,0,0,0,0,0.375,0.0434782608695652,1,0,0,69,0
"E28HA02-03","C28","Chinese","Genuine",0,"Happy 2 CN",2,3,8.625,69,"Disgusted","emotion",0.01320427,0.0023772025942029,0.00301270962036989,0.0201088535625,0,0,0,0,3.75,0.434782608695652,1,0,0,69,0
"E28HA02-03","C28","Chinese","Genuine",0,"Happy 2 CN",2,3,8.625,69,"Contempt","emotion",0.04456834,0.010731762173913,0.0101609421980145,0.0895826894375,0,0,0,0,0,0,1,0,0,69,0
"E28HA02-03","C28","Chinese","Genuine",0,"Happy 2 CN",2,3,8.625,69,"AU01","action_unit",0,0,0,0,0,0,0,0,0,0,1,0,0,69,0
"E28HA02-03","C28","Chinese","Genuine",0,"Happy 2 CN",2,3,8.625,69,"AU02","action_unit",0,0,0,0,0,0,0,0,0,0,1,0,0,69,0
"E28HA02-03","C28","Chinese","Genuine",0,"Happy 2 CN",2,3,8.625,69,"AU04","action_unit",0,0,0,0,0,0,0,0,0,0,1,0,0,69,0
"E28HA02-03","C28","Chinese","Genuine",0,"Happy 2 CN",2,3,8.625,69,"AU05","action_unit",0,0,0,0,0,0,0,0,0,0,1,0,0,69,0
"E28HA02-03","C28","Chinese","Genuine",0,"Happy 2 CN",2,3,8.625,69,"AU06","action_unit",4,3.30434782608696,0.791579727805825,28.25,1,1,8.625,8.625,3.625,0.420289855072464,0,1,1,69,0
"E28HA02-03","C28","Chinese","Genuine",0,"Happy 2 CN",2,3,8.625,69,"AU07","action_unit",0,0,0,0,0,0,0,0,0,0,1,0,0,69,0
"E28HA02-03","C28","Chinese","Genuine",0,"Happy 2 CN",2,3,8.625,69,"AU09","action_unit",0,0,0,0,0,0,0,0,0,0,1,0,0,69,0
"E28HA02-03","C28","Chinese","Genuine",0,"Happy 2 CN",2,3,8.625,69,"AU10","action_unit",0,0,0,0,0,0,0,0,0,0,1,0,0,69,0
"E28HA02-03","C28","Chinese","Genuine",0,"Happy 2 CN",2,3,8.625,69,"AU12","action_unit",4,3.55072463768116,0.501064510466231,30.25,1,1,8.625,8.625,1.375,0.159420289855072,0,1,1,69,0
"E28HA02-03","C28","Chinese","Genuine",0,"Happy 2 CN",2,3,8.625,69,"AU14","action_unit",0,0,0,0,0,0,0,0,0,0,1,0,0,69,0
"E28HA02-03","C28","Chinese","Genuine",0,"Happy 2 CN",2,3,8.625,69,"AU15","action_unit",0,0,0,0,0,0,0,0,0,0,1,0,0,69,0
"E28HA02-03","C28","Chinese","Genuine",0,"Happy 2 CN",2,3,8.625,69,"AU17","action_unit",0,0,0,0,0,0,0,0,0,0,1,0,0,69,0
"E28HA02-03","C28","Chinese","Genuine",0,"Happy 2 CN",2,3,8.625,69,"AU18","action_unit",0,0,0,0,0,0,0,0,0,0,1,0,0,69,0
"E28HA02-03","C28","Chinese","Genuine",0,"Happy 2 CN",2,3,8.625,69,"AU20","action_unit",0,0,0,0,0,0,0,0,0,0,1,0,0,69,0
"E28HA02-03","C28","Chinese","Genuine",0,"Happy 2 CN",2,3,8.625,69,"AU23","action_unit",0,0,0,0,0,0,0,0,0,0,1,0,0,69,0
"E28HA02-03","C28","Chinese","Genuine",0,"Happy 2 CN",2,3,8.625,69,"AU24","action_unit",0,0,0,0,0,0,0,0,0,0,1,0,0,69,0
"E28HA02-03","C28","Chinese","Genuine",0,"Happy 2 CN",2,3,8.625,69,"AU25","action_unit",4,3.40579710144928,0.959761621441217,29.25,1,1,8.625,8.625,1.25,0.144927536231884,0,1,1,69,0
"E28HA02-03","C28","Chinese","Genuine",0,"Happy 2 CN",2,3,8.625,69,"AU26","action_unit",2,1.2463768115942,0.627923681702343,10.75,0.898550724637681,1,7.75,7.75,1.75,0.202898550724638,1,0,0,69,0
"E28HA02-03","C28","Chinese","Genuine",0,"Happy 2 CN",2,3,8.625,69,"AU27","action_unit",0,0,0,0,0,0,0,0,0,0,1,0,0,69,0
"E28HA02-03","C28","Chinese","Genuine",0,"Happy 2 CN",2,3,8.625,69,"AU43","action_unit",4,2.76811594202899,0.689094195222375,23.5,1,1,8.625,8.625,7.375,0.855072463768116,0,1,1,69,0
"E28HA03-02","C28","Chinese","Genuine",0,"Happy 3 CN",3,2,7.125,57,"Neutral","emotion",0.2083583,0.0847839259649123,0.0420942920444307,0.5832004725,0,0,0,0,0,0,1,0,0,57,0
"E28HA03-02","C28","Chinese","Genuine",0,"Happy 3 CN",3,2,7.125,57,"Happy","emotion",0.9576709,0.836799850877193,0.0758464778995258,5.87575255625,1,1,7.125,7.125,2.25,0.31578947368421,0,1,1,57,0
"E28HA03-02","C28","Chinese","Genuine",0,"Happy 3 CN",3,2,7.125,57,"Sad","emotion",0.2304128,0.0890810380526316,0.0472450430685622,0.613683689875,0,0,0,0,0,0,1,0,0,57,0
"E28HA03-02","C28","Chinese","Genuine",0,"Happy 3 CN",3,2,7.125,57,"Angry","emotion",0.03766547,0.0102030361929825,0.00786358632075246,0.0691873435,0,0,0,0,7,0.982456140350877,1,0,0,57,0
"E28HA03-02","C28","Chinese","Genuine",0,"Happy 3 CN",3,2,7.125,57,"Surprised","emotion",0.008494974,0.00157522059649123,0.00149895635620069,0.0104658786875,0,0,0,0,7,0.982456140350877,1,0,0,57,0
"E28HA03-02","C28","Chinese","Genuine",0,"Happy 3 CN",3,2,7.125,57,"Scared","emotion",0.009613857,0.00168520671929825,0.00178174978683973,0.01111293225,0,0,0,0,7,0.982456140350877,1,0,0,57,0
"E28HA03-02","C28","Chinese","Genuine",0,"Happy 3 CN",3,2,7.125,57,"Disgusted","emotion",0.09532677,0.0254230297719298,0.0189982772343775,0.1799596205625,0,0,0,0,3,0.421052631578947,1,0,0,57,0
"E28HA03-02","C28","Chinese","Genuine",0,"Happy 3 CN",3,2,7.125,57,"Contempt","emotion",0.02941545,0.00980358198245614,0.00534244551099866,0.0684986658125,0,0,0,0,6.625,0.929824561403509,1,0,0,57,0
"E28HA03-02","C28","Chinese","Genuine",0,"Happy 3 CN",3,2,7.125,57,"AU01","action_unit",0,0,0,0,0,0,0,0,0,0,1,0,0,57,0
"E28HA03-02","C28","Chinese","Genuine",0,"Happy 3 CN",3,2,7.125,57,"AU02","action_unit",0,0,0,0,0,0,0,0,0,0,1,0,0,57,0
"E28HA03-02","C28","Chinese","Genuine",0,"Happy 3 CN",3,2,7.125,57,"AU04","action_unit",0,0,0,0,0,0,0,0,0,0,1,0,0,57,0
"E28HA03-02","C28","Chinese","Genuine",0,"Happy 3 CN",3,2,7.125,57,"AU05","action_unit",0,0,0,0,0,0,0,0,0,0,1,0,0,57,0
"E28HA03-02","C28","Chinese","Genuine",0,"Happy 3 CN",3,2,7.125,57,"AU06","action_unit",2,1.10526315789474,0.523866481296107,7.8125,0.912280701754386,1,6.5,6.5,1.875,0.263157894736842,1,0,1,57,0
"E28HA03-02","C28","Chinese","Genuine",0,"Happy 3 CN",3,2,7.125,57,"AU07","action_unit",0,0,0,0,0,0,0,0,0,0,1,0,0,57,0
"E28HA03-02","C28","Chinese","Genuine",0,"Happy 3 CN",3,2,7.125,57,"AU09","action_unit",0,0,0,0,0,0,0,0,0,0,1,0,0,57,0
"E28HA03-02","C28","Chinese","Genuine",0,"Happy 3 CN",3,2,7.125,57,"AU10","action_unit",0,0,0,0,0,0,0,0,0,0,1,0,0,57,0
"E28HA03-02","C28","Chinese","Genuine",0,"Happy 3 CN",3,2,7.125,57,"AU12","action_unit",3,2.89473684210526,0.309620189351623,20.3125,1,1,7.125,7.125,0.75,0.105263157894737,0,1,1,57,0
"E28HA03-02","C28","Chinese","Genuine",0,"Happy 3 CN",3,2,7.125,57,"AU14","action_unit",0,0,0,0,0,0,0,0,0,0,1,0,0,57,0
"E28HA03-02","C28","Chinese","Genuine",0,"Happy 3 CN",3,2,7.125,57,"AU15","action_unit",0,0,0,0,0,0,0,0,0,0,1,0,0,57,0
"E28HA03-02","C28","Chinese","Genuine",0,"Happy 3 CN",3,2,7.125,57,"AU17","action_unit",0,0,0,0,0,0,0,0,0,0,1,0,0,57,0
"E28HA03-02","C28","Chinese","Genuine",0,"Happy 3 CN",3,2,7.125,57,"AU18","action_unit",0,0,0,0,0,0,0,0,0,0,1,0,0,57,0
"E28HA03-02","C28","Chinese","Genuine",0,"Happy 3 CN",3,2,7.125,57,"AU20","action_unit",0,0,0,0,0,0,0,0,0,0,1,0,0,57,0
"E28HA03-02","C28","Chinese","Genuine",0,"Happy 3 CN",3,2,7.125,57,"AU23","action_unit",0,0,0,0,0,0,0,0,0,0,1,0,0,57,0
"E28HA03-02","C28","Chinese","Genuine",0,"Happy 3 CN",3,2,7.125,57,"AU24","action_unit",0,0,0,0,0,0,0,0,0,0,1,0,0,57,0
"E28HA03-02","C28","Chinese","Genuine",0,"Happy 3 CN",3,2,7.125,57,"AU25","action_unit",2,0.473684210526316,0.709760099256249,3.3125,0.350877192982456,2,2.5,2.125,1.75,0.245614035087719,1,0,1,57,0
"E28HA03-02","C28","Chinese","Genuine",0,"Happy 3 CN",3,2,7.125,57,"AU26","action_unit",0,0,0,0,0,0,0,0,0,0,1,0,0,57,0
"E28HA03-02","C28","Chinese","Genuine",0,"Happy 3 CN",3,2,7.125,57,"AU27","action_unit",0,0,0,0,0,0,0,0,0,0,1,0,0,57,0
"E28HA03-02","C28","Chinese","Genuine",0,"Happy 3 CN",3,2,7.125,57,"AU43","action_unit",4,3.66666666666667,0.475594865605671,25.6875,1,1,7.125,7.125,0,0,0,1,1,57,0
"E28HA06-04","C28","Chinese","Genuine",0,"Happy 6 CN",6,4,4.125,33,"Neutral","emotion",0.1174555,0.0668125145454545,0.0173235177155179,0.26580044875,0,0,0,0,3.75,0.909090909090909,1,0,0,33,0
"E28HA06-04","C28","Chinese","Genuine",0,"Happy 6 CN",6,4,4.125,33,"Happy","emotion",0.9088671,0.867920815151515,0.0339424220957816,3.47452261875,1,1,4.125,4.125,1.125,0.272727272727273,0,1,1,33,0
"E28HA06-04","C28","Chinese","Genuine",0,"Happy 6 CN",6,4,4.125,33,"Sad","emotion",0.1226958,0.0536402309090909,0.022282592147651,0.212469550625,0,0,0,0,3.75,0.909090909090909,1,0,0,33,0
"E28HA06-04","C28","Chinese","Genuine",0,"Happy 6 CN",6,4,4.125,33,"Angry","emotion",0.003503727,0.0021551916969697,0.000532612141055318,0.008572115125,0,0,0,0,0.125,0.0303030303030303,1,0,0,33,0
"E28HA06-04","C28","Chinese","Genuine",0,"Happy 6 CN",6,4,4.125,33,"Surprised","emotion",0.00258417,0.00149420160606061,0.00038737617611841,0.00596131825,0,0,0,0,3.625,0.878787878787879,1,0,0,33,0
"E28HA06-04","C28","Chinese","Genuine",0,"Happy 6 CN",6,4,4.125,33,"Scared","emotion",0.001586849,0.000925838333333333,0.000303452097816388,0.003737483875,0,0,0,0,3.5,0.848484848484849,1,0,0,33,0
"E28HA06-04","C28","Chinese","Genuine",0,"Happy 6 CN",6,4,4.125,33,"Disgusted","emotion",0.02751744,0.0116761386666667,0.0054379346606598,0.04657635075,0,0,0,0,3.75,0.909090909090909,1,0,0,33,0
"E28HA06-04","C28","Chinese","Genuine",0,"Happy 6 CN",6,4,4.125,33,"Contempt","emotion",0.02547635,0.0119065346363636,0.00452610399265116,0.0478406980625,0,0,0,0,3.5,0.848484848484849,1,0,0,33,0
"E28HA06-04","C28","Chinese","Genuine",0,"Happy 6 CN",6,4,4.125,33,"AU01","action_unit",0,0,0,0,0,0,0,0,0,0,1,0,0,33,0
"E28HA06-04","C28","Chinese","Genuine",0,"Happy 6 CN",6,4,4.125,33,"AU02","action_unit",0,0,0,0,0,0,0,0,0,0,1,0,0,33,0
"E28HA06-04","C28","Chinese","Genuine",0,"Happy 6 CN",6,4,4.125,33,"AU04","action_unit",0,0,0,0,0,0,0,0,0,0,1,0,0,33,0
"E28HA06-04","C28","Chinese","Genuine",0,"Happy 6 CN",6,4,4.125,33,"AU05","action_unit",0,0,0,0,0,0,0,0,0,0,1,0,0,33,0
"E28HA06-04","C28","Chinese","Genuine",0,"Happy 6 CN",6,4,4.125,33,"AU06","action_unit",2,1.84848484848485,0.36410954062721,7.5,1,1,4.125,4.125,0.125,0.0303030303030303,0,1,1,33,0
"E28HA06-04","C28","Chinese","Genuine",0,"Happy 6 CN",6,4,4.125,33,"AU07","action_unit",0,0,0,0,0,0,0,0,0,0,1,0,0,33,0
"E28HA06-04","C28","Chinese","Genuine",0,"Happy 6 CN",6,4,4.125,33,"AU09","action_unit",0,0,0,0,0,0,0,0,0,0,1,0,0,33,0
"E28HA06-04","C28","Chinese","Genuine",0,"Happy 6 CN",6,4,4.125,33,"AU10","action_unit",0,0,0,0,0,0,0,0,0,0,1,0,0,33,0
"E28HA06-04","C28","Chinese","Genuine",0,"Happy 6 CN",6,4,4.125,33,"AU12","action_unit",3,3,0,12,1,1,4.125,4.125,0,0,0,1,1,33,0
"E28HA06-04","C28","Chinese","Genuine",0,"Happy 6 CN",6,4,4.125,33,"AU14","action_unit",0,0,0,0,0,0,0,0,0,0,1,0,0,33,0
"E28HA06-04","C28","Chinese","Genuine",0,"Happy 6 CN",6,4,4.125,33,"AU15","action_unit",0,0,0,0,0,0,0,0,0,0,1,0,0,33,0
"E28HA06-04","C28","Chinese","Genuine",0,"Happy 6 CN",6,4,4.125,33,"AU17","action_unit",0,0,0,0,0,0,0,0,0,0,1,0,0,33,0
"E28HA06-04","C28","Chinese","Genuine",0,"Happy 6 CN",6,4,4.125,33,"AU18","action_unit",0,0,0,0,0,0,0,0,0,0,1,0,0,33,0
"E28HA06-04","C28","Chinese","Genuine",0,"Happy 6 CN",6,4,4.125,33,"AU20","action_unit",0,0,0,0,0,0,0,0,0,0,1,0,0,33,0
"E28HA06-04","C28","Chinese","Genuine",0,"Happy 6 CN",6,4,4.125,33,"AU23","action_unit",0,0,0,0,0,0,0,0,0,0,1,0,0,33,0
"E28HA06-04","C28","Chinese","Genuine",0,"Happy 6 CN",6,4,4.125,33,"AU24","action_unit",0,0,0,0,0,0,0,0,0,0,1,0,0,33,0
"E28HA06-04","C28","Chinese","Genuine",0,"Happy 6 CN",6,4,4.125,33,"AU25","action_unit",2,2,0,8,1,1,4.125,4.125,0,0,0,1,1,33,0
"E28HA06-04","C28","Chinese","Genuine",0,"Happy 6 CN",6,4,4.125,33,"AU26","action_unit",0,0,0,0,0,0,0,0,0,0,1,0,0,33,0
"E28HA06-04","C28","Chinese","Genuine",0,"Happy 6 CN",6,4,4.125,33,"AU27","action_unit",0,0,0,0,0,0,0,0,0,0,1,0,0,33,0
"E28HA06-04","C28","Chinese","Genuine",0,"Happy 6 CN",6,4,4.125,33,"AU43","action_unit",4,3.78787878787879,0.41514875026728,15.125,1,1,4.125,4.125,0,0,0,1,1,33,0
"E28HA07-02","C28","Chinese","Genuine",0,"Happy 7 CN",7,2,8.625,69,"Neutral","emotion",0.4428138,0.0802367396086957,0.131980472587656,0.656664322875,0,0,0,0,0.125,0.0144927536231884,1,0,0,69,0
"E28HA07-02","C28","Chinese","Genuine",0,"Happy 7 CN",7,2,8.625,69,"Happy","emotion",0.9966853,0.858189495652174,0.224527619780747,7.3382844125,0.869565217391304,1,7.5,7.5,4.625,0.536231884057971,1,0,1,69,0
"E28HA07-02","C28","Chinese","Genuine",0,"Happy 7 CN",7,2,8.625,69,"Sad","emotion",0.150907,0.0248439778405797,0.0407755260921445,0.203610175125,0,0,0,0,0.5,0.0579710144927536,1,0,0,69,0
"E28HA07-02","C28","Chinese","Genuine",0,"Happy 7 CN",7,2,8.625,69,"Angry","emotion",0.1217887,0.0188811808405797,0.0302628298516384,0.154431367875,0,0,0,0,0.125,0.0144927536231884,1,0,0,69,0
"E28HA07-02","C28","Chinese","Genuine",0,"Happy 7 CN",7,2,8.625,69,"Surprised","emotion",0.003714277,0.00106285469565217,0.00117113414665142,0.0087135084375,0,0,0,0,0,0,1,0,0,69,0
"E28HA07-02","C28","Chinese","Genuine",0,"Happy 7 CN",7,2,8.625,69,"Scared","emotion",0.00636743,0.0012555891884058,0.00193112270795539,0.010360542,0,0,0,0,1,0.115942028985507,1,0,0,69,0
"E28HA07-02","C28","Chinese","Genuine",0,"Happy 7 CN",7,2,8.625,69,"Disgusted","emotion",0.03004251,0.00724797847826087,0.00725440948088346,0.061625402125,0,0,0,0,1.125,0.130434782608696,1,0,0,69,0
"E28HA07-02","C28","Chinese","Genuine",0,"Happy 7 CN",7,2,8.625,69,"Contempt","emotion",0.03107556,0.0087286207826087,0.00924675687695741,0.0742353679375,0,0,0,0,6.625,0.768115942028985,1,0,0,69,0
"E28HA07-02","C28","Chinese","Genuine",0,"Happy 7 CN",7,2,8.625,69,"AU01","action_unit",0,0,0,0,0,0,0,0,0,0,1,0,0,69,0
"E28HA07-02","C28","Chinese","Genuine",0,"Happy 7 CN",7,2,8.625,69,"AU02","action_unit",0,0,0,0,0,0,0,0,0,0,1,0,0,69,0
"E28HA07-02","C28","Chinese","Genuine",0,"Happy 7 CN",7,2,8.625,69,"AU04","action_unit",0,0,0,0,0,0,0,0,0,0,1,0,0,69,0
"E28HA07-02","C28","Chinese","Genuine",0,"Happy 7 CN",7,2,8.625,69,"AU05","action_unit",0,0,0,0,0,0,0,0,0,0,1,0,0,69,0
"E28HA07-02","C28","Chinese","Genuine",0,"Happy 7 CN",7,2,8.625,69,"AU06","action_unit",4,2.47826086956522,1.09287391840712,21.25,1,1,8.625,8.625,3.25,0.376811594202899,0,1,1,69,0
"E28HA07-02","C28","Chinese","Genuine",0,"Happy 7 CN",7,2,8.625,69,"AU07","action_unit",0,0,0,0,0,0,0,0,0,0,1,0,0,69,0
"E28HA07-02","C28","Chinese","Genuine",0,"Happy 7 CN",7,2,8.625,69,"AU09","action_unit",0,0,0,0,0,0,0,0,0,0,1,0,0,69,0
"E28HA07-02","C28","Chinese","Genuine",0,"Happy 7 CN",7,2,8.625,69,"AU10","action_unit",0,0,0,0,0,0,0,0,0,0,1,0,0,69,0
"E28HA07-02","C28","Chinese","Genuine",0,"Happy 7 CN",7,2,8.625,69,"AU12","action_unit",4,2.98550724637681,0.931361331650493,25.5,1,1,8.625,8.625,2.375,0.27536231884058,0,1,1,69,0
"E28HA07-02","C28","Chinese","Genuine",0,"Happy 7 CN",7,2,8.625,69,"AU14","action_unit",0,0,0,0,0,0,0,0,0,0,1,0,0,69,0
"E28HA07-02","C28","Chinese","Genuine",0,"Happy 7 CN",7,2,8.625,69,"AU15","action_unit",0,0,0,0,0,0,0,0,0,0,1,0,0,69,0
"E28HA07-02","C28","Chinese","Genuine",0,"Happy 7 CN",7,2,8.625,69,"AU17","action_unit",0,0,0,0,0,0,0,0,0,0,1,0,0,69,0
"E28HA07-02","C28","Chinese","Genuine",0,"Happy 7 CN",7,2,8.625,69,"AU18","action_unit",0,0,0,0,0,0,0,0,0,0,1,0,0,69,0
"E28HA07-02","C28","Chinese","Genuine",0,"Happy 7 CN",7,2,8.625,69,"AU20","action_unit",0,0,0,0,0,0,0,0,0,0,1,0,0,69,0
"E28HA07-02","C28","Chinese","Genuine",0,"Happy 7 CN",7,2,8.625,69,"AU23","action_unit",0,0,0,0,0,0,0,0,0,0,1,0,0,69,0
"E28HA07-02","C28","Chinese","Genuine",0,"Happy 7 CN",7,2,8.625,69,"AU24","action_unit",0,0,0,0,0,0,0,0,0,0,1,0,0,69,0
"E28HA07-02","C28","Chinese","Genuine",0,"Happy 7 CN",7,2,8.625,69,"AU25","action_unit",5,3.46376811594203,1.09248381526479,29.625,1,1,8.625,8.625,3.5,0.405797101449275,0,1,1,69,0
"E28HA07-02","C28","Chinese","Genuine",0,"Happy 7 CN",7,2,8.625,69,"AU26","action_unit",3,1.17391304347826,0.906780369982825,10.125,0.695652173913043,1,6,6,4.375,0.507246376811594,1,0,0,69,0
"E28HA07-02","C28","Chinese","Genuine",0,"Happy 7 CN",7,2,8.625,69,"AU27","action_unit",0,0,0,0,0,0,0,0,0,0,1,0,0,69,0
"E28HA07-02","C28","Chinese","Genuine",0,"Happy 7 CN",7,2,8.625,69,"AU43","action_unit",3,2.89855072463768,0.304134622679994,24.625,1,1,8.625,8.625,0,0,0,1,1,69,0
"E28HA07-04","C28","Chinese","Genuine",0,"Happy 7 CN",7,4,6.875,55,"Neutral","emotion",0.2362134,0.0619590262,0.0483846432927385,0.406935071375,0,0,0,0,0,0,1,0,0,55,0
"E28HA07-04","C28","Chinese","Genuine",0,"Happy 7 CN",7,4,6.875,55,"Happy","emotion",0.9810279,0.87658824,0.0964928589052801,5.93942565625,1,1,6.875,6.875,4.5,0.654545454545455,0,1,1,55,0
"E28HA07-04","C28","Chinese","Genuine",0,"Happy 7 CN",7,4,6.875,55,"Sad","emotion",0.1118345,0.0167223852727273,0.0230743771730511,0.1060710675,0,0,0,0,0,0,1,0,0,55,0
"E28HA07-04","C28","Chinese","Genuine",0,"Happy 7 CN",7,4,6.875,55,"Angry","emotion",0.07456158,0.0244896782363636,0.0230802680834541,0.1605675685,0,0,0,0,0.125,0.0181818181818182,1,0,0,55,0
"E28HA07-04","C28","Chinese","Genuine",0,"Happy 7 CN",7,4,6.875,55,"Surprised","emotion",0.001281373,0.000303627527272727,0.000351213916004448,0.0019820229375,0,0,0,0,6.75,0.981818181818182,1,0,0,55,0
"E28HA07-04","C28","Chinese","Genuine",0,"Happy 7 CN",7,4,6.875,55,"Scared","emotion",0.000252594,5.64120545454545e-05,5.77939600936965e-05,0.000362901,0,0,0,0,6.75,0.981818181818182,1,0,0,55,0
"E28HA07-04","C28","Chinese","Genuine",0,"Happy 7 CN",7,4,6.875,55,"Disgusted","emotion",0.1705588,0.0531886388727273,0.0471421193105128,0.360487461625,0,0,0,0,1.875,0.272727272727273,1,0,0,55,0
"E28HA07-04","C28","Chinese","Genuine",0,"Happy 7 CN",7,4,6.875,55,"Contempt","emotion",0.03896185,0.00830544590909091,0.00754001206416799,0.056293327125,0,0,0,0,4.625,0.672727272727273,1,0,0,55,0
"E28HA07-04","C28","Chinese","Genuine",0,"Happy 7 CN",7,4,6.875,55,"AU01","action_unit",0,0,0,0,0,0,0,0,0,0,1,0,0,55,0
"E28HA07-04","C28","Chinese","Genuine",0,"Happy 7 CN",7,4,6.875,55,"AU02","action_unit",0,0,0,0,0,0,0,0,0,0,1,0,0,55,0
"E28HA07-04","C28","Chinese","Genuine",0,"Happy 7 CN",7,4,6.875,55,"AU04","action_unit",0,0,0,0,0,0,0,0,0,0,1,0,0,55,0
"E28HA07-04","C28","Chinese","Genuine",0,"Happy 7 CN",7,4,6.875,55,"AU05","action_unit",0,0,0,0,0,0,0,0,0,0,1,0,0,55,0
"E28HA07-04","C28","Chinese","Genuine",0,"Happy 7 CN",7,4,6.875,55,"AU06","action_unit",4,2.8,1.17693890461025,19.125,1,1,6.875,6.875,2.375,0.345454545454545,0,1,1,55,0
"E28HA07-04","C28","Chinese","Genuine",0,"Happy 7 CN",7,4,6.875,55,"AU07","action_unit",0,0,0,0,0,0,0,0,0,0,1,0,0,55,0
"E28HA07-04","C28","Chinese","Genuine",0,"Happy 7 CN",7,4,6.875,55,"AU09","action_unit",0,0,0,0,0,0,0,0,0,0,1,0,0,55,0
"E28HA07-04","C28","Chinese","Genuine",0,"Happy 7 CN",7,4,6.875,55,"AU10","action_unit",0,0,0,0,0,0,0,0,0,0,1,0,0,55,0
"E28HA07-04","C28","Chinese","Genuine",0,"Happy 7 CN",7,4,6.875,55,"AU12","action_unit",4,2.92727272727273,0.377837190812317,19.8125,1,1,6.875,6.875,3.875,0.563636363636364,0,1,1,55,0
"E28HA07-04","C28","Chinese","Genuine",0,"Happy 7 CN",7,4,6.875,55,"AU14","action_unit",0,0,0,0,0,0,0,0,0,0,1,0,0,55,0
"E28HA07-04","C28","Chinese","Genuine",0,"Happy 7 CN",7,4,6.875,55,"AU15","action_unit",0,0,0,0,0,0,0,0,0,0,1,0,0,55,0
"E28HA07-04","C28","Chinese","Genuine",0,"Happy 7 CN",7,4,6.875,55,"AU17","action_unit",1,0.109090909090909,0.314626602482846,0.75,0.109090909090909,1,0.75,0.75,0.375,0.0545454545454545,1,0,0,55,0
"E28HA07-04","C28","Chinese","Genuine",0,"Happy 7 CN",7,4,6.875,55,"AU18","action_unit",0,0,0,0,0,0,0,0,0,0,1,0,0,55,0
"E28HA07-04","C28","Chinese","Genuine",0,"Happy 7 CN",7,4,6.875,55,"AU20","action_unit",0,0,0,0,0,0,0,0,0,0,1,0,0,55,0
"E28HA07-04","C28","Chinese","Genuine",0,"Happy 7 CN",7,4,6.875,55,"AU23","action_unit",0,0,0,0,0,0,0,0,0,0,1,0,0,55,0
"E28HA07-04","C28","Chinese","Genuine",0,"Happy 7 CN",7,4,6.875,55,"AU24","action_unit",0,0,0,0,0,0,0,0,0,0,1,0,0,55,0
"E28HA07-04","C28","Chinese","Genuine",0,"Happy 7 CN",7,4,6.875,55,"AU25","action_unit",4,1.70909090909091,1.58316054346908,11.75,0.636363636363636,1,4.375,4.375,3.5,0.509090909090909,1,0,0,55,0
"E28HA07-04","C28","Chinese","Genuine",0,"Happy 7 CN",7,4,6.875,55,"AU26","action_unit",1,0.309090909090909,0.466377977083414,2.125,0.309090909090909,1,2.125,2.125,3.25,0.472727272727273,1,0,0,55,0
"E28HA07-04","C28","Chinese","Genuine",0,"Happy 7 CN",7,4,6.875,55,"AU27","action_unit",0,0,0,0,0,0,0,0,0,0,1,0,0,55,0
"E28HA07-04","C28","Chinese","Genuine",0,"Happy 7 CN",7,4,6.875,55,"AU43","action_unit",3,2.4,0.494413232473044,16.1875,1,1,6.875,6.875,2,0.290909090909091,0,1,1,55,0
"E30HA01-04","C30","Chinese","Genuine",0,"Happy 1 CN",1,4,8.375,67,"Neutral","emotion",0.4504046,0.254673099552239,0.161629125852294,2.08788469625,0,0,0,0,0.375,0.0447761194029851,1,0,0,67,0
"E30HA01-04","C30","Chinese","Genuine",0,"Happy 1 CN",1,4,8.375,67,"Happy","emotion",0.9361129,0.494892490149254,0.321877235975568,4.11599476875,0.477611940298507,1,4,4,5,0.597014925373134,1,0,0,67,0
"E30HA01-04","C30","Chinese","Genuine",0,"Happy 1 CN",1,4,8.375,67,"Sad","emotion",0.02825108,0.00903969080597015,0.0100670911052769,0.074091974125,0,0,0,0,1.375,0.164179104477612,1,0,0,67,0
"E30HA01-04","C30","Chinese","Genuine",0,"Happy 1 CN",1,4,8.375,67,"Angry","emotion",0.22012,0.0942959788208955,0.075350955813515,0.772645778875,0,0,0,0,3.125,0.373134328358209,1,0,0,67,0
"E30HA01-04","C30","Chinese","Genuine",0,"Happy 1 CN",1,4,8.375,67,"Surprised","emotion",0.001153504,0.000446690686567164,0.00026643383850383,0.0036192653125,0,0,0,0,0,0,1,0,0,67,0
"E30HA01-04","C30","Chinese","Genuine",0,"Happy 1 CN",1,4,8.375,67,"Scared","emotion",0.02599644,0.00575313089552239,0.00591393895316954,0.0465919419375,0,0,0,0,0.125,0.0149253731343284,1,0,0,67,0
"E30HA01-04","C30","Chinese","Genuine",0,"Happy 1 CN",1,4,8.375,67,"Disgusted","emotion",0.06529374,0.0159449485970149,0.0192495663444913,0.131651968125,0,0,0,0,0.75,0.0895522388059701,1,0,0,67,0
"E30HA01-04","C30","Chinese","Genuine",0,"Happy 1 CN",1,4,8.375,67,"Contempt","emotion",0.2581321,0.0778480215970149,0.0742077067231506,0.635281674,0,0,0,0,0,0,1,0,0,67,0
"E30HA01-04","C30","Chinese","Genuine",0,"Happy 1 CN",1,4,8.375,67,"AU01","action_unit",0,0,0,0,0,0,0,0,0,0,1,0,0,67,0
"E30HA01-04","C30","Chinese","Genuine",0,"Happy 1 CN",1,4,8.375,67,"AU02","action_unit",0,0,0,0,0,0,0,0,0,0,1,0,0,67,0
"E30HA01-04","C30","Chinese","Genuine",0,"Happy 1 CN",1,4,8.375,67,"AU04","action_unit",0,0,0,0,0,0,0,0,0,0,1,0,0,67,0
"E30HA01-04","C30","Chinese","Genuine",0,"Happy 1 CN",1,4,8.375,67,"AU05","action_unit",0,0,0,0,0,0,0,0,0,0,1,0,0,67,0
"E30HA01-04","C30","Chinese","Genuine",0,"Happy 1 CN",1,4,8.375,67,"AU06","action_unit",4,1.23880597014925,1.36058757626663,10.375,0.537313432835821,1,4.5,4.5,4.875,0.582089552238806,1,0,0,67,0
"E30HA01-04","C30","Chinese","Genuine",0,"Happy 1 CN",1,4,8.375,67,"AU07","action_unit",0,0,0,0,0,0,0,0,0,0,1,0,0,67,0
"E30HA01-04","C30","Chinese","Genuine",0,"Happy 1 CN",1,4,8.375,67,"AU09","action_unit",1,1,0,8.25,1,1,8.375,8.375,0,0,0,1,1,67,0
"E30HA01-04","C30","Chinese","Genuine",0,"Happy 1 CN",1,4,8.375,67,"AU10","action_unit",0,0,0,0,0,0,0,0,0,0,1,0,0,67,0
"E30HA01-04","C30","Chinese","Genuine",0,"Happy 1 CN",1,4,8.375,67,"AU12","action_unit",4,1.92537313432836,1.35191707693322,16,0.805970149253731,2,6.75,5.75,4.375,0.522388059701492,1,0,1,67,0
"E30HA01-04","C30","Chinese","Genuine",0,"Happy 1 CN",1,4,8.375,67,"AU14","action_unit",1,0.492537313432836,0.503717523304066,4.0625,0.492537313432836,1,4.125,4.125,0,0,0,1,0,67,0
"E30HA01-04","C30","Chinese","Genuine",0,"Happy 1 CN",1,4,8.375,67,"AU15","action_unit",0,0,0,0,0,0,0,0,0,0,1,0,0,67,0
"E30HA01-04","C30","Chinese","Genuine",0,"Happy 1 CN",1,4,8.375,67,"AU17","action_unit",1,0.0298507462686567,0.171459797720291,0.25,0.0298507462686567,1,0.25,0.25,3.625,0.432835820895522,1,0,0,67,0
"E30HA01-04","C30","Chinese","Genuine",0,"Happy 1 CN",1,4,8.375,67,"AU18","action_unit",0,0,0,0,0,0,0,0,0,0,1,0,0,67,0
"E30HA01-04","C30","Chinese","Genuine",0,"Happy 1 CN",1,4,8.375,67,"AU20","action_unit",0,0,0,0,0,0,0,0,0,0,1,0,0,67,0
"E30HA01-04","C30","Chinese","Genuine",0,"Happy 1 CN",1,4,8.375,67,"AU23","action_unit",0,0,0,0,0,0,0,0,0,0,1,0,0,67,0
"E30HA01-04","C30","Chinese","Genuine",0,"Happy 1 CN",1,4,8.375,67,"AU24","action_unit",0,0,0,0,0,0,0,0,0,0,1,0,0,67,0
"E30HA01-04","C30","Chinese","Genuine",0,"Happy 1 CN",1,4,8.375,67,"AU25","action_unit",4,1.47761194029851,1.63631338181035,12.3125,0.537313432835821,1,4.5,4.5,4.75,0.567164179104478,1,0,1,67,0
"E30HA01-04","C30","Chinese","Genuine",0,"Happy 1 CN",1,4,8.375,67,"AU26","action_unit",2,0.477611940298508,0.63623439923063,4,0.402985074626866,1,3.375,3.375,4.875,0.582089552238806,1,0,0,67,0
"E30HA01-04","C30","Chinese","Genuine",0,"Happy 1 CN",1,4,8.375,67,"AU27","action_unit",0,0,0,0,0,0,0,0,0,0,1,0,0,67,0
"E30HA01-04","C30","Chinese","Genuine",0,"Happy 1 CN",1,4,8.375,67,"AU43","action_unit",4,2.58208955223881,0.837551513229744,21.5625,0.970149253731343,1,8.125,8.125,6.125,0.73134328358209,1,0,1,67,0
"E30HA02-01","C30","Chinese","Genuine",0,"Happy 2 CN",2,1,5.25,42,"Neutral","emotion",0.3933727,0.127751054285714,0.106111614816234,0.62765106625,0,0,0,0,0.25,0.0476190476190476,1,0,0,42,0
"E30HA02-01","C30","Chinese","Genuine",0,"Happy 2 CN",2,1,5.25,42,"Happy","emotion",0.9322948,0.715907758404762,0.266156579060599,3.74053815675,0.80952380952381,1,4.25,4.25,2.375,0.452380952380952,1,0,0,42,0
"E30HA02-01","C30","Chinese","Genuine",0,"Happy 2 CN",2,1,5.25,42,"Sad","emotion",0.01720215,0.00208444769047619,0.00440693307180227,0.0098992798125,0,0,0,0,0.25,0.0476190476190476,1,0,0,42,0
"E30HA02-01","C30","Chinese","Genuine",0,"Happy 2 CN",2,1,5.25,42,"Angry","emotion",0.3967475,0.0534070468571428,0.0928791712766012,0.24849906475,0,0,0,0,0,0,1,0,0,42,0
"E30HA02-01","C30","Chinese","Genuine",0,"Happy 2 CN",2,1,5.25,42,"Surprised","emotion",0.004493292,0.000751702071428571,0.00103658257301682,0.00366873925,0,0,0,0,0.25,0.0476190476190476,1,0,0,42,0
"E30HA02-01","C30","Chinese","Genuine",0,"Happy 2 CN",2,1,5.25,42,"Scared","emotion",0.1053194,0.0137981816190476,0.025605624940319,0.063968827875,0,0,0,0,0.125,0.0238095238095238,1,0,0,42,0
"E30HA02-01","C30","Chinese","Genuine",0,"Happy 2 CN",2,1,5.25,42,"Disgusted","emotion",0.02702743,0.00521963857142857,0.00824483913597043,0.02437839,0,0,0,0,5.125,0.976190476190476,1,0,0,42,0
"E30HA02-01","C30","Chinese","Genuine",0,"Happy 2 CN",2,1,5.25,42,"Contempt","emotion",0.006172784,0.00204944652380952,0.00157289342392266,0.010705047,0,0,0,0,2.25,0.428571428571429,1,0,0,42,0
"E30HA02-01","C30","Chinese","Genuine",0,"Happy 2 CN",2,1,5.25,42,"AU01","action_unit",0,0,0,0,0,0,0,0,0,0,1,0,0,42,0
"E30HA02-01","C30","Chinese","Genuine",0,"Happy 2 CN",2,1,5.25,42,"AU02","action_unit",0,0,0,0,0,0,0,0,0,0,1,0,0,42,0
"E30HA02-01","C30","Chinese","Genuine",0,"Happy 2 CN",2,1,5.25,42,"AU04","action_unit",0,0,0,0,0,0,0,0,0,0,1,0,0,42,0
"E30HA02-01","C30","Chinese","Genuine",0,"Happy 2 CN",2,1,5.25,42,"AU05","action_unit",0,0,0,0,0,0,0,0,0,0,1,0,0,42,0
"E30HA02-01","C30","Chinese","Genuine",0,"Happy 2 CN",2,1,5.25,42,"AU06","action_unit",4,2.45238095238095,1.15193116648143,12.8125,0.928571428571429,1,4.875,4.875,2.125,0.404761904761905,1,0,1,42,0
"E30HA02-01","C30","Chinese","Genuine",0,"Happy 2 CN",2,1,5.25,42,"AU07","action_unit",0,0,0,0,0,0,0,0,0,0,1,0,0,42,0
"E30HA02-01","C30","Chinese","Genuine",0,"Happy 2 CN",2,1,5.25,42,"AU09","action_unit",1,1,0,5.125,1,1,5.25,5.25,0,0,0,1,1,42,0
"E30HA02-01","C30","Chinese","Genuine",0,"Happy 2 CN",2,1,5.25,42,"AU10","action_unit",0,0,0,0,0,0,0,0,0,0,1,0,0,42,0
"E30HA02-01","C30","Chinese","Genuine",0,"Happy 2 CN",2,1,5.25,42,"AU12","action_unit",4,2.71428571428571,1.0884250040986,14.125,0.904761904761905,1,4.75,4.75,2,0.380952380952381,1,0,1,42,0
"E30HA02-01","C30","Chinese","Genuine",0,"Happy 2 CN",2,1,5.25,42,"AU14","action_unit",0,0,0,0,0,0,0,0,0,0,1,0,0,42,0
"E30HA02-01","C30","Chinese","Genuine",0,"Happy 2 CN",2,1,5.25,42,"AU15","action_unit",0,0,0,0,0,0,0,0,0,0,1,0,0,42,0
"E30HA02-01","C30","Chinese","Genuine",0,"Happy 2 CN",2,1,5.25,42,"AU17","action_unit",0,0,0,0,0,0,0,0,0,0,1,0,0,42,0
"E30HA02-01","C30","Chinese","Genuine",0,"Happy 2 CN",2,1,5.25,42,"AU18","action_unit",0,0,0,0,0,0,0,0,0,0,1,0,0,42,0
"E30HA02-01","C30","Chinese","Genuine",0,"Happy 2 CN",2,1,5.25,42,"AU20","action_unit",0,0,0,0,0,0,0,0,0,0,1,0,0,42,0
"E30HA02-01","C30","Chinese","Genuine",0,"Happy 2 CN",2,1,5.25,42,"AU23","action_unit",0,0,0,0,0,0,0,0,0,0,1,0,0,42,0
"E30HA02-01","C30","Chinese","Genuine",0,"Happy 2 CN",2,1,5.25,42,"AU24","action_unit",0,0,0,0,0,0,0,0,0,0,1,0,0,42,0
"E30HA02-01","C30","Chinese","Genuine",0,"Happy 2 CN",2,1,5.25,42,"AU25","action_unit",4,3.4047619047619,0.938590635448906,17.625,1,1,5.25,5.25,1.375,0.261904761904762,0,1,1,42,0
"E30HA02-01","C30","Chinese","Genuine",0,"Happy 2 CN",2,1,5.25,42,"AU26","action_unit",1,0.880952380952381,0.327770067561568,4.5625,0.880952380952381,1,4.625,4.625,0.625,0.119047619047619,1,0,1,42,0
"E30HA02-01","C30","Chinese","Genuine",0,"Happy 2 CN",2,1,5.25,42,"AU27","action_unit",0,0,0,0,0,0,0,0,0,0,1,0,0,42,0
"E30HA02-01","C30","Chinese","Genuine",0,"Happy 2 CN",2,1,5.25,42,"AU43","action_unit",3,2.35714285714286,0.576847131604568,12.1875,1,1,5.25,5.25,1.375,0.261904761904762,0,1,1,42,0
"E30HA03-03","C30","Chinese","Genuine",0,"Happy 3 CN",3,3,5.625,45,"Neutral","emotion",0.3663084,0.114530946,0.100982798554425,0.60092185875,0,0,0,0,0.125,0.0222222222222222,1,0,0,45,0
"E30HA03-03","C30","Chinese","Genuine",0,"Happy 3 CN",3,3,5.625,45,"Happy","emotion",0.9501235,0.747467499422222,0.247767381976434,4.1821753273125,0.844444444444444,1,4.75,4.75,2,0.355555555555556,1,0,0,45,0
"E30HA03-03","C30","Chinese","Genuine",0,"Happy 3 CN",3,3,5.625,45,"Sad","emotion",0.1246169,0.0108734011777778,0.0270033620259274,0.0532442955625,0,0,0,0,0,0,1,0,0,45,0
"E30HA03-03","C30","Chinese","Genuine",0,"Happy 3 CN",3,3,5.625,45,"Angry","emotion",0.3252636,0.0442041078222222,0.0776596482219136,0.22287348775,0,0,0,0,0.125,0.0222222222222222,1,0,0,45,0
"E30HA03-03","C30","Chinese","Genuine",0,"Happy 3 CN",3,3,5.625,45,"Surprised","emotion",0.001806241,0.000383117644444444,0.000477766594474329,0.0020266474375,0,0,0,0,4.875,0.866666666666667,1,0,0,45,0
"E30HA03-03","C30","Chinese","Genuine",0,"Happy 3 CN",3,3,5.625,45,"Scared","emotion",0.01345809,0.0028935502,0.00427412715850798,0.014709083625,0,0,0,0,5.5,0.977777777777778,1,0,0,45,0
"E30HA03-03","C30","Chinese","Genuine",0,"Happy 3 CN",3,3,5.625,45,"Disgusted","emotion",0.02670043,0.00457078544444444,0.00684271016914923,0.02404747,0,0,0,0,0.25,0.0444444444444444,1,0,0,45,0
"E30HA03-03","C30","Chinese","Genuine",0,"Happy 3 CN",3,3,5.625,45,"Contempt","emotion",0.0163957,0.00266342822222222,0.00412191774279835,0.01411002625,0,0,0,0,5.25,0.933333333333333,1,0,0,45,0
"E30HA03-03","C30","Chinese","Genuine",0,"Happy 3 CN",3,3,5.625,45,"AU01","action_unit",0,0,0,0,0,0,0,0,0,0,1,0,0,45,0
"E30HA03-03","C30","Chinese","Genuine",0,"Happy 3 CN",3,3,5.625,45,"AU02","action_unit",0,0,0,0,0,0,0,0,0,0,1,0,0,45,0
"E30HA03-03","C30","Chinese","Genuine",0,"Happy 3 CN",3,3,5.625,45,"AU04","action_unit",0,0,0,0,0,0,0,0,0,0,1,0,0,45,0
"E30HA03-03","C30","Chinese","Genuine",0,"Happy 3 CN",3,3,5.625,45,"AU05","action_unit",0,0,0,0,0,0,0,0,0,0,1,0,0,45,0
"E30HA03-03","C30","Chinese","Genuine",0,"Happy 3 CN",3,3,5.625,45,"AU06","action_unit",4,2.51111111111111,1.23623736728948,14.0625,0.933333333333333,1,5.25,5.25,1.5,0.266666666666667,1,0,1,45,0
"E30HA03-03","C30","Chinese","Genuine",0,"Happy 3 CN",3,3,5.625,45,"AU07","action_unit",0,0,0,0,0,0,0,0,0,0,1,0,0,45,0
"E30HA03-03","C30","Chinese","Genuine",0,"Happy 3 CN",3,3,5.625,45,"AU09","action_unit",1,1,0,5.5,1,1,5.625,5.625,0,0,0,1,1,45,0
"E30HA03-03","C30","Chinese","Genuine",0,"Happy 3 CN",3,3,5.625,45,"AU10","action_unit",0,0,0,0,0,0,0,0,0,0,1,0,0,45,0
"E30HA03-03","C30","Chinese","Genuine",0,"Happy 3 CN",3,3,5.625,45,"AU12","action_unit",4,2.88888888888889,1.17206543065538,16.1875,0.933333333333333,1,5.25,5.25,1.5,0.266666666666667,1,0,1,45,0
"E30HA03-03","C30","Chinese","Genuine",0,"Happy 3 CN",3,3,5.625,45,"AU14","action_unit",0,0,0,0,0,0,0,0,0,0,1,0,0,45,0
"E30HA03-03","C30","Chinese","Genuine",0,"Happy 3 CN",3,3,5.625,45,"AU15","action_unit",0,0,0,0,0,0,0,0,0,0,1,0,0,45,0
"E30HA03-03","C30","Chinese","Genuine",0,"Happy 3 CN",3,3,5.625,45,"AU17","action_unit",0,0,0,0,0,0,0,0,0,0,1,0,0,45,0
"E30HA03-03","C30","Chinese","Genuine",0,"Happy 3 CN",3,3,5.625,45,"AU18","action_unit",0,0,0,0,0,0,0,0,0,0,1,0,0,45,0
"E30HA03-03","C30","Chinese","Genuine",0,"Happy 3 CN",3,3,5.625,45,"AU20","action_unit",0,0,0,0,0,0,0,0,0,0,1,0,0,45,0
"E30HA03-03","C30","Chinese","Genuine",0,"Happy 3 CN",3,3,5.625,45,"AU23","action_unit",0,0,0,0,0,0,0,0,0,0,1,0,0,45,0
"E30HA03-03","C30","Chinese","Genuine",0,"Happy 3 CN",3,3,5.625,45,"AU24","action_unit",0,0,0,0,0,0,0,0,0,0,1,0,0,45,0
"E30HA03-03","C30","Chinese","Genuine",0,"Happy 3 CN",3,3,5.625,45,"AU25","action_unit",4,3.31111111111111,1.14459643984289,18.5,0.933333333333333,1,5.25,5.25,1,0.177777777777778,1,0,1,45,0
"E30HA03-03","C30","Chinese","Genuine",0,"Happy 3 CN",3,3,5.625,45,"AU26","action_unit",2,1.17777777777778,0.613814040868794,6.5625,0.888888888888889,1,5,5,2.5,0.444444444444444,1,0,1,45,0
"E30HA03-03","C30","Chinese","Genuine",0,"Happy 3 CN",3,3,5.625,45,"AU27","action_unit",0,0,0,0,0,0,0,0,0,0,1,0,0,45,0
"E30HA03-03","C30","Chinese","Genuine",0,"Happy 3 CN",3,3,5.625,45,"AU43","action_unit",3,2.22222222222222,0.849836585598797,12.3125,0.955555555555556,1,5.375,5.375,1.125,0.2,1,0,1,45,0
"E30HA04-04","C30","Chinese","Genuine",0,"Happy 4 CN",4,4,3.125,25,"Neutral","emotion",0.3852493,0.345791052,0.0306115132874343,1.03572728125,0,0,0,0,0.625,0.2,1,0,0,25,0
"E30HA04-04","C30","Chinese","Genuine",0,"Happy 4 CN",4,4,3.125,25,"Happy","emotion",0.3936906,0.21002671824,0.149131620807056,0.6487931365625,0,0,0,0,1.5,0.48,1,0,0,25,0
"E30HA04-04","C30","Chinese","Genuine",0,"Happy 4 CN",4,4,3.125,25,"Sad","emotion",0.04421151,0.01057463664,0.0120836475047452,0.0300123725625,0,0,0,0,0,0,1,0,0,25,0
"E30HA04-04","C30","Chinese","Genuine",0,"Happy 4 CN",4,4,3.125,25,"Angry","emotion",0.3852073,0.254436216,0.0708575089594232,0.7493254625,0,0,0,0,0,0,1,0,0,25,0
"E30HA04-04","C30","Chinese","Genuine",0,"Happy 4 CN",4,4,3.125,25,"Surprised","emotion",0.002428733,0.00108269124,0.000565799748448106,0.003304385875,0,0,0,0,2.125,0.68,1,0,0,25,0
"E30HA04-04","C30","Chinese","Genuine",0,"Happy 4 CN",4,4,3.125,25,"Scared","emotion",0.04083933,0.01785134812,0.00977799575508291,0.05211829975,0,0,0,0,2.875,0.92,1,0,0,25,0
"E30HA04-04","C30","Chinese","Genuine",0,"Happy 4 CN",4,4,3.125,25,"Disgusted","emotion",0.03537159,0.01564734632,0.0113673502716716,0.04702176825,0,0,0,0,2.625,0.84,1,0,0,25,0
"E30HA04-04","C30","Chinese","Genuine",0,"Happy 4 CN",4,4,3.125,25,"Contempt","emotion",0.06587123,0.0336851752,0.0224399066767099,0.101907728125,0,0,0,0,1.75,0.56,1,0,0,25,0
"E30HA04-04","C30","Chinese","Genuine",0,"Happy 4 CN",4,4,3.125,25,"AU01","action_unit",0,0,0,0,0,0,0,0,0,0,1,0,0,25,0
"E30HA04-04","C30","Chinese","Genuine",0,"Happy 4 CN",4,4,3.125,25,"AU02","action_unit",0,0,0,0,0,0,0,0,0,0,1,0,0,25,0
"E30HA04-04","C30","Chinese","Genuine",0,"Happy 4 CN",4,4,3.125,25,"AU04","action_unit",0,0,0,0,0,0,0,0,0,0,1,0,0,25,0
"E30HA04-04","C30","Chinese","Genuine",0,"Happy 4 CN",4,4,3.125,25,"AU05","action_unit",0,0,0,0,0,0,0,0,0,0,1,0,0,25,0
"E30HA04-04","C30","Chinese","Genuine",0,"Happy 4 CN",4,4,3.125,25,"AU06","action_unit",0,0,0,0,0,0,0,0,0,0,1,0,0,25,0
"E30HA04-04","C30","Chinese","Genuine",0,"Happy 4 CN",4,4,3.125,25,"AU07","action_unit",0,0,0,0,0,0,0,0,0,0,1,0,0,25,0
"E30HA04-04","C30","Chinese","Genuine",0,"Happy 4 CN",4,4,3.125,25,"AU09","action_unit",1,1,0,3,1,1,3.125,3.125,0,0,0,1,1,25,0
"E30HA04-04","C30","Chinese","Genuine",0,"Happy 4 CN",4,4,3.125,25,"AU10","action_unit",0,0,0,0,0,0,0,0,0,0,1,0,0,25,0
"E30HA04-04","C30","Chinese","Genuine",0,"Happy 4 CN",4,4,3.125,25,"AU12","action_unit",2,1.04,0.789514618821801,3.1875,0.72,1,2.25,2.25,1.25,0.4,1,0,1,25,0
"E30HA04-04","C30","Chinese","Genuine",0,"Happy 4 CN",4,4,3.125,25,"AU14","action_unit",0,0,0,0,0,0,0,0,0,0,1,0,0,25,0
"E30HA04-04","C30","Chinese","Genuine",0,"Happy 4 CN",4,4,3.125,25,"AU15","action_unit",0,0,0,0,0,0,0,0,0,0,1,0,0,25,0
"E30HA04-04","C30","Chinese","Genuine",0,"Happy 4 CN",4,4,3.125,25,"AU17","action_unit",0,0,0,0,0,0,0,0,0,0,1,0,0,25,0
"E30HA04-04","C30","Chinese","Genuine",0,"Happy 4 CN",4,4,3.125,25,"AU18","action_unit",0,0,0,0,0,0,0,0,0,0,1,0,0,25,0
"E30HA04-04","C30","Chinese","Genuine",0,"Happy 4 CN",4,4,3.125,25,"AU20","action_unit",0,0,0,0,0,0,0,0,0,0,1,0,0,25,0
"E30HA04-04","C30","Chinese","Genuine",0,"Happy 4 CN",4,4,3.125,25,"AU23","action_unit",0,0,0,0,0,0,0,0,0,0,1,0,0,25,0
"E30HA04-04","C30","Chinese","Genuine",0,"Happy 4 CN",4,4,3.125,25,"AU24","action_unit",0,0,0,0,0,0,0,0,0,0,1,0,0,25,0
"E30HA04-04","C30","Chinese","Genuine",0,"Happy 4 CN",4,4,3.125,25,"AU25","action_unit",0,0,0,0,0,0,0,0,0,0,1,0,0,25,0
"E30HA04-04","C30","Chinese","Genuine",0,"Happy 4 CN",4,4,3.125,25,"AU26","action_unit",0,0,0,0,0,0,0,0,0,0,1,0,0,25,0
"E30HA04-04","C30","Chinese","Genuine",0,"Happy 4 CN",4,4,3.125,25,"AU27","action_unit",0,0,0,0,0,0,0,0,0,0,1,0,0,25,0
"E30HA04-04","C30","Chinese","Genuine",0,"Happy 4 CN",4,4,3.125,25,"AU43","action_unit",3,1.2,0.957427107756338,3.6875,0.68,1,2.125,2.125,1.125,0.36,1,0,1,25,0
"E30HA05-02","C30","Chinese","Genuine",0,"Happy 5 CN",5,2,3.5,28,"Neutral","emotion",0.5292093,0.209981771428571,0.156901566691483,0.68603826875,0.107142857142857,1,0.375,0.375,0.125,0.0357142857142857,1,0,0,28,0
"E30HA05-02","C30","Chinese","Genuine",0,"Happy 5 CN",5,2,3.5,28,"Happy","emotion",0.8866947,0.5908082105,0.301175617913028,2.041552194875,0.642857142857143,1,2.25,2.25,1.5,0.428571428571429,1,0,0,28,0
"E30HA05-02","C30","Chinese","Genuine",0,"Happy 5 CN",5,2,3.5,28,"Sad","emotion",0.0926398,0.0172762971785714,0.0281547991537265,0.054604113625,0,0,0,0,0,0,1,0,0,28,0
"E30HA05-02","C30","Chinese","Genuine",0,"Happy 5 CN",5,2,3.5,28,"Angry","emotion",0.1894922,0.0614174206428571,0.0556918540840902,0.197749291,0,0,0,0,0.125,0.0357142857142857,1,0,0,28,0
"E30HA05-02","C30","Chinese","Genuine",0,"Happy 5 CN",5,2,3.5,28,"Surprised","emotion",0.003867647,0.00128732392857143,0.00105092904684308,0.0043509868125,0,0,0,0,0.5,0.142857142857143,1,0,0,28,0
"E30HA05-02","C30","Chinese","Genuine",0,"Happy 5 CN",5,2,3.5,28,"Scared","emotion",0.02426635,0.0056450365,0.0071696113168766,0.0185788748125,0,0,0,0,2.75,0.785714285714286,1,0,0,28,0
"E30HA05-02","C30","Chinese","Genuine",0,"Happy 5 CN",5,2,3.5,28,"Disgusted","emotion",0.03533234,0.00858308178571429,0.0106513680230952,0.0283003633125,0,0,0,0,0.25,0.0714285714285714,1,0,0,28,0
"E30HA05-02","C30","Chinese","Genuine",0,"Happy 5 CN",5,2,3.5,28,"Contempt","emotion",0.0275229,0.0084943615,0.00755296518883538,0.027317877125,0,0,0,0,3.25,0.928571428571429,1,0,0,28,0
"E30HA05-02","C30","Chinese","Genuine",0,"Happy 5 CN",5,2,3.5,28,"AU01","action_unit",0,0,0,0,0,0,0,0,0,0,1,0,0,28,0
"E30HA05-02","C30","Chinese","Genuine",0,"Happy 5 CN",5,2,3.5,28,"AU02","action_unit",0,0,0,0,0,0,0,0,0,0,1,0,0,28,0
"E30HA05-02","C30","Chinese","Genuine",0,"Happy 5 CN",5,2,3.5,28,"AU04","action_unit",0,0,0,0,0,0,0,0,0,0,1,0,0,28,0
"E30HA05-02","C30","Chinese","Genuine",0,"Happy 5 CN",5,2,3.5,28,"AU05","action_unit",0,0,0,0,0,0,0,0,0,0,1,0,0,28,0
"E30HA05-02","C30","Chinese","Genuine",0,"Happy 5 CN",5,2,3.5,28,"AU06","action_unit",3,1.60714285714286,1.10014429068075,5.5625,0.821428571428571,1,2.875,2.875,1.25,0.357142857142857,1,0,1,28,0
"E30HA05-02","C30","Chinese","Genuine",0,"Happy 5 CN",5,2,3.5,28,"AU07","action_unit",0,0,0,0,0,0,0,0,0,0,1,0,0,28,0
"E30HA05-02","C30","Chinese","Genuine",0,"Happy 5 CN",5,2,3.5,28,"AU09","action_unit",1,0.785714285714286,0.417855447018673,2.625,0.785714285714286,2,2.75,2.625,0,0,0,1,1,28,0
"E30HA05-02","C30","Chinese","Genuine",0,"Happy 5 CN",5,2,3.5,28,"AU10","action_unit",0,0,0,0,0,0,0,0,0,0,1,0,0,28,0
"E30HA05-02","C30","Chinese","Genuine",0,"Happy 5 CN",5,2,3.5,28,"AU12","action_unit",3,2.10714285714286,1.13330999042254,7.25,0.821428571428571,1,2.875,2.875,1,0.285714285714286,1,0,1,28,0
"E30HA05-02","C30","Chinese","Genuine",0,"Happy 5 CN",5,2,3.5,28,"AU14","action_unit",0,0,0,0,0,0,0,0,0,0,1,0,0,28,0
"E30HA05-02","C30","Chinese","Genuine",0,"Happy 5 CN",5,2,3.5,28,"AU15","action_unit",0,0,0,0,0,0,0,0,0,0,1,0,0,28,0
"E30HA05-02","C30","Chinese","Genuine",0,"Happy 5 CN",5,2,3.5,28,"AU17","action_unit",0,0,0,0,0,0,0,0,0,0,1,0,0,28,0
"E30HA05-02","C30","Chinese","Genuine",0,"Happy 5 CN",5,2,3.5,28,"AU18","action_unit",0,0,0,0,0,0,0,0,0,0,1,0,0,28,0
"E30HA05-02","C30","Chinese","Genuine",0,"Happy 5 CN",5,2,3.5,28,"AU20","action_unit",0,0,0,0,0,0,0,0,0,0,1,0,0,28,0
"E30HA05-02","C30","Chinese","Genuine",0,"Happy 5 CN",5,2,3.5,28,"AU23","action_unit",0,0,0,0,0,0,0,0,0,0,1,0,0,28,0
"E30HA05-02","C30","Chinese","Genuine",0,"Happy 5 CN",5,2,3.5,28,"AU24","action_unit",0,0,0,0,0,0,0,0,0,0,1,0,0,28,0
"E30HA05-02","C30","Chinese","Genuine",0,"Happy 5 CN",5,2,3.5,28,"AU25","action_unit",3,2.10714285714286,1.22744195651516,7.25,0.785714285714286,1,2.75,2.75,1.125,0.321428571428571,1,0,1,28,0
"E30HA05-02","C30","Chinese","Genuine",0,"Happy 5 CN",5,2,3.5,28,"AU26","action_unit",1,0.678571428571428,0.475594865605671,2.375,0.678571428571429,1,2.375,2.375,1,0.285714285714286,1,0,0,28,0
"E30HA05-02","C30","Chinese","Genuine",0,"Happy 5 CN",5,2,3.5,28,"AU27","action_unit",0,0,0,0,0,0,0,0,0,0,1,0,0,28,0
"E30HA05-02","C30","Chinese","Genuine",0,"Happy 5 CN",5,2,3.5,28,"AU43","action_unit",4,2.60714285714286,0.916486273736323,9.0625,0.928571428571429,1,3.25,3.25,2.5,0.714285714285714,1,0,1,28,0
"E30HA07-01","C30","Chinese","Genuine",0,"Happy 7 CN",7,1,5.5,44,"Neutral","emotion",0.4275594,0.0999318234090909,0.113012915292197,0.50638187875,0,0,0,0,0.25,0.0454545454545455,1,0,0,44,0
"E30HA07-01","C30","Chinese","Genuine",0,"Happy 7 CN",7,1,5.5,44,"Happy","emotion",0.953796,0.782762219340909,0.265183768506978,4.27676401675,0.863636363636364,1,4.75,4.75,2.5,0.454545454545455,1,0,0,44,0
"E30HA07-01","C30","Chinese","Genuine",0,"Happy 7 CN",7,1,5.5,44,"Sad","emotion",0.05526461,0.00605295059090909,0.0141594876289995,0.0296821205,0,0,0,0,0,0,1,0,0,44,0
"E30HA07-01","C30","Chinese","Genuine",0,"Happy 7 CN",7,1,5.5,44,"Angry","emotion",0.2336599,0.0359026710909091,0.063940432437618,0.1751680535,0,0,0,0,0,0,1,0,0,44,0
"E30HA07-01","C30","Chinese","Genuine",0,"Happy 7 CN",7,1,5.5,44,"Surprised","emotion",0.01414181,0.00198915295454545,0.00370115848348865,0.0099375823125,0,0,0,0,0.125,0.0227272727272727,1,0,0,44,0
"E30HA07-01","C30","Chinese","Genuine",0,"Happy 7 CN",7,1,5.5,44,"Scared","emotion",0.1762919,0.0196552370681818,0.0420737765750463,0.094917977,0,0,0,0,0,0,1,0,0,44,0
"E30HA07-01","C30","Chinese","Genuine",0,"Happy 7 CN",7,1,5.5,44,"Disgusted","emotion",0.0185504,0.00241963513636364,0.00441185633283596,0.0122417256875,0,0,0,0,0.25,0.0454545454545455,1,0,0,44,0
"E30HA07-01","C30","Chinese","Genuine",0,"Happy 7 CN",7,1,5.5,44,"Contempt","emotion",0.04444288,0.00360956525,0.00751555072146109,0.017072339125,0,0,0,0,5.375,0.977272727272727,1,0,0,44,0
"E30HA07-01","C30","Chinese","Genuine",0,"Happy 7 CN",7,1,5.5,44,"AU01","action_unit",0,0,0,0,0,0,0,0,0,0,1,0,0,44,0
"E30HA07-01","C30","Chinese","Genuine",0,"Happy 7 CN",7,1,5.5,44,"AU02","action_unit",0,0,0,0,0,0,0,0,0,0,1,0,0,44,0
"E30HA07-01","C30","Chinese","Genuine",0,"Happy 7 CN",7,1,5.5,44,"AU04","action_unit",0,0,0,0,0,0,0,0,0,0,1,0,0,44,0
"E30HA07-01","C30","Chinese","Genuine",0,"Happy 7 CN",7,1,5.5,44,"AU05","action_unit",0,0,0,0,0,0,0,0,0,0,1,0,0,44,0
"E30HA07-01","C30","Chinese","Genuine",0,"Happy 7 CN",7,1,5.5,44,"AU06","action_unit",4,2.77272727272727,1.1785611322688,15.1875,0.909090909090909,1,5,5,1.375,0.25,1,0,1,44,0
"E30HA07-01","C30","Chinese","Genuine",0,"Happy 7 CN",7,1,5.5,44,"AU07","action_unit",0,0,0,0,0,0,0,0,0,0,1,0,0,44,0
"E30HA07-01","C30","Chinese","Genuine",0,"Happy 7 CN",7,1,5.5,44,"AU09","action_unit",1,0.568181818181818,0.501055967385313,3.125,0.568181818181818,2,3.125,2.625,0.375,0.0681818181818182,1,0,0,44,0
"E30HA07-01","C30","Chinese","Genuine",0,"Happy 7 CN",7,1,5.5,44,"AU10","action_unit",0,0,0,0,0,0,0,0,0,0,1,0,0,44,0
"E30HA07-01","C30","Chinese","Genuine",0,"Happy 7 CN",7,1,5.5,44,"AU12","action_unit",4,2.90909090909091,1.13748359187106,15.875,0.909090909090909,1,5,5,1.25,0.227272727272727,1,0,1,44,0
"E30HA07-01","C30","Chinese","Genuine",0,"Happy 7 CN",7,1,5.5,44,"AU14","action_unit",0,0,0,0,0,0,0,0,0,0,1,0,0,44,0
"E30HA07-01","C30","Chinese","Genuine",0,"Happy 7 CN",7,1,5.5,44,"AU15","action_unit",0,0,0,0,0,0,0,0,0,0,1,0,0,44,0
"E30HA07-01","C30","Chinese","Genuine",0,"Happy 7 CN",7,1,5.5,44,"AU17","action_unit",0,0,0,0,0,0,0,0,0,0,1,0,0,44,0
"E30HA07-01","C30","Chinese","Genuine",0,"Happy 7 CN",7,1,5.5,44,"AU18","action_unit",0,0,0,0,0,0,0,0,0,0,1,0,0,44,0
"E30HA07-01","C30","Chinese","Genuine",0,"Happy 7 CN",7,1,5.5,44,"AU20","action_unit",0,0,0,0,0,0,0,0,0,0,1,0,0,44,0
"E30HA07-01","C30","Chinese","Genuine",0,"Happy 7 CN",7,1,5.5,44,"AU23","action_unit",0,0,0,0,0,0,0,0,0,0,1,0,0,44,0
"E30HA07-01","C30","Chinese","Genuine",0,"Happy 7 CN",7,1,5.5,44,"AU24","action_unit",0,0,0,0,0,0,0,0,0,0,1,0,0,44,0
"E30HA07-01","C30","Chinese","Genuine",0,"Happy 7 CN",7,1,5.5,44,"AU25","action_unit",4,3.52272727272727,0.927327652479346,19.125,1,1,5.5,5.5,1,0.181818181818182,0,1,1,44,0
"E30HA07-01","C30","Chinese","Genuine",0,"Happy 7 CN",7,1,5.5,44,"AU26","action_unit",2,1.11363636363636,0.57933037089983,6.0625,0.886363636363636,1,4.875,4.875,1.625,0.295454545454545,1,0,1,44,0
"E30HA07-01","C30","Chinese","Genuine",0,"Happy 7 CN",7,1,5.5,44,"AU27","action_unit",0,0,0,0,0,0,0,0,0,0,1,0,0,44,0
"E30HA07-01","C30","Chinese","Genuine",0,"Happy 7 CN",7,1,5.5,44,"AU43","action_unit",3,1.43181818181818,0.624973572379954,7.75,1,1,5.5,5.5,0.625,0.113636363636364,0,1,1,44,0
"E32HA01-02","C32","Chinese","Genuine",0,"Happy 1 CN",1,2,4.5,36,"Neutral","emotion",0.6828058,0.334828394166667,0.208670754719503,1.44074613625,0.277777777777778,1,1.25,1.25,0.25,0.0555555555555556,0,1,0,36,0
"E32HA01-02","C32","Chinese","Genuine",0,"Happy 1 CN",1,2,4.5,36,"Happy","emotion",0.8814223,0.400531619083333,0.303255562423933,1.79113464625,0.472222222222222,2,2.125,1.125,2.125,0.472222222222222,1,0,0,36,0
"E32HA01-02","C32","Chinese","Genuine",0,"Happy 1 CN",1,2,4.5,36,"Sad","emotion",0.09460706,0.0299662771944444,0.0337935811698875,0.12404832675,0,0,0,0,0,0,1,0,0,36,0
"E32HA01-02","C32","Chinese","Genuine",0,"Happy 1 CN",1,2,4.5,36,"Angry","emotion",0.1562625,0.0746336486111111,0.0494878655115556,0.31763226875,0,0,0,0,4.375,0.972222222222222,1,0,0,36,0
"E32HA01-02","C32","Chinese","Genuine",0,"Happy 1 CN",1,2,4.5,36,"Surprised","emotion",0.09475981,0.0183114836666667,0.0224244160529673,0.0808189379375,0,0,0,0,1,0.222222222222222,1,0,0,36,0
"E32HA01-02","C32","Chinese","Genuine",0,"Happy 1 CN",1,2,4.5,36,"Scared","emotion",0.02403903,0.00808607522222222,0.0080469565827971,0.0347783855625,0,0,0,0,0,0,1,0,0,36,0
"E32HA01-02","C32","Chinese","Genuine",0,"Happy 1 CN",1,2,4.5,36,"Disgusted","emotion",0.1760078,0.0639931585277778,0.0541828980565283,0.28348498275,0,0,0,0,2.5,0.555555555555556,1,0,0,36,0
"E32HA01-02","C32","Chinese","Genuine",0,"Happy 1 CN",1,2,4.5,36,"Contempt","emotion",0.01085091,0.00271373025,0.00243828252142058,0.012071762875,0,0,0,0,2.625,0.583333333333333,1,0,0,36,0
"E32HA01-02","C32","Chinese","Genuine",0,"Happy 1 CN",1,2,4.5,36,"AU01","action_unit",0,0,0,0,0,0,0,0,0,0,1,0,0,36,0
"E32HA01-02","C32","Chinese","Genuine",0,"Happy 1 CN",1,2,4.5,36,"AU02","action_unit",2,0.444444444444444,0.694650763002303,1.875,0.333333333333333,1,1.5,1.5,0,0,0,1,0,36,0
"E32HA01-02","C32","Chinese","Genuine",0,"Happy 1 CN",1,2,4.5,36,"AU04","action_unit",0,0,0,0,0,0,0,0,0,0,1,0,0,36,0
"E32HA01-02","C32","Chinese","Genuine",0,"Happy 1 CN",1,2,4.5,36,"AU05","action_unit",0,0,0,0,0,0,0,0,0,0,1,0,0,36,0
"E32HA01-02","C32","Chinese","Genuine",0,"Happy 1 CN",1,2,4.5,36,"AU06","action_unit",2,0.972222222222222,0.810153816475123,4.3125,0.666666666666667,1,3,3,1.75,0.388888888888889,1,0,1,36,0
"E32HA01-02","C32","Chinese","Genuine",0,"Happy 1 CN",1,2,4.5,36,"AU07","action_unit",1,0.444444444444444,0.50395263067897,1.9375,0.444444444444444,2,2,1.625,2.25,0.5,1,0,1,36,0
"E32HA01-02","C32","Chinese","Genuine",0,"Happy 1 CN",1,2,4.5,36,"AU09","action_unit",1,0.333333333333333,0.478091443733758,1.5,0.333333333333333,1,1.5,1.5,2.5,0.555555555555556,1,0,0,36,0
"E32HA01-02","C32","Chinese","Genuine",0,"Happy 1 CN",1,2,4.5,36,"AU10","action_unit",0,0,0,0,0,0,0,0,0,0,1,0,0,36,0
"E32HA01-02","C32","Chinese","Genuine",0,"Happy 1 CN",1,2,4.5,36,"AU12","action_unit",3,1.5,1.18321595661992,6.6875,0.722222222222222,1,3.25,3.25,1.625,0.361111111111111,1,0,1,36,0
"E32HA01-02","C32","Chinese","Genuine",0,"Happy 1 CN",1,2,4.5,36,"AU14","action_unit",0,0,0,0,0,0,0,0,0,0,1,0,0,36,0
"E32HA01-02","C32","Chinese","Genuine",0,"Happy 1 CN",1,2,4.5,36,"AU15","action_unit",0,0,0,0,0,0,0,0,0,0,1,0,0,36,0
"E32HA01-02","C32","Chinese","Genuine",0,"Happy 1 CN",1,2,4.5,36,"AU17","action_unit",0,0,0,0,0,0,0,0,0,0,1,0,0,36,0
"E32HA01-02","C32","Chinese","Genuine",0,"Happy 1 CN",1,2,4.5,36,"AU18","action_unit",0,0,0,0,0,0,0,0,0,0,1,0,0,36,0
"E32HA01-02","C32","Chinese","Genuine",0,"Happy 1 CN",1,2,4.5,36,"AU20","action_unit",0,0,0,0,0,0,0,0,0,0,1,0,0,36,0
"E32HA01-02","C32","Chinese","Genuine",0,"Happy 1 CN",1,2,4.5,36,"AU23","action_unit",0,0,0,0,0,0,0,0,0,0,1,0,0,36,0
"E32HA01-02","C32","Chinese","Genuine",0,"Happy 1 CN",1,2,4.5,36,"AU24","action_unit",0,0,0,0,0,0,0,0,0,0,1,0,0,36,0
"E32HA01-02","C32","Chinese","Genuine",0,"Happy 1 CN",1,2,4.5,36,"AU25","action_unit",4,3.33333333333333,0.828078671210825,14.75,1,1,4.5,4.5,1.5,0.333333333333333,0,1,1,36,0
"E32HA01-02","C32","Chinese","Genuine",0,"Happy 1 CN",1,2,4.5,36,"AU26","action_unit",2,0.972222222222222,0.608797930872733,4.3125,0.805555555555556,1,3.625,3.625,1.875,0.416666666666667,1,0,1,36,0
"E32HA01-02","C32","Chinese","Genuine",0,"Happy 1 CN",1,2,4.5,36,"AU27","action_unit",0,0,0,0,0,0,0,0,0,0,1,0,0,36,0
"E32HA01-02","C32","Chinese","Genuine",0,"Happy 1 CN",1,2,4.5,36,"AU43","action_unit",4,2.41666666666667,0.996422170998389,10.625,1,1,4.5,4.5,2.5,0.555555555555556,0,1,1,36,0
"E32HA02-03","C32","Chinese","Genuine",0,"Happy 2 CN",2,3,9.25,74,"Neutral","emotion",0.5001044,0.275542756621622,0.121581694110061,2.50130153625,0.0135135135135135,1,0.125,0.125,0.375,0.0405405405405405,1,0,0,74,0
"E32HA02-03","C32","Chinese","Genuine",0,"Happy 2 CN",2,3,9.25,74,"Happy","emotion",0.826126,0.441590944067568,0.247246094821547,4.062713981375,0.364864864864865,2,3.375,2.75,6.75,0.72972972972973,1,0,0,74,0
"E32HA02-03","C32","Chinese","Genuine",0,"Happy 2 CN",2,3,9.25,74,"Sad","emotion",0.09552951,0.0231704308513514,0.028542395958192,0.208285766625,0,0,0,0,0.625,0.0675675675675676,1,0,0,74,0
"E32HA02-03","C32","Chinese","Genuine",0,"Happy 2 CN",2,3,9.25,74,"Angry","emotion",0.3190633,0.0572355867567568,0.0574951487090287,0.50638891625,0,0,0,0,0,0,1,0,0,74,0
"E32HA02-03","C32","Chinese","Genuine",0,"Happy 2 CN",2,3,9.25,74,"Surprised","emotion",0.01111172,0.00476979259459459,0.00302928079096707,0.0434395716875,0,0,0,0,4.375,0.472972972972973,1,0,0,74,0
"E32HA02-03","C32","Chinese","Genuine",0,"Happy 2 CN",2,3,9.25,74,"Scared","emotion",0.009083174,0.00310603166216216,0.00210953445451579,0.027856398875,0,0,0,0,0,0,1,0,0,74,0
"E32HA02-03","C32","Chinese","Genuine",0,"Happy 2 CN",2,3,9.25,74,"Disgusted","emotion",0.3230203,0.104537825945946,0.0703734907661177,0.9593255328125,0,0,0,0,3,0.324324324324324,1,0,0,74,0
"E32HA02-03","C32","Chinese","Genuine",0,"Happy 2 CN",2,3,9.25,74,"Contempt","emotion",0.002595311,0.00115038633783784,0.000535309554532428,0.01057507075,0,0,0,0,0.375,0.0405405405405405,1,0,0,74,0
"E32HA02-03","C32","Chinese","Genuine",0,"Happy 2 CN",2,3,9.25,74,"AU01","action_unit",0,0,0,0,0,0,0,0,0,0,1,0,0,74,0
"E32HA02-03","C32","Chinese","Genuine",0,"Happy 2 CN",2,3,9.25,74,"AU02","action_unit",0,0,0,0,0,0,0,0,0,0,1,0,0,74,0
"E32HA02-03","C32","Chinese","Genuine",0,"Happy 2 CN",2,3,9.25,74,"AU04","action_unit",1,0.324324324324324,0.471317247899274,3,0.324324324324324,2,3,2.125,2.5,0.27027027027027,1,0,0,74,0
"E32HA02-03","C32","Chinese","Genuine",0,"Happy 2 CN",2,3,9.25,74,"AU05","action_unit",0,0,0,0,0,0,0,0,0,0,1,0,0,74,0
"E32HA02-03","C32","Chinese","Genuine",0,"Happy 2 CN",2,3,9.25,74,"AU06","action_unit",2,1.14864864864865,0.540989262102749,10.5625,0.918918918918919,1,8.5,8.5,1.75,0.189189189189189,1,0,1,74,0
"E32HA02-03","C32","Chinese","Genuine",0,"Happy 2 CN",2,3,9.25,74,"AU07","action_unit",2,1.63513513513514,0.484678238821352,15,1,1,9.25,9.25,1.625,0.175675675675676,0,1,1,74,0
"E32HA02-03","C32","Chinese","Genuine",0,"Happy 2 CN",2,3,9.25,74,"AU09","action_unit",1,0.608108108108108,0.49150502910142,5.625,0.608108108108108,3,5.625,4,1.375,0.148648648648649,1,0,0,74,0
"E32HA02-03","C32","Chinese","Genuine",0,"Happy 2 CN",2,3,9.25,74,"AU10","action_unit",0,0,0,0,0,0,0,0,0,0,1,0,0,74,0
"E32HA02-03","C32","Chinese","Genuine",0,"Happy 2 CN",2,3,9.25,74,"AU12","action_unit",2,1.14864864864865,0.565744325631685,10.5625,0.905405405405405,1,8.375,8.375,6.125,0.662162162162162,1,0,1,74,0
"E32HA02-03","C32","Chinese","Genuine",0,"Happy 2 CN",2,3,9.25,74,"AU14","action_unit",0,0,0,0,0,0,0,0,0,0,1,0,0,74,0
"E32HA02-03","C32","Chinese","Genuine",0,"Happy 2 CN",2,3,9.25,74,"AU15","action_unit",0,0,0,0,0,0,0,0,0,0,1,0,0,74,0
"E32HA02-03","C32","Chinese","Genuine",0,"Happy 2 CN",2,3,9.25,74,"AU17","action_unit",0,0,0,0,0,0,0,0,0,0,1,0,0,74,0
"E32HA02-03","C32","Chinese","Genuine",0,"Happy 2 CN",2,3,9.25,74,"AU18","action_unit",0,0,0,0,0,0,0,0,0,0,1,0,0,74,0
"E32HA02-03","C32","Chinese","Genuine",0,"Happy 2 CN",2,3,9.25,74,"AU20","action_unit",0,0,0,0,0,0,0,0,0,0,1,0,0,74,0
"E32HA02-03","C32","Chinese","Genuine",0,"Happy 2 CN",2,3,9.25,74,"AU23","action_unit",0,0,0,0,0,0,0,0,0,0,1,0,0,74,0
"E32HA02-03","C32","Chinese","Genuine",0,"Happy 2 CN",2,3,9.25,74,"AU24","action_unit",0,0,0,0,0,0,0,0,0,0,1,0,0,74,0
"E32HA02-03","C32","Chinese","Genuine",0,"Happy 2 CN",2,3,9.25,74,"AU25","action_unit",5,2.68918918918919,1.87941754075146,24.75,0.756756756756757,2,7,6.875,5.875,0.635135135135135,1,0,1,74,0
"E32HA02-03","C32","Chinese","Genuine",0,"Happy 2 CN",2,3,9.25,74,"AU26","action_unit",2,0.662162162162163,0.555841384367953,6.125,0.621621621621622,1,5.75,5.75,7,0.756756756756757,1,0,0,74,0
"E32HA02-03","C32","Chinese","Genuine",0,"Happy 2 CN",2,3,9.25,74,"AU27","action_unit",0,0,0,0,0,0,0,0,0,0,1,0,0,74,0
"E32HA02-03","C32","Chinese","Genuine",0,"Happy 2 CN",2,3,9.25,74,"AU43","action_unit",4,2.74324324324324,0.77743538357773,25.0625,1,1,9.25,9.25,7.375,0.797297297297297,0,1,1,74,0
"E32HA03-03","C32","Chinese","Genuine",0,"Happy 3 CN",3,3,4.5,36,"Neutral","emotion",0.4465365,0.409724702777778,0.0260059293089698,1.79045011875,0,0,0,0,4.25,0.944444444444444,1,0,0,36,0
"E32HA03-03","C32","Chinese","Genuine",0,"Happy 3 CN",3,3,4.5,36,"Happy","emotion",0.3149092,0.155837615833333,0.0982968528150125,0.695476125625,0,0,0,0,1.5,0.333333333333333,1,0,0,36,0
"E32HA03-03","C32","Chinese","Genuine",0,"Happy 3 CN",3,3,4.5,36,"Sad","emotion",0.186834,0.0741354180555556,0.0384801488020186,0.3112739,0,0,0,0,0,0,1,0,0,36,0
"E32HA03-03","C32","Chinese","Genuine",0,"Happy 3 CN",3,3,4.5,36,"Angry","emotion",0.2615079,0.157729493055556,0.058095637291908,0.69239385625,0,0,0,0,4,0.888888888888889,1,0,0,36,0
"E32HA03-03","C32","Chinese","Genuine",0,"Happy 3 CN",3,3,4.5,36,"Surprised","emotion",0.008191813,0.00226091333333333,0.00193559470531729,0.0093488000625,0,0,0,0,4.375,0.972222222222222,1,0,0,36,0
"E32HA03-03","C32","Chinese","Genuine",0,"Happy 3 CN",3,3,4.5,36,"Scared","emotion",0.008368413,0.00416552655555556,0.00157266665298217,0.018041317625,0,0,0,0,4.375,0.972222222222222,1,0,0,36,0
"E32HA03-03","C32","Chinese","Genuine",0,"Happy 3 CN",3,3,4.5,36,"Disgusted","emotion",0.05561033,0.0347946088888889,0.0148467289530953,0.1540644828125,0,0,0,0,2.5,0.555555555555556,1,0,0,36,0
"E32HA03-03","C32","Chinese","Genuine",0,"Happy 3 CN",3,3,4.5,36,"Contempt","emotion",0.002663865,0.00161292822222222,0.000635192872385438,0.0071878695625,0,0,0,0,0.875,0.194444444444444,1,0,0,36,0
"E32HA03-03","C32","Chinese","Genuine",0,"Happy 3 CN",3,3,4.5,36,"AU01","action_unit",0,0,0,0,0,0,0,0,0,0,1,0,0,36,0
"E32HA03-03","C32","Chinese","Genuine",0,"Happy 3 CN",3,3,4.5,36,"AU02","action_unit",0,0,0,0,0,0,0,0,0,0,1,0,0,36,0
"E32HA03-03","C32","Chinese","Genuine",0,"Happy 3 CN",3,3,4.5,36,"AU04","action_unit",0,0,0,0,0,0,0,0,0,0,1,0,0,36,0
"E32HA03-03","C32","Chinese","Genuine",0,"Happy 3 CN",3,3,4.5,36,"AU05","action_unit",0,0,0,0,0,0,0,0,0,0,1,0,0,36,0
"E32HA03-03","C32","Chinese","Genuine",0,"Happy 3 CN",3,3,4.5,36,"AU06","action_unit",1,0.361111111111111,0.48713610757322,1.625,0.361111111111111,2,1.625,1.5,1.375,0.305555555555556,1,0,0,36,0
"E32HA03-03","C32","Chinese","Genuine",0,"Happy 3 CN",3,3,4.5,36,"AU07","action_unit",1,0.861111111111111,0.350736187206101,3.8125,0.861111111111111,1,3.875,3.875,0.625,0.138888888888889,1,0,1,36,0
"E32HA03-03","C32","Chinese","Genuine",0,"Happy 3 CN",3,3,4.5,36,"AU09","action_unit",1,0.388888888888889,0.494413232473044,1.75,0.388888888888889,1,1.75,1.75,1.625,0.361111111111111,1,0,0,36,0
"E32HA03-03","C32","Chinese","Genuine",0,"Happy 3 CN",3,3,4.5,36,"AU10","action_unit",0,0,0,0,0,0,0,0,0,0,1,0,0,36,0
"E32HA03-03","C32","Chinese","Genuine",0,"Happy 3 CN",3,3,4.5,36,"AU12","action_unit",1,0.666666666666667,0.478091443733757,3,0.666666666666667,1,3,3,0.5,0.111111111111111,1,0,0,36,0
"E32HA03-03","C32","Chinese","Genuine",0,"Happy 3 CN",3,3,4.5,36,"AU14","action_unit",0,0,0,0,0,0,0,0,0,0,1,0,0,36,0
"E32HA03-03","C32","Chinese","Genuine",0,"Happy 3 CN",3,3,4.5,36,"AU15","action_unit",0,0,0,0,0,0,0,0,0,0,1,0,0,36,0
"E32HA03-03","C32","Chinese","Genuine",0,"Happy 3 CN",3,3,4.5,36,"AU17","action_unit",0,0,0,0,0,0,0,0,0,0,1,0,0,36,0
"E32HA03-03","C32","Chinese","Genuine",0,"Happy 3 CN",3,3,4.5,36,"AU18","action_unit",0,0,0,0,0,0,0,0,0,0,1,0,0,36,0
"E32HA03-03","C32","Chinese","Genuine",0,"Happy 3 CN",3,3,4.5,36,"AU20","action_unit",0,0,0,0,0,0,0,0,0,0,1,0,0,36,0
"E32HA03-03","C32","Chinese","Genuine",0,"Happy 3 CN",3,3,4.5,36,"AU23","action_unit",0,0,0,0,0,0,0,0,0,0,1,0,0,36,0
"E32HA03-03","C32","Chinese","Genuine",0,"Happy 3 CN",3,3,4.5,36,"AU24","action_unit",0,0,0,0,0,0,0,0,0,0,1,0,0,36,0
"E32HA03-03","C32","Chinese","Genuine",0,"Happy 3 CN",3,3,4.5,36,"AU25","action_unit",0,0,0,0,0,0,0,0,0,0,1,0,0,36,0
"E32HA03-03","C32","Chinese","Genuine",0,"Happy 3 CN",3,3,4.5,36,"AU26","action_unit",0,0,0,0,0,0,0,0,0,0,1,0,0,36,0
"E32HA03-03","C32","Chinese","Genuine",0,"Happy 3 CN",3,3,4.5,36,"AU27","action_unit",0,0,0,0,0,0,0,0,0,0,1,0,0,36,0
"E32HA03-03","C32","Chinese","Genuine",0,"Happy 3 CN",3,3,4.5,36,"AU43","action_unit",5,3.33333333333333,0.534522483824849,14.5,1,1,4.5,4.5,0,0,0,1,1,36,0
"E32HA04-01","C32","Chinese","Genuine",0,"Happy 4 CN",4,1,5.625,45,"Neutral","emotion",0.4548257,0.378098526666667,0.073796311555316,2.07933195,0,0,0,0,1,0.177777777777778,1,0,0,45,0
"E32HA04-01","C32","Chinese","Genuine",0,"Happy 4 CN",4,1,5.625,45,"Happy","emotion",0.5915101,0.174231699977778,0.182672031110697,0.978346214,0.0888888888888889,1,0.5,0.5,3.5,0.622222222222222,1,0,0,45,0
"E32HA04-01","C32","Chinese","Genuine",0,"Happy 4 CN",4,1,5.625,45,"Sad","emotion",0.2189339,0.0957100675333333,0.052345012138126,0.515716498625,0,0,0,0,5.375,0.955555555555556,1,0,0,45,0
"E32HA04-01","C32","Chinese","Genuine",0,"Happy 4 CN",4,1,5.625,45,"Angry","emotion",0.4261375,0.146353790888889,0.083807485474813,0.78462754875,0,0,0,0,0,0,1,0,0,45,0
"E32HA04-01","C32","Chinese","Genuine",0,"Happy 4 CN",4,1,5.625,45,"Surprised","emotion",0.002866902,0.000937989511111111,0.000514179355587426,0.0049921740625,0,0,0,0,0,0,1,0,0,45,0
"E32HA04-01","C32","Chinese","Genuine",0,"Happy 4 CN",4,1,5.625,45,"Scared","emotion",0.006246586,0.00266536531111111,0.00114030541128016,0.014447328875,0,0,0,0,0,0,1,0,0,45,0
"E32HA04-01","C32","Chinese","Genuine",0,"Happy 4 CN",4,1,5.625,45,"Disgusted","emotion",0.2780769,0.111869320822222,0.075803681644553,0.626876832125,0,0,0,0,4,0.711111111111111,1,0,0,45,0
"E32HA04-01","C32","Chinese","Genuine",0,"Happy 4 CN",4,1,5.625,45,"Contempt","emotion",0.005437089,0.00185673613333333,0.00156600367872626,0.0103906379375,0,0,0,0,4,0.711111111111111,1,0,0,45,0
"E32HA04-01","C32","Chinese","Genuine",0,"Happy 4 CN",4,1,5.625,45,"AU01","action_unit",0,0,0,0,0,0,0,0,0,0,1,0,0,45,0
"E32HA04-01","C32","Chinese","Genuine",0,"Happy 4 CN",4,1,5.625,45,"AU02","action_unit",0,0,0,0,0,0,0,0,0,0,1,0,0,45,0
"E32HA04-01","C32","Chinese","Genuine",0,"Happy 4 CN",4,1,5.625,45,"AU04","action_unit",0,0,0,0,0,0,0,0,0,0,1,0,0,45,0
"E32HA04-01","C32","Chinese","Genuine",0,"Happy 4 CN",4,1,5.625,45,"AU05","action_unit",0,0,0,0,0,0,0,0,0,0,1,0,0,45,0
"E32HA04-01","C32","Chinese","Genuine",0,"Happy 4 CN",4,1,5.625,45,"AU06","action_unit",1,0.577777777777778,0.499494694160958,3.25,0.577777777777778,1,3.25,3.25,2,0.355555555555556,1,0,0,45,0
"E32HA04-01","C32","Chinese","Genuine",0,"Happy 4 CN",4,1,5.625,45,"AU07","action_unit",1,0.244444444444444,0.434613493680177,1.375,0.244444444444444,2,1.375,1,3.75,0.666666666666667,1,0,0,45,0
"E32HA04-01","C32","Chinese","Genuine",0,"Happy 4 CN",4,1,5.625,45,"AU09","action_unit",0,0,0,0,0,0,0,0,0,0,1,0,0,45,0
"E32HA04-01","C32","Chinese","Genuine",0,"Happy 4 CN",4,1,5.625,45,"AU10","action_unit",0,0,0,0,0,0,0,0,0,0,1,0,0,45,0
"E32HA04-01","C32","Chinese","Genuine",0,"Happy 4 CN",4,1,5.625,45,"AU12","action_unit",1,0.8,0.404519917477945,4.4375,0.8,1,4.5,4.5,1.125,0.2,1,0,1,45,0
"E32HA04-01","C32","Chinese","Genuine",0,"Happy 4 CN",4,1,5.625,45,"AU14","action_unit",0,0,0,0,0,0,0,0,0,0,1,0,0,45,0
"E32HA04-01","C32","Chinese","Genuine",0,"Happy 4 CN",4,1,5.625,45,"AU15","action_unit",0,0,0,0,0,0,0,0,0,0,1,0,0,45,0
"E32HA04-01","C32","Chinese","Genuine",0,"Happy 4 CN",4,1,5.625,45,"AU17","action_unit",0,0,0,0,0,0,0,0,0,0,1,0,0,45,0
"E32HA04-01","C32","Chinese","Genuine",0,"Happy 4 CN",4,1,5.625,45,"AU18","action_unit",0,0,0,0,0,0,0,0,0,0,1,0,0,45,0
"E32HA04-01","C32","Chinese","Genuine",0,"Happy 4 CN",4,1,5.625,45,"AU20","action_unit",0,0,0,0,0,0,0,0,0,0,1,0,0,45,0
"E32HA04-01","C32","Chinese","Genuine",0,"Happy 4 CN",4,1,5.625,45,"AU23","action_unit",0,0,0,0,0,0,0,0,0,0,1,0,0,45,0
"E32HA04-01","C32","Chinese","Genuine",0,"Happy 4 CN",4,1,5.625,45,"AU24","action_unit",0,0,0,0,0,0,0,0,0,0,1,0,0,45,0
"E32HA04-01","C32","Chinese","Genuine",0,"Happy 4 CN",4,1,5.625,45,"AU25","action_unit",4,0.977777777777778,1.28786096244348,5.5,0.444444444444444,1,2.5,2.5,3.875,0.688888888888889,1,0,0,45,0
"E32HA04-01","C32","Chinese","Genuine",0,"Happy 4 CN",4,1,5.625,45,"AU26","action_unit",1,0.266666666666667,0.447213595499958,1.5,0.266666666666667,1,1.5,1.5,3.25,0.577777777777778,1,0,0,45,0
"E32HA04-01","C32","Chinese","Genuine",0,"Happy 4 CN",4,1,5.625,45,"AU27","action_unit",0,0,0,0,0,0,0,0,0,0,1,0,0,45,0
"E32HA04-01","C32","Chinese","Genuine",0,"Happy 4 CN",4,1,5.625,45,"AU43","action_unit",4,3.35555555555556,0.67942340378895,18.5,1,1,5.625,5.625,2,0.355555555555556,0,1,1,45,0
"E32HA05-02","C32","Chinese","Genuine",0,"Happy 5 CN",5,2,7.625,61,"Neutral","emotion",0.508304,0.30130626704918,0.168689061822982,2.24049419875,0.0327868852459016,1,0.25,0.25,2,0.262295081967213,1,0,0,61,0
"E32HA05-02","C32","Chinese","Genuine",0,"Happy 5 CN",5,2,7.625,61,"Happy","emotion",0.899995,0.360664836491803,0.365091235779475,2.745936731375,0.40983606557377,1,3.125,3.125,4.5,0.59016393442623,1,0,0,61,0
"E32HA05-02","C32","Chinese","Genuine",0,"Happy 5 CN",5,2,7.625,61,"Sad","emotion",0.2511134,0.0858390254918033,0.0929149441099085,0.63532243125,0,0,0,0,0.875,0.114754098360656,1,0,0,61,0
"E32HA05-02","C32","Chinese","Genuine",0,"Happy 5 CN",5,2,7.625,61,"Angry","emotion",0.2559294,0.092520961295082,0.0806937304832279,0.686241229875,0,0,0,0,2.625,0.344262295081967,1,0,0,61,0
"E32HA05-02","C32","Chinese","Genuine",0,"Happy 5 CN",5,2,7.625,61,"Surprised","emotion",0.07347434,0.00885107108196721,0.0162508444127188,0.0671544224375,0,0,0,0,3.25,0.426229508196721,1,0,0,61,0
"E32HA05-02","C32","Chinese","Genuine",0,"Happy 5 CN",5,2,7.625,61,"Scared","emotion",0.02406588,0.00437598693442623,0.00557996766359501,0.03305232,0,0,0,0,3,0.39344262295082,1,0,0,61,0
"E32HA05-02","C32","Chinese","Genuine",0,"Happy 5 CN",5,2,7.625,61,"Disgusted","emotion",0.2373428,0.0638282796721312,0.0707305782275485,0.482467095,0,0,0,0,6,0.786885245901639,1,0,0,61,0
"E32HA05-02","C32","Chinese","Genuine",0,"Happy 5 CN",5,2,7.625,61,"Contempt","emotion",0.008500597,0.00259981950819672,0.00211283759563563,0.019792593625,0,0,0,0,5.5,0.721311475409836,1,0,0,61,0
"E32HA05-02","C32","Chinese","Genuine",0,"Happy 5 CN",5,2,7.625,61,"AU01","action_unit",1,0.0163934426229508,0.128036879932896,0.125,0.0163934426229508,1,0.125,0.125,3.25,0.426229508196721,1,0,0,61,0
"E32HA05-02","C32","Chinese","Genuine",0,"Happy 5 CN",5,2,7.625,61,"AU02","action_unit",1,0.0327868852459016,0.179556222834158,0.25,0.0327868852459016,1,0.25,0.25,3.25,0.426229508196721,1,0,0,61,0
"E32HA05-02","C32","Chinese","Genuine",0,"Happy 5 CN",5,2,7.625,61,"AU04","action_unit",0,0,0,0,0,0,0,0,0,0,1,0,0,61,0
"E32HA05-02","C32","Chinese","Genuine",0,"Happy 5 CN",5,2,7.625,61,"AU05","action_unit",0,0,0,0,0,0,0,0,0,0,1,0,0,61,0
"E32HA05-02","C32","Chinese","Genuine",0,"Happy 5 CN",5,2,7.625,61,"AU06","action_unit",3,1.08196721311475,1.15895185357594,8.1875,0.540983606557377,1,4.125,4.125,4.5,0.59016393442623,1,0,1,61,0
"E32HA05-02","C32","Chinese","Genuine",0,"Happy 5 CN",5,2,7.625,61,"AU07","action_unit",1,0.459016393442623,0.502452999188424,3.5,0.459016393442623,1,3.5,3.5,3.625,0.475409836065574,1,0,0,61,0
"E32HA05-02","C32","Chinese","Genuine",0,"Happy 5 CN",5,2,7.625,61,"AU09","action_unit",1,0.0163934426229508,0.128036879932896,0.125,0.0163934426229508,1,0.125,0.125,6.25,0.819672131147541,1,0,0,61,0
"E32HA05-02","C32","Chinese","Genuine",0,"Happy 5 CN",5,2,7.625,61,"AU10","action_unit",0,0,0,0,0,0,0,0,0,0,1,0,0,61,0
"E32HA05-02","C32","Chinese","Genuine",0,"Happy 5 CN",5,2,7.625,61,"AU12","action_unit",3,1.36065573770492,1.30425952025464,10.3125,0.59016393442623,1,4.5,4.5,3.75,0.491803278688525,1,0,1,61,0
"E32HA05-02","C32","Chinese","Genuine",0,"Happy 5 CN",5,2,7.625,61,"AU14","action_unit",0,0,0,0,0,0,0,0,0,0,1,0,0,61,0
"E32HA05-02","C32","Chinese","Genuine",0,"Happy 5 CN",5,2,7.625,61,"AU15","action_unit",0,0,0,0,0,0,0,0,0,0,1,0,0,61,0
"E32HA05-02","C32","Chinese","Genuine",0,"Happy 5 CN",5,2,7.625,61,"AU17","action_unit",0,0,0,0,0,0,0,0,0,0,1,0,0,61,0
"E32HA05-02","C32","Chinese","Genuine",0,"Happy 5 CN",5,2,7.625,61,"AU18","action_unit",0,0,0,0,0,0,0,0,0,0,1,0,0,61,0
"E32HA05-02","C32","Chinese","Genuine",0,"Happy 5 CN",5,2,7.625,61,"AU20","action_unit",0,0,0,0,0,0,0,0,0,0,1,0,0,61,0
"E32HA05-02","C32","Chinese","Genuine",0,"Happy 5 CN",5,2,7.625,61,"AU23","action_unit",0,0,0,0,0,0,0,0,0,0,1,0,0,61,0
"E32HA05-02","C32","Chinese","Genuine",0,"Happy 5 CN",5,2,7.625,61,"AU24","action_unit",0,0,0,0,0,0,0,0,0,0,1,0,0,61,0
"E32HA05-02","C32","Chinese","Genuine",0,"Happy 5 CN",5,2,7.625,61,"AU25","action_unit",4,2.29508196721311,1.81056402165257,17.375,0.655737704918033,1,5,5,3.5,0.459016393442623,1,0,1,61,0
"E32HA05-02","C32","Chinese","Genuine",0,"Happy 5 CN",5,2,7.625,61,"AU26","action_unit",3,0.901639344262295,0.869960114656353,6.8125,0.639344262295082,1,4.875,4.875,3.375,0.442622950819672,1,0,1,61,0
"E32HA05-02","C32","Chinese","Genuine",0,"Happy 5 CN",5,2,7.625,61,"AU27","action_unit",0,0,0,0,0,0,0,0,0,0,1,0,0,61,0
"E32HA05-02","C32","Chinese","Genuine",0,"Happy 5 CN",5,2,7.625,61,"AU43","action_unit",4,3.44262295081967,0.719365233242346,25.75,1,1,7.625,7.625,0,0,0,1,1,61,0
"E32SA02-01","C32","Chinese","Fake",0,"Sad 2 CN",2,1,7.625,61,"Neutral","emotion",0.6491714,0.52405117704918,0.0629466321085208,3.94142770625,0.721311475409836,4,5.5,2.625,2.75,0.360655737704918,1,0,1,61,0
"E32SA02-01","C32","Chinese","Fake",0,"Sad 2 CN",2,1,7.625,61,"Happy","emotion",0.0246752,0.0065252763442623,0.00632994488660019,0.049644853,0,0,0,0,1.25,0.163934426229508,1,0,0,61,0
"E32SA02-01","C32","Chinese","Fake",0,"Sad 2 CN",2,1,7.625,61,"Sad","emotion",0.2241057,0.0950951749180328,0.0312161143396518,0.71175080875,0,0,0,0,3.625,0.475409836065574,1,0,0,61,0
"E32SA02-01","C32","Chinese","Fake",0,"Sad 2 CN",2,1,7.625,61,"Angry","emotion",0.5058523,0.34084303442623,0.0603712222962367,2.5462089875,0.0163934426229508,1,0.125,0.125,0,0,0,1,0,61,0
"E32SA02-01","C32","Chinese","Fake",0,"Sad 2 CN",2,1,7.625,61,"Surprised","emotion",0.06449333,0.0139725331967213,0.00996207075517335,0.1019113953125,0,0,0,0,0,0,1,0,0,61,0
"E32SA02-01","C32","Chinese","Fake",0,"Sad 2 CN",2,1,7.625,61,"Scared","emotion",0.01544403,0.00847910662295082,0.00320352028980619,0.0637340331875,0,0,0,0,6.5,0.852459016393443,1,0,0,61,0
"E32SA02-01","C32","Chinese","Fake",0,"Sad 2 CN",2,1,7.625,61,"Disgusted","emotion",0.0136362,0.00870729090163934,0.00243340571547005,0.065813706375,0,0,0,0,3.125,0.40983606557377,1,0,0,61,0
"E32SA02-01","C32","Chinese","Fake",0,"Sad 2 CN",2,1,7.625,61,"Contempt","emotion",0.007780454,0.000978471459016393,0.0014980323687021,0.0073980891875,0,0,0,0,0.875,0.114754098360656,1,0,0,61,0
"E32SA02-01","C32","Chinese","Fake",0,"Sad 2 CN",2,1,7.625,61,"AU01","action_unit",0,0,0,0,0,0,0,0,0,0,1,0,0,61,0
"E32SA02-01","C32","Chinese","Fake",0,"Sad 2 CN",2,1,7.625,61,"AU02","action_unit",0,0,0,0,0,0,0,0,0,0,1,0,0,61,0
"E32SA02-01","C32","Chinese","Fake",0,"Sad 2 CN",2,1,7.625,61,"AU04","action_unit",0,0,0,0,0,0,0,0,0,0,1,0,0,61,0
"E32SA02-01","C32","Chinese","Fake",0,"Sad 2 CN",2,1,7.625,61,"AU05","action_unit",0,0,0,0,0,0,0,0,0,0,1,0,0,61,0
"E32SA02-01","C32","Chinese","Fake",0,"Sad 2 CN",2,1,7.625,61,"AU06","action_unit",0,0,0,0,0,0,0,0,0,0,1,0,0,61,0
"E32SA02-01","C32","Chinese","Fake",0,"Sad 2 CN",2,1,7.625,61,"AU07","action_unit",0,0,0,0,0,0,0,0,0,0,1,0,0,61,0
"E32SA02-01","C32","Chinese","Fake",0,"Sad 2 CN",2,1,7.625,61,"AU09","action_unit",0,0,0,0,0,0,0,0,0,0,1,0,0,61,0
"E32SA02-01","C32","Chinese","Fake",0,"Sad 2 CN",2,1,7.625,61,"AU10","action_unit",0,0,0,0,0,0,0,0,0,0,1,0,0,61,0
"E32SA02-01","C32","Chinese","Fake",0,"Sad 2 CN",2,1,7.625,61,"AU12","action_unit",1,0.19672131147541,0.400818834019708,1.5,0.19672131147541,1,1.5,1.5,0.875,0.114754098360656,1,0,0,61,0
"E32SA02-01","C32","Chinese","Fake",0,"Sad 2 CN",2,1,7.625,61,"AU14","action_unit",0,0,0,0,0,0,0,0,0,0,1,0,0,61,0
"E32SA02-01","C32","Chinese","Fake",0,"Sad 2 CN",2,1,7.625,61,"AU15","action_unit",0,0,0,0,0,0,0,0,0,0,1,0,0,61,0
"E32SA02-01","C32","Chinese","Fake",0,"Sad 2 CN",2,1,7.625,61,"AU17","action_unit",0,0,0,0,0,0,0,0,0,0,1,0,0,61,0
"E32SA02-01","C32","Chinese","Fake",0,"Sad 2 CN",2,1,7.625,61,"AU18","action_unit",0,0,0,0,0,0,0,0,0,0,1,0,0,61,0
"E32SA02-01","C32","Chinese","Fake",0,"Sad 2 CN",2,1,7.625,61,"AU20","action_unit",0,0,0,0,0,0,0,0,0,0,1,0,0,61,0
"E32SA02-01","C32","Chinese","Fake",0,"Sad 2 CN",2,1,7.625,61,"AU23","action_unit",0,0,0,0,0,0,0,0,0,0,1,0,0,61,0
"E32SA02-01","C32","Chinese","Fake",0,"Sad 2 CN",2,1,7.625,61,"AU24","action_unit",0,0,0,0,0,0,0,0,0,0,1,0,0,61,0
"E32SA02-01","C32","Chinese","Fake",0,"Sad 2 CN",2,1,7.625,61,"AU25","action_unit",1,0.0163934426229508,0.128036879932896,0.0625,0.0163934426229508,1,0.125,0.125,0,0,0,1,0,61,0
"E32SA02-01","C32","Chinese","Fake",0,"Sad 2 CN",2,1,7.625,61,"AU26","action_unit",0,0,0,0,0,0,0,0,0,0,1,0,0,61,0
"E32SA02-01","C32","Chinese","Fake",0,"Sad 2 CN",2,1,7.625,61,"AU27","action_unit",0,0,0,0,0,0,0,0,0,0,1,0,0,61,0
"E32SA02-01","C32","Chinese","Fake",0,"Sad 2 CN",2,1,7.625,61,"AU43","action_unit",3,1.39344262295082,0.639757467706583,10.375,1,1,7.625,7.625,0,0,0,1,1,61,0
